Talks en scope : 629
Talks à (re)scorer : 619  |  appels API : 1238
[1/619] Satipanya — Dharma Talks — Bhante Bodhidhamma: Why Meditate
    full: 74/100 (insp 78 · snd 72)
    craft: 73/100 (insp 78 · snd 72)
[2/619] Satipanya — Dharma Talks — Bhante Bodhidhamma: The Mahasi Method
    full: 71/100 (insp 74 · snd 71)
    craft: 73/100 (insp 72 · snd 78)
[3/619] Satipanya — Dharma Talks — Bhante Bodhidhamma: Starting a Personal Retreat
    full: 76/100 (insp 82 · snd 74)
    craft: 80/100 (insp 84 · snd 79)
[4/619] Satipanya — Dharma Talks — Bhante Bodhidhamma: Faith
    full: 78/100 (insp 78 · snd 82)
    craft: 74/100 (insp 78 · snd 74)
[5/619] Satipanya — Dharma Talks — Bhante Bodhidhamma: Ritual in Spiritual Practice
    full: 68/100 (insp 72 · snd 68)
    craft: 67/100 (insp 72 · snd 65)
[6/619] Satipanya — Dharma Talks — Bhante Bodhidhamma: Is Awareness Enough
    full: 78/100 (insp 82 · snd 76)
    craft: 78/100 (insp 82 · snd 79)
[7/619] Satipanya — Dharma Talks — Bhante Bodhidhamma: Developing the Spiritual Faculties
    full: 82/100 (insp 82 · snd 84)
    craft: 74/100 (insp 78 · snd 74)
[8/619] Satipanya — Dharma Talks — Bhante Bodhidhamma: Spiritual Faculties and Factors of Enlightenment
    full: 77/100 (insp 78 · snd 80)
    craft: 74/100 (insp 78 · snd 74)
[9/619] Satipanya — Dharma Talks — Bhante Bodhidhamma: The Hindrances
    full: 74/100 (insp 78 · snd 74)
    craft: 74/100 (insp 78 · snd 74)
[10/619] Satipanya — Dharma Talks — Bhante Bodhidhamma: The Buddha and the Hindrances
    full: 78/100 (insp 82 · snd 76)
    craft: 79/100 (insp 82 · snd 79)
[11/619] Satipanya — Dharma Talks — Bhante Bodhidhamma: Dullness, Lethargy, Restlessness and Pain
    full: 73/100 (insp 76 · snd 72)
    craft: 77/100 (insp 78 · snd 80)
[12/619] Satipanya — Dharma Talks — Bhante Bodhidhamma: Eroticism, Romance, Love, Distraction and Boredo
    full: 72/100 (insp 78 · snd 70)
    craft: 74/100 (insp 78 · snd 72)
[13/619] Satipanya — Dharma Talks — Bhante Bodhidhamma: The Ten Fetters
    full: 68/100 (insp 72 · snd 68)
    craft: 69/100 (insp 72 · snd 68)
[14/619] Satipanya — Dharma Talks — Bhante Bodhidhamma: Vedana Feeling
    full: 78/100 (insp 82 · snd 79)
    craft: 78/100 (insp 78 · snd 80)
[15/619] Satipanya — Dharma Talks — Bhante Bodhidhamma: Fear
    full: 82/100 (insp 82 · snd 84)
    craft: 83/100 (insp 82 · snd 85)
[16/619] Satipanya — Dharma Talks — Bhante Bodhidhamma: Foregiveness
    full: 74/100 (insp 78 · snd 74)
    craft: 74/100 (insp 78 · snd 74)
[17/619] Satipanya — Dharma Talks — Bhante Bodhidhamma: The Illimitables
    full: 74/100 (insp 78 · snd 74)
    craft: 74/100 (insp 78 · snd 72)
[18/619] Satipanya — Dharma Talks — Bhante Bodhidhamma: The Perfections Turned Inward
    full: 73/100 (insp 78 · snd 72)
    craft: 74/100 (insp 78 · snd 72)
[19/619] Satipanya — Dharma Talks — Bhante Bodhidhamma: Survey of Theravada Buddhism
    full: 68/100 (insp 72 · snd 68)
    craft: 68/100 (insp 72 · snd 68)
[20/619] Satipanya — Dharma Talks — Bhante Bodhidhamma: Impermanence and Not-self
    full: 74/100 (insp 78 · snd 74)
    craft: 75/100 (insp 79 · snd 74)
[21/619] Satipanya — Dharma Talks — Bhante Bodhidhamma: Ethical Behaviour and the Awakening are one
    full: 78/100 (insp 78 · snd 80)
    craft: 74/100 (insp 78 · snd 72)
[22/619] Satipanya — Dharma Talks — Bhante Bodhidhamma: Wheel of Dependent Origination
    full: 79/100 (insp 82 · snd 78)
    craft: 79/100 (insp 82 · snd 79)
[23/619] Satipanya — Dharma Talks — Bhante Bodhidhamma: Free Will
    full: 74/100 (insp 78 · snd 74)
    craft: 74/100 (insp 78 · snd 72)
[24/619] Satipanya — Dharma Talks — Bhante Bodhidhamma: Kamma
    full: 73/100 (insp 78 · snd 72)
    craft: 73/100 (insp 78 · snd 71)
[25/619] Satipanya — Dharma Talks — Bhante Bodhidhamma: Rebirth
    full: 63/100 (insp 68 · snd 63)
    craft: 68/100 (insp 68 · snd 72)
[26/619] Satipanya — Dharma Talks — Bhante Bodhidhamma: Premodern, Modern, Postmodernism And Buddhism
    full: 71/100 (insp 72 · snd 74)
    craft: 62/100 (insp 72 · snd 58)
[27/619] Satipanya — Dharma Talks — Bhante Bodhidhamma: The Buddha as Exemplar and Archetype
    full: 73/100 (insp 78 · snd 72)
    craft: 70/100 (insp 78 · snd 65)
[28/619] Satipanya — Dharma Talks — Bhante Bodhidhamma: Buddhist View of Christ's Teaching
    full: 66/100 (insp 78 · snd 62)
    craft: 72/100 (insp 78 · snd 68)
[29/619] Satipanya — Dharma Talks — Bhante Bodhidhamma: Just War
    full: 65/100 (insp 72 · snd 63)
    craft: 67/100 (insp 72 · snd 65)
[30/619] Satipanya — Dharma Talks — Bhante Bodhidhamma: The Gratification, the Danger and the Escape
    full: 78/100 (insp 78 · snd 80)
    craft: 73/100 (insp 78 · snd 72)
[31/619] Satipanya — Dharma Talks — Bhante Bodhidhamma: Bodhisatta Before Taking Human Birth
    full: 68/100 (insp 72 · snd 68)
    craft: 70/100 (insp 74 · snd 68)
[32/619] Satipanya — Dharma Talks — Bhante Bodhidhamma: Bodhisatta's Birth to Renunciation
    full: 67/100 (insp 74 · snd 65)
    craft: 68/100 (insp 78 · snd 62)
[33/619] Satipanya — Dharma Talks — Bhante Bodhidhamma: Bodhisatta's Training to the Awakening
    full: 79/100 (insp 82 · snd 78)
    craft: 70/100 (insp 82 · snd 62)
[34/619] Satipanya — Dharma Talks — Bhante Bodhidhamma: The Awakening
    full: 76/100 (insp 82 · snd 74)
    craft: 73/100 (insp 78 · snd 72)
[35/619] Satipanya — Dharma Talks — Bhante Bodhidhamma: The Years of Teaching and Parinibbana
    full: 79/100 (insp 82 · snd 78)
    craft: 71/100 (insp 82 · snd 63)
[36/619] Satipanya — Dharma Talks — Bhante Bodhidhamma: Meditation and Daily Life
    full: 75/100 (insp 78 · snd 76)
    craft: 78/100 (insp 82 · snd 76)
[37/619] Satipanya — Dharma Talks — Bhante Bodhidhamma: Meditation and the Weekly Group
    full: 73/100 (insp 78 · snd 72)
    craft: 73/100 (insp 78 · snd 72)
[38/619] Satipanya — Dharma Talks — Bhante Bodhidhamma: The Eightfold Path and Daily Life
    full: 73/100 (insp 78 · snd 72)
    craft: 73/100 (insp 78 · snd 72)
[39/619] Satipanya — Dharma Talks — Bhante Bodhidhamma: Right Livelihood
    full: 73/100 (insp 76 · snd 74)
    craft: 74/100 (insp 78 · snd 74)
[40/619] Satipanya — Dharma Talks — Bhante Bodhidhamma: 1. Starting a Retreat
    full: 70/100 (insp 72 · snd 74)
    craft: 72/100 (insp 72 · snd 78)
[41/619] Satipanya — Dharma Talks — Bhante Bodhidhamma: Starting a Retreat
    full: 78/100 (insp 78 · snd 82)
    craft: 79/100 (insp 78 · snd 85)
[42/619] Satipanya — Dharma Talks — Bhante Bodhidhamma: A Detailed Guided Meditation
    full: 78/100 (insp 78 · snd 82)
    craft: 79/100 (insp 78 · snd 85)
[43/619] Satipanya — Dharma Talks — Bhante Bodhidhamma: Investigative Eating Meditation - an explanation
    full: 78/100 (insp 78 · snd 82)
    craft: 74/100 (insp 78 · snd 72)
[44/619] Satipanya — Dharma Talks — Bhante Bodhidhamma: 2. The Mahasi Technique
    full: 75/100 (insp 78 · snd 74)
    craft: 74/100 (insp 78 · snd 74)
[45/619] Satipanya — Dharma Talks — Bhante Bodhidhamma: Basics of Insight Meditation 02 2025Video
    full: 76/100 (insp 82 · snd 74)
    craft: 68/100 (insp 78 · snd 62)
[46/619] Satipanya — Dharma Talks — Bhante Bodhidhamma: Basics of Insight Meditation 04 2026Video
    full: 67/100 (insp 74 · snd 65)
    craft: 72/100 (insp 78 · snd 68)
[47/619] Satipanya — Dharma Talks — Bhante Bodhidhamma: 4. The Hindrances The Psychotherapy of Vipassana
    full: 74/100 (insp 78 · snd 72)
    craft: 74/100 (insp 78 · snd 72)
[48/619] Satipanya — Dharma Talks — Bhante Bodhidhamma: 5. Right Awareness Intro.to Vipassana
    full: 79/100 (insp 82 · snd 78)
    craft: 79/100 (insp 82 · snd 78)
[49/619] Satipanya — Dharma Talks — Bhante Bodhidhamma: 6. The Seven Factors of Awakening
    full: 74/100 (insp 78 · snd 74)
    craft: 74/100 (insp 78 · snd 72)
[50/619] Satipanya — Dharma Talks — Bhante Bodhidhamma: 7. The Ethical Psychology of the Buddha (Depende
    full: 79/100 (insp 82 · snd 78)
    craft: 79/100 (insp 82 · snd 78)
[51/619] Satipanya — Dharma Talks — Bhante Bodhidhamma: 8. The Law of Kamma
    full: 68/100 (insp 72 · snd 68)
    craft: 67/100 (insp 72 · snd 65)
[52/619] Satipanya — Dharma Talks — Bhante Bodhidhamma: 8. Living Life according to the Dhamma
    full: 68/100 (insp 72 · snd 68)
    craft: 67/100 (insp 72 · snd 65)
[53/619] Satipanya — Dharma Talks — Bhante Bodhidhamma: Guided Metta
    full: 71/100 (insp 72 · snd 74)
    craft: 73/100 (insp 72 · snd 78)
[54/619] Satipanya — Dharma Talks — Bhante Bodhidhamma: Guided Bodycare
    full: 58/100 (insp 72 · snd 55)
    craft: 68/100 (insp 72 · snd 68)
[55/619] Satipanya — Dharma Talks — Bhante Bodhidhamma: Developing the Factors of Enlightenment
    full: 74/100 (insp 78 · snd 74)
    craft: 74/100 (insp 78 · snd 74)
[56/619] Satipanya — Dharma Talks — Bhante Bodhidhamma: Exploring Dukkha
    full: 80/100 (insp 84 · snd 78)
    craft: 80/100 (insp 84 · snd 78)
[57/619] Satipanya — Dharma Talks — Bhante Bodhidhamma: Question & Answer Session
    full: 71/100 (insp 74 · snd 72)
    craft: 67/100 (insp 72 · snd 65)
[58/619] Satipanya — Dharma Talks — Bhante Bodhidhamma: Revising the Principles of Meditation
    full: 74/100 (insp 78 · snd 74)
    craft: 79/100 (insp 82 · snd 78)
[59/619] Satipanya — Dharma Talks — Bhante Bodhidhamma: The Hindrances
    full: 74/100 (insp 78 · snd 74)
    craft: 74/100 (insp 78 · snd 74)
[60/619] Satipanya — Dharma Talks — Bhante Bodhidhamma: Practice into Daily Life (Xmas 2006)
    full: 79/100 (insp 82 · snd 78)
    craft: 78/100 (insp 82 · snd 76)
[61/619] Satipanya — Dharma Talks — Bhante Bodhidhamma: New Year Reflections
    full: 68/100 (insp 72 · snd 68)
    craft: 68/100 (insp 72 · snd 68)
[62/619] Satipanya — Dharma Talks — Bhante Bodhidhamma: Q&A Resistance Rebirth and Moral Justice What su
    full: 74/100 (insp 78 · snd 72)
    craft: 71/100 (insp 74 · snd 71)
[63/619] Satipanya — Dharma Talks — Bhante Bodhidhamma: 01 The Body - The Buddha's World View and the ro
    full: 78/100 (insp 78 · snd 82)
    craft: 74/100 (insp 74 · snd 78)
[64/619] Satipanya — Dharma Talks — Bhante Bodhidhamma: 02 The Body - Kayagasati Sutta MN131.To play the
    full: 71/100 (insp 72 · snd 74)
    craft: 67/100 (insp 72 · snd 65)
[65/619] Satipanya — Dharma Talks — Bhante Bodhidhamma: Feeling (vedana).To play the media you will need
    full: 71/100 (insp 72 · snd 74)
    craft: 68/100 (insp 72 · snd 68)
[66/619] Satipanya — Dharma Talks — Bhante Bodhidhamma: Dependent Origination leading to awakening in or
    full: 73/100 (insp 74 · snd 78)
    craft: 71/100 (insp 74 · snd 70)
[67/619] Satipanya — Dharma Talks — Bhante Bodhidhamma: .To play the media you will need to either updat
    full: 68/100 (insp 72 · snd 70)
    craft: 70/100 (insp 74 · snd 68)
[68/619] Satipanya — Dharma Talks — Bhante Bodhidhamma: .To play the media you will need to either updat
    full: 71/100 (insp 72 · snd 74)
    craft: 69/100 (insp 72 · snd 68)
[69/619] Satipanya — Dharma Talks — Bhante Bodhidhamma: Ethics, Not-self and Liberation.To play the medi
    full: 78/100 (insp 82 · snd 78)
    craft: 76/100 (insp 82 · snd 74)
[70/619] Satipanya — Dharma Talks — Bhante Bodhidhamma: Roads to Power.To play the media you will need t
    full: 66/100 (insp 72 · snd 65)
    craft: 66/100 (insp 72 · snd 64)
[71/619] Satipanya — Dharma Talks — Bhante Bodhidhamma: New Year address on the qualities needed to succ
    full: 68/100 (insp 72 · snd 68)
    craft: 66/100 (insp 74 · snd 62)
[72/619] Satipanya — Dharma Talks — Bhante Bodhidhamma: The First Discourse on Turning the Wheel of the 
    full: 68/100 (insp 72 · snd 68)
    craft: 62/100 (insp 72 · snd 58)
[73/619] Satipanya — Dharma Talks — Bhante Bodhidhamma: Scientism : Romanticism : Psychotherapy - and Bu
    full: 71/100 (insp 72 · snd 74)
    craft: 70/100 (insp 74 · snd 68)
[74/619] Satipanya — Dharma Talks — Bhante Bodhidhamma: Kamma, Rebirth and Transcendence : A top down vi
    full: 66/100 (insp 72 · snd 65)
    craft: 67/100 (insp 72 · snd 65)
[75/619] Satipanya — Dharma Talks — Bhante Bodhidhamma: The Discourse to the Kalama : Discernment, the E
    full: 68/100 (insp 72 · snd 68)
    craft: 63/100 (insp 68 · snd 62)
[76/619] Satipanya — Dharma Talks — Bhante Bodhidhamma: Buddha Day Address: What was the mindset of the 
    full: 67/100 (insp 78 · snd 62)
    craft: 76/100 (insp 82 · snd 74)
[77/619] Satipanya — Dharma Talks — Bhante Bodhidhamma: Spiritual progress - stop trying!.To play the me
    full: 74/100 (insp 78 · snd 72)
    craft: 74/100 (insp 78 · snd 72)
[78/619] Satipanya — Dharma Talks — Bhante Bodhidhamma: The Need for Sangha. community and Q's about Ord
    full: 72/100 (insp 74 · snd 71)
    craft: 73/100 (insp 78 · snd 71)
[79/619] Satipanya — Dharma Talks — Bhante Bodhidhamma: Mae Chee Kaew and Resolutions..To play the media
    full: 72/100 (insp 78 · snd 68)
    craft: 74/100 (insp 78 · snd 72)
[80/619] Satipanya — Dharma Talks — Bhante Bodhidhamma: The Three Characteristics..To play the media you
    full: 76/100 (insp 82 · snd 74)
    craft: 76/100 (insp 82 · snd 74)
[81/619] Satipanya — Dharma Talks — Bhante Bodhidhamma: Buddha Day Address May 2015..To play the media y
    full: 74/100 (insp 78 · snd 72)
    craft: 74/100 (insp 78 · snd 72)
[82/619] Satipanya — Dharma Talks — Bhante Bodhidhamma: Deconstruction..To play the media you will need 
    full: 78/100 (insp 78 · snd 81)
    craft: 71/100 (insp 74 · snd 72)
[83/619] Satipanya — Dharma Talks — Bhante Bodhidhamma: Love and All That..To play the media you will ne
    full: 68/100 (insp 72 · snd 68)
    craft: 70/100 (insp 74 · snd 68)
[84/619] Satipanya — Dharma Talks — Bhante Bodhidhamma: Ethics Not-self and Liberation.To play the media
    full: 79/100 (insp 82 · snd 78)
    craft: 74/100 (insp 78 · snd 72)
[85/619] Satipanya — Dharma Talks — Bhante Bodhidhamma: Contol and loss of Power..To play the media you 
    full: 74/100 (insp 78 · snd 74)
    craft: 76/100 (insp 82 · snd 74)
[86/619] Satipanya — Dharma Talks — Bhante Bodhidhamma: Q&A Detachment Engagement Motivation Devotion..T
    full: 67/100 (insp 72 · snd 68)
    craft: 66/100 (insp 72 · snd 65)
[87/619] Satipanya — Dharma Talks — Bhante Bodhidhamma: Basics for Meditation..To play the media you wil
    full: 79/100 (insp 82 · snd 79)
    craft: 74/100 (insp 78 · snd 74)
[88/619] Satipanya — Dharma Talks — Bhante Bodhidhamma: Kamma Revisited..To play the media you will need
    full: 71/100 (insp 74 · snd 72)
    craft: 68/100 (insp 72 · snd 68)
[89/619] Satipanya — Dharma Talks — Bhante Bodhidhamma: Daily Life Reinforced..To play the media you wil
    full: 72/100 (insp 72 · snd 74)
    craft: 71/100 (insp 74 · snd 70)
[90/619] Satipanya — Dharma Talks — Bhante Bodhidhamma: Refinement,Sublimation and the Eightfold Path..T
    full: 71/100 (insp 72 · snd 74)
    craft: 68/100 (insp 72 · snd 68)
[91/619] Satipanya — Dharma Talks — Bhante Bodhidhamma: No Inherent Being..To play the media you will ne
    full: 66/100 (insp 78 · snd 62)
    craft: 67/100 (insp 78 · snd 62)
[92/619] Satipanya — Dharma Talks — Bhante Bodhidhamma: Kamma and Free Will..To play the media you will 
    full: 73/100 (insp 72 · snd 78)
    craft: 71/100 (insp 74 · snd 70)
[93/619] Satipanya — Dharma Talks — Bhante Bodhidhamma: Comments on a Statement by Mae Chee Kaew..To pla
    full: 73/100 (insp 78 · snd 71)
    craft: 73/100 (insp 76 · snd 72)
[94/619] Satipanya — Dharma Talks — Bhante Bodhidhamma: Reiki 10 06 2015..To play the media you will nee
    full: 8/100 (insp 12 · snd 8)
    craft: 12/100 (insp 18 · snd 22)
[95/619] Satipanya — Dharma Talks — Bhante Bodhidhamma: Intro Talk to Bodycare.To play the media you wil
    full: 74/100 (insp 78 · snd 74)
    craft: 74/100 (insp 78 · snd 74)
[96/619] Satipanya — Dharma Talks — Bhante Bodhidhamma: Dependent Origination and the Quality of Right A
    full: 74/100 (insp 78 · snd 74)
    craft: 74/100 (insp 78 · snd 72)
[97/619] Satipanya — Dharma Talks — Bhante Bodhidhamma: Talk at the Re-opening of the Golden Buddha Cent
    full: 68/100 (insp 72 · snd 68)
    craft: 73/100 (insp 78 · snd 72)
[98/619] Satipanya — Dharma Talks — Bhante Bodhidhamma: The Prognosis is Very Good..To play the media yo
    full: 78/100 (insp 82 · snd 78)
    craft: 79/100 (insp 82 · snd 78)
[99/619] Satipanya — Dharma Talks — Bhante Bodhidhamma: Importance of Resolution plus.To play the media 
    full: 75/100 (insp 78 · snd 74)
    craft: 78/100 (insp 82 · snd 76)
[100/619] Satipanya — Dharma Talks — Bhante Bodhidhamma: Christmas Talk re the Path.To play the media you
    full: 68/100 (insp 72 · snd 68)
    craft: 65/100 (insp 72 · snd 63)
[101/619] Satipanya — Dharma Talks — Bhante Bodhidhamma: Right Relationship.To play the media you will ne
    full: 71/100 (insp 72 · snd 74)
    craft: 67/100 (insp 72 · snd 65)
[102/619] Satipanya — Dharma Talks — Bhante Bodhidhamma: How to critique the Dhamma and Buddha.To play th
    full: 67/100 (insp 68 · snd 72)
    craft: 67/100 (insp 72 · snd 65)
[103/619] Satipanya — Dharma Talks — Bhante Bodhidhamma: An Attempt to Understand the teaching of Not-Sel
    full: 79/100 (insp 82 · snd 78)
    craft: 79/100 (insp 82 · snd 78)
[104/619] Satipanya — Dharma Talks — Bhante Bodhidhamma: Talk to the European Teachers Meeting How I came
    full: 52/100 (insp 62 · snd 55)
    craft: 52/100 (insp 72 · snd 38)
[105/619] Satipanya — Dharma Talks — Bhante Bodhidhamma: Happiness.To play the media you will need to eit
    full: 71/100 (insp 74 · snd 71)
    craft: 67/100 (insp 72 · snd 65)
[106/619] Satipanya — Dharma Talks — Bhante Bodhidhamma: The Body and the Discourse on How to Establish R
    full: 71/100 (insp 72 · snd 74)
    craft: 70/100 (insp 72 · snd 70)
[107/619] Satipanya — Dharma Talks — Bhante Bodhidhamma: Q.&A session: Family Distractions : Selfish to M
    full: 71/100 (insp 74 · snd 72)
    craft: 71/100 (insp 74 · snd 71)
[108/619] Satipanya — Dharma Talks — Bhante Bodhidhamma: Mindfulness : Time.To play the media you will ne
    full: 79/100 (insp 82 · snd 78)
    craft: 78/100 (insp 82 · snd 76)
[109/619] Satipanya — Dharma Talks — Bhante Bodhidhamma: Monks : Daily Life : Not-Self.To play the media 
    full: 74/100 (insp 74 · snd 78)
    craft: 67/100 (insp 72 · snd 65)
[110/619] Satipanya — Dharma Talks — Bhante Bodhidhamma: Retreats : Attachment : Children and Suffering.T
    full: 61/100 (insp 72 · snd 58)
    craft: 56/100 (insp 62 · snd 55)
[111/619] Satipanya — Dharma Talks — Bhante Bodhidhamma: New Year Revision of Buddhadhamma Theory and Pra
    full: 83/100 (insp 82 · snd 85)
    craft: 77/100 (insp 78 · snd 80)
[112/619] Satipanya — Dharma Talks — Bhante Bodhidhamma: Hope to Inspire.To play the media you will need 
    full: 79/100 (insp 82 · snd 78)
    craft: 74/100 (insp 78 · snd 74)
[113/619] Satipanya — Dharma Talks — Bhante Bodhidhamma: Talk at Opening of centre in Ghent.To play the m
    full: 69/100 (insp 74 · snd 68)
    craft: 73/100 (insp 78 · snd 72)
[114/619] Satipanya — Dharma Talks — Bhante Bodhidhamma: The Problem of Identity..To play the media you w
    full: 74/100 (insp 78 · snd 72)
    craft: 70/100 (insp 74 · snd 68)
[115/619] Satipanya — Dharma Talks — Bhante Bodhidhamma: The body as Meditative Object..To play the media
    full: 71/100 (insp 72 · snd 74)
    craft: 70/100 (insp 72 · snd 70)
[116/619] Satipanya — Dharma Talks — Bhante Bodhidhamma: 1. Starting a Retreat.To play the media you will
    full: 54/100 (insp 52 · snd 72)
    craft: 46/100 (insp 52 · snd 48)
[117/619] Satipanya — Dharma Talks — Bhante Bodhidhamma: The Principles and Problems of Vipassana.To play
    full: 81/100 (insp 82 · snd 84)
    craft: 79/100 (insp 82 · snd 79)
[118/619] Satipanya — Dharma Talks — Bhante Bodhidhamma: Not-Self Indulgence and all.To play the media yo
    full: 76/100 (insp 82 · snd 74)
    craft: 75/100 (insp 78 · snd 74)
[119/619] Satipanya — Dharma Talks — Bhante Bodhidhamma: Impulsive or Spontaneous.To play the media you w
    full: 79/100 (insp 82 · snd 78)
    craft: 78/100 (insp 82 · snd 76)
[120/619] Satipanya — Dharma Talks — Bhante Bodhidhamma: The Body and the Three Characteristics.To play t
    full: 65/100 (insp 72 · snd 63)
    craft: 68/100 (insp 72 · snd 68)
[121/619] Satipanya — Dharma Talks — Bhante Bodhidhamma: Why noting without stop.To play the media you wi
    full: 72/100 (insp 72 · snd 78)
    craft: 71/100 (insp 72 · snd 78)
[122/619] Satipanya — Dharma Talks — Bhante Bodhidhamma: Why we need a technique.To play the media you wi
    full: 74/100 (insp 78 · snd 74)
    craft: 68/100 (insp 72 · snd 68)
[123/619] Satipanya — Dharma Talks — Bhante Bodhidhamma: Subliminal Inclinations, Defilements and Hindran
    full: 72/100 (insp 74 · snd 72)
    craft: 71/100 (insp 74 · snd 71)
[124/619] Satipanya — Dharma Talks — Bhante Bodhidhamma: Questions and Answers A Dolly Mixture.To play th
    full: 66/100 (insp 72 · snd 65)
    craft: 67/100 (insp 72 · snd 65)
[125/619] Satipanya — Dharma Talks — Bhante Bodhidhamma: Importance of Metta 24 min.To play the media you
    full: 71/100 (insp 72 · snd 74)
    craft: 72/100 (insp 72 · snd 78)
[126/619] Satipanya — Dharma Talks — Bhante Bodhidhamma: The Kamma of Liberation.To play the media you wi
    full: 68/100 (insp 72 · snd 68)
    craft: 70/100 (insp 74 · snd 68)
[127/619] Satipanya — Dharma Talks — Bhante Bodhidhamma: The Karma Concerning Liberation.To play the medi
    full: 76/100 (insp 82 · snd 74)
    craft: 76/100 (insp 82 · snd 74)
[128/619] Satipanya — Dharma Talks — Bhante Bodhidhamma: Dignity and the Qualities of a Ruler.To play the
    full: 68/100 (insp 72 · snd 68)
    craft: 67/100 (insp 72 · snd 65)
[129/619] Satipanya — Dharma Talks — Bhante Bodhidhamma: Practice in Ordinary Daily Life.To play the medi
    full: 79/100 (insp 82 · snd 78)
    craft: 74/100 (insp 78 · snd 74)
[130/619] Satipanya — Dharma Talks — Bhante Bodhidhamma: Samatha-Vipassana.To play the media you will nee
    full: 72/100 (insp 78 · snd 68)
    craft: 73/100 (insp 78 · snd 72)
[131/619] Satipanya — Dharma Talks — Bhante Bodhidhamma: Vipassana and or Therapy.To play the media you w
    full: 79/100 (insp 82 · snd 78)
    craft: 74/100 (insp 78 · snd 72)
[132/619] Satipanya — Dharma Talks — Bhante Bodhidhamma: Buddha Day Address with Refuges and Precepts.To 
    full: 67/100 (insp 68 · snd 72)
    craft: 63/100 (insp 68 · snd 62)
[133/619] Satipanya — Dharma Talks — Bhante Bodhidhamma: Daily Rythms; Fetters, Hindrances and Inclinatio
    full: 70/100 (insp 74 · snd 68)
    craft: 69/100 (insp 74 · snd 68)
[134/619] Satipanya — Dharma Talks — Bhante Bodhidhamma: Metta, Applied and Sustained Thought, Buddhamind
    full: 70/100 (insp 72 · snd 68)
    craft: 71/100 (insp 74 · snd 72)
[135/619] Satipanya — Dharma Talks — Bhante Bodhidhamma: Equanimity - Foundation of all Virtue.To play th
    full: 74/100 (insp 78 · snd 72)
    craft: 74/100 (insp 78 · snd 72)
[136/619] Satipanya — Dharma Talks — Bhante Bodhidhamma: The Mahasi Method.To play the media you will nee
    full: 78/100 (insp 78 · snd 82)
    craft: 78/100 (insp 78 · snd 82)
[137/619] Satipanya — Dharma Talks — Bhante Bodhidhamma: The Sufferings of the Pleasure Syndrome.To play 
    full: 79/100 (insp 82 · snd 78)
    craft: 79/100 (insp 82 · snd 79)
[138/619] Satipanya — Dharma Talks — Bhante Bodhidhamma: There is no separation between vipassana and ord
    full: 74/100 (insp 78 · snd 72)
    craft: 72/100 (insp 78 · snd 70)
[139/619] Satipanya — Dharma Talks — Bhante Bodhidhamma: Q & A Rebirth Identification Emotions etc..To pl
    full: 74/100 (insp 78 · snd 74)
    craft: 74/100 (insp 78 · snd 74)
[140/619] Satipanya — Dharma Talks — Bhante Bodhidhamma: Why didn't the Buddha return to lay life.To play
    full: 74/100 (insp 78 · snd 74)
    craft: 74/100 (insp 78 · snd 72)
[141/619] Satipanya — Dharma Talks — Bhante Bodhidhamma: Revising the principles of vipassana.To play the
    full: 79/100 (insp 82 · snd 79)
    craft: 79/100 (insp 82 · snd 79)
[142/619] Satipanya — Dharma Talks — Bhante Bodhidhamma: Dukkha Unsatisfactoriness et al.To play the medi
    full: 79/100 (insp 82 · snd 79)
    craft: 77/100 (insp 82 · snd 75)
[143/619] Satipanya — Dharma Talks — Bhante Bodhidhamma: Encouragement October 09.To play the media you w
    full: 79/100 (insp 82 · snd 79)
    craft: 74/100 (insp 78 · snd 74)
[144/619] Satipanya — Dharma Talks — Bhante Bodhidhamma: The practice and the pitfalls of metta, goodwill
    full: 75/100 (insp 78 · snd 76)
    craft: 74/100 (insp 78 · snd 74)
[145/619] Satipanya — Dharma Talks — Bhante Bodhidhamma: How Vipassana relates to Daily Life.To play the 
    full: 77/100 (insp 78 · snd 80)
    craft: 73/100 (insp 78 · snd 72)
[146/619] Satipanya — Dharma Talks — Bhante Bodhidhamma: Samatha and - or Vipassana.To play the media you
    full: 74/100 (insp 78 · snd 74)
    craft: 74/100 (insp 78 · snd 72)
[147/619] Satipanya — Dharma Talks — Bhante Bodhidhamma: Metta: Developing Goodwill.To play the media you
    full: 74/100 (insp 78 · snd 74)
    craft: 74/100 (insp 78 · snd 74)
[148/619] Satipanya — Dharma Talks — Bhante Bodhidhamma: Karma, Dependent Origination, Virtue and Liberat
    full: 78/100 (insp 82 · snd 79)
    craft: 74/100 (insp 78 · snd 72)
[149/619] Satipanya — Dharma Talks — Bhante Bodhidhamma: Enthusiam and other questions.To play the media 
    full: 78/100 (insp 82 · snd 78)
    craft: 78/100 (insp 82 · snd 76)
[150/619] Satipanya — Dharma Talks — Bhante Bodhidhamma: Faith and the Spiritual Life.To play the media y
    full: 82/100 (insp 82 · snd 84)
    craft: 79/100 (insp 82 · snd 78)
[151/619] Satipanya — Dharma Talks — Bhante Bodhidhamma: Revising the principles of vipassana.To play the
    full: 78/100 (insp 82 · snd 79)
    craft: 78/100 (insp 82 · snd 78)
[152/619] Satipanya — Dharma Talks — Bhante Bodhidhamma: The Buddha's Quest - A Public Talk.To play the m
    full: 79/100 (insp 82 · snd 78)
    craft: 71/100 (insp 78 · snd 68)
[153/619] Satipanya — Dharma Talks — Bhante Bodhidhamma: The problem lies in the looking.To play the medi
    full: 76/100 (insp 82 · snd 74)
    craft: 74/100 (insp 78 · snd 74)
[154/619] Satipanya — Dharma Talks — Bhante Bodhidhamma: There is no reason for being!.To play the media 
    full: 79/100 (insp 82 · snd 78)
    craft: 76/100 (insp 82 · snd 74)
[155/619] Satipanya — Dharma Talks — Bhante Bodhidhamma: Towards a whole life practice.To play the media 
    full: 77/100 (insp 78 · snd 80)
    craft: 73/100 (insp 78 · snd 72)
[156/619] Satipanya — Dharma Talks — Bhante Bodhidhamma: https://www.satipanya.org.uk/wp-content/uploads/
    full: 72/100 (insp 72 · snd 78)
    craft: 66/100 (insp 72 · snd 65)
[157/619] Satipanya — Dharma Talks — Bhante Bodhidhamma: https://www.satipanya.org.uk/wp-content/uploads/
    full: 67/100 (insp 68 · snd 72)
    craft: 57/100 (insp 62 · snd 58)
[158/619] Satipanya — Dharma Talks — Bhante Bodhidhamma: https://www.satipanya.org.uk/wp-content/uploads/
    full: 70/100 (insp 72 · snd 74)
    craft: 67/100 (insp 72 · snd 65)
[159/619] Satipanya — Dharma Talks — Bhante Bodhidhamma: https://www.satipanya.org.uk/wp-content/uploads/
    full: 54/100 (insp 62 · snd 55)
    craft: 54/100 (insp 62 · snd 52)
[160/619] Satipanya — Dharma Talks — Bhante Bodhidhamma: https://www.satipanya.org.uk/wp-content/uploads/
    full: 58/100 (insp 62 · snd 63)
    craft: 55/100 (insp 62 · snd 55)
[161/619] Satipanya — Dharma Talks — Bhante Bodhidhamma: https://www.satipanya.org.uk/wp-content/uploads/
    full: 66/100 (insp 68 · snd 72)
    craft: 55/100 (insp 62 · snd 55)
[162/619] Satipanya — Dharma Talks — Bhante Bodhidhamma: https://www.satipanya.org.uk/wp-content/uploads/
    full: 71/100 (insp 72 · snd 78)
    craft: 63/100 (insp 68 · snd 62)
[163/619] Satipanya — Dharma Talks — Bhante Bodhidhamma: https://www.satipanya.org.uk/wp-content/uploads/
    full: 72/100 (insp 72 · snd 78)
    craft: 68/100 (insp 72 · snd 68)
[164/619] Satipanya — Dharma Talks — Bhante Bodhidhamma: https://www.satipanya.org.uk/wp-content/uploads/
    full: 71/100 (insp 72 · snd 74)
    craft: 67/100 (insp 68 · snd 72)
[165/619] Satipanya — Dharma Talks — Bhante Bodhidhamma: https://www.satipanya.org.uk/wp-content/uploads/
    full: 67/100 (insp 68 · snd 72)
    craft: 57/100 (insp 62 · snd 58)
[166/619] Satipanya — Dharma Talks — Bhante Bodhidhamma: https://www.satipanya.org.uk/wp-content/uploads/
    full: 71/100 (insp 72 · snd 74)
    craft: 71/100 (insp 74 · snd 70)
[167/619] Satipanya — Dharma Talks — Bhante Bodhidhamma: https://www.satipanya.org.uk/wp-content/uploads/
    full: 73/100 (insp 72 · snd 78)
    craft: 68/100 (insp 72 · snd 68)
[168/619] Satipanya — Dharma Talks — Bhante Bodhidhamma: https://www.satipanya.org.uk/wp-content/uploads/
    full: 71/100 (insp 72 · snd 74)
    craft: 71/100 (insp 72 · snd 74)
[169/619] Satipanya — Dharma Talks — Bhante Bodhidhamma: https://www.satipanya.org.uk/wp-content/uploads/
    full: 71/100 (insp 72 · snd 74)
    craft: 68/100 (insp 72 · snd 68)
[170/619] Satipanya — Dharma Talks — Bhante Bodhidhamma: https://www.satipanya.org.uk/wp-content/uploads/
    full: 71/100 (insp 72 · snd 74)
    craft: 67/100 (insp 72 · snd 65)
[171/619] Satipanya — Dharma Talks — Bhante Bodhidhamma: https://www.satipanya.org.uk/wp-content/uploads/
    full: 65/100 (insp 72 · snd 63)
    craft: 69/100 (insp 72 · snd 68)
[172/619] Satipanya — Dharma Talks — Bhante Bodhidhamma: https://www.satipanya.org.uk/wp-content/uploads/
    full: 72/100 (insp 72 · snd 74)
    craft: 74/100 (insp 74 · snd 78)
[173/619] Satipanya — Dharma Talks — Bhante Bodhidhamma: https://www.satipanya.org.uk/wp-content/uploads/
    full: 71/100 (insp 72 · snd 74)
    craft: 69/100 (insp 72 · snd 70)
[174/619] Satipanya — Dharma Talks — Bhante Bodhidhamma: https://www.satipanya.org.uk/wp-content/uploads/
    full: 72/100 (insp 72 · snd 78)
    craft: 70/100 (insp 72 · snd 74)
[175/619] Satipanya — Dharma Talks — Bhante Bodhidhamma: https://www.satipanya.org.uk/wp-content/uploads/
    full: 63/100 (insp 62 · snd 70)
    craft: 57/100 (insp 62 · snd 58)
[176/619] Satipanya — Dharma Talks — Bhante Bodhidhamma: https://www.satipanya.org.uk/wp-content/uploads/
    full: 73/100 (insp 72 · snd 78)
    craft: 67/100 (insp 72 · snd 65)
[177/619] Satipanya — Dharma Talks — Bhante Bodhidhamma: https://www.satipanya.org.uk/wp-content/uploads/
    full: 72/100 (insp 72 · snd 78)
    craft: 67/100 (insp 68 · snd 72)
[178/619] Satipanya — Dharma Talks — Bhante Bodhidhamma: Refuges and Precepts with Metta
    full: 35/100 (insp 38 · snd 72)
    craft: 30/100 (insp 38 · snd 32)
[179/619] Satipanya — Dharma Talks — Bhante Bodhidhamma: Video
    full: 72/100 (insp 72 · snd 78)
    craft: 72/100 (insp 72 · snd 78)
[180/619] Satipanya — Dharma Talks — Bhante Bodhidhamma: Video
    full: 71/100 (insp 72 · snd 74)
    craft: 63/100 (insp 68 · snd 62)
[181/619] Satipanya — Dharma Talks — Bhante Bodhidhamma: Video
    full: 69/100 (insp 72 · snd 70)
    craft: 68/100 (insp 72 · snd 68)
[182/619] Satipanya — Dharma Talks — Bhante Bodhidhamma: Video
    full: 71/100 (insp 72 · snd 74)
    craft: 71/100 (insp 72 · snd 74)
[183/619] Satipanya — Dharma Talks — Bhante Bodhidhamma: Video
    full: 72/100 (insp 72 · snd 78)
    craft: 69/100 (insp 72 · snd 70)
[184/619] Satipanya — Dharma Talks — Bhante Bodhidhamma: Video
    full: 72/100 (insp 72 · snd 78)
    craft: 71/100 (insp 72 · snd 74)
[185/619] Satipanya — Dharma Talks — Bhante Bodhidhamma: 2022 Dec 11 To Love or To Be Loved. That is the 
    full: 73/100 (insp 78 · snd 74)
    craft: 67/100 (insp 72 · snd 65)
[186/619] Satipanya — Dharma Talks — Bhante Bodhidhamma: Love and Relationship.
    full: 60/100 (insp 62 · snd 65)
    craft: 63/100 (insp 68 · snd 62)
[187/619] Satipanya — Dharma Talks — Bhante Bodhidhamma: Forgiveness is fundamental to purify the heart. 
    full: 71/100 (insp 72 · snd 74)
    craft: 71/100 (insp 72 · snd 74)
[188/619] Satipanya — Dharma Talks — Bhante Bodhidhamma: The introduction
    full: 68/100 (insp 72 · snd 68)
    craft: 68/100 (insp 72 · snd 68)
[189/619] Satipanya — Dharma Talks — Bhante Bodhidhamma: Karaniya Metta Sutta
    full: 74/100 (insp 78 · snd 74)
    craft: 72/100 (insp 78 · snd 70)
[190/619] Satipanya — Dharma Talks — Bhante Bodhidhamma: Video
    full: 63/100 (insp 62 · snd 72)
    craft: 60/100 (insp 62 · snd 65)
[191/619] Satipanya — Dharma Talks — Bhante Bodhidhamma: We often hear about suffering and the end of suf
    full: 74/100 (insp 78 · snd 74)
    craft: 72/100 (insp 78 · snd 70)
[192/619] Satipanya — Dharma Talks — Bhante Bodhidhamma: 2024 Jan. 21 The importance of Tranquillity Pass
    full: 57/100 (insp 62 · snd 58)
    craft: 62/100 (insp 65 · snd 62)
[193/619] Satipanya — Dharma Talks — Bhante Bodhidhamma: Patient Forebearance
    full: 74/100 (insp 74 · snd 82)
    craft: 69/100 (insp 72 · snd 68)
[194/619] Satipanya — Dharma Talks — Bhante Bodhidhamma: Equanimity
    full: 74/100 (insp 74 · snd 79)
    craft: 71/100 (insp 74 · snd 72)
[195/619] Satipanya — Dharma Talks — Bhante Bodhidhamma: Sympathy, Empathy and Compassion
    full: 60/100 (insp 62 · snd 63)
    craft: 63/100 (insp 68 · snd 62)
[196/619] Satipanya — Dharma Talks — Bhante Bodhidhamma: 2023 June 11 Fear and Courage.
    full: 68/100 (insp 72 · snd 68)
    craft: 66/100 (insp 72 · snd 64)
[197/619] Satipanya — Dharma Talks — Bhante Bodhidhamma: Apologies! I tried to cover too much ground. How
    full: 72/100 (insp 72 · snd 78)
    craft: 68/100 (insp 72 · snd 68)
[198/619] Satipanya — Dharma Talks — Bhante Bodhidhamma: 2023 Oct 01 'Good Friendship, Companionship, Goo
    full: 70/100 (insp 72 · snd 74)
    craft: 63/100 (insp 68 · snd 62)
[199/619] Satipanya — Dharma Talks — Bhante Bodhidhamma: 2021 Gratitude, Generosity and Renunciation
    full: 73/100 (insp 78 · snd 74)
    craft: 74/100 (insp 78 · snd 72)
[200/619] Satipanya — Dharma Talks — Bhante Bodhidhamma: 2022 Jul 17 Need, Sufficiency and Greed -
    full: 60/100 (insp 62 · snd 64)
    craft: 52/100 (insp 58 · snd 52)
[201/619] Satipanya — Dharma Talks — Bhante Bodhidhamma: 2025 Apr 06 Renunciation.
    full: 78/100 (insp 78 · snd 82)
    craft: 74/100 (insp 78 · snd 74)
[202/619] Satipanya — Dharma Talks — Bhante Bodhidhamma: Video
    full: 72/100 (insp 72 · snd 78)
    craft: 68/100 (insp 72 · snd 68)
[203/619] Satipanya — Dharma Talks — Bhante Bodhidhamma: Video
    full: 57/100 (insp 62 · snd 58)
    craft: 50/100 (insp 52 · snd 58)
[204/619] Satipanya — Dharma Talks — Bhante Bodhidhamma: The Buddha and War
    full: 52/100 (insp 52 · snd 58)
    craft: 50/100 (insp 52 · snd 58)
[205/619] Satipanya — Dharma Talks — Bhante Bodhidhamma: 2025 May 04 The Buddha as a Teacher.
    full: 74/100 (insp 72 · snd 85)
    craft: 68/100 (insp 68 · snd 74)
[206/619] Satipanya — Dharma Talks — Bhante Bodhidhamma: 2025 June 08 What was the Buddha's great disover
    full: 74/100 (insp 78 · snd 72)
    craft: 62/100 (insp 72 · snd 58)
[207/619] Satipanya — Dharma Talks — Bhante Bodhidhamma: Video
    full: 67/100 (insp 68 · snd 72)
    craft: 63/100 (insp 68 · snd 63)
[208/619] Satipanya — Dharma Talks — Bhante Bodhidhamma: Video
    full: 74/100 (insp 78 · snd 72)
    craft: 74/100 (insp 78 · snd 74)
[209/619] Satipanya — Dharma Talks — Bhante Bodhidhamma: 2024 April.24 Contemplating the Unpleasantness o
    full: 71/100 (insp 72 · snd 74)
    craft: 63/100 (insp 68 · snd 63)
[210/619] Satipanya — Dharma Talks — Bhante Bodhidhamma: 2024 June 23 The Unattractive Nature of the Body
    full: 62/100 (insp 68 · snd 62)
    craft: 57/100 (insp 62 · snd 58)
[211/619] Satipanya — Dharma Talks — Bhante Bodhidhamma: I own my actions. I inherit the results of my ac
    full: 71/100 (insp 72 · snd 74)
    craft: 68/100 (insp 72 · snd 68)
[212/619] Satipanya — Dharma Talks — Bhante Bodhidhamma: Karma and Rebirth
    full: 63/100 (insp 68 · snd 62)
    craft: 57/100 (insp 62 · snd 58)
[213/619] Satipanya — Dharma Talks — Bhante Bodhidhamma: 2023 Nov 26 The Five Regular Contemplations.
    full: 73/100 (insp 72 · snd 82)
    craft: 71/100 (insp 72 · snd 74)
[214/619] Satipanya — Dharma Talks — Bhante Bodhidhamma: 2022 Nov 06 The Contemplation of Death.
    full: 78/100 (insp 78 · snd 82)
    craft: 74/100 (insp 78 · snd 74)
[215/619] Satipanya — Dharma Talks — Bhante Bodhidhamma: The Eight Worldly Winds
    full: 72/100 (insp 72 · snd 78)
    craft: 70/100 (insp 72 · snd 70)
[216/619] Satipanya — Dharma Talks — Bhante Bodhidhamma: The Paradox of Fear
    full: 73/100 (insp 72 · snd 78)
    craft: 68/100 (insp 72 · snd 70)
[217/619] Satipanya — Dharma Talks — Bhante Bodhidhamma: 2025 Jan 12 Dukkha - the Buddha grounds his teac
    full: 72/100 (insp 68 · snd 82)
    craft: 67/100 (insp 68 · snd 72)
[218/619] Satipanya — Dharma Talks — Bhante Bodhidhamma: 2024 Feb. 25 The crucial role of Desire and Inte
    full: 74/100 (insp 74 · snd 79)
    craft: 74/100 (insp 74 · snd 78)
[219/619] Satipanya — Dharma Talks — Bhante Bodhidhamma: 2024 July 14 The Four Great Elements
    full: 77/100 (insp 78 · snd 80)
    craft: 72/100 (insp 72 · snd 78)
[220/619] Satipanya — Dharma Talks — Bhante Bodhidhamma: 2024 August 18 The Specific Law of Conditionalit
    full: 67/100 (insp 68 · snd 74)
    craft: 57/100 (insp 62 · snd 58)
[221/619] Satipanya — Dharma Talks — Bhante Bodhidhamma: 2024 September 15 The Dangers of Indulgence
    full: 68/100 (insp 72 · snd 68)
    craft: 68/100 (insp 72 · snd 68)
[222/619] Satipanya — Dharma Talks — Bhante Bodhidhamma: 2023 Jan. 08 The Four Bases of Power :
    full: 57/100 (insp 62 · snd 58)
    craft: 57/100 (insp 62 · snd 58)
[223/619] Satipanya — Dharma Talks — Bhante Bodhidhamma: Video
    full: 79/100 (insp 82 · snd 78)
    craft: 79/100 (insp 82 · snd 79)
[224/619] Satipanya — Dharma Talks — Bhante Bodhidhamma: 2023 Oct 29 The Spiral Path
    full: 79/100 (insp 82 · snd 79)
    craft: 80/100 (insp 82 · snd 79)
[225/619] Satipanya — Dharma Talks — Bhante Bodhidhamma: 2021 Four Noble Truths
    full: 73/100 (insp 78 · snd 72)
    craft: 74/100 (insp 78 · snd 72)
[226/619] Satipanya — Dharma Talks — Bhante Bodhidhamma: Dukkha (Unsatisfactoriness and Sila (Morality an
    full: 67/100 (insp 68 · snd 74)
    craft: 63/100 (insp 68 · snd 64)
[227/619] Satipanya — Dharma Talks — Bhante Bodhidhamma: Dependent Origination, the Role of desire and th
    full: 71/100 (insp 72 · snd 74)
    craft: 70/100 (insp 72 · snd 74)
[228/619] Satipanya — Dharma Talks — Bhante Bodhidhamma: 2022 Oct 09 Identity and Not-Self.
    full: 85/100 (insp 88 · snd 82)
    craft: 80/100 (insp 84 · snd 79)
[229/619] Satipanya — Dharma Talks — Bhante Bodhidhamma: Video
    full: 63/100 (insp 62 · snd 70)
    craft: 57/100 (insp 62 · snd 58)
[230/619] Satipanya — Dharma Talks — Bhante Bodhidhamma: Right Livelihood
    full: 61/100 (insp 62 · snd 70)
    craft: 57/100 (insp 62 · snd 58)
[231/619] Satipanya — Dharma Talks — Bhante Bodhidhamma: 2022 Sep 11 Rest for Autumn.
    full: 70/100 (insp 72 · snd 74)
    craft: 70/100 (insp 72 · snd 74)
[232/619] Satipanya — Dharma Talks — Bhante Bodhidhamma: Bahiya of the Bark Cloth
    full: 63/100 (insp 62 · snd 70)
    craft: 56/100 (insp 62 · snd 55)
[233/619] Satipanya — Dharma Talks — Bhante Bodhidhamma: 2023 March 05
    full: 71/100 (insp 74 · snd 71)
    craft: 71/100 (insp 74 · snd 70)
[234/619] Satipanya — Dharma Talks — Bhante Bodhidhamma: ,
    full: 72/100 (insp 72 · snd 78)
    craft: 68/100 (insp 72 · snd 68)
[235/619] Satipanya — Dharma Talks — Bhante Bodhidhamma: 2022 Aug 14 Climate Emergency and the Role of th
    full: 55/100 (insp 58 · snd 62)
    craft: 52/100 (insp 58 · snd 52)
[236/619] Satipanya — Dharma Talks — Bhante Bodhidhamma: Non-Violence v. Pacifism
    full: 63/100 (insp 62 · snd 70)
    craft: 57/100 (insp 62 · snd 58)
[237/619] Satipanya — Dharma Talks — Bhante Bodhidhamma: 2022 Apr 17 Noliberalism and Mindfulness
    full: 62/100 (insp 68 · snd 62)
    craft: 58/100 (insp 68 · snd 55)
[238/619] Satipanya — Dharma Talks — Bhante Bodhidhamma: 2022 Jun 19 Social Conditionng or Karma - Our so
    full: 62/100 (insp 62 · snd 70)
    craft: 57/100 (insp 62 · snd 58)
[239/619] Satipanya — Dharma Talks — Bhante Bodhidhamma: Buddha Day Address : His Training : The Fetters
    full: 74/100 (insp 78 · snd 74)
    craft: 71/100 (insp 74 · snd 71)
[240/619] Satipanya — Dharma Talks — Bhante Bodhidhamma: ood Friendhship, Good Companionship, Good Comrad
    full: 71/100 (insp 72 · snd 74)
    craft: 67/100 (insp 72 · snd 65)
[241/619] Satipanya — Dharma Talks — Bhante Bodhidhamma: Dependent Origination Revisited
    full: 74/100 (insp 78 · snd 74)
    craft: 74/100 (insp 78 · snd 72)
[242/619] Satipanya — Dharma Talks — Bhante Bodhidhamma: Karma- Specific, Conditionality the Five Laws, e
    full: 65/100 (insp 72 · snd 63)
    craft: 62/100 (insp 72 · snd 58)
[243/619] Satipanya — Dharma Talks — Bhante Bodhidhamma: No more ideologies!
    full: 67/100 (insp 72 · snd 68)
    craft: 62/100 (insp 72 · snd 58)
[244/619] Satipanya — Dharma Talks — Bhante Bodhidhamma: The Mahasi Technique and What We Need to Underst
    full: 79/100 (insp 82 · snd 78)
    craft: 79/100 (insp 82 · snd 79)
[245/619] Satipanya — Dharma Talks — Bhante Bodhidhamma: Dependent Orignation and how all other importnan
    full: 76/100 (insp 82 · snd 74)
    craft: 75/100 (insp 78 · snd 74)
[246/619] Satipanya — Dharma Talks — Bhante Bodhidhamma: The Axial Age and the Momentous Discovery of the
    full: 65/100 (insp 72 · snd 63)
    craft: 57/100 (insp 72 · snd 48)
[247/619] Satipanya — Dharma Talks — Bhante Bodhidhamma: Dependent Orgination is based on Not-Knowing and
    full: 73/100 (insp 78 · snd 72)
    craft: 72/100 (insp 78 · snd 70)
[248/619] Satipanya — Dharma Talks — Bhante Bodhidhamma: Khanda, the Agregates, as Person and Sati, Aware
    full: 74/100 (insp 78 · snd 72)
    craft: 74/100 (insp 78 · snd 72)
[249/619] Satipanya — Dharma Talks — Bhante Bodhidhamma: Misunderstanding re. the Self, Karma and transce
    full: 66/100 (insp 72 · snd 64)
    craft: 67/100 (insp 72 · snd 65)
[250/619] Satipanya — Dharma Talks — Bhante Bodhidhamma: Q&A Kamma / FreeWill , Metta/attachment, Momenta
    full: 73/100 (insp 72 · snd 78)
    craft: 69/100 (insp 72 · snd 70)
[251/619] Satipanya — Dharma Talks — Bhante Bodhidhamma: Q&A Emotions: Awareness/Delusion:Insight : Mascu
    full: 70/100 (insp 72 · snd 68)
    craft: 70/100 (insp 72 · snd 70)
[252/619] Satipanya — Dharma Talks — Bhante Bodhidhamma: Angulimala A Monologue 00.54.49 21.9 MB
    full: 84/100 (insp 92 · snd 78)
    craft: 83/100 (insp 94 · snd 71)
[253/619] Satipanya — YouTube Talks — Bhante Bodhidhamma: Basics for Insight Meditation 01
    full: 81/100 (insp 84 · snd 80)
    craft: 81/100 (insp 84 · snd 80)
[254/619] Satipanya — YouTube Talks — Bhante Bodhidhamma: 70th Birthday Bhante Bodhidhamma's Life story
    full: 71/100 (insp 78 · snd 68)
    craft: 62/100 (insp 82 · snd 45)
[255/619] Satipanya — YouTube Talks — Bhante Bodhidhamma: Talk Starting Inaugural Lockdown Evening Meditat
    full: 58/100 (insp 62 · snd 70)
    craft: 55/100 (insp 62 · snd 55)
[256/619] Satipanya — YouTube Talks — Bhante Bodhidhamma: 02 First Three Noble Truths
    full: 72/100 (insp 72 · snd 78)
    craft: 68/100 (insp 72 · snd 68)
[257/619] Satipanya — YouTube Talks — Bhante Bodhidhamma: 01 MN9 Discourse on Right View  Wholesome and Un
    full: 63/100 (insp 62 · snd 70)
    craft: 58/100 (insp 62 · snd 58)
[258/619] Satipanya — YouTube Talks — Bhante Bodhidhamma: Evening Lockdown Meditation
    full: 72/100 (insp 72 · snd 78)
    craft: 68/100 (insp 72 · snd 68)
[259/619] Satipanya — YouTube Talks — Bhante Bodhidhamma: 03 Coronavirus and the Contemplation of Death
    full: 54/100 (insp 62 · snd 55)
    craft: 50/100 (insp 62 · snd 48)
[260/619] Satipanya — YouTube Talks — Bhante Bodhidhamma: 04 Contemplation of Death : Living more awake
    full: 68/100 (insp 72 · snd 70)
    craft: 68/100 (insp 72 · snd 68)
[261/619] Satipanya — YouTube Talks — Bhante Bodhidhamma: 05 Contemplation of Death again!
    full: 70/100 (insp 72 · snd 74)
    craft: 58/100 (insp 62 · snd 58)
[262/619] Satipanya — YouTube Talks — Bhante Bodhidhamma: 06 Renunciation and Buddha's First Occasion to T
    full: 72/100 (insp 72 · snd 78)
    craft: 62/100 (insp 68 · snd 62)
[263/619] Satipanya — YouTube Talks — Bhante Bodhidhamma: 07 Setting the Wheel of the Dhamma in Motion
    full: 71/100 (insp 72 · snd 78)
    craft: 70/100 (insp 72 · snd 70)
[264/619] Satipanya — YouTube Talks — Bhante Bodhidhamma: 08 Mindfulness at work And Right View Right Atti
    full: 67/100 (insp 68 · snd 72)
    craft: 67/100 (insp 68 · snd 72)
[265/619] Satipanya — YouTube Talks — Bhante Bodhidhamma: 09 Right Speech, Action and Livelihood
    full: 67/100 (insp 68 · snd 72)
    craft: 63/100 (insp 68 · snd 63)
[266/619] Satipanya — YouTube Talks — Bhante Bodhidhamma: 10 Grief
    full: 77/100 (insp 78 · snd 80)
    craft: 74/100 (insp 78 · snd 72)
[267/619] Satipanya — YouTube Talks — Bhante Bodhidhamma: 11 The Nutriments: Food, Contact, Volition and C
    full: 71/100 (insp 72 · snd 74)
    craft: 68/100 (insp 72 · snd 68)
[268/619] Satipanya — YouTube Talks — Bhante Bodhidhamma: 12 The Investigation of Eating
    full: 71/100 (insp 72 · snd 74)
    craft: 71/100 (insp 72 · snd 74)
[269/619] Satipanya — YouTube Talks — Bhante Bodhidhamma: 13 Discourse on the Taints MN 2 : Overcome by se
    full: 71/100 (insp 72 · snd 74)
    craft: 68/100 (insp 72 · snd 68)
[270/619] Satipanya — YouTube Talks — Bhante Bodhidhamma: 14 Not-self Revisited The story of Sati MN38
    full: 71/100 (insp 72 · snd 74)
    craft: 67/100 (insp 72 · snd 65)
[271/619] Satipanya — YouTube Talks — Bhante Bodhidhamma: 16. Investigating Not-self - The Pratice
    full: 74/100 (insp 78 · snd 74)
    craft: 71/100 (insp 74 · snd 72)
[272/619] Satipanya — YouTube Talks — Bhante Bodhidhamma: 17 Questions  See Description
    full: 71/100 (insp 72 · snd 74)
    craft: 68/100 (insp 68 · snd 72)
[273/619] Satipanya — YouTube Talks — Bhante Bodhidhamma: 18 Overcoming the Taints by Restraint
    full: 73/100 (insp 72 · snd 80)
    craft: 71/100 (insp 72 · snd 74)
[274/619] Satipanya — YouTube Talks — Bhante Bodhidhamma: 19 Overcoming the Taints by Using
    full: 63/100 (insp 62 · snd 72)
    craft: 57/100 (insp 62 · snd 58)
[275/619] Satipanya — YouTube Talks — Bhante Bodhidhamma: 20 Overcoming the Taints by Endurance
    full: 73/100 (insp 74 · snd 78)
    craft: 68/100 (insp 72 · snd 68)
[276/619] Satipanya — YouTube Talks — Bhante Bodhidhamma: 21a Overcoming the Taints by Removing 1
    full: 62/100 (insp 62 · snd 68)
    craft: 57/100 (insp 62 · snd 58)
[277/619] Satipanya — YouTube Talks — Bhante Bodhidhamma: 21b Overcoming the Taints by Removing 2
    full: 78/100 (insp 78 · snd 82)
    craft: 63/100 (insp 72 · snd 58)
[278/619] Satipanya — YouTube Talks — Bhante Bodhidhamma: 22 Overcoming the Taints by Developing
    full: 73/100 (insp 72 · snd 78)
    craft: 68/100 (insp 68 · snd 72)
[279/619] Satipanya — YouTube Talks — Bhante Bodhidhamma: 23 The Ten Fetters
    full: 68/100 (insp 68 · snd 74)
    craft: 62/100 (insp 62 · snd 67)
[280/619] Satipanya — YouTube Talks — Bhante Bodhidhamma: 24 Society
    full: 68/100 (insp 72 · snd 68)
    craft: 62/100 (insp 72 · snd 58)
[281/619] Satipanya — YouTube Talks — Bhante Bodhidhamma: 25 Reflections for an Harmonious Society
    full: 67/100 (insp 68 · snd 72)
    craft: 63/100 (insp 68 · snd 62)
[282/619] Satipanya — YouTube Talks — Bhante Bodhidhamma: 26 More Reflections
    full: 60/100 (insp 62 · snd 68)
    craft: 52/100 (insp 62 · snd 48)
[283/619] Satipanya — YouTube Talks — Bhante Bodhidhamma: 27 What makes a Society Strong?
    full: 63/100 (insp 62 · snd 71)
    craft: 52/100 (insp 58 · snd 55)
[284/619] Satipanya — YouTube Talks — Bhante Bodhidhamma: 28 The Six Sense Bases MN137
    full: 63/100 (insp 62 · snd 70)
    craft: 63/100 (insp 62 · snd 70)
[285/619] Satipanya — YouTube Talks — Bhante Bodhidhamma: 29 Senses Bases Cont.
    full: 63/100 (insp 62 · snd 74)
    craft: 57/100 (insp 62 · snd 58)
[286/619] Satipanya — YouTube Talks — Bhante Bodhidhamma: Metta, Forgiveness and Determination Practice
    full: 71/100 (insp 72 · snd 74)
    craft: 73/100 (insp 72 · snd 78)
[287/619] Satipanya — YouTube Talks — Bhante Bodhidhamma: 01 Reiki with Bryan Lester
    full: 20/100 (insp 48 · snd 18)
    craft: 38/100 (insp 58 · snd 34)
[288/619] Satipanya — YouTube Talks — Bhante Bodhidhamma: Some Pointers for Metta
    full: 71/100 (insp 72 · snd 74)
    craft: 68/100 (insp 72 · snd 68)
[289/619] Satipanya — YouTube Talks — Bhante Bodhidhamma: Bodycare Practice - Metta towards the Body.
    full: 57/100 (insp 68 · snd 52)
    craft: 68/100 (insp 72 · snd 68)
[290/619] Satipanya — YouTube Talks — Bhante Bodhidhamma: 02 Reiki with Bryan
    full: 20/100 (insp 38 · snd 18)
    craft: 38/100 (insp 52 · snd 34)
[291/619] Satipanya — YouTube Talks — Bhante Bodhidhamma: Body as Meditation Object
    full: 56/100 (insp 62 · snd 54)
    craft: 63/100 (insp 68 · snd 62)
[292/619] Satipanya — YouTube Talks — Bhante Bodhidhamma: The Basics of Insight Meditation 03
    full: 67/100 (insp 72 · snd 68)
    craft: 62/100 (insp 72 · snd 58)
[293/619] Satipanya — YouTube Talks — Bhante Bodhidhamma: 03 Reiki with Bryan
    full: 20/100 (insp 38 · snd 18)
    craft: 33/100 (insp 52 · snd 31)
[294/619] Satipanya — YouTube Talks — Bhante Bodhidhamma: 33 Kalama Sutta AN 3.65
    full: 60/100 (insp 62 · snd 70)
    craft: 57/100 (insp 62 · snd 58)
[295/619] Satipanya — YouTube Talks — Bhante Bodhidhamma: 35 Canki Sutta MN95
    full: 63/100 (insp 62 · snd 70)
    craft: 56/100 (insp 62 · snd 55)
[296/619] Satipanya — YouTube Talks — Bhante Bodhidhamma: 34 Kalama Discourse cont.
    full: 62/100 (insp 62 · snd 72)
    craft: 57/100 (insp 62 · snd 58)
[297/619] Satipanya — YouTube Talks — Bhante Bodhidhamma: 36 Canki Sutta cont.
    full: 68/100 (insp 68 · snd 74)
    craft: 68/100 (insp 72 · snd 68)
[298/619] Satipanya — YouTube Talks — Bhante Bodhidhamma: 37 Shorter Discourse on Gosinga
    full: 61/100 (insp 62 · snd 74)
    craft: 57/100 (insp 62 · snd 58)
[299/619] Satipanya — YouTube Talks — Bhante Bodhidhamma: Gaia Standing and Sitting Guided Meditation
    full: 63/100 (insp 62 · snd 72)
    craft: 72/100 (insp 72 · snd 78)
[300/619] Satipanya — YouTube Talks — Bhante Bodhidhamma: 38 Discourse on the Establishment of Awareness S
    full: 65/100 (insp 62 · snd 74)
    craft: 63/100 (insp 62 · snd 70)
[301/619] Satipanya — YouTube Talks — Bhante Bodhidhamma: 31b The Body
    full: 62/100 (insp 72 · snd 58)
    craft: 67/100 (insp 72 · snd 65)
[302/619] Satipanya — YouTube Talks — Bhante Bodhidhamma: 39 Discourse on the Establishment of Awareness S
    full: 74/100 (insp 74 · snd 78)
    craft: 70/100 (insp 72 · snd 70)
[303/619] Satipanya — YouTube Talks — Bhante Bodhidhamma: 40 Discourse on the Establishment of Awareness S
    full: 74/100 (insp 74 · snd 78)
    craft: 71/100 (insp 74 · snd 72)
[304/619] Satipanya — YouTube Talks — Bhante Bodhidhamma: 41 Discourse on the Establishment of Awareness S
    full: 67/100 (insp 72 · snd 68)
    craft: 63/100 (insp 68 · snd 63)
[305/619] Satipanya — YouTube Talks — Bhante Bodhidhamma: 42 Discourse on the Establishment of Awareness S
    full: 67/100 (insp 68 · snd 72)
    craft: 67/100 (insp 68 · snd 72)
[306/619] Satipanya — YouTube Talks — Bhante Bodhidhamma: 43 Discourse on the Establishment of Awareness S
    full: 63/100 (insp 68 · snd 63)
    craft: 57/100 (insp 62 · snd 58)
[307/619] Satipanya — YouTube Talks — Bhante Bodhidhamma: 44 The Relay of Chariots MN24
    full: 63/100 (insp 62 · snd 74)
    craft: 58/100 (insp 62 · snd 58)
[308/619] Satipanya — YouTube Talks — Bhante Bodhidhamma: 45 The Relay of Chariots MN24
    full: 71/100 (insp 72 · snd 74)
    craft: 68/100 (insp 72 · snd 68)
[309/619] Satipanya — YouTube Talks — Bhante Bodhidhamma: 50 Dog Ascetic Discourse MN57
    full: 72/100 (insp 72 · snd 78)
    craft: 66/100 (insp 72 · snd 65)
[310/619] Satipanya — YouTube Talks — Bhante Bodhidhamma: Gratitude Generosity Renunciation
    full: 74/100 (insp 78 · snd 74)
    craft: 73/100 (insp 76 · snd 72)
[311/619] Satipanya — YouTube Talks — Bhante Bodhidhamma: Spanish Introduction - Refuges and Precepts, Sta
    full: 78/100 (insp 78 · snd 82)
    craft: 78/100 (insp 78 · snd 82)
[312/619] Satipanya — YouTube Talks — Bhante Bodhidhamma: Saddha Confidence and Trust
    full: 57/100 (insp 62 · snd 58)
    craft: 55/100 (insp 62 · snd 55)
[313/619] Satipanya — YouTube Talks — Bhante Bodhidhamma: Dhp 188 - 192 The Role of Confidence.
    full: 71/100 (insp 72 · snd 74)
    craft: 68/100 (insp 72 · snd 68)
[314/619] Satipanya — YouTube Talks — Bhante Bodhidhamma: Dhp 153   154 The Buddha's Victory Verses
    full: 71/100 (insp 72 · snd 74)
    craft: 68/100 (insp 72 · snd 68)
[315/619] Satipanya — YouTube Talks — Bhante Bodhidhamma: Dhp 4 Hatred is not overcome with hatred!
    full: 68/100 (insp 72 · snd 68)
    craft: 68/100 (insp 72 · snd 68)
[316/619] Satipanya — YouTube Talks — Bhante Bodhidhamma: Dhp 21 - 23
    full: 70/100 (insp 68 · snd 79)
    craft: 60/100 (insp 62 · snd 64)
[317/619] Satipanya — YouTube Talks — Bhante Bodhidhamma: Dhp Chapter 3 - verses 33 & 34 The Unruly Mind
    full: 70/100 (insp 68 · snd 78)
    craft: 63/100 (insp 62 · snd 71)
[318/619] Satipanya — YouTube Talks — Bhante Bodhidhamma: Dhp 01 02  Mind is the forerunner
    full: 57/100 (insp 62 · snd 58)
    craft: 57/100 (insp 58 · snd 62)
[319/619] Satipanya — YouTube Talks — Bhante Bodhidhamma: Dhp No4 Hatred is not pacified by hatred
    full: 70/100 (insp 72 · snd 74)
    craft: 68/100 (insp 72 · snd 68)
[320/619] Satipanya — YouTube Talks — Bhante Bodhidhamma: Dhp 256 157  Judgmental v Judicious
    full: 62/100 (insp 62 · snd 70)
    craft: 60/100 (insp 62 · snd 65)
[321/619] Satipanya — YouTube Talks — Bhante Bodhidhamma: Dhp 46 How to view the Body
    full: 72/100 (insp 72 · snd 78)
    craft: 68/100 (insp 72 · snd 68)
[322/619] Satipanya — YouTube Talks — Bhante Bodhidhamma: The Four Noble Truths
    full: 71/100 (insp 78 · snd 68)
    craft: 74/100 (insp 78 · snd 72)
[323/619] Satipanya — YouTube Talks — Bhante Bodhidhamma: The NIne Qualities of the Buddha
    full: 59/100 (insp 62 · snd 61)
    craft: 57/100 (insp 62 · snd 58)
[324/619] Satipanya — YouTube Talks — Bhante Bodhidhamma: Dhp 360 362 Restraint
    full: 72/100 (insp 72 · snd 78)
    craft: 69/100 (insp 72 · snd 70)
[325/619] Satipanya — YouTube Talks — Bhante Bodhidhamma: Dhp 90 The Arahant
    full: 71/100 (insp 72 · snd 74)
    craft: 71/100 (insp 72 · snd 74)
[326/619] Satipanya — YouTube Talks — Bhante Bodhidhamma: Vita Quotidiana
    full: 74/100 (insp 78 · snd 74)
    craft: 75/100 (insp 78 · snd 74)
[327/619] Satipanya — YouTube Talks — Bhante Bodhidhamma: Dukkha Unsatifactoriness and Sila Morality and E
    full: 63/100 (insp 62 · snd 70)
    craft: 63/100 (insp 68 · snd 63)
[328/619] Satipanya — YouTube Talks — Bhante Bodhidhamma: Dependent Origination and the Role of Desire and
    full: 73/100 (insp 72 · snd 78)
    craft: 68/100 (insp 72 · snd 70)
[329/619] Satipanya — YouTube Talks — Bhante Bodhidhamma: Kamma and Rebirth
    full: 57/100 (insp 62 · snd 58)
    craft: 56/100 (insp 62 · snd 55)
[330/619] Satipanya — YouTube Talks — Bhante Bodhidhamma: Gratitude Generosity and Renunciation
    full: 68/100 (insp 72 · snd 68)
    craft: 69/100 (insp 72 · snd 68)
[331/619] Satipanya — YouTube Talks — Bhante Bodhidhamma: Facets of a Love
    full: 57/100 (insp 62 · snd 58)
    craft: 57/100 (insp 62 · snd 58)
[332/619] Satipanya — YouTube Talks — Bhante Bodhidhamma: Apamado DHP 22 23 24
    full: 72/100 (insp 72 · snd 78)
    craft: 61/100 (insp 62 · snd 65)
[333/619] Satipanya — YouTube Talks — Bhante Bodhidhamma: Ageing
    full: 60/100 (insp 62 · snd 65)
    craft: 52/100 (insp 62 · snd 48)
[334/619] Satipanya — YouTube Talks — Bhante Bodhidhamma: Dhp 152 153 The Inner Critic
    full: 63/100 (insp 68 · snd 64)
    craft: 63/100 (insp 68 · snd 63)
[335/619] Satipanya — YouTube Talks — Bhante Bodhidhamma: Sympathy Empathy and Compassion
    full: 71/100 (insp 72 · snd 74)
    craft: 68/100 (insp 68 · snd 72)
[336/619] Satipanya — YouTube Talks — Bhante Bodhidhamma: DHP 314-317 From the Chapter on Hell
    full: 63/100 (insp 68 · snd 62)
    craft: 67/100 (insp 72 · snd 65)
[337/619] Satipanya — YouTube Talks — Bhante Bodhidhamma: Non-Violence is not Pacificism
    full: 63/100 (insp 62 · snd 70)
    craft: 57/100 (insp 62 · snd 58)
[338/619] Satipanya — YouTube Talks — Bhante Bodhidhamma: Neoliberalism and Mindfulness
    full: 63/100 (insp 68 · snd 62)
    craft: 62/100 (insp 72 · snd 58)
[339/619] Satipanya — YouTube Talks — Bhante Bodhidhamma: The Buddha and War.
    full: 57/100 (insp 62 · snd 58)
    craft: 60/100 (insp 62 · snd 68)
[340/619] Satipanya — YouTube Talks — Bhante Bodhidhamma: Need Sufficiency and Greed
    full: 57/100 (insp 58 · snd 62)
    craft: 57/100 (insp 62 · snd 58)
[341/619] Satipanya — YouTube Talks — Bhante Bodhidhamma: Social Conditioning or Karma
    full: 63/100 (insp 62 · snd 72)
    craft: 57/100 (insp 62 · snd 58)
[342/619] Satipanya — YouTube Talks — Bhante Bodhidhamma: Climate Emergency
    full: 55/100 (insp 58 · snd 62)
    craft: 44/100 (insp 52 · snd 41)
[343/619] Satipanya — YouTube Talks — Bhante Bodhidhamma: Reset for Autumn
    full: 71/100 (insp 72 · snd 74)
    craft: 71/100 (insp 72 · snd 74)
[344/619] Satipanya — YouTube Talks — Bhante Bodhidhamma: Identity and Not-Self
    full: 76/100 (insp 82 · snd 74)
    craft: 79/100 (insp 82 · snd 78)
[345/619] Satipanya — YouTube Talks — Bhante Bodhidhamma: The Contemplation of Death
    full: 76/100 (insp 78 · snd 80)
    craft: 74/100 (insp 78 · snd 72)
[346/619] Satipanya — YouTube Talks — Bhante Bodhidhamma: To Love or To Be Loved. That is the question.
    full: 70/100 (insp 74 · snd 71)
    craft: 74/100 (insp 78 · snd 72)
[347/619] Satipanya — YouTube Talks — Bhante Bodhidhamma: The Bases of Success
    full: 57/100 (insp 62 · snd 58)
    craft: 57/100 (insp 62 · snd 58)
[348/619] Satipanya — YouTube Talks — Bhante Bodhidhamma: Bahiya of the Bark Cloth
    full: 62/100 (insp 62 · snd 70)
    craft: 56/100 (insp 62 · snd 55)
[349/619] Satipanya — YouTube Talks — Bhante Bodhidhamma: The Discourse on Bahiya of the Bark Cloth Ud.1.1
    full: 74/100 (insp 78 · snd 72)
    craft: 73/100 (insp 78 · snd 72)
[350/619] Satipanya — YouTube Talks — Bhante Bodhidhamma: Joy
    full: 70/100 (insp 74 · snd 70)
    craft: 71/100 (insp 76 · snd 68)
[351/619] Satipanya — YouTube Talks — Bhante Bodhidhamma: Is the Buddha and athiest?
    full: 68/100 (insp 72 · snd 68)
    craft: 61/100 (insp 62 · snd 65)
[352/619] Satipanya — YouTube Talks — Bhante Bodhidhamma: Fear and Courage
    full: 68/100 (insp 72 · snd 68)
    craft: 67/100 (insp 72 · snd 65)
[353/619] Satipanya — YouTube Talks — Bhante Bodhidhamma: Patience
    full: 74/100 (insp 74 · snd 82)
    craft: 71/100 (insp 72 · snd 74)
[354/619] Satipanya — YouTube Talks — Bhante Bodhidhamma: Equanimity - The most important of all virtues.
    full: 71/100 (insp 72 · snd 74)
    craft: 68/100 (insp 72 · snd 68)
[355/619] Satipanya — YouTube Talks — Bhante Bodhidhamma: Compassion and its subtle enemies.
    full: 77/100 (insp 78 · snd 80)
    craft: 73/100 (insp 78 · snd 72)
[356/619] Satipanya — YouTube Talks — Bhante Bodhidhamma: Good Friendship, Good Companionship, Good Comrad
    full: 67/100 (insp 68 · snd 72)
    craft: 63/100 (insp 68 · snd 62)
[357/619] Satipanya — YouTube Talks — Bhante Bodhidhamma: The Five Constant Contemplations
    full: 74/100 (insp 74 · snd 82)
    craft: 69/100 (insp 72 · snd 70)
[358/619] Satipanya — YouTube Talks — Bhante Bodhidhamma: Retreat Start Standing and Walking Meditation
    full: 78/100 (insp 78 · snd 82)
    craft: 79/100 (insp 78 · snd 85)
[359/619] Satipanya — YouTube Talks — Bhante Bodhidhamma: The Discourse Developing Loving Kindness
    full: 71/100 (insp 74 · snd 72)
    craft: 67/100 (insp 72 · snd 65)
[360/619] Satipanya — YouTube Talks — Bhante Bodhidhamma: The Importance of Tranquillity
    full: 63/100 (insp 68 · snd 62)
    craft: 63/100 (insp 68 · snd 63)
[361/619] Satipanya — YouTube Talks — Bhante Bodhidhamma: The Crucial Importance of Desire and Intention.
    full: 78/100 (insp 78 · snd 82)
    craft: 77/100 (insp 78 · snd 80)
[362/619] Satipanya — YouTube Talks — Bhante Bodhidhamma: Satipanya Opening Ceremony 30th June 2007
    full: 38/100 (insp 38 · snd 52)
    craft: 28/100 (insp 32 · snd 28)
[363/619] Satipanya — YouTube Talks — Bhante Bodhidhamma: Ceremony to Bless the Stupa   June 26th 2011   P
    full: 10/100 (insp 12 · snd 48)
    craft: 10/100 (insp 12 · snd 18)
[364/619] Satipanya — YouTube Talks — Bhante Bodhidhamma: Ceremony to Bless the Stupa   June 26th 2011   P
    full: 20/100 (insp 18 · snd 62)
    craft: 15/100 (insp 18 · snd 22)
[365/619] Satipanya — YouTube Talks — Bhante Bodhidhamma: Ceremony to Bless the Stupa   June 26th 2011   P
    full: 35/100 (insp 38 · snd 42)
    craft: 32/100 (insp 38 · snd 30)
[366/619] Satipanya — YouTube Talks — Bhante Bodhidhamma: 15. The Discourse on Not-self SN22.6.59
    full: 65/100 (insp 72 · snd 63)
    craft: 69/100 (insp 72 · snd 68)
[367/619] Satipanya — YouTube Talks — Bhante Bodhidhamma: Upali is converted by the Buddha MN56
    full: 72/100 (insp 72 · snd 78)
    craft: 68/100 (insp 72 · snd 68)
[368/619] Satipanya — YouTube Talks — Bhante Bodhidhamma: Contemplating the Unpleasantness of the Body: Wh
    full: 70/100 (insp 72 · snd 74)
    craft: 68/100 (insp 72 · snd 68)
[369/619] Satipanya — YouTube Talks — Bhante Bodhidhamma: The Buddha's Alter Ego
    full: 57/100 (insp 62 · snd 58)
    craft: 56/100 (insp 62 · snd 55)
[370/619] Satipanya — YouTube Talks — Bhante Bodhidhamma: The Unattractive Nature of the Body
    full: 60/100 (insp 62 · snd 65)
    craft: 57/100 (insp 62 · snd 58)
[371/619] Satipanya — YouTube Talks — Bhante Bodhidhamma: The Four Great Elements
    full: 77/100 (insp 78 · snd 80)
    craft: 73/100 (insp 72 · snd 78)
[372/619] Satipanya — YouTube Talks — Bhante Bodhidhamma: The Specific Law of Conditionality
    full: 72/100 (insp 72 · snd 78)
    craft: 68/100 (insp 72 · snd 68)
[373/619] Satipanya — YouTube Talks — Bhante Bodhidhamma: The Dangers of Indulgence
    full: 68/100 (insp 72 · snd 68)
    craft: 68/100 (insp 72 · snd 68)
[374/619] Satipanya — YouTube Talks — Bhante Bodhidhamma: Reflections and Contemplative Practice of Kamma
    full: 71/100 (insp 72 · snd 74)
    craft: 67/100 (insp 72 · snd 68)
[375/619] Satipanya — YouTube Talks — Bhante Bodhidhamma: Forgiveness
    full: 70/100 (insp 74 · snd 70)
    craft: 70/100 (insp 74 · snd 70)
[376/619] Satipanya — YouTube Talks — Bhante Bodhidhamma: The Basics of Insight Meditation 02
    full: 74/100 (insp 78 · snd 74)
    craft: 72/100 (insp 79 · snd 68)
[377/619] Satipanya — YouTube Talks — Bhante Bodhidhamma: Dukkha - Basic Premise of the Buddhadhamma
    full: 63/100 (insp 62 · snd 71)
    craft: 61/100 (insp 62 · snd 65)
[378/619] Satipanya — YouTube Talks — Bhante Bodhidhamma: Non-Violence is not Pacifism
    full: 63/100 (insp 62 · snd 70)
    craft: 57/100 (insp 62 · snd 58)
[379/619] Satipanya — YouTube Talks — Bhante Bodhidhamma: The Eight Worldly Conditions
    full: 70/100 (insp 72 · snd 74)
    craft: 68/100 (insp 72 · snd 68)
[380/619] Satipanya — YouTube Talks — Bhante Bodhidhamma: The Paradox of Fear
    full: 72/100 (insp 72 · snd 78)
    craft: 67/100 (insp 68 · snd 72)
[381/619] Satipanya — YouTube Talks — Bhante Bodhidhamma: Renunciation : The Path to Liberation
    full: 74/100 (insp 74 · snd 78)
    craft: 74/100 (insp 78 · snd 74)
[382/619] Satipanya — YouTube Talks — Bhante Bodhidhamma: The Buddha as a Teacher The Discourse on Malunky
    full: 65/100 (insp 62 · snd 78)
    craft: 63/100 (insp 62 · snd 70)
[383/619] Satipanya — YouTube Talks — Bhante Bodhidhamma: What was the Great Discovery by the Buddha
    full: 73/100 (insp 78 · snd 72)
    craft: 62/100 (insp 72 · snd 58)
[384/619] Satipanya — YouTube Talks — Bhante Bodhidhamma: Where do the elements cease without remainder?
    full: 71/100 (insp 72 · snd 74)
    craft: 69/100 (insp 72 · snd 68)
[385/619] Satipanya — YouTube Talks — Bhante Bodhidhamma: Extinguishing the Housebuilder
    full: 73/100 (insp 78 · snd 72)
    craft: 74/100 (insp 78 · snd 74)
[386/619] Satipanya — YouTube Talks — Bhante Bodhidhamma: Hope Aspiration Expectation
    full: 74/100 (insp 74 · snd 78)
    craft: 69/100 (insp 72 · snd 68)
[387/619] Satipanya — YouTube Talks — Bhante Bodhidhamma: Topics of Discussion
    full: 63/100 (insp 62 · snd 72)
    craft: 57/100 (insp 62 · snd 58)
[388/619] Satipanya — YouTube Talks — Bhante Bodhidhamma: Practising the Five Remembrances
    full: 71/100 (insp 72 · snd 74)
    craft: 71/100 (insp 72 · snd 74)
[389/619] Satipanya — YouTube Talks — Bhante Bodhidhamma: Revsing the Basics
    full: 73/100 (insp 78 · snd 72)
    craft: 74/100 (insp 78 · snd 72)
[390/619] Satipanya — YouTube Talks — Bhante Bodhidhamma: The Necessity of Joy
    full: 68/100 (insp 72 · snd 68)
    craft: 67/100 (insp 72 · snd 65)
[391/619] Satipanya — YouTube Talks — Bhante Bodhidhamma: Polarisation
    full: 68/100 (insp 72 · snd 68)
    craft: 67/100 (insp 72 · snd 65)
[392/619] Satipanya — YouTube Talks — Bhante Bodhidhamma: Dullness and Lethargy
    full: 70/100 (insp 72 · snd 74)
    craft: 73/100 (insp 72 · snd 78)
[393/619] Satipanya — YouTube Talks — Bhante Bodhidhamma: Adhitthana Determination
    full: 69/100 (insp 72 · snd 70)
    craft: 68/100 (insp 72 · snd 68)
[394/619] Satipanya — YouTube Talks — Bhante Bodhidhamma: The Four Clingings
    full: 74/100 (insp 74 · snd 78)
    craft: 71/100 (insp 74 · snd 72)
[395/619] Satipanya — DhammaBytes — Bhante Bodhidhamma: 01 Views about Spiritual Paths
    full: 52/100 (insp 55 · snd 58)
    craft: 52/100 (insp 58 · snd 52)
[396/619] Satipanya — DhammaBytes — Bhante Bodhidhamma: 02 Discourse to the Kalamas
    full: 67/100 (insp 68 · snd 72)
    craft: 58/100 (insp 62 · snd 58)
[397/619] Satipanya — DhammaBytes — Bhante Bodhidhamma: 03 Desire the Root of Suffering
    full: 74/100 (insp 74 · snd 80)
    craft: 70/100 (insp 72 · snd 70)
[398/619] Satipanya — DhammaBytes — Bhante Bodhidhamma: 04 How to Test the Buddha
    full: 63/100 (insp 62 · snd 74)
    craft: 60/100 (insp 62 · snd 65)
[399/619] Satipanya — DhammaBytes — Bhante Bodhidhamma: 01 Introducing the Buddha
    full: 60/100 (insp 62 · snd 63)
    craft: 58/100 (insp 62 · snd 58)
[400/619] Satipanya — DhammaBytes — Bhante Bodhidhamma: 02 The Birth of the Buddha
    full: 59/100 (insp 62 · snd 61)
    craft: 56/100 (insp 62 · snd 55)
[401/619] Satipanya — DhammaBytes — Bhante Bodhidhamma: 03 The Bodhisatta Leaves Home
    full: 72/100 (insp 72 · snd 78)
    craft: 67/100 (insp 68 · snd 72)
[402/619] Satipanya — DhammaBytes — Bhante Bodhidhamma: 04 The Essence of the Awakening
    full: 63/100 (insp 62 · snd 74)
    craft: 58/100 (insp 62 · snd 58)
[403/619] Satipanya — DhammaBytes — Bhante Bodhidhamma: Anusaya - Latent Tendencies
    full: 54/100 (insp 52 · snd 63)
    craft: 50/100 (insp 52 · snd 58)
[404/619] Satipanya — DhammaBytes — Bhante Bodhidhamma: Asava-Taints, Ogha-Floods, Yoga-Yokes
    full: 53/100 (insp 52 · snd 61)
    craft: 50/100 (insp 52 · snd 58)
[405/619] Satipanya — DhammaBytes — Bhante Bodhidhamma: Buddha
    full: 68/100 (insp 72 · snd 68)
    craft: 63/100 (insp 68 · snd 62)
[406/619] Satipanya — DhammaBytes — Bhante Bodhidhamma: Dukkha - A Hard Place
    full: 71/100 (insp 72 · snd 74)
    craft: 69/100 (insp 72 · snd 70)
[407/619] Satipanya — DhammaBytes — Bhante Bodhidhamma: Hetu - The Unwholesome Roots
    full: 72/100 (insp 72 · snd 78)
    craft: 70/100 (insp 72 · snd 70)
[408/619] Satipanya — DhammaBytes — Bhante Bodhidhamma: Panya - Wisdom and Intuitive Intelligence
    full: 62/100 (insp 72 · snd 58)
    craft: 62/100 (insp 72 · snd 58)
[409/619] Satipanya — DhammaBytes — Bhante Bodhidhamma: Puja - Devotional Attention
    full: 70/100 (insp 72 · snd 74)
    craft: 67/100 (insp 72 · snd 65)
[410/619] Satipanya — DhammaBytes — Bhante Bodhidhamma: Samyojana - The first three Fetters
    full: 73/100 (insp 72 · snd 78)
    craft: 62/100 (insp 62 · snd 65)
[411/619] Satipanya — DhammaBytes — Bhante Bodhidhamma: Samyojana - The last seven Fetters
    full: 68/100 (insp 72 · snd 68)
    craft: 68/100 (insp 72 · snd 68)
[412/619] Satipanya — DhammaBytes — Bhante Bodhidhamma: Sati - Knowing
    full: 68/100 (insp 78 · snd 65)
    craft: 74/100 (insp 78 · snd 72)
[413/619] Satipanya — DhammaBytes — Bhante Bodhidhamma: Sati in Daily Life
    full: 78/100 (insp 78 · snd 82)
    craft: 73/100 (insp 72 · snd 78)
[414/619] Satipanya — DhammaBytes — Bhante Bodhidhamma: Sila - Good Conduct
    full: 72/100 (insp 72 · snd 78)
    craft: 67/100 (insp 72 · snd 65)
[415/619] Satipanya — DhammaBytes — Bhante Bodhidhamma: 01. Dana Generosity
    full: 57/100 (insp 62 · snd 58)
    craft: 63/100 (insp 68 · snd 62)
[416/619] Satipanya — DhammaBytes — Bhante Bodhidhamma: 02. Sila Virtuous Conduct
    full: 63/100 (insp 62 · snd 72)
    craft: 61/100 (insp 62 · snd 65)
[417/619] Satipanya — DhammaBytes — Bhante Bodhidhamma: 03. Nekkhamma Renunciation
    full: 73/100 (insp 72 · snd 78)
    craft: 68/100 (insp 72 · snd 68)
[418/619] Satipanya — DhammaBytes — Bhante Bodhidhamma: 04. Panya Intuitive Intelligence and Wisdom
    full: 68/100 (insp 72 · snd 68)
    craft: 67/100 (insp 72 · snd 65)
[419/619] Satipanya — DhammaBytes — Bhante Bodhidhamma: 05. Viriya Effort
    full: 71/100 (insp 72 · snd 74)
    craft: 71/100 (insp 72 · snd 74)
[420/619] Satipanya — DhammaBytes — Bhante Bodhidhamma: 06. Khanti Patience
    full: 71/100 (insp 72 · snd 74)
    craft: 69/100 (insp 72 · snd 68)
[421/619] Satipanya — DhammaBytes — Bhante Bodhidhamma: 07. Sacca Honesty
    full: 57/100 (insp 58 · snd 62)
    craft: 53/100 (insp 58 · snd 55)
[422/619] Satipanya — DhammaBytes — Bhante Bodhidhamma: 08. Adhitthana Resolution.
    full: 62/100 (insp 62 · snd 68)
    craft: 57/100 (insp 62 · snd 58)
[423/619] Satipanya — DhammaBytes — Bhante Bodhidhamma: Metta - Love
    full: 70/100 (insp 72 · snd 74)
    craft: 68/100 (insp 72 · snd 68)
[424/619] Satipanya — DhammaBytes — Bhante Bodhidhamma: Karuna - Compassion
    full: 63/100 (insp 62 · snd 70)
    craft: 57/100 (insp 62 · snd 58)
[425/619] Satipanya — DhammaBytes — Bhante Bodhidhamma: Mudita - Pure Joy
    full: 68/100 (insp 72 · snd 68)
    craft: 68/100 (insp 72 · snd 68)
[426/619] Satipanya — DhammaBytes — Bhante Bodhidhamma: Upekkha - Equanimity
    full: 71/100 (insp 72 · snd 74)
    craft: 68/100 (insp 72 · snd 68)
[427/619] Satipanya — DhammaBytes — Bhante Bodhidhamma: Buddha as Refuge
    full: 70/100 (insp 72 · snd 74)
    craft: 67/100 (insp 68 · snd 72)
[428/619] Satipanya — DhammaBytes — Bhante Bodhidhamma: Dhamma as Refuge
    full: 64/100 (insp 72 · snd 63)
    craft: 63/100 (insp 68 · snd 62)
[429/619] Satipanya — DhammaBytes — Bhante Bodhidhamma: Sangha as Refuge
    full: 68/100 (insp 68 · snd 72)
    craft: 68/100 (insp 68 · snd 72)
[430/619] Satipanya — DhammaBytes — Bhante Bodhidhamma: Khandha The Aggregates
    full: 62/100 (insp 72 · snd 58)
    craft: 64/100 (insp 68 · snd 64)
[431/619] Satipanya — DhammaBytes — Bhante Bodhidhamma: Rupa Corporeality
    full: 63/100 (insp 62 · snd 70)
    craft: 63/100 (insp 62 · snd 70)
[432/619] Satipanya — DhammaBytes — Bhante Bodhidhamma: Vedana Feeling
    full: 55/100 (insp 52 · snd 68)
    craft: 43/100 (insp 42 · snd 48)
[433/619] Satipanya — DhammaBytes — Bhante Bodhidhamma: Sanya Perception & Vedana Feeling
    full: 60/100 (insp 58 · snd 72)
    craft: 54/100 (insp 52 · snd 63)
[434/619] Satipanya — DhammaBytes — Bhante Bodhidhamma: Sankhara Volitional Conditioning
    full: 54/100 (insp 52 · snd 63)
    craft: 50/100 (insp 52 · snd 58)
[435/619] Satipanya — DhammaBytes — Bhante Bodhidhamma: Summing up
    full: 68/100 (insp 72 · snd 68)
    craft: 67/100 (insp 68 · snd 72)
[436/619] Satipanya — DhammaBytes — Bhante Bodhidhamma: 1. Avijja - not-knowing
    full: 68/100 (insp 72 · snd 68)
    craft: 62/100 (insp 72 · snd 58)
[437/619] Satipanya — DhammaBytes — Bhante Bodhidhamma: 2. Nama Rupa Body Mind
    full: 68/100 (insp 68 · snd 72)
    craft: 69/100 (insp 72 · snd 70)
[438/619] Satipanya — DhammaBytes — Bhante Bodhidhamma: 3. Salayatana Vedana Phasa Six senses Contact Fe
    full: 72/100 (insp 72 · snd 78)
    craft: 67/100 (insp 68 · snd 72)
[439/619] Satipanya — DhammaBytes — Bhante Bodhidhamma: 4. Tanha Upadana Bhava Craving Grasping Becoming
    full: 70/100 (insp 68 · snd 78)
    craft: 68/100 (insp 68 · snd 72)
[440/619] Satipanya — DhammaBytes — Bhante Bodhidhamma: 5. paticca samuppada dependent origination to sa
    full: 65/100 (insp 62 · snd 74)
    craft: 63/100 (insp 62 · snd 70)
[441/619] Satipanya — DhammaBytes — Bhante Bodhidhamma: 6. Another model of Dependent Orgination
    full: 74/100 (insp 78 · snd 74)
    craft: 71/100 (insp 74 · snd 71)
[442/619] Satipanya — DhammaBytes — Bhante Bodhidhamma: 1. Indulgence
    full: 63/100 (insp 62 · snd 74)
    craft: 67/100 (insp 68 · snd 72)
[443/619] Satipanya — DhammaBytes — Bhante Bodhidhamma: 2. Self-Mortification
    full: 63/100 (insp 68 · snd 62)
    craft: 63/100 (insp 68 · snd 62)
[444/619] Satipanya — DhammaBytes — Bhante Bodhidhamma: 3. The First Noble Truth of Suffering
    full: 68/100 (insp 68 · snd 72)
    craft: 61/100 (insp 62 · snd 64)
[445/619] Satipanya — DhammaBytes — Bhante Bodhidhamma: 4. Second Noble Truth:The Cause of Suffering
    full: 71/100 (insp 72 · snd 74)
    craft: 69/100 (insp 72 · snd 70)
[446/619] Satipanya — DhammaBytes — Bhante Bodhidhamma: 5. The Third Noble Truth:The End of Suffering
    full: 63/100 (insp 62 · snd 70)
    craft: 57/100 (insp 62 · snd 58)
[447/619] Satipanya — DhammaBytes — Bhante Bodhidhamma: 6. The Fourth Noble Truth The Eightfold Path
    full: 65/100 (insp 72 · snd 64)
    craft: 69/100 (insp 72 · snd 68)
[448/619] Satipanya — DhammaBytes — Bhante Bodhidhamma: 7. The Buddha's Enlightenment becomes universal
    full: 74/100 (insp 78 · snd 74)
    craft: 74/100 (insp 78 · snd 72)
[449/619] Satipanya — DhammaBytes — Bhante Bodhidhamma: 1 Not-self - Control
    full: 68/100 (insp 68 · snd 74)
    craft: 67/100 (insp 68 · snd 72)
[450/619] Satipanya — DhammaBytes — Bhante Bodhidhamma: 2 Not-self - Impermanence and Suffering
    full: 68/100 (insp 68 · snd 72)
    craft: 60/100 (insp 62 · snd 65)
[451/619] Satipanya — DhammaBytes — Bhante Bodhidhamma: 3 Not-self - Recap and Metaphors
    full: 71/100 (insp 72 · snd 74)
    craft: 70/100 (insp 72 · snd 68)
[452/619] Satipanya — DhammaBytes — Bhante Bodhidhamma: 01. Sickness Ageing and Death
    full: 70/100 (insp 68 · snd 82)
    craft: 63/100 (insp 68 · snd 62)
[453/619] Satipanya — DhammaBytes — Bhante Bodhidhamma: 02. Divine Messengers
    full: 70/100 (insp 72 · snd 74)
    craft: 68/100 (insp 72 · snd 68)
[454/619] Satipanya — DhammaBytes — Bhante Bodhidhamma: 03. The Two Darts
    full: 74/100 (insp 74 · snd 79)
    craft: 73/100 (insp 74 · snd 78)
[455/619] Satipanya — DhammaBytes — Bhante Bodhidhamma: 04. The Eight Worldy Conditions
    full: 73/100 (insp 72 · snd 78)
    craft: 68/100 (insp 72 · snd 68)
[456/619] Satipanya — DhammaBytes — Bhante Bodhidhamma: 05. Clinging causes Anxiety plus
    full: 71/100 (insp 72 · snd 74)
    craft: 68/100 (insp 72 · snd 68)
[457/619] Satipanya — DhammaBytes — Bhante Bodhidhamma: 06. Mahakassapa Explains the Cause of Conflict
    full: 62/100 (insp 62 · snd 70)
    craft: 63/100 (insp 68 · snd 62)
[458/619] Satipanya — DhammaBytes — Bhante Bodhidhamma: 07. Envy and Niggardliness the Cause of Conflict
    full: 63/100 (insp 62 · snd 72)
    craft: 60/100 (insp 62 · snd 65)
[459/619] Satipanya — DhammaBytes — Bhante Bodhidhamma: 08. Detailed Sequence Leading to Conflict
    full: 71/100 (insp 72 · snd 74)
    craft: 68/100 (insp 72 · snd 68)
[460/619] Satipanya — DhammaBytes — Bhante Bodhidhamma: 09. Power
    full: 69/100 (insp 72 · snd 70)
    craft: 67/100 (insp 72 · snd 65)
[461/619] Satipanya — DhammaBytes — Bhante Bodhidhamma: 10. Samsara Onward Going
    full: 53/100 (insp 62 · snd 52)
    craft: 60/100 (insp 68 · snd 58)
[462/619] Satipanya — DhammaBytes — Bhante Bodhidhamma: 11. Rounds of Becoming
    full: 63/100 (insp 68 · snd 62)
    craft: 63/100 (insp 68 · snd 62)
[463/619] Satipanya — DhammaBytes — Bhante Bodhidhamma: 12. Short Review of the Human Condition
    full: 63/100 (insp 62 · snd 72)
    craft: 57/100 (insp 62 · snd 58)
[464/619] Satipanya — DhammaBytes — Bhante Bodhidhamma: 1. Righteous Governement and Righteous Ruler
    full: 57/100 (insp 58 · snd 62)
    craft: 54/100 (insp 58 · snd 55)
[465/619] Satipanya — DhammaBytes — Bhante Bodhidhamma: 2. The Ruler
    full: 57/100 (insp 58 · snd 62)
    craft: 57/100 (insp 62 · snd 58)
[466/619] Satipanya — DhammaBytes — Bhante Bodhidhamma: 3. The Six Directions Ritual as useless or meani
    full: 63/100 (insp 62 · snd 70)
    craft: 57/100 (insp 62 · snd 58)
[467/619] Satipanya — DhammaBytes — Bhante Bodhidhamma: 4. Parents and Chidren
    full: 50/100 (insp 48 · snd 62)
    craft: 37/100 (insp 42 · snd 38)
[468/619] Satipanya — DhammaBytes — Bhante Bodhidhamma: 5. Husbands and Wives
    full: 62/100 (insp 62 · snd 72)
    craft: 57/100 (insp 62 · snd 58)
[469/619] Satipanya — DhammaBytes — Bhante Bodhidhamma: 6. What makes for a Good Life
    full: 63/100 (insp 62 · snd 74)
    craft: 62/100 (insp 62 · snd 70)
[470/619] Satipanya — DhammaBytes — Bhante Bodhidhamma: 7. Use of wealth for Happiness
    full: 67/100 (insp 68 · snd 72)
    craft: 63/100 (insp 68 · snd 62)
[471/619] Satipanya — DhammaBytes — Bhante Bodhidhamma: 8. Virtues of a Good Spouse
    full: 70/100 (insp 68 · snd 80)
    craft: 60/100 (insp 62 · snd 68)
[472/619] Satipanya — International Talks — Bhante Bodhidhamma: Méditation Guidée: Debout et Assise
    full: 63/100 (insp 62 · snd 74)
    craft: 73/100 (insp 72 · snd 81)
[473/619] Satipanya — International Talks — Bhante Bodhidhamma: Meditation Guidee Detaillee
    full: 72/100 (insp 72 · snd 78)
    craft: 75/100 (insp 74 · snd 82)
[474/619] Satipanya — International Talks — Bhante Bodhidhamma: Méditation Guidée Debout et Assise
    full: 72/100 (insp 72 · snd 78)
    craft: 72/100 (insp 72 · snd 78)
[475/619] Satipanya — International Talks — Bhante Bodhidhamma: Trois compréhensions nécessaires
    full: 70/100 (insp 74 · snd 68)
    craft: 74/100 (insp 78 · snd 72)
[476/619] Satipanya — International Talks — Bhante Bodhidhamma: Méditation Debout
    full: 63/100 (insp 62 · snd 70)
    craft: 68/100 (insp 68 · snd 74)
[477/619] Satipanya — International Talks — Bhante Bodhidhamma: Méditation Assise
    full: 72/100 (insp 72 · snd 78)
    craft: 73/100 (insp 72 · snd 78)
[478/619] Satipanya — International Talks — Bhante Bodhidhamma: La conscience juste, les obstacles comme chemin 
    full: 72/100 (insp 74 · snd 72)
    craft: 72/100 (insp 74 · snd 71)
[479/619] Satipanya — International Talks — Bhante Bodhidhamma: How we use the self and what does it mean for no
    full: 68/100 (insp 72 · snd 68)
    craft: 67/100 (insp 72 · snd 65)
[480/619] Satipanya — International Talks — Bhante Bodhidhamma: The Hindrances
    full: 73/100 (insp 78 · snd 74)
    craft: 68/100 (insp 72 · snd 68)
[481/619] Satipanya — International Talks — Bhante Bodhidhamma: Non-soi
    full: 71/100 (insp 72 · snd 74)
    craft: 66/100 (insp 72 · snd 65)
[482/619] Satipanya — International Talks — Bhante Bodhidhamma: La Libre Volunté
    full: 68/100 (insp 68 · snd 72)
    craft: 63/100 (insp 68 · snd 62)
[483/619] Satipanya — International Talks — Bhante Bodhidhamma: Le Dhamma dans la vie quotidienne ordinaire.
    full: 68/100 (insp 72 · snd 70)
    craft: 67/100 (insp 72 · snd 65)
[484/619] Satipanya — International Talks — Bhante Bodhidhamma: Scientisme Romatisme Bouddhisme
    full: 70/100 (insp 74 · snd 68)
    craft: 62/100 (insp 72 · snd 58)
[485/619] Satipanya — International Talks — Bhante Bodhidhamma: Une tentative de comprendre le non-soi.
    full: 65/100 (insp 72 · snd 63)
    craft: 63/100 (insp 68 · snd 62)
[486/619] Satipanya — International Talks — Bhante Bodhidhamma: Retour à l'essentiel.
    full: 74/100 (insp 78 · snd 74)
    craft: 74/100 (insp 78 · snd 72)
[487/619] Satipanya — International Talks — Bhante Bodhidhamma: Bonheur
    full: 74/100 (insp 78 · snd 74)
    craft: 72/100 (insp 78 · snd 70)
[488/619] Satipanya — International Talks — Bhante Bodhidhamma: L'Esprit Concevoir et les Empêches
    full: 77/100 (insp 78 · snd 80)
    craft: 71/100 (insp 74 · snd 71)
[489/619] Satipanya — International Talks — Bhante Bodhidhamma: Metta Bhavana Bienveillance (15 min)(Lausanne Oc
    full: 67/100 (insp 68 · snd 74)
    craft: 60/100 (insp 62 · snd 68)
[490/619] Satipanya — International Talks — Bhante Bodhidhamma: Nous causons de la souffrance pour nous meme.(La
    full: 71/100 (insp 72 · snd 74)
    craft: 70/100 (insp 72 · snd 70)
[491/619] Satipanya — International Talks — Bhante Bodhidhamma: Le Kamma de la Liberation(Lausanne Oct 2010)
    full: 73/100 (insp 72 · snd 78)
    craft: 68/100 (insp 72 · snd 68)
[492/619] Satipanya — International Talks — Bhante Bodhidhamma: Les Bases de Vipassana.
    full: 73/100 (insp 74 · snd 78)
    craft: 71/100 (insp 72 · snd 74)
[493/619] Satipanya — International Talks — Bhante Bodhidhamma: Progres et d'autres sujets.
    full: 73/100 (insp 78 · snd 70)
    craft: 73/100 (insp 78 · snd 72)
[494/619] Satipanya — International Talks — Bhante Bodhidhamma: Questions and des Questions Plus.
    full: 71/100 (insp 74 · snd 71)
    craft: 70/100 (insp 74 · snd 70)
[495/619] Satipanya — International Talks — Bhante Bodhidhamma: Dependant Origination (Belgium Jan 2006)
    full: 74/100 (insp 78 · snd 72)
    craft: 74/100 (insp 78 · snd 72)
[496/619] Satipanya — International Talks — Bhante Bodhidhamma: The Purpose of Meditation (Belgium Jan 2006)
    full: 70/100 (insp 72 · snd 70)
    craft: 70/100 (insp 72 · snd 70)
[497/619] Satipanya — International Talks — Bhante Bodhidhamma: Why the Present Moment is So Important (Geneva M
    full: 69/100 (insp 72 · snd 70)
    craft: 69/100 (insp 74 · snd 68)
[498/619] Satipanya — International Talks — Bhante Bodhidhamma: Q&A Concerning States of Mind - Sankhara (Geneva
    full: 67/100 (insp 68 · snd 72)
    craft: 62/100 (insp 68 · snd 63)
[499/619] Satipanya — International Talks — Bhante Bodhidhamma: Concerning Buddhist Psychology (Geneva May 2006)
    full: 65/100 (insp 72 · snd 63)
    craft: 63/100 (insp 72 · snd 58)
[500/619] Satipanya — International Talks — Bhante Bodhidhamma: Concerning Metta and Other Questions (Geneva May
    full: 63/100 (insp 72 · snd 62)
    craft: 55/100 (insp 62 · snd 55)
[501/619] Satipanya — International Talks — Bhante Bodhidhamma: Le Methode de Mahasi Vipassana (Lausanne Oct 200
    full: 73/100 (insp 72 · snd 78)
    craft: 74/100 (insp 74 · snd 78)
[502/619] Satipanya — International Talks — Bhante Bodhidhamma: Les Empeches de Vipassana (Lausanne Oct 2009)
    full: 74/100 (insp 78 · snd 74)
    craft: 73/100 (insp 74 · snd 78)
[503/619] Satipanya — International Talks — Bhante Bodhidhamma: Les Facteurs de Liberation (Lausanne Oct 2009)
    full: 77/100 (insp 78 · snd 80)
    craft: 72/100 (insp 74 · snd 71)
[504/619] Satipanya — International Talks — Bhante Bodhidhamma: Psychologie de Buddha (Lausanne Oct 2009)
    full: 62/100 (insp 74 · snd 58)
    craft: 69/100 (insp 74 · snd 68)
[505/619] Satipanya — International Talks — Bhante Bodhidhamma: Entering the Course
    full: 0/100 (insp 0 · snd 0)
    craft: 0/100 (insp 0 · snd 0)
[506/619] Satipanya — International Talks — Bhante Bodhidhamma: The Mahasi Method
    full: 0/100 (insp 0 · snd 0)
    craft: 0/100 (insp 0 · snd 0)
[507/619] Satipanya — International Talks — Bhante Bodhidhamma: The Joyful Aspects of Meditation
    full: 74/100 (insp 78 · snd 74)
    craft: 73/100 (insp 76 · snd 71)
[508/619] Satipanya — International Talks — Bhante Bodhidhamma: The Wheel of Dependent Origination
    full: 68/100 (insp 72 · snd 68)
    craft: 67/100 (insp 72 · snd 65)
[509/619] Satipanya — International Talks — Bhante Bodhidhamma: The Perfections
    full: 71/100 (insp 72 · snd 74)
    craft: 67/100 (insp 72 · snd 65)
[510/619] Satipanya — International Talks — Bhante Bodhidhamma: Karma
    full: 64/100 (insp 72 · snd 62)
    craft: 67/100 (insp 72 · snd 65)
[511/619] Satipanya — International Talks — Bhante Bodhidhamma: Evening Metta Chant and Instructions
    full: 15/100 (insp 18 · snd 52)
    craft: 15/100 (insp 18 · snd 22)
[512/619] Satipanya — International Talks — Bhante Bodhidhamma: Morning Chant
    full: 15/100 (insp 18 · snd 72)
    craft: 10/100 (insp 18 · snd 12)
[513/619] Satipanya — International Talks — Bhante Bodhidhamma: Meditazione in Piedi e Seduta
    full: 72/100 (insp 72 · snd 78)
    craft: 72/100 (insp 72 · snd 78)
[514/619] Satipanya — International Talks — Bhante Bodhidhamma: Meditazione guidata dettagliata :sometimes use '
    full: 77/100 (insp 78 · snd 80)
    craft: 79/100 (insp 78 · snd 85)
[515/619] Satipanya — International Talks — Bhante Bodhidhamma: Mahasi Instructions and Metta Chant
    full: 72/100 (insp 72 · snd 78)
    craft: 72/100 (insp 72 · snd 78)
[516/619] Satipanya — International Talks — Bhante Bodhidhamma: The Hindrances
    full: 72/100 (insp 76 · snd 71)
    craft: 73/100 (insp 78 · snd 71)
[517/619] Satipanya — International Talks — Bhante Bodhidhamma: Factors of Enlightenment
    full: 73/100 (insp 78 · snd 71)
    craft: 73/100 (insp 78 · snd 72)
[518/619] Satipanya — International Talks — Bhante Bodhidhamma: Dependent Origination
    full: 70/100 (insp 72 · snd 74)
    craft: 68/100 (insp 72 · snd 68)
[519/619] Satipanya — International Talks — Bhante Bodhidhamma: Kamma
    full: 71/100 (insp 72 · snd 74)
    craft: 69/100 (insp 72 · snd 68)
[520/619] Satipanya — International Talks — Bhante Bodhidhamma: Metta Guidata
    full: 68/100 (insp 72 · snd 68)
    craft: 57/100 (insp 62 · snd 58)
[521/619] Satipanya — International Talks — Bhante Bodhidhamma: c. corpo med guidata
    full: 65/100 (insp 78 · snd 62)
    craft: 70/100 (insp 74 · snd 68)
[522/619] Satipanya — International Talks — Bhante Bodhidhamma: Intro. Guarig. corpo med guidata
    full: 30/100 (insp 38 · snd 28)
    craft: 42/100 (insp 48 · snd 42)
[523/619] Satipanya — Noirin's Teachings — Noirin Sheahan: Talk read by Therese Caherty
    full: 85/100 (insp 88 · snd 82)
    craft: 63/100 (insp 82 · snd 52)
[524/619] Satipanya — Noirin's Teachings — Noirin Sheahan: Vipassana Instructions
    full: 72/100 (insp 72 · snd 78)
    craft: 73/100 (insp 72 · snd 81)
[525/619] Satipanya — Noirin's Teachings — Noirin Sheahan: The First Noble truth - Impermanence and Unsatis
    full: 74/100 (insp 78 · snd 74)
    craft: 73/100 (insp 78 · snd 72)
[526/619] Satipanya — Noirin's Teachings — Noirin Sheahan: The First noble truth - Not-Self and Unsatisfact
    full: 65/100 (insp 72 · snd 63)
    craft: 70/100 (insp 74 · snd 71)
[527/619] Satipanya — Noirin's Teachings — Noirin Sheahan: The Second Noble Truth - The Cause of Unsatisfac
    full: 73/100 (insp 72 · snd 78)
    craft: 73/100 (insp 74 · snd 76)
[528/619] Satipanya — Noirin's Teachings — Noirin Sheahan: The Third Noble Truth - The End of Unsatisfactor
    full: 68/100 (insp 72 · snd 68)
    craft: 69/100 (insp 72 · snd 68)
[529/619] Satipanya — Noirin's Teachings — Noirin Sheahan: The Fourth Noble Truth - The Path Leading to the
    full: 71/100 (insp 72 · snd 74)
    craft: 70/100 (insp 72 · snd 70)
[530/619] Satipanya — Noirin's Teachings — Noirin Sheahan: Introduction to the Mahasi Meditation Practice -
    full: 73/100 (insp 78 · snd 72)
    craft: 82/100 (insp 82 · snd 86)
[531/619] Satipanya — Noirin's Teachings — Noirin Sheahan: Hindrances and Factors of Enlightenment - read b
    full: 85/100 (insp 88 · snd 82)
    craft: 87/100 (insp 88 · snd 86)
[532/619] Satipanya — Noirin's Teachings — Noirin Sheahan: 1st, 2nd & 3rd Noble Truths: Dukkha, its Cause &
    full: 81/100 (insp 82 · snd 84)
    craft: 79/100 (insp 82 · snd 79)
[533/619] Satipanya — Noirin's Teachings — Noirin Sheahan: 4th Noble Truth: Eightfold Path in Daily Life - 
    full: 71/100 (insp 72 · snd 74)
    craft: 73/100 (insp 74 · snd 78)
[534/619] Satipanya — Noirin's Teachings — Noirin Sheahan: The Hindrances - read by Finola O'Siochru
    full: 82/100 (insp 82 · snd 84)
    craft: 82/100 (insp 82 · snd 86)
[535/619] Satipanya — Noirin's Teachings — Noirin Sheahan: The Factors of Enlightenment - read by Finola O'
    full: 77/100 (insp 78 · snd 80)
    craft: 81/100 (insp 82 · snd 84)
[536/619] Satipanya — Noirin's Teachings — Noirin Sheahan: First Noble Truth: There is Dukkha - read by Fin
    full: 85/100 (insp 88 · snd 82)
    craft: 82/100 (insp 84 · snd 81)
[537/619] Satipanya — Noirin's Teachings — Noirin Sheahan: Second and Third Nobe Truths: Cause and Cessatio
    full: 86/100 (insp 88 · snd 84)
    craft: 87/100 (insp 88 · snd 86)
[538/619] Satipanya — Noirin's Teachings — Noirin Sheahan: Fourth Noble Truth: The Path to the End of Dukkh
    full: 73/100 (insp 78 · snd 72)
    craft: 74/100 (insp 74 · snd 78)
[539/619] Satipanya — Noirin's Teachings — Noirin Sheahan: Foundations for Mindfulness (Satipatthana Sutta)
    full: 74/100 (insp 78 · snd 72)
    craft: 79/100 (insp 82 · snd 79)
[540/619] Satipanya — Noirin's Teachings — Noirin Sheahan: Attachment: The Five Khanda - read by Finola O'S
    full: 82/100 (insp 84 · snd 81)
    craft: 79/100 (insp 82 · snd 79)
[541/619] Satipanya — Noirin's Teachings — Noirin Sheahan: Divine Abiding: a. Equanimity - read by Biddy O'
    full: 79/100 (insp 82 · snd 79)
    craft: 78/100 (insp 78 · snd 82)
[542/619] Satipanya — Noirin's Teachings — Noirin Sheahan: Divine Abiding: b. Goodwill, Metta - read by Bid
    full: 86/100 (insp 88 · snd 84)
    craft: 85/100 (insp 88 · snd 84)
[543/619] Satipanya — Noirin's Teachings — Noirin Sheahan: Divine Abiding, c. Compassion - read by Biddy O'
    full: 87/100 (insp 88 · snd 85)
    craft: 86/100 (insp 88 · snd 85)
[544/619] Satipanya — Noirin's Teachings — Noirin Sheahan: Divine Abiding, d. Appreciative Joy, Mudita - re
    full: 79/100 (insp 82 · snd 79)
    craft: 82/100 (insp 82 · snd 84)
[545/619] Satipanya — Noirin's Teachings — Noirin Sheahan: Sense Contact - The Six Sense Spheres - read by 
    full: 80/100 (insp 82 · snd 79)
    craft: 82/100 (insp 84 · snd 81)
[546/619] Satipanya — Noirin's Teachings — Noirin Sheahan: Spiritual Faculties - read by Finola O'Siochru
    full: 75/100 (insp 78 · snd 74)
    craft: 80/100 (insp 82 · snd 80)
[547/619] Satipanya — Noirin's Teachings — Noirin Sheahan: Mindfulness of Breathing - read by Finola O'Sioc
    full: 71/100 (insp 74 · snd 72)
    craft: 74/100 (insp 74 · snd 81)
[548/619] Satipanya — Noirin's Teachings — Noirin Sheahan: Destruction of Craving a. Tracing back to the or
    full: 79/100 (insp 82 · snd 79)
    craft: 79/100 (insp 82 · snd 79)
[549/619] Satipanya — Noirin's Teachings — Noirin Sheahan: Destruction of Craving b. Examining each link in
    full: 83/100 (insp 82 · snd 85)
    craft: 78/100 (insp 78 · snd 82)
[550/619] Satipanya — Noirin's Teachings — Noirin Sheahan: Two Kinds of Thought - read by Finola O'Siochru
    full: 78/100 (insp 78 · snd 82)
    craft: 81/100 (insp 82 · snd 84)
[551/619] Satipanya — Noirin's Teachings — Noirin Sheahan: Removal of Distracting Thoughts - read by Finola
    full: 81/100 (insp 82 · snd 84)
    craft: 82/100 (insp 84 · snd 81)
[552/619] Satipanya — Noirin's Teachings — Noirin Sheahan: In the Seeing, only the seeing ... (Bahiya Sutta
    full: 79/100 (insp 82 · snd 79)
    craft: 80/100 (insp 84 · snd 79)
[553/619] Satipanya — Noirin's Teachings — Noirin Sheahan: Greed, Hatred and Delusion as Foundations for Mi
    full: 81/100 (insp 82 · snd 84)
    craft: 82/100 (insp 84 · snd 81)
[554/619] Satipanya — Noirin's Teachings — Noirin Sheahan: Exalted, Unexalted and other Mindstates as Found
    full: 82/100 (insp 82 · snd 84)
    craft: 79/100 (insp 78 · snd 84)
[555/619] Satipanya — Noirin's Teachings — Noirin Sheahan: Building a Raft to Cross the Floods of Sensualit
    full: 79/100 (insp 82 · snd 79)
    craft: 83/100 (insp 82 · snd 85)
[556/619] Satipanya — Noirin's Teachings — Noirin Sheahan: Building a Raft to Cross the Floods of Becoming 
    full: 81/100 (insp 84 · snd 80)
    craft: 82/100 (insp 84 · snd 81)
[557/619] Satipanya — Noirin's Teachings — Noirin Sheahan: Beset by Perceptions (Honeyball Sutta)
    full: 84/100 (insp 84 · snd 86)
    craft: 81/100 (insp 84 · snd 80)
[558/619] Satipanya — Noirin's Teachings — Noirin Sheahan: The Buddha's Death (Parinibbana Sutta)
    full: 86/100 (insp 88 · snd 84)
    craft: 85/100 (insp 88 · snd 82)
[559/619] Satipanya — Retreat Talks — Bhante Bodhidhamma: Detailed Guided Meditation
    full: 73/100 (insp 74 · snd 78)
    craft: 79/100 (insp 78 · snd 85)
[560/619] Satipanya — Retreat Talks — Bhante Bodhidhamma: Starting a Retreat
    full: 74/100 (insp 78 · snd 74)
    craft: 78/100 (insp 78 · snd 84)
[561/619] Satipanya — Retreat Talks — Bhante Bodhidhamma: Abiding in the Present Moment Developing Equanim
    full: 68/100 (insp 72 · snd 68)
    craft: 71/100 (insp 72 · snd 78)
[562/619] Satipanya — Retreat Talks — Bhante Bodhidhamma: Detailed Guided Meditation
    full: 78/100 (insp 78 · snd 82)
    craft: 78/100 (insp 78 · snd 85)
[563/619] Satipanya — Retreat Talks — Bhante Bodhidhamma: Assisted Meditation
    full: 32/100 (insp 28 · snd 62)
    craft: 42/100 (insp 38 · snd 62)
[564/619] Satipanya — Retreat Talks — Bhante Bodhidhamma: Heartcare Metta Meditation
    full: 71/100 (insp 74 · snd 72)
    craft: 72/100 (insp 72 · snd 78)
[565/619] Satipanya — Retreat Talks — Bhante Bodhidhamma: Bodycare Meditation
    full: 60/100 (insp 72 · snd 58)
    craft: 74/100 (insp 78 · snd 74)
[566/619] Satipanya — Retreat Talks — Bhante Bodhidhamma: Eating meditation
    full: 71/100 (insp 72 · snd 74)
    craft: 71/100 (insp 72 · snd 74)
[567/619] Satipanya — Retreat Talks — Bhante Bodhidhamma: Morning Chant with Refuges and Precepts
    full: 15/100 (insp 18 · snd 72)
    craft: 22/100 (insp 28 · snd 22)
[568/619] Satipanya — Retreat Talks — Bhante Bodhidhamma: Evening Metta Chant
    full: 14/100 (insp 18 · snd 55)
    craft: 10/100 (insp 18 · snd 12)
[569/619] Satipanya — Retreat Talks — Bhante Bodhidhamma: The Technique
    full: 83/100 (insp 82 · snd 85)
    craft: 83/100 (insp 82 · snd 88)
[570/619] Satipanya — Retreat Talks — Bhante Bodhidhamma: The Hindrances
    full: 84/100 (insp 84 · snd 86)
    craft: 83/100 (insp 82 · snd 85)
[571/619] Satipanya — Retreat Talks — Bhante Bodhidhamma: The Factors of Enlightenment
    full: 83/100 (insp 82 · snd 85)
    craft: 82/100 (insp 82 · snd 84)
[572/619] Satipanya — Retreat Talks — Bhante Bodhidhamma: The Pleasure Syndrome dukkha
    full: 79/100 (insp 82 · snd 79)
    craft: 79/100 (insp 82 · snd 78)
[573/619] Satipanya — Retreat Talks — Bhante Bodhidhamma: The Characteristic of Impermanence
    full: 85/100 (insp 88 · snd 82)
    craft: 85/100 (insp 88 · snd 82)
[574/619] Satipanya — Retreat Talks — Bhante Bodhidhamma: Anatta Not self
    full: 79/100 (insp 82 · snd 79)
    craft: 79/100 (insp 82 · snd 79)
[575/619] Satipanya — Retreat Talks — Bhante Bodhidhamma: Living Life according to the Dhamma
    full: 71/100 (insp 72 · snd 74)
    craft: 68/100 (insp 72 · snd 68)
[576/619] Satipanya — Retreat Talks — Bhante Bodhidhamma: Mahasi Talk
    full: 74/100 (insp 72 · snd 80)
    craft: 74/100 (insp 72 · snd 85)
[577/619] Satipanya — Retreat Talks — Bhante Bodhidhamma: Vedana Feeling
    full: 78/100 (insp 78 · snd 82)
    craft: 74/100 (insp 78 · snd 74)
[578/619] Satipanya — Retreat Talks — Bhante Bodhidhamma: Is Awareness Enough
    full: 79/100 (insp 82 · snd 78)
    craft: 79/100 (insp 82 · snd 79)
[579/619] Satipanya — Retreat Talks — Bhante Bodhidhamma: Eroticism Romance Love Distraction and Boredom
    full: 70/100 (insp 74 · snd 68)
    craft: 74/100 (insp 78 · snd 72)
[580/619] Satipanya — Retreat Talks — Bhante Bodhidhamma: The Perfections Turned Inward
    full: 73/100 (insp 76 · snd 72)
    craft: 71/100 (insp 74 · snd 70)
[581/619] Satipanya — Retreat Talks — Bhante Bodhidhamma: Faith
    full: 81/100 (insp 82 · snd 84)
    craft: 74/100 (insp 78 · snd 74)
[582/619] Satipanya — Retreat Talks — Bhante Bodhidhamma: Revising the principles of vipassana
    full: 79/100 (insp 82 · snd 78)
    craft: 79/100 (insp 82 · snd 78)
[583/619] Satipanya — Retreat Talks — Bhante Bodhidhamma: Fear
    full: 81/100 (insp 82 · snd 84)
    craft: 81/100 (insp 82 · snd 84)
[584/619] Satipanya — Retreat Talks — Bhante Bodhidhamma: Foregiveness
    full: 79/100 (insp 82 · snd 79)
    craft: 77/100 (insp 78 · snd 80)
[585/619] Satipanya — Retreat Talks — Bhante Bodhidhamma: The Gratification, the Danger and the Escape
    full: 78/100 (insp 79 · snd 82)
    craft: 74/100 (insp 78 · snd 72)
[586/619] Satipanya — Retreat Talks — Bhante Bodhidhamma: Karma
    full: 85/100 (insp 88 · snd 82)
    craft: 85/100 (insp 88 · snd 82)
[587/619] Satipanya — Retreat Talks — Bhante Bodhidhamma: Rebirth
    full: 69/100 (insp 72 · snd 70)
    craft: 68/100 (insp 72 · snd 68)
[588/619] Satipanya — Retreat Talks — Bhante Bodhidhamma: The Illimitables
    full: 74/100 (insp 78 · snd 74)
    craft: 74/100 (insp 78 · snd 72)
[589/619] Satipanya — Retreat Talks — Bhante Bodhidhamma: The Ten Fetters
    full: 74/100 (insp 78 · snd 72)
    craft: 74/100 (insp 78 · snd 72)
[590/619] Satipanya — Retreat Talks — Bhante Bodhidhamma: The Awakening
    full: 77/100 (insp 78 · snd 80)
    craft: 75/100 (insp 78 · snd 74)
[591/619] Satipanya — Retreat Talks — Bhante Bodhidhamma: The Years of Teaching and Parinibbana
    full: 77/100 (insp 78 · snd 80)
    craft: 70/100 (insp 78 · snd 65)
[592/619] Satipanya — Retreat Talks — Bhante Bodhidhamma: Ethical Behaviour and the Awakening are one
    full: 74/100 (insp 78 · snd 74)
    craft: 74/100 (insp 78 · snd 72)
[593/619] Satipanya — Retreat Talks — Bhante Bodhidhamma: The Buddha as Exemplar and Archetype
    full: 74/100 (insp 78 · snd 72)
    craft: 74/100 (insp 78 · snd 72)
[594/619] Satipanya — Retreat Talks — Bhante Bodhidhamma: Meditation and Ordinary Daily Life
    full: 74/100 (insp 78 · snd 74)
    craft: 74/100 (insp 78 · snd 74)
[595/619] Satipanya — Retreat Talks — Bhante Bodhidhamma: Free Will
    full: 75/100 (insp 78 · snd 74)
    craft: 74/100 (insp 78 · snd 72)
[596/619] Satipanya — Retreat Talks — Bhante Bodhidhamma: Karma Specific Conditionality the Five Laws ethi
    full: 68/100 (insp 72 · snd 68)
    craft: 67/100 (insp 72 · snd 65)
[597/619] Satipanya — Retreat Talks — Bhante Bodhidhamma: Right Livelihood
    full: 74/100 (insp 74 · snd 78)
    craft: 71/100 (insp 72 · snd 74)
[598/619] Satipanya — Retreat Talks — Bhante Bodhidhamma: Chi Gong min guidance
    full: 5/100 (insp 4 · snd 18)
    craft: 8/100 (insp 4 · snd 28)
[599/619] Satipanya — A Foundation Course in Buddhism — Bhante Bodhidhamma: The First Noble Truth - Dukkha Dukkha
    full: 78/100 (insp 78 · snd 82)
    craft: 71/100 (insp 72 · snd 74)
[600/619] Satipanya — A Foundation Course in Buddhism — Bhante Bodhidhamma: The First Noble Truth - Conditioned States
    full: 74/100 (insp 78 · snd 74)
    craft: 72/100 (insp 72 · snd 78)
[601/619] Satipanya — A Foundation Course in Buddhism — Bhante Bodhidhamma: The First Noble Truth - The Three Characteristic
    full: 74/100 (insp 78 · snd 72)
    craft: 70/100 (insp 72 · snd 70)
[602/619] Satipanya — A Foundation Course in Buddhism — Bhante Bodhidhamma: The Second Noble Truth - The Cause of Suffering 
    full: 74/100 (insp 74 · snd 78)
    craft: 68/100 (insp 72 · snd 68)
[603/619] Satipanya — A Foundation Course in Buddhism — Bhante Bodhidhamma: The Second Noble Truth - The Wheel of Dependent 
    full: 72/100 (insp 72 · snd 74)
    craft: 71/100 (insp 72 · snd 74)
[604/619] Satipanya — A Foundation Course in Buddhism — Bhante Bodhidhamma: The Second Noble Truth - Kamma
    full: 72/100 (insp 72 · snd 78)
    craft: 72/100 (insp 72 · snd 78)
[605/619] Satipanya — A Foundation Course in Buddhism — Bhante Bodhidhamma: The Fourth Noble Truth - Morality - Sila
    full: 70/100 (insp 68 · snd 78)
    craft: 64/100 (insp 62 · snd 74)
[606/619] Satipanya — A Foundation Course in Buddhism — Bhante Bodhidhamma: The Fourth Noble Truth - Positive Morality - Par
    full: 72/100 (insp 74 · snd 72)
    craft: 74/100 (insp 74 · snd 78)
[607/619] Satipanya — A Foundation Course in Buddhism — Bhante Bodhidhamma: The Fourth Noble Truth - Right Understanding
    full: 71/100 (insp 74 · snd 72)
    craft: 68/100 (insp 72 · snd 70)
[608/619] Satipanya — A Foundation Course in Buddhism — Bhante Bodhidhamma: The Fourth Noble Truth - Mental Development - Sa
    full: 74/100 (insp 74 · snd 78)
    craft: 74/100 (insp 74 · snd 78)
[609/619] Satipanya — A Foundation Course in Buddhism — Bhante Bodhidhamma: Moods, Emotions and Feelings
    full: 79/100 (insp 82 · snd 78)
    craft: 79/100 (insp 82 · snd 78)
[610/619] Satipanya — A Foundation Course in Buddhism — Bhante Bodhidhamma: Guilt - Real and Unreal
    full: 78/100 (insp 78 · snd 82)
    craft: 77/100 (insp 78 · snd 80)
[611/619] Satipanya — A Foundation Course in Buddhism — Bhante Bodhidhamma: The End of Guilt
    full: 77/100 (insp 78 · snd 80)
    craft: 76/100 (insp 78 · snd 80)
[612/619] Satipanya — A Foundation Course in Buddhism — Bhante Bodhidhamma: Right Intention
    full: 82/100 (insp 82 · snd 84)
    craft: 79/100 (insp 82 · snd 78)
[613/619] Satipanya — A Foundation Course in Buddhism — Bhante Bodhidhamma: The Divine Abodes
    full: 80/100 (insp 84 · snd 79)
    craft: 79/100 (insp 84 · snd 78)
[614/619] Satipanya — A Foundation Course in Buddhism — Bhante Bodhidhamma: Faith or Belief
    full: 78/100 (insp 78 · snd 82)
    craft: 70/100 (insp 74 · snd 71)
[615/619] Satipanya — A Foundation Course in Buddhism — Bhante Bodhidhamma: Wheel of Dependent Origination
    full: 78/100 (insp 78 · snd 82)
    craft: 75/100 (insp 78 · snd 74)
[616/619] Satipanya — A Foundation Course in Buddhism — Bhante Bodhidhamma: Kamma
    full: 78/100 (insp 78 · snd 82)
    craft: 74/100 (insp 78 · snd 74)
[617/619] Satipanya — A Foundation Course in Buddhism — Bhante Bodhidhamma: The Sangha
    full: 65/100 (insp 62 · snd 78)
    craft: 63/100 (insp 62 · snd 74)
[618/619] Satipanya — A Foundation Course in Buddhism — Bhante Bodhidhamma: The Four Paths and the Four Fruits
    full: 74/100 (insp 74 · snd 78)
    craft: 71/100 (insp 72 · snd 74)
[619/619] Satipanya — A Foundation Course in Buddhism — Bhante Bodhidhamma: The Noble Silence
    full: 83/100 (insp 82 · snd 85)
    craft: 83/100 (insp 82 · snd 85)

Scoring terminé : 1238 notes, 0 erreurs

Rapport DOCX écrit : /home/freedomfighter/code/traduction/satipanya-podcast/Satipanya_Talk_Rankings.docx  (619 talks)
