============================================================
PASS 1: Building catalog from satipanya.org.uk
============================================================

[1/18] /audio-video/ → guided_meditations
  Fetching https://www.satipanya.org.uk/audio-video/ ...
  Found 10 audio links
  Season: "Guided Meditations" (10 episodes)

[2/18] /chanting/ → guided_meditations
  Fetching https://www.satipanya.org.uk/chanting/ ...
  Found 6 audio links
  Season: "Chanting" (6 episodes)

[3/18] /audio-video/dhammabytes/ → dhammabytes
  Fetching https://www.satipanya.org.uk/audio-video/dhammabytes/ ...
  Found 77 audio links
  Season: "Approaching the Dhamma" (4 episodes)
  Season: "The Buddha from Birth to First Teaching" (4 episodes)
  Season: "Section One : Pali Words" (12 episodes)
  Season: "Parami - The Perfections" (8 episodes)
  Season: "Brahmavihara - Sublime Abodes : The Illimitables" (4 episodes)
  Season: "The Refuges" (3 episodes)
  Season: "Khanda - The Aggregates" (6 episodes)
  Season: "Paticca Samuppada - Dependent Origination" (6 episodes)
  Season: "The First Discourse: The Turning of the Wheel of the Law" (7 episodes)
  Season: "The Second Discourse on Not-Self" (3 episodes)
  Season: "Chapter I : The Human Condition" (12 episodes)
  Season: "Chapter IV : The Happiness Visible in the Present Life - Buddha's Teaching for Lay People" (8 episodes)

[4/18] /audio-video/a-foundation-course-in-buddhism/ → foundation_course
  Fetching https://www.satipanya.org.uk/audio-video/a-foundation-course-in-buddhism/ ...
  Found 10 audio links
  Season: "Part 1 — The Four Noble Truths" (10 episodes)

[5/18] /audio-video/a-foundation-course-in-buddhism-part-2/ → foundation_course
  Fetching https://www.satipanya.org.uk/audio-video/a-foundation-course-in-buddhism-part-2/ ...
  Found 11 audio links
  Season: "Part 2 — Deepening Understanding" (11 episodes)

[6/18] /audio-video/a-collection-of-talks/ → dharma_talks
  Fetching https://www.satipanya.org.uk/audio-video/a-collection-of-talks/ ...
  Found 45 audio links
  Season: "On Practice" (22 episodes)
  Season: "Reflections" (14 episodes)
  Season: "On the Buddha" (5 episodes)
  Season: "Daily Life" (4 episodes)

[7/18] /audio-video/gaia-house-retreat-2011/ → dharma_talks
  Fetching https://www.satipanya.org.uk/audio-video/gaia-house-retreat-2011/ ...
  Found 16 audio links
  DEDUP: skipping Investigative Eating the practice...
  Season: "Gaia House Retreat 2011" (15 episodes)

[8/18] /audio-video/christmas-at-sharpham-2005/ → dharma_talks
  Fetching https://www.satipanya.org.uk/audio-video/christmas-at-sharpham-2005/ ...
  Found 5 audio links
  Season: "Christmas at Sharpham 2005" (5 episodes)

[9/18] /christmas-and-new-year-20067/ → dharma_talks
  Fetching https://www.satipanya.org.uk/christmas-and-new-year-20067/ ...
  Found 2 audio links
  Season: "Christmas & New Year 2006/7" (2 episodes)

[10/18] /audio-video/recent-talks/ → dharma_talks
  Fetching https://www.satipanya.org.uk/audio-video/recent-talks/ ...
  Found 102 audio links
  DEDUP: skipping 2. Right Awareness Intro.to Vipassana.To play the ...
  DEDUP: skipping 3. The Mahasi Technique.To play the media you will...
  DEDUP: skipping 4. The Hindrances The Psychotherapy of Vipassana.T...
  DEDUP: skipping 5. The Seven Factors of Awakening.To play the medi...
  DEDUP: skipping 6. The Ethical Psychology of the Buddha.To play th...
  DEDUP: skipping 7. The Law of Kamma.To play the media you will nee...
  DEDUP: skipping 8. Living Life according to the Dhamma.To play the...
  Season: "2019" (1 episodes)
  Season: "Miscellaneous" (6 episodes)
  Season: "2018" (7 episodes)
  Season: "2016" (4 episodes)
  Season: "2015" (6 episodes)
  Season: "2014" (14 episodes)
  Season: "2013" (6 episodes)
  Season: "2012" (6 episodes)
  Season: "2011" (5 episodes)
  Season: "Gaia House Retreat 2011" (12 episodes)
  Season: "2009" (17 episodes)
  Season: "2008" (11 episodes)

[11/18] /coronavirus-lockdown-talks-and-meditation/ → dharma_talks
  Fetching https://www.satipanya.org.uk/coronavirus-lockdown-talks-and-meditation/ ...
  Found 22 audio links
  Season: "Coronavirus Lockdown 2020" (22 episodes)

[12/18] /full-moon-observance-day/ → dharma_talks
  Fetching https://www.satipanya.org.uk/full-moon-observance-day/ ...
  Found 61 audio links
  Season: "Refuges and Precepts with Metta" (1 episodes)
  Season: "Most Recent" (6 episodes)
  Season: "Metta" (5 episodes)
  Season: "The Perfections Parami and other Virtues" (13 episodes)
  Season: "The Buddha" (3 episodes)
  Season: "Nibbana" (3 episodes)
  Season: "Contemplations" (7 episodes)
  Season: "Various Teachings" (13 episodes)
  Season: "Ordinary Daily Life" (3 episodes)
  Season: "Various People" (3 episodes)
  Season: "Current Topics" (4 episodes)

[13/18] /recent-courses-2021/ → dharma_talks
  Fetching https://www.satipanya.org.uk/recent-courses-2021/ ...
  Found 13 audio links
  Season: "Recent Courses 2020–2023" (13 episodes)

[14/18] /audio-video/encouragements/ → dharma_talks
  Fetching https://www.satipanya.org.uk/audio-video/encouragements/ ...
  Found 1 audio links
  Season: "Dramatisations" (1 episodes)

[15/18] /noirins-teachings/ → noirins_teachings
  Fetching https://www.satipanya.org.uk/noirins-teachings/ ...
  Found 39 audio links
  DEDUP: skipping 2022 Oct 09 Identity and Not-Self....
  DEDUP: skipping Video...
  DEDUP: skipping 2023 Oct 29 The Spiral Path...
  Season: "70th Birthday Reflection" (1 episodes)
  Season: "Meditation Guidance" (1 episodes)
  Season: "Talks a. Pre-laryngectomy Recordings" (5 episodes)
  Season: "Short Retreat (5 days)" (4 episodes)
  Season: "Retreat Talks - b. Longer Retreats, up to 4 Weeks" (25 episodes)

[16/18] /audio-video/talks-with-an-accompanying-french-translation/ → international_talks
  Fetching https://www.satipanya.org.uk/audio-video/talks-with-an-accompanying-french-translation/ ...
  Found 36 audio links
  Season: "Weekend Retraite pour Terre d'Éveil Octobre 2020" (6 episodes)
  Season: "2023" (2 episodes)
  Season: "2021" (2 episodes)
  Season: "2019" (1 episodes)
  Season: "2017" (2 episodes)
  Season: "Lausanne 2016 October" (2 episodes)
  Season: "Lausanne 2013 October" (2 episodes)
  Season: "Lausanne and Paris 2012 Oct" (3 episodes)
  Season: "Lausanne 2010 Oct" (3 episodes)
  Season: "Paris and Lausanne 2010 Oct" (13 episodes)

[17/18] /audio-video/talks-with-an-accompanying-czech-translation/ → international_talks
  Fetching https://www.satipanya.org.uk/audio-video/talks-with-an-accompanying-czech-translation/ ...
  Found 8 audio links
  Season: "Talks in Czech" (8 episodes)

[18/18] /audio-video/talks-with-an-accompanying-italian-translation/ → international_talks
  Fetching https://www.satipanya.org.uk/audio-video/talks-with-an-accompanying-italian-translation/ ...
  Found 10 audio links
  Season: "Talks in Italian" (10 episodes)

  Fetching YouTube channel metadata via yt-dlp...
  Found 142 YouTube videos
  [dharma_talks] Absorbed 6 'Miscellaneous' episodes into '2018'

  Merge: 605 existing episodes preserved, 0 new episodes detected

============================================================
CATALOG SUMMARY
============================================================

  Satipanya — Guided Meditations
    2 seasons, 16 episodes
      S01: Guided Meditations (10 ep)
      S02: Chanting (6 ep)

  Satipanya — DhammaBytes
    12 seasons, 77 episodes
      S01: Approaching the Dhamma (4 ep)
      S02: The Buddha from Birth to First Teaching (4 ep)
      S03: Section One : Pali Words (12 ep)
      S04: Parami - The Perfections (8 ep)
      S05: Brahmavihara - Sublime Abodes : The Illimitables (4 ep)
      S06: The Refuges (3 ep)
      S07: Khanda - The Aggregates (6 ep)
      S08: Paticca Samuppada - Dependent Origination (6 ep)
      S09: The First Discourse: The Turning of the Wheel of the Law (7 ep)
      S10: The Second Discourse on Not-Self (3 ep)
      S11: Chapter I : The Human Condition (12 ep)
      S12: Chapter IV : The Happiness Visible in the Present Life - Buddha's Teaching for Lay People (8 ep)

  Satipanya — A Foundation Course in Buddhism
    2 seasons, 21 episodes
   ============================================================
PASS 1: Scanning local MP3 files
============================================================
  Found 40 MP3 files

  Satipanya — Retreat Talks
    S01: Guided Meditations (7 episodes)
    S02: Daily Practice (3 episodes)
    S03: Evening Retreat Talks (20 episodes)
    S04: Special Topics (10 episodes)

  TOTAL: 40 episodes
  Saved to: /home/freedomfighter/code/traduction/satipanya-podcast/retreat_catalog.json
============================================================
PASS 2: Probing remote files for duration & size
============================================================
  [1/747] The Seven Factors of Awakening...
  [2/747] Faith...
  [3/747] Taking the Refuges...
  [4/747] Equanimity...
  [5/735] Towards Contentment and Happiness...
  [6/735] The Pursuit of Happiness...
  [7/688] What is vedana and where does it fit in?.To play t...
  [8/464] Is the Buddha a materialist?...
  [9/464] z0000002...
  [10/460] Dependent Origination et Kamma...
  [11/284] Refuges  and Precepts...
  [12/284] Puja: Chantings...
  [13/284] Recommended Reading for Beginners...
  [14/284] in PDF format...
  [15/284] in MS Word format...
  [16/284] Neoliberalism and BuddhaDhamma...
  [17/284] Investigative Eating...
  [18/284] Reflections on the Teaching and Practice of Not-se...
  [19/284] Vipassana as taught by the Mahasi Sayadaw of Burma...
  [20/284] Is Armed Intervention Ever Justified?...
  [21/284] Free will: is it available or useful?...
  [22/284] Could I be a fundamentalist, even a terrorist?...
  [23/284] Perfection, Elitism and Excellence...
  [24/284] What benefit is there in becoming a temporary mona...
  [25/284] The ‘Unlucky’ Death of a Two Year Old Boy...
  [26/284] Expectation, Aspiration and Hope...
  [27/284] Assisted Suicide (PDF document)...
  [28/284] Vipassana, Therapy and Medicinal Drugs (PDF docume...
  [29/284] Conditionality and Kamma(PDF document)...
  [30/284] Affectionate Awareness....
  [31/284] Climate Crisis A Personal Reflection...
  [32/284] The First Noble Truth of Suffering -- Dukkha...
  [33/284] The First Noble Truth of Suffering -- The Five Agg...
  [34/284] The First Noble Truth of Suffering -- The Three Ch...
  [35/284] The Second Noble Truth -- Desire...
  [36/284] The Second Noble Truth -- The Wheel of Dependent O...
  [37/284] The Second Noble Truth -- Kamma Vipaka...
  [38/284] The Fourth Noble Truth -- Morality...
  [39/284] The Fourth Noble Truth -- Perfections...
  [40/284] The Fourth Noble Truth -- Right Understanding...
  [41/284] The Fourth Noble Truth -- Mental Development...
  [42/284] Meditation in Ordinary Daily Life...
  [43/284] Meditation in Ordinary Daily Life...
  [44/284] Buddha Day Evening with Italy...
  [45/284] Text,...
  [46/284] Satipanya Porridge...
  [47/284] The "Ouch" that hurt....
  [48/284] Coming down to earth...
  [49/284] Extending the limits of good-will...
  [50/284] Metta for a Cold Heart...
  [checkpoint saved at 50]
  [52/284] Struggling with Anatta...
  [53/284] Temporary Ordination...
  [54/284] Retreating and Re-engaging...
  [55/284] Homeward Bound...
  [56/284] All in the Mind...
  [57/284] Summer meadows...
  [58/284] As Winter Approaches...
  [59/284] 2020 Lockdown Christmas...
  [60/284] Exiting Lockdown...
  [61/284] Mindfulness meets metta...
  [62/284] Everyday Mindfulness...
  [63/284] Healing the Mind-Body Relationship...
  [64/284] Nibanna is Close at Hand!...
  [65/284] Greeting the Devadutta...
  [66/284] Laryngectomy...
  [67/284] Stumbling towards Gratitude...
  [68/284] Mid-winter Darkness...
  [69/284] Teaching with an Electro-larynx: The Oval Age-Old ...
  [70/284] a paper describing six ethical maxims...
  [71/284] Full Catastrophe Ethics...
  [72/284] First Maxim: Work Hard to Grasp the Imensity...
  [73/284] Second Maxim: Cultivate Radical Hope...
  [74/284] Third Maxim: Draw a line in the Sand - b. Working ...
  [75/284] Fourth Maxim: Appreciate the Amazing and Unique Up...
  [76/284] Fifth Maxim: Train the Mind and Body...
  [77/284] At the end of the day (1)...
  [78/284] At the end of the day. (2)...
  [79/284] At the end of the day....
  [80/284] Upon Awakening....
  [81/284] Morning Meditation (One of Four) : Ritual...
  [82/284] Morning Meditation : Default Position: Abiding in ...
  [83/284] Morning Meditation : Vipassana – 1. Developing a s...
  [84/284] Morning Meditation : Vipassana 2. – Developing Ins...
  [85/284] Morning Meditation : Metta : Developing Goodwill –...
  [86/284] Discourse on Metta...
  [87/284] Morning Meditation: Developing Goodwill and Forgiv...
  [88/284] Morning Meditation : Resolution...
  [89/284] Developing the Perfection of Determination...
  [90/284] Breakfast at last!...
  [91/284] Traveling to and from work....
  [92/284] Back Home...
  [93/284] Relations, Friends, Acquaintances and Spiritual Co...
  [94/284] Contemplating Relations, Friends, Acquaintances an...
  [95/284] Intimate Relationships: The Erotic, the Romantic a...
  [96/284] Celibacy...
  [97/284] When does love become control?...
  [98/284] Work...
  [99/284] Success and Failure : Trial and Error...
  [100/284] Creating Space (1)...
  [checkpoint saved at 100]
  [102/284] Creating Space (3)...
  [103/284] The Limits of Power and Mission Creep...
  [104/284] Not an Emotion...
  [105/284] Relationships...
  [106/284] Being Good rather than Being Good At...
  [107/284] What’s wrong with a bit of attachment!...
  [108/284] Sacrifice : the more we give, the greater the retu...
  [109/284] Not what we believe, but how we live....
  [110/284] Towards the Greatest Happiness....
  [111/284] New Year Resolution...
  [112/284] Neighbourly ‘Sounds’...
  [113/284] Sickness...
  [114/284] The Tough Nut...
  [115/284] Impulsive or Spontaneous....
  [116/284] Joy!...
  [117/284] Thankyou...
  [118/284] Need, Sufficiency and Greed....
  [119/284] What values govern our lives?...
  [120/284] Values in mine own eyes....
  [121/284] Living in the Now : Planning for the Future...
  [122/284] Music...
  [123/284] Time...
  [124/284] Our Daily Breaks....
  [125/284] On the Virtue of Visiting a Cemetery...
  [126/284] Pity, Sorrow and Compassion...
  [127/284] Why are we asked to observe - impermanence....
  [128/284] Sublimation...
  [129/284] Righteous Anger : Plain Anger...
  [130/284] A Pet’s Endgame...
  [131/284] Downers....
  [132/284] Discipline : Self-discipline...
  [133/284] Fairness and Equality...
  [134/284] Unforgivingness...
  [135/284] My body is Mother Earth...
  [136/284] Dealing with Intense Emotions and Moods in Ordinar...
  [137/284] How much pain, physical or mental should we suffer...
  [138/284] Judging or Judgemental?...
  [139/284] The absurd and the Sublime : A Mid-summer Contempl...
  [140/284] If there is no self, who bears the karma?...
  [141/284] Overwhelmed by All the Violence in the World?...
  [142/284] Legal : Moral : Ethical...
  [143/284] The Consumer in Us All....
  [144/284] Barriers or Boundaries...
  [145/284] Isolation, Loneliness and Solitude...
  [146/284] Envy, Jealousy and Appreciative Joy...
  [147/284] Unwholesome Karmic Results as Fate....
  [148/284] Ideology leads to strife....
  [149/284] The Sacred: It’s Meaning and the Role of Free Spee...
  [150/284] Awareness, Compassion and Wisdom...
  [checkpoint saved at 150]
  [152/284] Appamāda : Diligent...
  [153/284] Aim and Objective in Present Time...
  [154/284] Money and Power...
  [155/284] Passive Aggression...
  [156/284] In what way should Buddhadhamma affect our politic...
  [157/284] Practice makes perfect.*...
  [158/284] Right Speech...
  [159/284] Equanimity...
  [160/284] Shame...
  [161/284] Guilt...
  [162/284] Gratitude Generosity Renunciation...
  [163/284] Excitement Boredom Contentment...
  [164/284] Silence...
  [165/284] Courage, Fortitude and Resilience...
  [166/284] One of the Hindrances is Sceptical Doubt....
  [167/284] Scientism meets Buddhism (Buddhadhamma?)...
  [168/284] What is our basic disposition to life?...
  [169/284] Fear!...
  [170/284] Beauty....
  [171/284] The Wisdom of Uncertainty...
  [172/284] Patience...
  [173/284] Overcoming the Corruptions of Generosity...
  [174/284] The World is in a terrible state....
  [175/284] The Treasure of Things...
  [176/284] Equanimity Carl...
  [177/284] The years where do they go. New Year Encouragement...
  [178/284] Understand and See things as they really are...
  [179/284] Constant Curiosity Carl...
  [180/284] Kamma Noirin...
  [181/284] Progress...
  [182/284] Who Decides? Carl...
  [183/284] Delusion, caring for illusion....
  [184/284] The world is not in a good place....
  [185/284] Happy New Year...
  [186/284] Sickness...
  [187/284] Yearning for a Better World...
  [188/284] Balancing Lay and Spiritual Life...
  [189/284] Wildflower Wisdom...
  [190/284] Dealing with the Stories that Make Us Suffer...
  [191/284] The Wisdom and Virtues of Insecurity...
  [192/284] As Winter Approaches...
  [193/284] Guidelines For a New Year's Resolution...
  [194/284] Coronavirus : Messenger from the Gods...
  [195/284] Quench all Resentments....
  [196/284] Exiting Lockdown...
  [197/284] Committing to the Path...
  [198/284] Beauty...
  [199/284] Motivation for Practice...
  [200/284] All in the Mind...
  [checkpoint saved at 200]
  [201/284] Perfection, Elitism and Excellence....
  [202/284] Material World...
  [203/284] Inner Voices...
  [204/284] Full Catastrophe Ethics...
  [205/284] On Learning how to be with Climate and Social Brea...
  [206/284] Living in the here and now. Bhante Bodhidhamma...
  [207/284] Being Human Bhante Bodhidhamma...
  [208/284] Sympathy Empathy Compassion Bhante Bodhidhamma...
  [209/284] Non-Violence is not Pacificism Bhante Bodhidhamma...
  [210/284] Neoliberalism and Buddhadhamma Bhante Bodhidhamma...
  [211/284] Dullness and Lethargy: Our Two Very Good Friends C...
  [212/284] Preparing for Climate Change - First Ethical Maxim...
  [213/284] Red Lines, Sila - Third Ethical Maxim Noirin Sheah...
  [214/284] Radical Hope, Saddha - Second Ethical Maxim Noirin...
  [215/284] New Year Resolutions and the Third Maxim  Noirin S...
  [216/284] 4th Maxim (i) : Opportunity Knocks  Noirin Sheahan...
  [217/284] 4th Maxim (ii) : Spiral to Freedom  Noirin Sheahan...
  [218/284] Fourth Maxim (iii) : Path to Transcendence  Noirin...
  [219/284] Equanimity : The Most Important Virtue Bhante Bodh...
  [220/284] The Danger of Nihilism  Bhante Bodhidhamma...
  [221/284] Neo-Fascism  Bhante Bodhidhamma...
  [222/284] The Gift of Joy Mudita Bhante Bodhidhamma...
  [223/284] ‘We just follow circumstance.’  Bhante Bodhidhamma...
  [224/284] To Love or To Be Loved. That is the Question.  Bha...
  [225/284] Samsara : doomed to suffer over and over again? Bh...
  [226/284] Compassion : To Care  Bhante Bodhidhamma...
  [227/284] Compassion : A Path of Liberation  Bhante Bodhidha...
  [228/284] Fifth Maxim: Develop the Body and Mind  Noirin She...
  [229/284] The Buddha’s Alter Ego : The World Conquering Mona...
  [230/284] There is a Body: Exploring the Mind-Body Relations...
  [231/284] Self-love and Self-Acceptance  Bhante Bodhidhamma...
  [232/284] The Crucial Role of Desire and Intention.  Bhante ...
  [233/284] Mindfulness meets Metta Noirin Sheahan...
  [234/284] Surely meditation shouldn't feel like this?  Noiri...
  [235/284] The Fire Sermon...
  [236/284] Why spend a week or more on retreat?...
  [237/284] Nibanna is Close at Hand!...
  [238/284] AI 'Art'...
  [239/284] A Field of Barley...
  [240/284] War!...
  [241/284] The Enlightenment and its Demise....
  [242/284] The Enlightenment and Possible Salvation....
  [243/284] Sixth Maxim: Act for the Future Generations of All...
  [244/284] Cultivating Metta for Future Generations....

  Probed: 635/879 episodes have duration
  Saved to: /home/freedomfighter/code/traduction/satipanya-podcast/catalog.json
/home/freedomfighter/miniconda3/lib/python3.13/site-packages/speechbrain/utils/torch_audio_backend.py:57: UserWarning: torchaudio._backend.list_audio_backends has been deprecated. This deprecation is part of a large refactoring effort to transition TorchAudio into a maintenance phase. The decoding and encoding capabilities of PyTorch for both audio and video are being consolidated into TorchCodec. Please see https://github.com/pytorch/audio/issues/3902 for more information. It will be removed from the 2.9 release. 
  available_backends = torchaudio.list_audio_backends()
2026-05-28 17:36:45 - whisperx.vads.pyannote - INFO - Performing voice activity detection using Pyannote...
  [1/879] SKIP (exists): Introducing Vipassana Insight Meditation
  [2/879] SKIP (exists): Vipassana Guidelines
  [3/879] SKIP (exists): 45 minute Detailed Guided Meditation
  [4/879] SKIP (exists): 45 minute Assisted Meditation
  [5/879] SKIP (exists): 30 minute Bodycare Meditation
  [6/879] SKIP (exists): 30 minute Heartcare Meditation
  [7/879] SKIP (exists): Abiding in the Present Moment Developing Equanimit
  [8/879] SKIP (exists): Just Metta
  [9/879] SKIP (exists): Investigative Eating
  [10/879] SKIP (exists): Mahasi Sayadaw Introductory Talk
  [11/879] SKIP (exists): Why Chant
  [12/879] SKIP (exists): Morning Chant
  [13/879] SKIP (exists): Evening Chant
  [14/879] SKIP (exists): Refuges and Precepts
  [15/879] SKIP (exists): Evening Metta Chant
  [16/879] SKIP (exists): Metta Discourse
  [17/879] SKIP (exists): 01 Views about Spiritual Paths
  [18/879] SKIP (exists): 02 Discourse to the Kalamas
  [19/879] SKIP (exists): 03 Desire the Root of Suffering
  [20/879] SKIP (exists): 04 How to Test the Buddha
  [21/879] SKIP (exists): 01 Introducing the Buddha
  [22/879] SKIP (exists): 02 The Birth of the Buddha
  [23/879] SKIP (exists): 03 The Bodhisatta Leaves Home
  [24/879] SKIP (exists): 04 The Essence of the Awakening
  [25/879] SKIP (exists): Anusaya - Latent Tendencies
  [26/879] SKIP (exists): Asava-Taints, Ogha-Floods, Yoga-Yokes
  [27/879] SKIP (exists): Buddha
  [28/879] SKIP (exists): Dukkha - A Hard Place
  [29/879] SKIP (exists): Hetu - The Unwholesome Roots
  [30/879] SKIP (exists): Panya - Wisdom and Intuitive Intelligence
  [31/879] SKIP (exists): Puja - Devotional Attention
  [32/879] SKIP (exists): Samyojana - The first three Fetters
  [33/879] SKIP (exists): Samyojana - The last seven Fetters
  [34/879] SKIP (exists): Sati - Knowing
  [35/879] SKIP (exists): Sati in Daily Life
  [36/879] SKIP (exists): Sila - Good Conduct
  [37/879] SKIP (exists): 01. Dana Generosity
  [38/879] SKIP (exists): 02. Sila Virtuous Conduct
  [39/879] SKIP (exists): 03. Nekkhamma Renunciation
  [40/879] SKIP (exists): 04. Panya Intuitive Intelligence and Wisdom
  [41/879] SKIP (exists): 05. Viriya Effort
  [42/879] SKIP (exists): 06. Khanti Patience
  [43/879] SKIP (exists): 07. Sacca Honesty
  [44/879] SKIP (exists): 08. Adhitthana Resolution.
  [45/879] SKIP (exists): Metta - Love
  [46/879] SKIP (exists): Karuna - Compassion
  [47/879] SKIP (exists): Mudita - Pure Joy
  [48/879] SKIP (exists): Upekkha - Equanimity
  [49/879] SKIP (exists): Buddha as Refuge
  [50/879] SKIP (exists): Dhamma as Refuge
  [51/879] SKIP (exists): Sangha as Refuge
  [52/879] SKIP (exists): Khandha The Aggregates
  [53/879] SKIP (exists): Rupa Corporeality
  [54/879] SKIP (exists): Vedana Feeling
  [55/879] SKIP (exists): Sanya Perception & Vedana Feeling
  [56/879] SKIP (exists): Sankhara Volitional Conditioning
  [57/879] SKIP (exists): Summing up
  [58/879] SKIP (exists): 1. Avijja - not-knowing
  [59/879] SKIP (exists): 2. Nama Rupa Body Mind
  [60/879] SKIP (exists): 3. Salayatana Vedana Phasa Six senses Contact Feel
  [61/879] SKIP (exists): 4. Tanha Upadana Bhava Craving Grasping Becoming
  [62/879] SKIP (exists): 5. paticca samuppada dependent origination to sams
  [63/879] SKIP (exists): 6. Another model of Dependent Orgination
  [64/879] SKIP (exists): 1. Indulgence
  [65/879] SKIP (exists): 2. Self-Mortification
  [66/879] SKIP (exists): 3. The First Noble Truth of Suffering
  [67/879] SKIP (exists): 4. Second Noble Truth:The Cause of Suffering
  [68/879] SKIP (exists): 5. The Third Noble Truth:The End of Suffering
  [69/879] SKIP (exists): 6. The Fourth Noble Truth The Eightfold Path
  [70/879] SKIP (exists): 7. The Buddha's Enlightenment becomes universal
  [71/879] SKIP (exists): 1 Not-self - Control
  [72/879] SKIP (exists): 2 Not-self - Impermanence and Suffering
  [73/879] SKIP (exists): 3 Not-self - Recap and Metaphors
  [74/879] SKIP (exists): 01. Sickness Ageing and Death
  [75/879] SKIP (exists): 02. Divine Messengers
  [76/879] SKIP (exists): 03. The Two Darts
  [77/879] SKIP (exists): 04. The Eight Worldy Conditions
  [78/879] SKIP (exists): 05. Clinging causes Anxiety plus
  [79/879] SKIP (exists): 06. Mahakassapa Explains the Cause of Conflict
  [80/879] SKIP (exists): 07. Envy and Niggardliness the Cause of Conflict
  [81/879] SKIP (exists): 08. Detailed Sequence Leading to Conflict
  [82/879] SKIP (exists): 09. Power
  [83/879] SKIP (exists): 10. Samsara Onward Going
  [84/879] SKIP (exists): 11. Rounds of Becoming
  [85/879] SKIP (exists): 12. Short Review of the Human Condition
  [86/879] SKIP (exists): 1. Righteous Governement and Righteous Ruler
  [87/879] SKIP (exists): 2. The Ruler
  [88/879] SKIP (exists): 3. The Six Directions Ritual as useless or meaning
  [89/879] SKIP (exists): 4. Parents and Chidren
  [90/879] SKIP (exists): 5. Husbands and Wives
  [91/879] SKIP (exists): 6. What makes for a Good Life
  [92/879] SKIP (exists): 7. Use of wealth for Happiness
  [93/879] SKIP (exists): 8. Virtues of a Good Spouse
  [94/879] SKIP (exists): The First Noble Truth - Dukkha Dukkha
  [95/879] SKIP (exists): The First Noble Truth - Conditioned States
  [96/879] SKIP (exists): The First Noble Truth - The Three Characteristics
  [97/879] SKIP (exists): The Second Noble Truth - The Cause of Suffering - 
  [98/879] SKIP (exists): The Second Noble Truth - The Wheel of Dependent Or
  [99/879] SKIP (exists): The Second Noble Truth - Kamma
  [100/879] SKIP (exists): The Fourth Noble Truth - Morality - Sila
  [101/879] SKIP (exists): The Fourth Noble Truth - Positive Morality - Param
  [102/879] SKIP (exists): The Fourth Noble Truth - Right Understanding
  [103/879] SKIP (exists): The Fourth Noble Truth - Mental Development - Sama
  [104/879] SKIP (exists): Moods, Emotions and Feelings
  [105/879] SKIP (exists): Guilt - Real and Unreal
  [106/879] SKIP (exists): The End of Guilt
  [107/879] SKIP (exists): Right Intention
  [108/879] SKIP (exists): The Divine Abodes
  [109/879] SKIP (exists): Faith or Belief
  [110/879] SKIP (exists): Wheel of Dependent Origination
  [111/879] SKIP (exists): Kamma
  [112/879] SKIP (exists): The Sangha
  [113/879] SKIP (exists): The Four Paths and the Four Fruits
  [114/879] SKIP (exists): The Noble Silence
  [115/879] SKIP (exists): Why Meditate
  [116/879] SKIP (exists): The Mahasi Method
  [117/879] SKIP (exists): Starting a Personal Retreat
  [118/879] SKIP (exists): Faith
  [119/879] SKIP (exists): Ritual in Spiritual Practice
  [120/879] SKIP (exists): Is Awareness Enough
  [121/879] SKIP (exists): Developing the Spiritual Faculties
  [122/879] SKIP (exists): Spiritual Faculties and Factors of Enlightenment
  [123/879] SKIP (exists): The Hindrances
  [124/879] SKIP (exists): The Buddha and the Hindrances
  [125/879] SKIP (exists): Dullness, Lethargy, Restlessness and Pain
  [126/879] SKIP (exists): Eroticism, Romance, Love, Distraction and Boredom
  [127/879] SKIP (exists): The Ten Fetters
  [128/879] SKIP (exists): Vedana Feeling
  [129/879] SKIP (exists): Fear
  [130/879] SKIP (exists): Foregiveness
  [131/879] SKIP (exists): The Illimitables
  [132/879] SKIP (exists): The Perfections Turned Inward
  [133/879] SKIP (no duration): The Seven Factors of Awakening
  [134/879] SKIP (no duration): Faith
  [135/879] SKIP (no duration): Taking the Refuges
  [136/879] SKIP (no duration): Equanimity
  [137/879] SKIP (exists): Survey of Theravada Buddhism
  [138/879] SKIP (exists): Impermanence and Not-self
  [139/879] SKIP (exists): Ethical Behaviour and the Awakening are one
  [140/879] SKIP (exists): Wheel of Dependent Origination
  [141/879] SKIP (exists): Free Will
  [142/879] SKIP (exists): Kamma
  [143/879] SKIP (exists): Rebirth
  [144/879] SKIP (exists): Premodern, Modern, Postmodernism And Buddhism
  [145/879] SKIP (exists): The Buddha as Exemplar and Archetype
  [146/879] SKIP (exists): Buddhist View of Christ's Teaching
  [147/879] SKIP (exists): Just War
  [148/879] SKIP (exists): The Gratification, the Danger and the Escape
  [149/879] SKIP (no duration): Towards Contentment and Happiness
  [150/879] SKIP (no duration): The Pursuit of Happiness
  [151/879] SKIP (exists): Bodhisatta Before Takin
  [265/879] SKIP (exists): The practice and the pitfalls of metta, goodwill p
  [266/879] SKIP (exists): How Vipassana relates to Daily Life.To play the me
  [267/879] SKIP (exists): Samatha and - or Vipassana.To play the media you w
  [268/879] SKIP (exists): Metta: Developing Goodwill.To play the media you w
  [269/879] SKIP (exists): Karma, Dependent Origination, Virtue and Liberatio
  [270/879] SKIP (exists): Enthusiam and other questions.To play the media yo
  [271/879] SKIP (exists): Faith and the Spiritual Life.To play the media you
  [272/879] SKIP (exists): Revising the principles of vipassana.To play the m
  [273/879] SKIP (exists): The Buddha's Quest - A Public Talk.To play the med
  [274/879] SKIP (exists): The problem lies in the looking.To play the media 
  [275/879] SKIP (exists): There is no reason for being!.To play the media yo
  [276/879] SKIP (exists): Towards a whole life practice.To play the media yo
  [277/879] SKIP (exists): https://www.satipanya.org.uk/wp-content/uploads/20
  [278/879] SKIP (exists): https://www.satipanya.org.uk/wp-content/uploads/20
  [279/879] SKIP (exists): https://www.satipanya.org.uk/wp-content/uploads/20
  [280/879] SKIP (exists): https://www.satipanya.org.uk/wp-content/uploads/20
  [281/879] SKIP (exists): https://www.satipanya.org.uk/wp-content/uploads/20
  [282/879] SKIP (exists): https://www.satipanya.org.uk/wp-content/uploads/20
  [283/879] SKIP (exists): https://www.satipanya.org.uk/wp-content/uploads/20
  [284/879] SKIP (exists): https://www.satipanya.org.uk/wp-content/uploads/20
  [285/879] SKIP (exists): https://www.satipanya.org.uk/wp-content/uploads/20
  [286/879] SKIP (exists): https://www.satipanya.org.uk/wp-content/uploads/20
  [287/879] SKIP (exists): https://www.satipanya.org.uk/wp-content/uploads/20
  [288/879] SKIP (exists): https://www.satipanya.org.uk/wp-content/uploads/20
  [289/879] SKIP (exists): https://www.satipanya.org.uk/wp-content/uploads/20
  [290/879] SKIP (exists): https://www.satipanya.org.uk/wp-content/uploads/20
  [291/879] SKIP (exists): https://www.satipanya.org.uk/wp-content/uploads/20
  [292/879] SKIP (exists): https://www.satipanya.org.uk/wp-content/uploads/20
  [293/879] SKIP (exists): https://www.satipanya.org.uk/wp-content/uploads/20
  [294/879] SKIP (exists): https://www.satipanya.org.uk/wp-content/uploads/20
  [295/879] SKIP (exists): https://www.satipanya.org.uk/wp-content/uploads/20
  [296/879] SKIP (exists): https://www.satipanya.org.uk/wp-content/uploads/20
  [297/879] SKIP (exists): https://www.satipanya.org.uk/wp-content/uploads/20
  [298/879] SKIP (exists): https://www.satipanya.org.uk/wp-content/uploads/20
  [299/879] SKIP (exists): Refuges and Precepts with Metta
  [300/879] SKIP (exists): Video
  [301/879] SKIP (exists): Video
  [302/879] SKIP (exists): Video
  [303/879] SKIP (exists): Video
  [304/879] SKIP (exists): Video
  [305/879] SKIP (exists): Video
  [306/879] SKIP (exists): 2022 Dec 11 To Love or To Be Loved. That is the qu
  [307/879] SKIP (exists): Love and Relationship.
  [308/879] SKIP (exists): Forgiveness is fundamental to purify the heart. Re
  [309/879] SKIP (exists): The introduction
  [310/879] SKIP (exists): Karaniya Metta Sutta
  [311/879] SKIP (exists): Video
  [312/879] SKIP (exists): We often hear about suffering and the end of suffe
  [313/879] SKIP (exists): 2024 Jan. 21 The importance of Tranquillity Passad
  [314/879] SKIP (exists): Patient Forebearance
  [315/879] SKIP (exists): Equanimity
  [316/879] SKIP (exists): Sympathy, Empathy and Compassion
  [317/879] SKIP (exists): 2023 June 11 Fear and Courage.
  [318/879] SKIP (exists): Apologies! I tried to cover too much ground. Howev
  [319/879] SKIP (exists): 2023 Oct 01 'Good Friendship, Companionship, Good 
  [320/879] SKIP (exists): 2021 Gratitude, Generosity and Renunciation
  [321/879] SKIP (exists): 2022 Jul 17 Need, Sufficiency and Greed -
  [322/879] SKIP (exists): 2025 Apr 06 Renunciation.
  [323/879] SKIP (exists): Video
  [324/879] SKIP (exists): Video
  [325/879] SKIP (exists): The Buddha and War
  [326/879] SKIP (exists): 2025 May 04 The Buddha as a Teacher.
  [327/879] SKIP (exists): 2025 June 08 What was the Buddha's great disovery?
  [328/879] SKIP (exists): Video
  [329/879] SKIP (exists): Video
  [330/879] SKIP (exists): 2024 April.24 Contemplating the Unpleasantness of 
  [331/879] SKIP (exists): 2024 June 23 The Unattractive Nature of the Body
  [332/879] SKIP (exists): I own my actions. I inherit the results of my acti
  [333/879] SKIP (exists): Karma and Rebirth
  [334/879] SKIP (exists): 2023 Nov 26 The Five Regular Contemplations.
  [335/879] SKIP (exists): 2022 Nov 06 The Contemplation of Death.
  [336/879] SKIP (exists): The Eight Worldly Winds
  [337/879] SKIP (exists): The Paradox of Fear
  [338/879] SKIP (exists): 2025 Jan 12 Dukkha - the Buddha grounds his teachi
  [339/879] SKIP (exists): 2024 Feb. 25 The crucial role of Desire and Intent
  [340/879] SKIP (exists): 2024 July 14 The Four Great Elements
  [341/879] SKIP (exists): 2024 August 18 The Specific Law of Conditionality
  [342/879] SKIP (exists): 2024 September 15 The Dangers of Indulgence
  [343/879] SKIP (exists): 2023 Jan. 08 The Four Bases of Power :
  [344/879] SKIP (exists): Video
  [345/879] SKIP (exists): 2023 Oct 29 The Spiral Path
  [346/879] SKIP (exists): 2021 Four Noble Truths
  [347/879] SKIP (exists): Dukkha (Unsatisfactoriness and Sila (Morality and 
  [348/879] SKIP (exists): Dependent Origination, the Role of desire and the 
  [349/879] SKIP (exists): 2022 Oct 09 Identity and Not-Self.
  [350/879] SKIP (exists): Video
  [351/879] SKIP (exists): Right Livelihood
  [352/879] SKIP (exists): 2022 Sep 11 Rest for Autumn.
  [353/879] SKIP (exists): Bahiya of the Bark Cloth
  [354/879] SKIP (exists): 2023 March 05
  [355/879] SKIP (exists): ,
  [356/879] SKIP (exists): 2022 Aug 14 Climate Emergency and the Role of the 
  [357/879] SKIP (exists): Non-Violence v. Pacifism
  [358/879] SKIP (exists): 2022 Apr 17 Noliberalism and Mindfulness
  [359/879] SKIP (exists): 2022 Jun 19 Social Conditionng or Karma - Our soci
  [360/879] SKIP (exists): Buddha Day Address : His Training : The Fetters
  [361/879] SKIP (exists): ood Friendhship, Good Companionship, Good Comrades
  [362/879] SKIP (exists): Dependent Origination Revisited
  [363/879] SKIP (exists): Karma- Specific, Conditionality the Five Laws, eth
  [364/879] SKIP (exists): No more ideologies!
  [365/879] SKIP (exists): The Mahasi Technique and What We Need to Understan
  [366/879] SKIP (exists): Dependent Orignation and how all other importnant 
  [367/879] SKIP (exists): The Axial Age and the Momentous Discovery of the B
  [368/879] SKIP (exists): Dependent Orgination is based on Not-Knowing and I
  [369/879] SKIP (exists): Khanda, the Agregates, as Person and Sati, Awarene
  [370/879] SKIP (exists): Misunderstanding re. the Self, Karma and transcend
  [371/879] SKIP (exists): Q&A Kamma / FreeWill , Metta/attachment, Momentary
  [372/879] SKIP (exists): Q&A Emotions: Awareness/Delusion:Insight : Masculi
  [373/879] SKIP (exists): Angulimala A Monologue 00.54.49 21.9 MB
  [374/879] SKIP (exists): Talk read by Therese Caherty
  [375/879] SKIP (exists): Vipassana Instructions
  [376/879] SKIP (exists): The First Noble truth - Impermanence and Unsatisfa
  [377/879] SKIP (exists): The First noble truth - Not-Self and Unsatisfactor
  [378/879] SKIP (exists): The Second Noble Truth - The Cause of Unsatisfacto
  [379/879] SKIP (exists): The Third Noble Truth - The End of Unsatisfactorin
  [380/879] SKIP (exists): The Fourth Noble Truth - The Path Leading to the E
  [381/879] SKIP (exists): Introduction to the Mahasi Meditation Practice - r
  [382/879] SKIP (exists): Hindrances and Factors of Enlightenment - read by 
  [383/879] SKIP (exists): 1st, 2nd & 3rd Noble Truths: Dukkha, its Cause & C
  [384/879] SKIP (exists): 4th Noble Truth: Eightfold Path in Daily Life - re
  [385/879] SKIP (exists): The Hindrances - read by Finola O'Siochru
  [386/879] SKIP (exists): The Factors of Enlightenment - read by Finola O'Si
  [387/879] SKIP (exists): First Noble Truth: There is Dukkha - read by Finol
  [388/879] SKIP (exists):
  [519/879] SKIP (exists): 45 The Relay of Chariots MN24
  [520/879] SKIP (exists): 50 Dog Ascetic Discourse MN57
  [521/879] SKIP (exists): Gratitude Generosity Renunciation
  [522/879] SKIP (exists): Spanish Introduction - Refuges and Precepts, Stand
  [523/879] SKIP (exists): Saddha Confidence and Trust
  [524/879] SKIP (exists): Dhp 188 - 192 The Role of Confidence.
  [525/879] SKIP (exists): Dhp 153   154 The Buddha's Victory Verses
  [526/879] SKIP (exists): Dhp 4 Hatred is not overcome with hatred!
  [527/879] SKIP (exists): Dhp 21 - 23
  [528/879] SKIP (exists): Dhp Chapter 3 - verses 33 & 34 The Unruly Mind
  [529/879] SKIP (exists): Dhp 01 02  Mind is the forerunner
  [530/879] SKIP (exists): Dhp No4 Hatred is not pacified by hatred
  [531/879] SKIP (exists): Dhp 256 157  Judgmental v Judicious
  [532/879] SKIP (exists): Dhp 46 How to view the Body
  [533/879] SKIP (exists): The Four Noble Truths
  [534/879] SKIP (exists): The NIne Qualities of the Buddha
  [535/879] SKIP (exists): Dhp 360 362 Restraint
  [536/879] SKIP (exists): Dhp 90 The Arahant
  [537/879] SKIP (exists): Vita Quotidiana
  [538/879] SKIP (exists): Dukkha Unsatifactoriness and Sila Morality and Eth
  [539/879] SKIP (exists): Dependent Origination and the Role of Desire and t
  [540/879] SKIP (exists): Kamma and Rebirth
  [541/879] SKIP (exists): Gratitude Generosity and Renunciation
  [542/879] SKIP (exists): Facets of a Love
  [543/879] SKIP (exists): Apamado DHP 22 23 24
  [544/879] SKIP (exists): Ageing
  [545/879] SKIP (exists): Dhp 152 153 The Inner Critic
  [546/879] SKIP (exists): Sympathy Empathy and Compassion
  [547/879] SKIP (exists): DHP 314-317 From the Chapter on Hell
  [548/879] SKIP (exists): Non-Violence is not Pacificism
  [549/879] SKIP (exists): Neoliberalism and Mindfulness
  [550/879] SKIP (exists): The Buddha and War.
  [551/879] SKIP (exists): Need Sufficiency and Greed
  [552/879] SKIP (exists): Social Conditioning or Karma
  [553/879] SKIP (exists): Climate Emergency
  [554/879] SKIP (exists): Reset for Autumn
  [555/879] SKIP (exists): Identity and Not-Self
  [556/879] SKIP (exists): The Contemplation of Death
  [557/879] SKIP (exists): To Love or To Be Loved. That is the question.
  [558/879] SKIP (exists): The Bases of Success
  [559/879] SKIP (exists): Bahiya of the Bark Cloth
  [560/879] SKIP (exists): The Discourse on Bahiya of the Bark Cloth Ud.1.10
  [561/879] SKIP (exists): Joy
  [562/879] SKIP (exists): Is the Buddha and athiest?
  [563/879] SKIP (exists): Fear and Courage
  [564/879] SKIP (exists): Patience
  [565/879] SKIP (exists): Equanimity - The most important of all virtues.
  [566/879] SKIP (exists): Compassion and its subtle enemies.
  [567/879] SKIP (exists): Good Friendship, Good Companionship, Good Comradsh
  [568/879] SKIP (exists): The Five Constant Contemplations
  [569/879] SKIP (exists): Retreat Start Standing and Walking Meditation
  [570/879] SKIP (exists): The Discourse Developing Loving Kindness
  [571/879] SKIP (exists): The Importance of Tranquillity
  [572/879] SKIP (exists): The Crucial Importance of Desire and Intention.
  [573/879] SKIP (exists): Satipanya Opening Ceremony 30th June 2007
  [574/879] SKIP (exists): Ceremony to Bless the Stupa   June 26th 2011   Pt 
  [575/879] SKIP (exists): Ceremony to Bless the Stupa   June 26th 2011   Pt 
  [576/879] SKIP (exists): Ceremony to Bless the Stupa   June 26th 2011   Pt 
  [577/879] SKIP (exists): 15. The Discourse on Not-self SN22.6.59
  [578/879] SKIP (exists): Upali is converted by the Buddha MN56
  [579/879] SKIP (exists): Contemplating the Unpleasantness of the Body: Why 
  [580/879] SKIP (exists): The Buddha's Alter Ego
  [581/879] SKIP (exists): The Unattractive Nature of the Body
  [582/879] SKIP (exists): The Four Great Elements
  [583/879] SKIP (exists): The Specific Law of Conditionality
  [584/879] SKIP (exists): The Dangers of Indulgence
  [585/879] SKIP (exists): Reflections and Contemplative Practice of Kamma
  [586/879] SKIP (exists): Forgiveness
  [587/879] SKIP (exists): The Basics of Insight Meditation 02
  [588/879] SKIP (exists): Dukkha - Basic Premise of the Buddhadhamma
  [589/879] SKIP (exists): Non-Violence is not Pacifism
  [590/879] SKIP (exists): The Eight Worldly Conditions
  [591/879] SKIP (exists): The Paradox of Fear
  [592/879] SKIP (exists): Renunciation : The Path to Liberation
  [593/879] SKIP (exists): The Buddha as a Teacher The Discourse on Malunkyap
  [594/879] SKIP (exists): What was the Great Discovery by the Buddha
  [595/879] SKIP (exists): Where do the elements cease without remainder?
  [596/879] SKIP (exists): Extinguishing the Housebuilder
  [597/879] SKIP (exists): Hope Aspiration Expectation
  [598/879] SKIP (exists): Topics of Discussion
  [599/879] SKIP (exists): Practising the Five Remembrances
  [600/879] SKIP (exists): Revsing the Basics
  [601/879] SKIP (exists): The Necessity of Joy
  [602/879] SKIP (exists): Polarisation
  [603/879] SKIP (exists): Dullness and Lethargy
  [604/879] SKIP (exists): Adhitthana Determination
  [605/879] SKIP (exists): The Four Clingings
  [606/879] SKIP (no duration): Refuges  and Precepts
  [607/879] SKIP (no duration): Puja: Chantings
  [608/879] SKIP (no duration): Recommended Reading for Beginners
  [609/879] SKIP (no duration): in PDF format
  [610/879] SKIP (no duration): in MS Word format
  [611/879] SKIP (no duration): Neoliberalism and BuddhaDhamma
  [612/879] SKIP (no duration): Investigative Eating
  [613/879] SKIP (no duration): Reflections on the Teaching and Practice of Not-se
  [614/879] SKIP (no duration): Vipassana as taught by the Mahasi Sayadaw of Burma
  [615/879] SKIP (no duration): Is Armed Intervention Ever Justified?
  [616/879] SKIP (no duration): Free will: is it available or useful?
  [617/879] SKIP (no duration): Could I be a fundamentalist, even a terrorist?
  [618/879] SKIP (no duration): Perfection, Elitism and Excellence
  [619/879] SKIP (no duration): What benefit is there in becoming a temporary mona
  [620/879] SKIP (no duration): The ‘Unlucky’ Death of a Two Year Old Boy
  [621/879] SKIP (no duration): Expectation, Aspiration and Hope
  [622/879] SKIP (no duration): Assisted Suicide (PDF document)
  [623/879] SKIP (no duration): Vipassana, Therapy and Medicinal Drugs (PDF docume
  [624/879] SKIP (no duration): Conditionality and Kamma(PDF document)
  [625/879] SKIP (no duration): Affectionate Awareness.
  [626/879] SKIP (no duration): Climate Crisis A Personal Reflection
  [627/879] SKIP (no duration): The First Noble Truth of Suffering -- Dukkha
  [628/879] SKIP (no duration): The First Noble Truth of Suffering -- The Five Agg
  [629/879] SKIP (no duration): The First Noble Truth of Suffering -- The Three Ch
  [630/879] SKIP (no duration): The Second Noble Truth -- Desire
  [631/879] SKIP (no duration): The Second Noble Truth -- The Wheel of Dependent O
  [632/879] SKIP (no duration): The Second Noble Truth -- Kamma Vipaka
  [633/879] SKIP (no duration): The Fourth Noble Truth -- Morality
  [634/879] SKIP (no duration): The Fourth Noble Truth -- Perfections
  [635/879] SKIP (no duration): The Fourth Noble Truth -- Right Understanding
  [636/879] SKIP (no duration): The Fourth Noble Truth -- Mental Development
  [637/879] SKIP (no duration): Meditation in Ordinary Daily Life
  [638/879] SKIP (no duration): Meditation in Ordinary Daily Life
  [639/879] SKIP (no duration): Buddha Day Evening with Italy
  [640/879] SKIP (no duration): Text,
  [641/879] SKIP (no duration): Satipanya Porridge
  [642/879] SKIP (no duration): The "Ouch" that hurt.
  [643/879] SKIP (no duration): Coming down to earth
  [644/879] SKIP (no duration): Extending the limits of good-will
  [645/879] SKIP (no duration): Metta for a Cold Heart
  [646/879] SKIP (no duration): The Fourth Noble Truth
  [647/879] SKIP (no duration): Struggling with Anatta
  [648/879] SKIP (no duration): Temporary Ordination
  [649/879] SKIP (no duration): Retreating and Re-engaging
  [650/879] SKIP (no duration): Homeward Bound
  [651/879] SKIP (no duration): All in the Mind
  [652/879] SKIP (no duration): Summer meadows
  [653/879] SKIP (no duration): As Winter Approaches
  
  [791/879] SKIP (no duration): Exiting Lockdown
  [792/879] SKIP (no duration): Committing to the Path
  [793/879] SKIP (no duration): Beauty
  [794/879] SKIP (no duration): Motivation for Practice
  [795/879] SKIP (no duration): All in the Mind
  [796/879] SKIP (no duration): Perfection, Elitism and Excellence.
  [797/879] SKIP (no duration): Material World
  [798/879] SKIP (no duration): Inner Voices
  [799/879] SKIP (no duration): Full Catastrophe Ethics
  [800/879] SKIP (no duration): On Learning how to be with Climate and Social Brea
  [801/879] SKIP (no duration): Living in the here and now. Bhante Bodhidhamma
  [802/879] SKIP (no duration): Being Human Bhante Bodhidhamma
  [803/879] SKIP (no duration): Sympathy Empathy Compassion Bhante Bodhidhamma
  [804/879] SKIP (no duration): Non-Violence is not Pacificism Bhante Bodhidhamma
  [805/879] SKIP (no duration): Neoliberalism and Buddhadhamma Bhante Bodhidhamma
  [806/879] SKIP (no duration): Dullness and Lethargy: Our Two Very Good Friends C
  [807/879] SKIP (no duration): Preparing for Climate Change - First Ethical Maxim
  [808/879] SKIP (no duration): Red Lines, Sila - Third Ethical Maxim Noirin Sheah
  [809/879] SKIP (no duration): Radical Hope, Saddha - Second Ethical Maxim Noirin
  [810/879] SKIP (no duration): New Year Resolutions and the Third Maxim  Noirin S
  [811/879] SKIP (no duration): 4th Maxim (i) : Opportunity Knocks  Noirin Sheahan
  [812/879] SKIP (no duration): 4th Maxim (ii) : Spiral to Freedom  Noirin Sheahan
  [813/879] SKIP (no duration): Fourth Maxim (iii) : Path to Transcendence  Noirin
  [814/879] SKIP (no duration): Equanimity : The Most Important Virtue Bhante Bodh
  [815/879] SKIP (no duration): The Danger of Nihilism  Bhante Bodhidhamma
  [816/879] SKIP (no duration): Neo-Fascism  Bhante Bodhidhamma
  [817/879] SKIP (no duration): The Gift of Joy Mudita Bhante Bodhidhamma
  [818/879] SKIP (no duration): ‘We just follow circumstance.’  Bhante Bodhidhamma
  [819/879] SKIP (no duration): To Love or To Be Loved. That is the Question.  Bha
  [820/879] SKIP (no duration): Samsara : doomed to suffer over and over again? Bh
  [821/879] SKIP (no duration): Compassion : To Care  Bhante Bodhidhamma
  [822/879] SKIP (no duration): Compassion : A Path of Liberation  Bhante Bodhidha
  [823/879] SKIP (no duration): Fifth Maxim: Develop the Body and Mind  Noirin She
  [824/879] SKIP (no duration): The Buddha’s Alter Ego : The World Conquering Mona
  [825/879] SKIP (no duration): There is a Body: Exploring the Mind-Body Relations
  [826/879] SKIP (no duration): Self-love and Self-Acceptance  Bhante Bodhidhamma
  [827/879] SKIP (no duration): The Crucial Role of Desire and Intention.  Bhante 
  [828/879] SKIP (no duration): Mindfulness meets Metta Noirin Sheahan
  [829/879] SKIP (no duration): Surely meditation shouldn't feel like this?  Noiri
  [830/879] SKIP (no duration): The Fire Sermon
  [831/879] SKIP (no duration): Why spend a week or more on retreat?
  [832/879] SKIP (no duration): Nibanna is Close at Hand!
  [833/879] SKIP (no duration): AI 'Art'
  [834/879] SKIP (no duration): A Field of Barley
  [835/879] SKIP (no duration): War!
  [836/879] SKIP (no duration): The Enlightenment and its Demise.
  [837/879] SKIP (no duration): The Enlightenment and Possible Salvation.
  [838/879] SKIP (no duration): Sixth Maxim: Act for the Future Generations of All
  [839/879] SKIP (no duration): Cultivating Metta for Future Generations.
  [840/879] SKIP (exists): Detailed Guided Meditation
  [841/879] SKIP (exists): Starting a Retreat
  [842/879] SKIP (exists): Abiding in the Present Moment Developing Equanimit
  [843/879] SKIP (exists): Detailed Guided Meditation
  [844/879] SKIP (exists): Assisted Meditation
  [845/879] SKIP (exists): Heartcare Metta Meditation
  [846/879] SKIP (exists): Bodycare Meditation
  [847/879] SKIP (exists): Eating meditation
  [848/879] SKIP (exists): Morning Chant with Refuges and Precepts
  [849/879] SKIP (exists): Evening Metta Chant
  [850/879] SKIP (exists): The Technique
  [851/879] SKIP (exists): The Hindrances
  [852/879] SKIP (exists): The Factors of Enlightenment
  [853/879] SKIP (exists): The Pleasure Syndrome dukkha
  [854/879] SKIP (exists): The Characteristic of Impermanence
  [855/879] SKIP (exists): Anatta Not self
  [856/879] SKIP (exists): Living Life according to the Dhamma
  [857/879] SKIP (exists): Mahasi Talk
  [858/879] SKIP (exists): Vedana Feeling
  [859/879] SKIP (exists): Is Awareness Enough
  [860/879] SKIP (exists): Eroticism Romance Love Distraction and Boredom
  [861/879] SKIP (exists): The Perfections Turned Inward
  [862/879] SKIP (exists): Faith
  [863/879] SKIP (exists): Revising the principles of vipassana
  [864/879] SKIP (exists): Fear
  [865/879] SKIP (exists): Foregiveness
  [866/879] SKIP (exists): The Gratification, the Danger and the Escape
  [867/879] SKIP (exists): Karma
  [868/879] SKIP (exists): Rebirth
  [869/879] SKIP (exists): The Illimitables
  [870/879] SKIP (exists): The Ten Fetters
  [871/879] SKIP (exists): The Awakening
  [872/879] SKIP (exists): The Years of Teaching and Parinibbana
  [873/879] SKIP (exists): Ethical Behaviour and the Awakening are one
  [874/879] SKIP (exists): The Buddha as Exemplar and Archetype
  [875/879] SKIP (exists): Meditation and Ordinary Daily Life
  [876/879] SKIP (exists): Free Will
  [877/879] Karma Specific Conditionality the Five Laws ethica...
    Download retry 1: curl: (1) Protocol "local" not supported or disabled in libcurl
    Download retry 3: curl: (1) Protocol "local" not supported or disabled in libcurl
  [878/879] SKIP (exists): Right Livelihood
  [879/879] SKIP (exists): Chi Gong min guidance

  Transcribed: 635/879 episodes
  Saved to: /home/freedomfighter/code/traduction/satipanya-podcast/transcripts/
/home/freedomfighter/miniconda3/lib/python3.13/site-packages/speechbrain/utils/torch_audio_backend.py:57: UserWarning: torchaudio._backend.list_audio_backends has been deprecated. This deprecation is part of a large refactoring effort to transition TorchAudio into a maintenance phase. The decoding and encoding capabilities of PyTorch for both audio and video are being consolidated into TorchCodec. Please see https://github.com/pytorch/audio/issues/3902 for more information. It will be removed from the 2.9 release. 
  available_backends = torchaudio.list_audio_backends()
Lightning automatically upgraded your loaded checkpoint from v1.5.4 to v2.6.0. To apply the upgrade to your files permanently, run `python -m lightning.pytorch.utilities.upgrade_checkpoint ../../../miniconda3/lib/python3.13/site-packages/whisperx/assets/pytorch_model.bin`
============================================================
PASS 4: Merging into catalog.json
============================================================
  ✓ Updated retreat_talks: 40 episodes

✓ Catalog saved: /home/freedomfighter/code/traduction/satipanya-podcast/catalog.json

  [149/879] SKIP (no transcript): Towards Contentment and Happiness
  [150/879] SKIP (no transcript): The Pursuit of Happiness
  [151/879] SKIP (exists): Bodhisatta Before Taking Human Birth
  [152/879] SKIP (exists): Bodhisatta's Birth to Renunciation
  [153/879] SKIP (exists): Bodhisatta's Training to the Awakening
  [154/879] SKIP (exists): The Awakening
  [155/879] SKIP (exists): The Years of Teaching and Parinibbana
  [156/879] SKIP (exists): Meditation and Daily Life
  [157/879] SKIP (exists): Meditation and the Weekly Group
  [158/879] SKIP (exists): The Eightfold Path and Daily Life
  [159/879] SKIP (exists): Right Livelihood
  [160/879] SKIP (exists): 1. Starting a Retreat
  [161/879] SKIP (exists): Starting a Retreat
  [162/879] SKIP (exists): A Detailed Guided Meditation
  [163/879] SKIP (exists): Investigative Eating Meditation - an explanation.
  [164/879] SKIP (exists): 2. The Mahasi Technique
  [165/879] SKIP (exists): Basics of Insight Meditation 02 2025Video
  [166/879] SKIP (exists): Basics of Insight Meditation 04 2026Video
  [167/879] SKIP (exists): 4. The Hindrances The Psychotherapy of Vipassana
  [168/879] SKIP (exists): 5. Right Awareness Intro.to Vipassana
  [169/879] SKIP (exists): 6. The Seven Factors of Awakening
  [170/879] SKIP (exists): 7. The Ethical Psychology of the Buddha (Dependent
  [171/879] SKIP (exists): 8. The Law of Kamma
  [172/879] SKIP (exists): 8. Living Life according to the Dhamma
  [173/879] SKIP (exists): Guided Metta
  [174/879] SKIP (exists): Guided Bodycare
  [175/879] SKIP (exists): Developing the Factors of Enlightenment
  [176/879] SKIP (exists): Exploring Dukkha
  [177/879] SKIP (exists): Question & Answer Session
  [178/879] SKIP (exists): Revising the Principles of Meditation
  [179/879] SKIP (exists): The Hindrances
  [180/879] SKIP (exists): Practice into Daily Life (Xmas 2006)
  [181/879] SKIP (exists): New Year Reflections
  [182/879] SKIP (exists): Q&A Resistance Rebirth and Moral Justice What suff
  [183/879] SKIP (exists): 01 The Body - The Buddha's World View and the role
  [184/879] SKIP (exists): 02 The Body - Kayagasati Sutta MN131.To play the m
  [185/879] SKIP (exists): Feeling (vedana).To play the media you will need t
  [186/879] SKIP (exists): Dependent Origination leading to awakening in ordi
  [187/879] SKIP (exists): .To play the media you will need to either update 
  [188/879] SKIP (exists): .To play the media you will need to either update 
  [189/879] SKIP (exists): Ethics, Not-self and Liberation.To play the media 
  [190/879] SKIP (exists): Roads to Power.To play the media you will need to 
  [191/879] SKIP (exists): New Year address on the qualities needed to succee
  [192/879] SKIP (exists): The First Discourse on Turning the Wheel of the Dh
  [193/879] SKIP (exists): Scientism : Romanticism : Psychotherapy - and Budd
  [194/879] SKIP (exists): Kamma, Rebirth and Transcendence : A top down view
  [195/879] SKIP (exists): The Discourse to the Kalama : Discernment, the Eth
  [196/879] SKIP (exists): Buddha Day Address: What was the mindset of the Bo
  [197/879] SKIP (exists): Spiritual progress - stop trying!.To play the medi
  [198/879] SKIP (no transcript): What is vedana and where does it fit in?.To play t
  [199/879] SKIP (exists): The Need for Sangha. community and Q's about Ordin
  [200/879] SKIP (exists): Mae Chee Kaew and Resolutions..To play the media y
  [201/879] SKIP (exists): The Three Characteristics..To play the media you w
  [202/879] SKIP (exists): Buddha Day Address May 2015..To play the media you
  [203/879] SKIP (exists): Deconstruction..To play the media you will need to
  [204/879] SKIP (exists): Love and All That..To play the media you will need
  [205/879] SKIP (exists): Ethics Not-self and Liberation.To play the media y
  [206/879] SKIP (exists): Contol and loss of Power..To play the media you wi
  [207/879] SKIP (exists): Q&A Detachment Engagement Motivation Devotion..To 
  [208/879] SKIP (exists): Basics for Meditation..To play the media you will 
  [209/879] SKIP (exists): Kamma Revisited..To play the media you will need t
  [210/879] SKIP (exists): Daily Life Reinforced..To play the media you will 
  [211/879] SKIP (exists): Refinement,Sublimation and the Eightfold Path..To 
  [212/879] SKIP (exists): No Inherent Being..To play the media you will need
  [213/879] SKIP (exists): Kamma and Free Will..To play the media you will ne
  [214/879] SKIP (exists): Comments on a Statement by Mae Chee Kaew..To play 
  [215/879] SKIP (exists): Reiki 10 06 2015..To play the media you will need 
  [216/879] SKIP (exists): Intro Talk to Bodycare.To play the media you will 
  [217/879] SKIP (exists): Dependent Origination and the Quality of Right Awa
  [218/879] SKIP (exists): Talk at the Re-opening of the Golden Buddha Centre
  [219/879] SKIP (exists): The Prognosis is Very Good..To play the media you 
  [220/879] SKIP (exists): Importance of Resolution plus.To play the media yo
  [221/879] SKIP (exists): Christmas Talk re the Path.To play the media you w
  [222/879] SKIP (exists): Right Relationship.To play the media you will need
  [223/879] SKIP (exists): How to critique the Dhamma and Buddha.To play the 
  [224/879] SKIP (exists): An Attempt to Understand the teaching of Not-Self.
  [225/879] SKIP (exists): Talk to the European Teachers Meeting How I came t
  [226/879] SKIP (exists): Happiness.To play the media you will need to eithe
  [227/879] SKIP (exists): The Body and the Discourse on How to Establish Rig
  [228/879] SKIP (exists): Q.&A session: Family Distractions : Selfish to Med
  [229/879] SKIP (exists): Mindfulness : Time.To play the media you will need
  [230/879] SKIP (exists): Monks : Daily Life : Not-Self.To play the media yo
  [231/879] SKIP (exists): Retreats : Attachment : Children and Suffering.To 
  [232/879] SKIP (exists): New Year Revision of Buddhadhamma Theory and Pract
  [233/879] SKIP (exists): Hope to Inspire.To play the media you will need to
  [234/879] SKIP (exists): Talk at Opening of centre in Ghent.To play the med
  [235/879] SKIP (exists): The Problem of Identity..To play the media you wil
  [236/879] SKIP (exists): The body as Meditative Object..To play the media y
  [237/879] SKIP (exists): 1. Starting a Retreat.To play the media you will n
  [238/879] SKIP (exists): The Principles and Problems of Vipassana.To play t
  [239/879] SKIP (exists): Not-Self Indulgence and all.To play the media you 
  [240/879] SKIP (exists): Impulsive or Spontaneous.To play the media you wil
  [241/879] SKIP (exists): The Body and the Three Characteristics.To play the
  [242/879] SKIP (exists): Why noting without stop.To play the media you will
  [243/879] SKIP (exists): Why we need a technique.To play the media you will
  [244/879] SKIP (exists): Subliminal Inclinations, Defilements and Hindrance
  [245/879] SKIP (exists): Questions and Answers A Dolly Mixture.To play the 
  [246/879] SKIP (exists): Importance of Metta 24 min.To play the media you w
  [247/879] SKIP (exists): The Kamma of Liberation.To play the media you will
  [248/879] SKIP (exists): The Karma Concerning Liberation.To play the media 
  [249/879] SKIP (exists): Dignity and the Qualities of a Ruler.To play the m
  [250/879] SKIP (exists): Practice in Ordinary Daily Life.To play the media 
  [251/879] SKIP (exists): Samatha-Vipassana.To play the media you will need 
  [252/879] SKIP (exists): Vipassana and or Therapy.To play the media you wil
  [253/879] SKIP (exists): Buddha Day Address with Refuges and Precepts.To pl
  [254/879] SKIP (exists): Daily Rythms; Fetters, Hindrances and Inclinations
  [255/879] SKIP (exists): Metta, Applied and Sustained Thought, Buddhamind.T
  [256/879] SKIP (exists): Equanimity - Foundation of all Virtue.To play the 
  [257/879] SKIP (exists): The Mahasi Method.To play the media you will need 
  [258/879] SKIP (exists): The Sufferings of the Pleasure Syndrome.To play th
  [259/879] SKIP (exists): There is no separation between vipassana and ordin
  [260/879] SKIP (exists): Q & A Rebirth Identification Emotions etc..To play
  [261/879] SKIP (exists): Why didn't the Buddha return to lay life.To play t
  [262/879] SKIP (exists):
  [387/879] SKIP (exists): First Noble Truth: There is Dukkha - read by Finol
  [388/879] SKIP (exists): Second and Third Nobe Truths: Cause and Cessation 
  [389/879] SKIP (exists): Fourth Noble Truth: The Path to the End of Dukkha 
  [390/879] SKIP (exists): Foundations for Mindfulness (Satipatthana Sutta) -
  [391/879] SKIP (exists): Attachment: The Five Khanda - read by Finola O'Sio
  [392/879] SKIP (exists): Divine Abiding: a. Equanimity - read by Biddy O'Co
  [393/879] SKIP (exists): Divine Abiding: b. Goodwill, Metta - read by Biddy
  [394/879] SKIP (exists): Divine Abiding, c. Compassion - read by Biddy O'Co
  [395/879] SKIP (exists): Divine Abiding, d. Appreciative Joy, Mudita - read
  [396/879] SKIP (exists): Sense Contact - The Six Sense Spheres - read by Fi
  [397/879] SKIP (exists): Spiritual Faculties - read by Finola O'Siochru
  [398/879] SKIP (exists): Mindfulness of Breathing - read by Finola O'Siochr
  [399/879] SKIP (exists): Destruction of Craving a. Tracing back to the orig
  [400/879] SKIP (exists): Destruction of Craving b. Examining each link in t
  [401/879] SKIP (exists): Two Kinds of Thought - read by Finola O'Siochru
  [402/879] SKIP (exists): Removal of Distracting Thoughts - read by Finola O
  [403/879] SKIP (exists): In the Seeing, only the seeing ... (Bahiya Sutta) 
  [404/879] SKIP (exists): Greed, Hatred and Delusion as Foundations for Mind
  [405/879] SKIP (exists): Exalted, Unexalted and other Mindstates as Foundat
  [406/879] SKIP (exists): Building a Raft to Cross the Floods of Sensuality 
  [407/879] SKIP (exists): Building a Raft to Cross the Floods of Becoming an
  [408/879] SKIP (exists): Beset by Perceptions (Honeyball Sutta)
  [409/879] SKIP (exists): The Buddha's Death (Parinibbana Sutta)
  [410/879] SKIP (exists): Méditation Guidée: Debout et Assise
  [411/879] SKIP (exists): Meditation Guidee Detaillee
  [412/879] SKIP (exists): Méditation Guidée Debout et Assise
  [413/879] SKIP (exists): Trois compréhensions nécessaires
  [414/879] SKIP (exists): Méditation Debout
  [415/879] SKIP (exists): Méditation Assise
  [416/879] SKIP (exists): La conscience juste, les obstacles comme chemin ve
  [417/879] SKIP (exists): How we use the self and what does it mean for not-
  [418/879] SKIP (exists): The Hindrances
  [419/879] SKIP (exists): Non-soi
  [420/879] SKIP (exists): La Libre Volunté
  [421/879] SKIP (exists): Le Dhamma dans la vie quotidienne ordinaire.
  [422/879] SKIP (exists): Scientisme Romatisme Bouddhisme
  [423/879] SKIP (no transcript): Is the Buddha a materialist?
  [424/879] SKIP (no transcript): z0000002
  [425/879] SKIP (exists): Une tentative de comprendre le non-soi.
  [426/879] SKIP (exists): Retour à l'essentiel.
  [427/879] SKIP (exists): Bonheur
  [428/879] SKIP (exists): L'Esprit Concevoir et les Empêches
  [429/879] SKIP (no transcript): Dependent Origination et Kamma
  [430/879] SKIP (exists): Metta Bhavana Bienveillance (15 min)(Lausanne Oct 
  [431/879] SKIP (exists): Nous causons de la souffrance pour nous meme.(Laus
  [432/879] SKIP (exists): Le Kamma de la Liberation(Lausanne Oct 2010)
  [433/879] SKIP (exists): Les Bases de Vipassana.
  [434/879] SKIP (exists): Progres et d'autres sujets.
  [435/879] SKIP (exists): Questions and des Questions Plus.
  [436/879] SKIP (exists): Dependant Origination (Belgium Jan 2006)
  [437/879] SKIP (exists): The Purpose of Meditation (Belgium Jan 2006)
  [438/879] SKIP (exists): Why the Present Moment is So Important (Geneva May
  [439/879] SKIP (exists): Q&A Concerning States of Mind - Sankhara (Geneva M
  [440/879] SKIP (exists): Concerning Buddhist Psychology (Geneva May 2006)
  [441/879] SKIP (exists): Concerning Metta and Other Questions (Geneva May 2
  [442/879] SKIP (exists): Le Methode de Mahasi Vipassana (Lausanne Oct 2009)
  [443/879] SKIP (exists): Les Empeches de Vipassana (Lausanne Oct 2009)
  [444/879] SKIP (exists): Les Facteurs de Liberation (Lausanne Oct 2009)
  [445/879] SKIP (exists): Psychologie de Buddha (Lausanne Oct 2009)
  [446/879] SKIP (exists): Entering the Course
  [447/879] SKIP (exists): The Mahasi Method
  [448/879] SKIP (exists): The Joyful Aspects of Meditation
  [449/879] SKIP (exists): The Wheel of Dependent Origination
  [450/879] SKIP (exists): The Perfections
  [451/879] SKIP (exists): Karma
  [452/879] SKIP (exists): Evening Metta Chant and Instructions
  [453/879] SKIP (exists): Morning Chant
  [454/879] SKIP (exists): Meditazione in Piedi e Seduta
  [455/879] SKIP (exists): Meditazione guidata dettagliata :sometimes use 'sa
  [456/879] SKIP (exists): Mahasi Instructions and Metta Chant
  [457/879] SKIP (exists): The Hindrances
  [458/879] SKIP (exists): Factors of Enlightenment
  [459/879] SKIP (exists): Dependent Origination
  [460/879] SKIP (exists): Kamma
  [461/879] SKIP (exists): Metta Guidata
  [462/879] SKIP (exists): c. corpo med guidata
  [463/879] SKIP (exists): Intro. Guarig. corpo med guidata
  [464/879] SKIP (exists): Basics for Insight Meditation 01
  [465/879] SKIP (exists): 70th Birthday Bhante Bodhidhamma's Life story
  [466/879] SKIP (exists): Talk Starting Inaugural Lockdown Evening Meditatio
  [467/879] SKIP (exists): 02 First Three Noble Truths
  [468/879] SKIP (exists): 01 MN9 Discourse on Right View  Wholesome and Unwh
  [469/879] SKIP (exists): Evening Lockdown Meditation
  [470/879] SKIP (exists): 03 Coronavirus and the Contemplation of Death
  [471/879] SKIP (exists): 04 Contemplation of Death : Living more awake
  [472/879] SKIP (exists): 05 Contemplation of Death again!
  [473/879] SKIP (exists): 06 Renunciation and Buddha's First Occasion to Tea
  [474/879] SKIP (exists): 07 Setting the Wheel of the Dhamma in Motion
  [475/879] SKIP (exists): 08 Mindfulness at work And Right View Right Attitu
  [476/879] SKIP (exists): 09 Right Speech, Action and Livelihood
  [477/879] SKIP (exists): 10 Grief
  [478/879] SKIP (exists): 11 The Nutriments: Food, Contact, Volition and Con
  [479/879] SKIP (exists): 12 The Investigation of Eating
  [480/879] SKIP (exists): 13 Discourse on the Taints MN 2 : Overcome by seei
  [481/879] SKIP (exists): 14 Not-self Revisited The story of Sati MN38
  [482/879] SKIP (exists): 16. Investigating Not-self - The Pratice
  [483/879] SKIP (exists): 17 Questions  See Description
  [484/879] SKIP (exists): 18 Overcoming the Taints by Restraint
  [485/879] SKIP (exists): 19 Overcoming the Taints by Using
  [486/879] SKIP (exists): 20 Overcoming the Taints by Endurance
  [487/879] SKIP (exists): 21a Overcoming the Taints by Removing 1
  [488/879] SKIP (exists): 21b Overcoming the Taints by Removing 2
  [489/879] SKIP (exists): 22 Overcoming the Taints by Developing
  [490/879] SKIP (exists): 23 The Ten Fetters
  [491/879] SKIP (exists): 24 Society
  [492/879] SKIP (exists): 25 Reflections for an Harmonious Society
  [493/879] SKIP (exists): 26 More Reflections
  [494/879] SKIP (exists): 27 What makes a Society Strong?
  [495/879] SKIP (exists): 28 The Six Sense Bases MN137
  [496/879] SKIP (exists): 29 Senses Bases Cont.
  [497/879] SKIP (exists): Metta, Forgiveness and Determination Practice
  [498/879] SKIP (exists): 01 Reiki with Bryan Lester
  [499/879] SKIP (exists): Some Pointers for Metta
  [500/879] SKIP (exists): Bodycare Practice - Metta towards the Body.
  [501/879] SKIP (exists): 02 Reiki with Bryan
  [502/879] SKIP (exists): Body as Meditation Object
  [503/879] SKIP (exists): The Basics of Insight Meditation 03
  [504/879] SKIP (exists): 03 Reiki with Bryan
  [505/879] SKIP (exists): 33 Kalama Sutta AN 3.65
  [506/879] SKIP (exists): 35 Canki Sutta MN95
  [507/879] SKIP (exists): 34 Kalama Discourse cont.
  [508/879] SKIP (exists): 36 Canki Sutta cont.
  [509/879] SKIP (exists): 37 Shorter Discourse on Gosinga
  [510/879] SKIP (exists): Gaia Standing and Sitting Guided Meditation
  [511/879] SKIP (exists): 38 Discourse on the Establishment of Awareness Sat
  [512/879] SKIP (exists): 31b The Body
  [513/879] SKIP (exists): 39 Discourse on the Establishment of Awareness Sat
  [514/879] SKIP (exists): 40 Discourse on the Establishment of Awareness Sat
  [515/879] SKIP (exists): 41 Discourse on the Establishment of Awareness Sa
  [655/879] SKIP (exists): Exiting Lockdown
  [656/879] SKIP (exists): Mindfulness meets metta
  [657/879] SKIP (exists): Everyday Mindfulness
  [658/879] SKIP (exists): Healing the Mind-Body Relationship
  [659/879] SKIP (exists): Nibanna is Close at Hand!
  [660/879] SKIP (exists): Greeting the Devadutta
  [661/879] SKIP (exists): Laryngectomy
  [662/879] SKIP (exists): Stumbling towards Gratitude
  [663/879] SKIP (exists): Mid-winter Darkness
  [664/879] SKIP (exists): Teaching with an Electro-larynx: The Oval Age-Old 
  [665/879] SKIP (exists): a paper describing six ethical maxims
  [666/879] SKIP (exists): Full Catastrophe Ethics
  [667/879] SKIP (exists): First Maxim: Work Hard to Grasp the Imensity
  [668/879] SKIP (exists): Second Maxim: Cultivate Radical Hope
  [669/879] SKIP (exists): Third Maxim: Draw a line in the Sand - b. Working 
  [670/879] SKIP (exists): Fourth Maxim: Appreciate the Amazing and Unique Up
  [671/879] SKIP (exists): Fifth Maxim: Train the Mind and Body
  [672/879] SKIP (exists): At the end of the day (1)
  [673/879] SKIP (exists): At the end of the day. (2)
  [674/879] SKIP (exists): At the end of the day.
  [675/879] SKIP (exists): Upon Awakening.
  [676/879] SKIP (exists): Morning Meditation (One of Four) : Ritual
  [677/879] SKIP (exists): Morning Meditation : Default Position: Abiding in 
  [678/879] SKIP (exists): Morning Meditation : Vipassana – 1. Developing a s
  [679/879] SKIP (exists): Morning Meditation : Vipassana 2. – Developing Ins
  [680/879] SKIP (exists): Morning Meditation : Metta : Developing Goodwill –
  [681/879] SKIP (exists): Discourse on Metta
  [682/879] SKIP (exists): Morning Meditation: Developing Goodwill and Forgiv
  [683/879] SKIP (exists): Morning Meditation : Resolution
  [684/879] SKIP (exists): Developing the Perfection of Determination
  [685/879] SKIP (exists): Breakfast at last!
  [686/879] SKIP (exists): Traveling to and from work.
  [687/879] SKIP (exists): Back Home
  [688/879] SKIP (exists): Relations, Friends, Acquaintances and Spiritual Co
  [689/879] SKIP (exists): Contemplating Relations, Friends, Acquaintances an
  [690/879] SKIP (exists): Intimate Relationships: The Erotic, the Romantic a
  [691/879] SKIP (exists): Celibacy
  [692/879] SKIP (exists): When does love become control?
  [693/879] SKIP (exists): Work
  [694/879] SKIP (exists): Success and Failure : Trial and Error
  [695/879] SKIP (exists): Creating Space (1)
  [696/879] SKIP (exists): Creating Space (2)
  [697/879] SKIP (exists): Creating Space (3)
  [698/879] SKIP (exists): The Limits of Power and Mission Creep
  [699/879] SKIP (exists): Not an Emotion
  [700/879] SKIP (exists): Relationships
  [701/879] SKIP (exists): Being Good rather than Being Good At
  [702/879] SKIP (exists): What’s wrong with a bit of attachment!
  [703/879] SKIP (exists): Sacrifice : the more we give, the greater the retu
  [704/879] SKIP (exists): Not what we believe, but how we live.
  [705/879] SKIP (exists): Towards the Greatest Happiness.
  [706/879] SKIP (exists): New Year Resolution
  [707/879] SKIP (exists): Neighbourly ‘Sounds’
  [708/879] SKIP (exists): Sickness
  [709/879] SKIP (exists): The Tough Nut
  [710/879] SKIP (exists): Impulsive or Spontaneous.
  [711/879] SKIP (exists): Joy!
  [712/879] SKIP (exists): Thankyou
  [713/879] SKIP (exists): Need, Sufficiency and Greed.
  [714/879] SKIP (exists): What values govern our lives?
  [715/879] SKIP (exists): Values in mine own eyes.
  [716/879] SKIP (exists): Living in the Now : Planning for the Future
  [717/879] SKIP (exists): Music
  [718/879] SKIP (exists): Time
  [719/879] SKIP (exists): Our Daily Breaks.
  [720/879] SKIP (exists): On the Virtue of Visiting a Cemetery
  [721/879] SKIP (exists): Pity, Sorrow and Compassion
  [722/879] SKIP (exists): Why are we asked to observe - impermanence.
  [723/879] SKIP (exists): Sublimation
  [724/879] SKIP (exists): Righteous Anger : Plain Anger
  [725/879] SKIP (exists): A Pet’s Endgame
  [726/879] SKIP (exists): Downers.
  [727/879] SKIP (exists): Discipline : Self-discipline
  [728/879] SKIP (exists): Fairness and Equality
  [729/879] SKIP (exists): Unforgivingness
  [730/879] SKIP (exists): My body is Mother Earth
  [731/879] SKIP (exists): Dealing with Intense Emotions and Moods in Ordinar
  [732/879] SKIP (exists): How much pain, physical or mental should we suffer
  [733/879] SKIP (exists): Judging or Judgemental?
  [734/879] SKIP (exists): The absurd and the Sublime : A Mid-summer Contempl
  [735/879] SKIP (exists): If there is no self, who bears the karma?
  [736/879] SKIP (exists): Overwhelmed by All the Violence in the World?
  [737/879] SKIP (exists): Legal : Moral : Ethical
  [738/879] SKIP (exists): The Consumer in Us All.
  [739/879] SKIP (exists): Barriers or Boundaries
  [740/879] SKIP (exists): Isolation, Loneliness and Solitude
  [741/879] SKIP (exists): Envy, Jealousy and Appreciative Joy
  [742/879] SKIP (exists): Unwholesome Karmic Results as Fate.
  [743/879] SKIP (exists): Ideology leads to strife.
  [744/879] SKIP (exists): The Sacred: It’s Meaning and the Role of Free Spee
  [745/879] SKIP (exists): Awareness, Compassion and Wisdom
  [746/879] SKIP (exists): To become or not to become.
  [747/879] SKIP (exists): Appamāda : Diligent
  [748/879] SKIP (exists): Aim and Objective in Present Time
  [749/879] SKIP (exists): Money and Power
  [750/879] SKIP (exists): Passive Aggression
  [751/879] SKIP (exists): In what way should Buddhadhamma affect our politic
  [752/879] SKIP (exists): Practice makes perfect.*
  [753/879] SKIP (exists): Right Speech
  [754/879] SKIP (exists): Equanimity
  [755/879] SKIP (exists): Shame
  [756/879] SKIP (exists): Guilt
  [757/879] SKIP (exists): Gratitude Generosity Renunciation
  [758/879] SKIP (exists): Excitement Boredom Contentment
  [759/879] SKIP (exists): Silence
  [760/879] SKIP (exists): Courage, Fortitude and Resilience
  [761/879] SKIP (exists): One of the Hindrances is Sceptical Doubt.
  [762/879] SKIP (exists): Scientism meets Buddhism (Buddhadhamma?)
  [763/879] SKIP (exists): What is our basic disposition to life?
  [764/879] SKIP (exists): Fear!
  [765/879] SKIP (exists): Beauty.
  [766/879] SKIP (exists): The Wisdom of Uncertainty
  [767/879] SKIP (exists): Patience
  [768/879] SKIP (exists): Overcoming the Corruptions of Generosity
  [769/879] SKIP (exists): The World is in a terrible state.
  [770/879] SKIP (exists): The Treasure of Things
  [771/879] SKIP (exists): Equanimity Carl
  [772/879] SKIP (exists): The years where do they go. New Year Encouragement
  [773/879] SKIP (exists): Understand and See things as they really are
  [774/879] SKIP (exists): Constant Curiosity Carl
  [775/879] SKIP (exists): Kamma Noirin
  [776/879] SKIP (exists): Progress
  [777/879] SKIP (exists): Who Decides? Carl
  [778/879] SKIP (exists): Delusion, caring for illusion.
  [779/879] SKIP (exists): The world is not in a good place.
  [780/879] SKIP (exists): Happy New Year
  [781/879] SKIP (exists): Sickness
  [782/879] SKIP (exists): Yearning for a Better World
  [783/879] SKIP (exists): Balancing Lay and Spiritual Life
  [784/879] SKIP (exists): Wildflower Wisdom
  [785/879] SKIP (exists): Dealing with the Stories that Make Us Suffer
  [786/879] SKIP (exists): The Wisdom and Virtues of Insecurity
  [787/879] SKIP (exists): As Winter Approaches
  [788/879] SKIP (exists): Guidelines For a New Year's Resolution
  [789/879] SKIP (exists): Coronavirus : Messenger from the Gods
  [790/879] SKIP (exists): Quench all Resentments.
  [791/879] SKIP (exists): Exiting Lockdown
  [792/879] SKIP (exists): Committing to the Path
  [793/879] SKIP (exists): Beauty
  [794/879] SKIP (exists): Motivation for Practice
  [795/879] SKIP (exists): All in the Mind
  [796/879] SKIP (exists): Perfection, Elitism and Excellence.
  [797/879] SKIP (exists): Material World
  [798/879] SKIP (exists): Inner Voices
  [799/879] SKIP (exists): Full Catastrophe Ethics
  [800/879] SKIP (exists): On Learning how to be with Climate and Social Brea
  [801/879] SKIP (exists): Living in the here and now. Bhante Bodhidhamma
  [802/879] SKIP (exists): Being Human Bhante Bodhidhamma
  ============================================================
PASS 6: Generating RSS podcast feeds
============================================================
  Generating: guided-meditations.xml ...
    16 episodes, 2 seasons → guided-meditations.xml
  Generating: dhammabytes.xml ...
    77 episodes, 12 seasons → dhammabytes.xml
  Generating: foundation-course.xml ...
    21 episodes, 2 seasons → foundation-course.xml
  Generating: dharma-talks.xml ...
    252 episodes, 32 seasons → dharma-talks.xml (7 dead links excluded)
  Generating: noirins-teachings.xml ...
    36 episodes, 5 seasons → noirins-teachings.xml
  Generating: international-talks.xml ...
    51 episodes, 12 seasons → international-talks.xml (3 dead links excluded)
  Generating: youtube-talks.xml ...
    142 episodes, 1 seasons → youtube-talks.xml
  Generating: bhante-essays.xml ...
    0 episodes, 5 seasons → bhante-essays.xml (34 dead links excluded)
  Generating: noirin-essays.xml ...
    0 episodes, 3 seasons → noirin-essays.xml (32 dead links excluded)
  Generating: tips-of-the-day.xml ...
    0 episodes, 5 seasons → tips-of-the-day.xml (168 dead links excluded)
  Generating: retreat-talks.xml ...
    40 episodes, 4 seasons → retreat-talks.xml

  Feeds saved to: /home/freedomfighter/code/traduction/satipanya-podcast/feeds/

  [149/879] SKIP (no transcript): Towards Contentment and Happiness
  [150/879] SKIP (no transcript): The Pursuit of Happiness
  [151/879] SKIP (exists): Bodhisatta Before Taking Human Birth
  [152/879] SKIP (exists): Bodhisatta's Birth to Renunciation
  [153/879] SKIP (exists): Bodhisatta's Training to the Awakening
  [154/879] SKIP (exists): The Awakening
  [155/879] SKIP (exists): The Years of Teaching and Parinibbana
  [156/879] SKIP (exists): Meditation and Daily Life
  [157/879] SKIP (exists): Meditation and the Weekly Group
  [158/879] SKIP (exists): The Eightfold Path and Daily Life
  [159/879] SKIP (exists): Right Livelihood
  [160/879] SKIP (exists): 1. Starting a Retreat
  [161/879] SKIP (exists): Starting a Retreat
  [162/879] SKIP (exists): A Detailed Guided Meditation
  [163/879] SKIP (exists): Investigative Eating Meditation - an explanation.
  [164/879] SKIP (exists): 2. The Mahasi Technique
  [165/879] SKIP (exists): Basics of Insight Meditation 02 2025Video
  [166/879] SKIP (exists): Basics of Insight Meditation 04 2026Video
  [167/879] SKIP (exists): 4. The Hindrances The Psychotherapy of Vipassana
  [168/879] SKIP (exists): 5. Right Awareness Intro.to Vipassana
  [169/879] SKIP (exists): 6. The Seven Factors of Awakening
  [170/879] SKIP (exists): 7. The Ethical Psychology of the Buddha (Dependent
  [171/879] SKIP (exists): 8. The Law of Kamma
  [172/879] SKIP (exists): 8. Living Life according to the Dhamma
  [173/879] SKIP (exists): Guided Metta
  [174/879] SKIP (exists): Guided Bodycare
  [175/879] SKIP (exists): Developing the Factors of Enlightenment
  [176/879] SKIP (exists): Exploring Dukkha
  [177/879] SKIP (exists): Question & Answer Session
  [178/879] SKIP (exists): Revising the Principles of Meditation
  [179/879] SKIP (exists): The Hindrances
  [180/879] SKIP (exists): Practice into Daily Life (Xmas 2006)
  [181/879] SKIP (exists): New Year Reflections
  [182/879] SKIP (exists): Q&A Resistance Rebirth and Moral Justice What suff
  [183/879] SKIP (exists): 01 The Body - The Buddha's World View and the role
  [184/879] SKIP (exists): 02 The Body - Kayagasati Sutta MN131.To play the m
  [185/879] SKIP (exists): Feeling (vedana).To play the media you will need t
  [186/879] SKIP (exists): Dependent Origination leading to awakening in ordi
  [187/879] SKIP (exists): .To play the media you will need to either update 
  [188/879] SKIP (exists): .To play the media you will need to either update 
  [189/879] SKIP (exists): Ethics, Not-self and Liberation.To play the media 
  [190/879] SKIP (exists): Roads to Power.To play the media you will need to 
  [191/879] SKIP (exists): New Year address on the qualities needed to succee
  [192/879] SKIP (exists): The First Discourse on Turning the Wheel of the Dh
  [193/879] SKIP (exists): Scientism : Romanticism : Psychotherapy - and Budd
  [194/879] SKIP (exists): Kamma, Rebirth and Transcendence : A top down view
  [195/879] SKIP (exists): The Discourse to the Kalama : Discernment, the Eth
  [196/879] SKIP (exists): Buddha Day Address: What was the mindset of the Bo
  [197/879] SKIP (exists): Spiritual progress - stop trying!.To play the medi
  [198/879] SKIP (no transcript): What is vedana and where does it fit in?.To play t
  [199/879] SKIP (exists): The Need for Sangha. community and Q's about Ordin
  [200/879] SKIP (exists): Mae Chee Kaew and Resolutions..To play the media y
  [201/879] SKIP (exists): The Three Characteristics..To play the media you w
  [202/879] SKIP (exists): Buddha Day Address May 2015..To play the media you
  [203/879] SKIP (exists): Deconstruction..To play the media you will need to
  [204/879] SKIP (exists): Love and All That..To play the media you will need
  [205/879] SKIP (exists): Ethics Not-self and Liberation.To play the media y
  [206/879] SKIP (exists): Contol and loss of Power..To play the media you wi
  [207/879] SKIP (exists): Q&A Detachment Engagement Motivation Devotion..To 
  [208/879] SKIP (exists): Basics for Meditation..To play the media you will 
  [209/879] SKIP (exists): Kamma Revisited..To play the media you will need t
  [210/879] SKIP (exists): Daily Life Reinforced..To play the media you will 
  [211/879] SKIP (exists): Refinement,Sublimation and the Eightfold Path..To 
  [212/879] SKIP (exists): No Inherent Being..To play the media you will need
  [213/879] SKIP (exists): Kamma and Free Will..To play the media you will ne
  [214/879] SKIP (exists): Comments on a Statement by Mae Chee Kaew..To play 
  [215/879] SKIP (exists): Reiki 10 06 2015..To play the media you will need 
  [216/879] SKIP (exists): Intro Talk to Bodycare.To play the media you will 
  [217/879] SKIP (exists): Dependent Origination and the Quality of Right Awa
  [218/879] SKIP (exists): Talk at the Re-opening of the Golden Buddha Centre
  [219/879] SKIP (exists): The Prognosis is Very Good..To play the media you 
  [220/879] SKIP (exists): Importance of Resolution plus.To play the media yo
  [221/879] SKIP (exists): Christmas Talk re the Path.To play the media you w
  [222/879] SKIP (exists): Right Relationship.To play the media you will need
  [223/879] SKIP (exists): How to critique the Dhamma and Buddha.To play the 
  [224/879] SKIP (exists): An Attempt to Understand the teaching of Not-Self.
  [225/879] SKIP (exists): Talk to the European Teachers Meeting How I came t
  [226/879] SKIP (exists): Happiness.To play the media you will need to eithe
  [227/879] SKIP (exists): The Body and the Discourse on How to Establish Rig
  [228/879] SKIP (exists): Q.&A session: Family Distractions : Selfish to Med
  [229/879] SKIP (exists): Mindfulness : Time.To play the media you will need
  [230/879] SKIP (exists): Monks : Daily Life : Not-Self.To play the media yo
  [231/879] SKIP (exists): Retreats : Attachment : Children and Suffering.To 
  [232/879] SKIP (exists): New Year Revision of Buddhadhamma Theory and Pract
  [233/879] SKIP (exists): Hope to Inspire.To play the media you will need to
  [234/879] SKIP (exists): Talk at Opening of centre in Ghent.To play the med
  [235/879] SKIP (exists): The Problem of Identity..To play the media you wil
  [236/879] SKIP (exists): The body as Meditative Object..To play the media y
  [237/879] SKIP (exists): 1. Starting a Retreat.To play the media you will n
  [238/879] SKIP (exists): The Principles and Problems of Vipassana.To play t
  [239/879] SKIP (exists): Not-Self Indulgence and all.To play the media you 
  [240/879] SKIP (exists): Impulsive or Spontaneous.To play the media you wil
  [241/879] SKIP (exists): The Body and the Three Characteristics.To play the
  [242/879] SKIP (exists): Why noting without stop.To play the media you will
  [243/879] SKIP (exists): Why we need a technique.To play the media you will
  [244/879] SKIP (exists): Subliminal Inclinations, Defilements and Hindrance
  [245/879] SKIP (exists): Questions and Answers A Dolly Mixture.To play the 
  [246/879] SKIP (exists): Importance of Metta 24 min.To play the media you w
  [247/879] SKIP (exists): The Kamma of Liberation.To play the media you will
  [248/879] SKIP (exists): The Karma Concerning Liberation.To play the media 
  [249/879] SKIP (exists): Dignity and the Qualities of a Ruler.To play the m
  [250/879] SKIP (exists): Practice in Ordinary Daily Life.To play the media 
  [251/879] SKIP (exists): Samatha-Vipassana.To play the media you will need 
  [252/879] SKIP (exists): Vipassana and or Therapy.To play the media you wil
  [253/879] SKIP (exists): Buddha Day Address with Refuges and Precepts.To pl
  [254/879] SKIP (exists): Daily Rythms; Fetters, Hindrances and Inclinations
  [255/879] SKIP (exists): Metta, Applied and Sustained Thought, Buddhamind.T
  [256/879] SKIP (exists): Equanimity - Foundation of all Virtue.To play the 
  [257/879] SKIP (exists): The Mahasi Method.To play the media you will need 
  [258/879] SKIP (exists): The Sufferings of the Pleasure Syndrome.To play th
  [259/879] SKIP (exists): There is no separation between vipassana and ordin
  [260/879] SKIP (exists): Q & A Rebirth Identification Emotions etc..To play
  [261/879] SKIP (exists): Why didn't the Buddha return to lay life.To play t
  [262/879] SKIP (exists):
  [387/879] SKIP (exists): First Noble Truth: There is Dukkha - read by Finol
  [388/879] SKIP (exists): Second and Third Nobe Truths: Cause and Cessation 
  [389/879] SKIP (exists): Fourth Noble Truth: The Path to the End of Dukkha 
  [390/879] SKIP (exists): Foundations for Mindfulness (Satipatthana Sutta) -
  [391/879] SKIP (exists): Attachment: The Five Khanda - read by Finola O'Sio
  [392/879] SKIP (exists): Divine Abiding: a. Equanimity - read by Biddy O'Co
  [393/879] SKIP (exists): Divine Abiding: b. Goodwill, Metta - read by Biddy
  [394/879] SKIP (exists): Divine Abiding, c. Compassion - read by Biddy O'Co
  [395/879] SKIP (exists): Divine Abiding, d. Appreciative Joy, Mudita - read
  [396/879] SKIP (exists): Sense Contact - The Six Sense Spheres - read by Fi
  [397/879] SKIP (exists): Spiritual Faculties - read by Finola O'Siochru
  [398/879] SKIP (exists): Mindfulness of Breathing - read by Finola O'Siochr
  [399/879] SKIP (exists): Destruction of Craving a. Tracing back to the orig
  [400/879] SKIP (exists): Destruction of Craving b. Examining each link in t
  [401/879] SKIP (exists): Two Kinds of Thought - read by Finola O'Siochru
  [402/879] SKIP (exists): Removal of Distracting Thoughts - read by Finola O
  [403/879] SKIP (exists): In the Seeing, only the seeing ... (Bahiya Sutta) 
  [404/879] SKIP (exists): Greed, Hatred and Delusion as Foundations for Mind
  [405/879] SKIP (exists): Exalted, Unexalted and other Mindstates as Foundat
  [406/879] SKIP (exists): Building a Raft to Cross the Floods of Sensuality 
  [407/879] SKIP (exists): Building a Raft to Cross the Floods of Becoming an
  [408/879] SKIP (exists): Beset by Perceptions (Honeyball Sutta)
  [409/879] SKIP (exists): The Buddha's Death (Parinibbana Sutta)
  [410/879] SKIP (exists): Méditation Guidée: Debout et Assise
  [411/879] SKIP (exists): Meditation Guidee Detaillee
  [412/879] SKIP (exists): Méditation Guidée Debout et Assise
  [413/879] SKIP (exists): Trois compréhensions nécessaires
  [414/879] SKIP (exists): Méditation Debout
  [415/879] SKIP (exists): Méditation Assise
  [416/879] SKIP (exists): La conscience juste, les obstacles comme chemin ve
  [417/879] SKIP (exists): How we use the self and what does it mean for not-
  [418/879] SKIP (exists): The Hindrances
  [419/879] SKIP (exists): Non-soi
  [420/879] SKIP (exists): La Libre Volunté
  [421/879] SKIP (exists): Le Dhamma dans la vie quotidienne ordinaire.
  [422/879] SKIP (exists): Scientisme Romatisme Bouddhisme
  [423/879] SKIP (no transcript): Is the Buddha a materialist?
  [424/879] SKIP (no transcript): z0000002
  [425/879] SKIP (exists): Une tentative de comprendre le non-soi.
  [426/879] SKIP (exists): Retour à l'essentiel.
  [427/879] SKIP (exists): Bonheur
  [428/879] SKIP (exists): L'Esprit Concevoir et les Empêches
  [429/879] SKIP (no transcript): Dependent Origination et Kamma
  [430/879] SKIP (exists): Metta Bhavana Bienveillance (15 min)(Lausanne Oct 
  [431/879] SKIP (exists): Nous causons de la souffrance pour nous meme.(Laus
  [432/879] SKIP (exists): Le Kamma de la Liberation(Lausanne Oct 2010)
  [433/879] SKIP (exists): Les Bases de Vipassana.
  [434/879] SKIP (exists): Progres et d'autres sujets.
  [435/879] SKIP (exists): Questions and des Questions Plus.
  [436/879] SKIP (exists): Dependant Origination (Belgium Jan 2006)
  [437/879] SKIP (exists): The Purpose of Meditation (Belgium Jan 2006)
  [438/879] SKIP (exists): Why the Present Moment is So Important (Geneva May
  [439/879] SKIP (exists): Q&A Concerning States of Mind - Sankhara (Geneva M
  [440/879] SKIP (exists): Concerning Buddhist Psychology (Geneva May 2006)
  [441/879] SKIP (exists): Concerning Metta and Other Questions (Geneva May 2
  [442/879] SKIP (exists): Le Methode de Mahasi Vipassana (Lausanne Oct 2009)
  [443/879] SKIP (exists): Les Empeches de Vipassana (Lausanne Oct 2009)
  [444/879] SKIP (exists): Les Facteurs de Liberation (Lausanne Oct 2009)
  [445/879] SKIP (exists): Psychologie de Buddha (Lausanne Oct 2009)
  [446/879] SKIP (exists): Entering the Course
  [447/879] SKIP (exists): The Mahasi Method
  [448/879] SKIP (exists): The Joyful Aspects of Meditation
  [449/879] SKIP (exists): The Wheel of Dependent Origination
  [450/879] SKIP (exists): The Perfections
  [451/879] SKIP (exists): Karma
  [452/879] SKIP (exists): Evening Metta Chant and Instructions
  [453/879] SKIP (exists): Morning Chant
  [454/879] SKIP (exists): Meditazione in Piedi e Seduta
  [455/879] SKIP (exists): Meditazione guidata dettagliata :sometimes use 'sa
  [456/879] SKIP (exists): Mahasi Instructions and Metta Chant
  [457/879] SKIP (exists): The Hindrances
  [458/879] SKIP (exists): Factors of Enlightenment
  [459/879] SKIP (exists): Dependent Origination
  [460/879] SKIP (exists): Kamma
  [461/879] SKIP (exists): Metta Guidata
  [462/879] SKIP (exists): c. corpo med guidata
  [463/879] SKIP (exists): Intro. Guarig. corpo med guidata
  [464/879] SKIP (exists): Basics for Insight Meditation 01
  [465/879] SKIP (exists): 70th Birthday Bhante Bodhidhamma's Life story
  [466/879] SKIP (exists): Talk Starting Inaugural Lockdown Evening Meditatio
  [467/879] SKIP (exists): 02 First Three Noble Truths
  [468/879] SKIP (exists): 01 MN9 Discourse on Right View  Wholesome and Unwh
  [469/879] SKIP (exists): Evening Lockdown Meditation
  [470/879] SKIP (exists): 03 Coronavirus and the Contemplation of Death
  [471/879] SKIP (exists): 04 Contemplation of Death : Living more awake
  [472/879] SKIP (exists): 05 Contemplation of Death again!
  [473/879] SKIP (exists): 06 Renunciation and Buddha's First Occasion to Tea
  [474/879] SKIP (exists): 07 Setting the Wheel of the Dhamma in Motion
  [475/879] SKIP (exists): 08 Mindfulness at work And Right View Right Attitu
  [476/879] SKIP (exists): 09 Right Speech, Action and Livelihood
  [477/879] SKIP (exists): 10 Grief
  [478/879] SKIP (exists): 11 The Nutriments: Food, Contact, Volition and Con
  [479/879] SKIP (exists): 12 The Investigation of Eating
  [480/879] SKIP (exists): 13 Discourse on the Taints MN 2 : Overcome by seei
  [481/879] SKIP (exists): 14 Not-self Revisited The story of Sati MN38
  [482/879] SKIP (exists): 16. Investigating Not-self - The Pratice
  [483/879] SKIP (exists): 17 Questions  See Description
  [484/879] SKIP (exists): 18 Overcoming the Taints by Restraint
  [485/879] SKIP (exists): 19 Overcoming the Taints by Using
  [486/879] SKIP (exists): 20 Overcoming the Taints by Endurance
  [487/879] SKIP (exists): 21a Overcoming the Taints by Removing 1
  [488/879] SKIP (exists): 21b Overcoming the Taints by Removing 2
  [489/879] SKIP (exists): 22 Overcoming the Taints by Developing
  [490/879] SKIP (exists): 23 The Ten Fetters
  [491/879] SKIP (exists): 24 Society
  [492/879] SKIP (exists): 25 Reflections for an Harmonious Society
  [493/879] SKIP (exists): 26 More Reflections
  [494/879] SKIP (exists): 27 What makes a Society Strong?
  [495/879] SKIP (exists): 28 The Six Sense Bases MN137
  [496/879] SKIP (exists): 29 Senses Bases Cont.
  [497/879] SKIP (exists): Metta, Forgiveness and Determination Practice
  [498/879] SKIP (exists): 01 Reiki with Bryan Lester
  [499/879] SKIP (exists): Some Pointers for Metta
  [500/879] SKIP (exists): Bodycare Practice - Metta towards the Body.
  [501/879] SKIP (exists): 02 Reiki with Bryan
  [502/879] SKIP (exists): Body as Meditation Object
  [503/879] SKIP (exists): The Basics of Insight Meditation 03
  [504/879] SKIP (exists): 03 Reiki with Bryan
  [505/879] SKIP (exists): 33 Kalama Sutta AN 3.65
  [506/879] SKIP (exists): 35 Canki Sutta MN95
  [507/879] SKIP (exists): 34 Kalama Discourse cont.
  [508/879] SKIP (exists): 36 Canki Sutta cont.
  [509/879] SKIP (exists): 37 Shorter Discourse on Gosinga
  [510/879] SKIP (exists): Gaia Standing and Sitting Guided Meditation
  [511/879] SKIP (exists): 38 Discourse on the Establishment of Awareness Sat
  [512/879] SKIP (exists): 31b The Body
  [513/879] SKIP (exists): 39 Discourse on the Establishment of Awareness Sat
  [514/879] SKIP (exists): 40 Discourse on the Establishment of Awareness Sat
  [515/879] SKIP (exists): 41 Discourse on the Establishment of Awareness Sa
  [655/879] SKIP (exists): Exiting Lockdown
  [656/879] SKIP (exists): Mindfulness meets metta
  [657/879] SKIP (exists): Everyday Mindfulness
  [658/879] SKIP (exists): Healing the Mind-Body Relationship
  [659/879] SKIP (exists): Nibanna is Close at Hand!
  [660/879] SKIP (exists): Greeting the Devadutta
  [661/879] SKIP (exists): Laryngectomy
  [662/879] SKIP (exists): Stumbling towards Gratitude
  [663/879] SKIP (exists): Mid-winter Darkness
  [664/879] SKIP (exists): Teaching with an Electro-larynx: The Oval Age-Old 
  [665/879] SKIP (exists): a paper describing six ethical maxims
  [666/879] SKIP (exists): Full Catastrophe Ethics
  [667/879] SKIP (exists): First Maxim: Work Hard to Grasp the Imensity
  [668/879] SKIP (exists): Second Maxim: Cultivate Radical Hope
  [669/879] SKIP (exists): Third Maxim: Draw a line in the Sand - b. Working 
  [670/879] SKIP (exists): Fourth Maxim: Appreciate the Amazing and Unique Up
  [671/879] SKIP (exists): Fifth Maxim: Train the Mind and Body
  [672/879] SKIP (exists): At the end of the day (1)
  [673/879] SKIP (exists): At the end of the day. (2)
  [674/879] SKIP (exists): At the end of the day.
  [675/879] SKIP (exists): Upon Awakening.
  [676/879] SKIP (exists): Morning Meditation (One of Four) : Ritual
  [677/879] SKIP (exists): Morning Meditation : Default Position: Abiding in 
  [678/879] SKIP (exists): Morning Meditation : Vipassana – 1. Developing a s
  [679/879] SKIP (exists): Morning Meditation : Vipassana 2. – Developing Ins
  [680/879] SKIP (exists): Morning Meditation : Metta : Developing Goodwill –
  [681/879] SKIP (exists): Discourse on Metta
  [682/879] SKIP (exists): Morning Meditation: Developing Goodwill and Forgiv
  [683/879] SKIP (exists): Morning Meditation : Resolution
  [684/879] SKIP (exists): Developing the Perfection of Determination
  [685/879] SKIP (exists): Breakfast at last!
  [686/879] SKIP (exists): Traveling to and from work.
  [687/879] SKIP (exists): Back Home
  [688/879] SKIP (exists): Relations, Friends, Acquaintances and Spiritual Co
  [689/879] SKIP (exists): Contemplating Relations, Friends, Acquaintances an
  [690/879] SKIP (exists): Intimate Relationships: The Erotic, the Romantic a
  [691/879] SKIP (exists): Celibacy
  [692/879] SKIP (exists): When does love become control?
  [693/879] SKIP (exists): Work
  [694/879] SKIP (exists): Success and Failure : Trial and Error
  [695/879] SKIP (exists): Creating Space (1)
  [696/879] SKIP (exists): Creating Space (2)
  [697/879] SKIP (exists): Creating Space (3)
  [698/879] SKIP (exists): The Limits of Power and Mission Creep
  [699/879] SKIP (exists): Not an Emotion
  [700/879] SKIP (exists): Relationships
  [701/879] SKIP (exists): Being Good rather than Being Good At
  [702/879] SKIP (exists): What’s wrong with a bit of attachment!
  [703/879] SKIP (exists): Sacrifice : the more we give, the greater the retu
  [704/879] SKIP (exists): Not what we believe, but how we live.
  [705/879] SKIP (exists): Towards the Greatest Happiness.
  [706/879] SKIP (exists): New Year Resolution
  [707/879] SKIP (exists): Neighbourly ‘Sounds’
  [708/879] SKIP (exists): Sickness
  [709/879] SKIP (exists): The Tough Nut
  [710/879] SKIP (exists): Impulsive or Spontaneous.
  [711/879] SKIP (exists): Joy!
  [712/879] SKIP (exists): Thankyou
  [713/879] SKIP (exists): Need, Sufficiency and Greed.
  [714/879] SKIP (exists): What values govern our lives?
  [715/879] SKIP (exists): Values in mine own eyes.
  [716/879] SKIP (exists): Living in the Now : Planning for the Future
  [717/879] SKIP (exists): Music
  [718/879] SKIP (exists): Time
  [719/879] SKIP (exists): Our Daily Breaks.
  [720/879] SKIP (exists): On the Virtue of Visiting a Cemetery
  [721/879] SKIP (exists): Pity, Sorrow and Compassion
  [722/879] SKIP (exists): Why are we asked to observe - impermanence.
  [723/879] SKIP (exists): Sublimation
  [724/879] SKIP (exists): Righteous Anger : Plain Anger
  [725/879] SKIP (exists): A Pet’s Endgame
  [726/879] SKIP (exists): Downers.
  [727/879] SKIP (exists): Discipline : Self-discipline
  [728/879] SKIP (exists): Fairness and Equality
  [729/879] SKIP (exists): Unforgivingness
  [730/879] SKIP (exists): My body is Mother Earth
  [731/879] SKIP (exists): Dealing with Intense Emotions and Moods in Ordinar
  [732/879] SKIP (exists): How much pain, physical or mental should we suffer
  [733/879] SKIP (exists): Judging or Judgemental?
  [734/879] SKIP (exists): The absurd and the Sublime : A Mid-summer Contempl
  [735/879] SKIP (exists): If there is no self, who bears the karma?
  [736/879] SKIP (exists): Overwhelmed by All the Violence in the World?
  [737/879] SKIP (exists): Legal : Moral : Ethical
  [738/879] SKIP (exists): The Consumer in Us All.
  [739/879] SKIP (exists): Barriers or Boundaries
  [740/879] SKIP (exists): Isolation, Loneliness and Solitude
  [741/879] SKIP (exists): Envy, Jealousy and Appreciative Joy
  [742/879] SKIP (exists): Unwholesome Karmic Results as Fate.
  [743/879] SKIP (exists): Ideology leads to strife.
  [744/879] SKIP (exists): The Sacred: It’s Meaning and the Role of Free Spee
  [745/879] SKIP (exists): Awareness, Compassion and Wisdom
  [746/879] SKIP (exists): To become or not to become.
  [747/879] SKIP (exists): Appamāda : Diligent
  [748/879] SKIP (exists): Aim and Objective in Present Time
  [749/879] SKIP (exists): Money and Power
  [750/879] SKIP (exists): Passive Aggression
  [751/879] SKIP (exists): In what way should Buddhadhamma affect our politic
  [752/879] SKIP (exists): Practice makes perfect.*
  [753/879] SKIP (exists): Right Speech
  [754/879] SKIP (exists): Equanimity
  [755/879] SKIP (exists): Shame
  [756/879] SKIP (exists): Guilt
  [757/879] SKIP (exists): Gratitude Generosity Renunciation
  [758/879] SKIP (exists): Excitement Boredom Contentment
  [759/879] SKIP (exists): Silence
  [760/879] SKIP (exists): Courage, Fortitude and Resilience
  [761/879] SKIP (exists): One of the Hindrances is Sceptical Doubt.
  [762/879] SKIP (exists): Scientism meets Buddhism (Buddhadhamma?)
  [763/879] SKIP (exists): What is our basic disposition to life?
  [764/879] SKIP (exists): Fear!
  [765/879] SKIP (exists): Beauty.
  [766/879] SKIP (exists): The Wisdom of Uncertainty
  [767/879] SKIP (exists): Patience
  [768/879] SKIP (exists): Overcoming the Corruptions of Generosity
  [769/879] SKIP (exists): The World is in a terrible state.
  [770/879] SKIP (exists): The Treasure of Things
  [771/879] SKIP (exists): Equanimity Carl
  [772/879] SKIP (exists): The years where do they go. New Year Encouragement
  [773/879] SKIP (exists): Understand and See things as they really are
  [774/879] SKIP (exists): Constant Curiosity Carl
  [775/879] SKIP (exists): Kamma Noirin
  [776/879] SKIP (exists): Progress
  [777/879] SKIP (exists): Who Decides? Carl
  [778/879] SKIP (exists): Delusion, caring for illusion.
  [779/879] SKIP (exists): The world is not in a good place.
  [780/879] SKIP (exists): Happy New Year
  [781/879] SKIP (exists): Sickness
  [782/879] SKIP (exists): Yearning for a Better World
  [783/879] SKIP (exists): Balancing Lay and Spiritual Life
  [784/879] SKIP (exists): Wildflower Wisdom
  [785/879] SKIP (exists): Dealing with the Stories that Make Us Suffer
  [786/879] SKIP (exists): The Wisdom and Virtues of Insecurity
  [787/879] SKIP (exists): As Winter Approaches
  [788/879] SKIP (exists): Guidelines For a New Year's Resolution
  [789/879] SKIP (exists): Coronavirus : Messenger from the Gods
  [790/879] SKIP (exists): Quench all Resentments.
  [791/879] SKIP (exists): Exiting Lockdown
  [792/879] SKIP (exists): Committing to the Path
  [793/879] SKIP (exists): Beauty
  [794/879] SKIP (exists): Motivation for Practice
  [795/879] SKIP (exists): All in the Mind
  [796/879] SKIP (exists): Perfection, Elitism and Excellence.
  [797/879] SKIP (exists): Material World
  [798/879] SKIP (exists): Inner Voices
  [799/879] SKIP (exists): Full Catastrophe Ethics
  [800/879] SKIP (exists): On Learning how to be with Climate and Social Brea
  [801/879] SKIP (exists): Living in the here and now. Bhante Bodhidhamma
  [802/879] SKIP (exists): Being Human Bhante Bodhidhamma
  
  [804/879] SKIP (exists): Non-Violence is not Pacificism Bhante Bodhidhamma
  [805/879] SKIP (exists): Neoliberalism and Buddhadhamma Bhante Bodhidhamma
  [806/879] SKIP (exists): Dullness and Lethargy: Our Two Very Good Friends C
  [807/879] SKIP (exists): Preparing for Climate Change - First Ethical Maxim
  [808/879] SKIP (exists): Red Lines, Sila - Third Ethical Maxim Noirin Sheah
  [809/879] SKIP (exists): Radical Hope, Saddha - Second Ethical Maxim Noirin
  [810/879] SKIP (exists): New Year Resolutions and the Third Maxim  Noirin S
  [811/879] SKIP (exists): 4th Maxim (i) : Opportunity Knocks  Noirin Sheahan
  [812/879] SKIP (exists): 4th Maxim (ii) : Spiral to Freedom  Noirin Sheahan
  [813/879] SKIP (exists): Fourth Maxim (iii) : Path to Transcendence  Noirin
  [814/879] SKIP (exists): Equanimity : The Most Important Virtue Bhante Bodh
  [815/879] SKIP (exists): The Danger of Nihilism  Bhante Bodhidhamma
  [816/879] SKIP (exists): Neo-Fascism  Bhante Bodhidhamma
  [817/879] SKIP (exists): The Gift of Joy Mudita Bhante Bodhidhamma
  [818/879] SKIP (exists): ‘We just follow circumstance.’  Bhante Bodhidhamma
  [819/879] SKIP (exists): To Love or To Be Loved. That is the Question.  Bha
  [820/879] SKIP (exists): Samsara : doomed to suffer over and over again? Bh
  [821/879] SKIP (exists): Compassion : To Care  Bhante Bodhidhamma
  [822/879] SKIP (exists): Compassion : A Path of Liberation  Bhante Bodhidha
  [823/879] SKIP (exists): Fifth Maxim: Develop the Body and Mind  Noirin She
  [824/879] SKIP (exists): The Buddha’s Alter Ego : The World Conquering Mona
  [825/879] SKIP (exists): There is a Body: Exploring the Mind-Body Relations
  [826/879] SKIP (exists): Self-love and Self-Acceptance  Bhante Bodhidhamma
  [827/879] SKIP (exists): The Crucial Role of Desire and Intention.  Bhante 
  [828/879] SKIP (exists): Mindfulness meets Metta Noirin Sheahan
  [829/879] SKIP (exists): Surely meditation shouldn't feel like this?  Noiri
  [830/879] SKIP (exists): The Fire Sermon
  [831/879] SKIP (exists): Why spend a week or more on retreat?
  [832/879] SKIP (exists): Nibanna is Close at Hand!
  [833/879] SKIP (exists): AI 'Art'
  [834/879] SKIP (exists): A Field of Barley
  [835/879] SKIP (exists): War!
  [836/879] SKIP (exists): The Enlightenment and its Demise.
  [837/879] SKIP (exists): The Enlightenment and Possible Salvation.
  [838/879] SKIP (exists): Sixth Maxim: Act for the Future Generations of All
  [839/879] SKIP (exists): Cultivating Metta for Future Generations.
  [840/879] SKIP (exists): Detailed Guided Meditation
  [841/879] SKIP (exists): Starting a Retreat
  [842/879] SKIP (exists): Abiding in the Present Moment Developing Equanimit
  [843/879] SKIP (exists): Detailed Guided Meditation
  [844/879] SKIP (exists): Assisted Meditation
  [845/879] SKIP (exists): Heartcare Metta Meditation
  [846/879] SKIP (exists): Bodycare Meditation
  [847/879] SKIP (exists): Eating meditation
  [848/879] SKIP (exists): Morning Chant with Refuges and Precepts
  [849/879] SKIP (exists): Evening Metta Chant
  [850/879] SKIP (exists): The Technique
  [851/879] SKIP (exists): The Hindrances
  [852/879] SKIP (exists): The Factors of Enlightenment
  [853/879] SKIP (exists): The Pleasure Syndrome dukkha
  [854/879] SKIP (exists): The Characteristic of Impermanence
  [855/879] SKIP (exists): Anatta Not self
  [856/879] SKIP (exists): Living Life according to the Dhamma
  [857/879] SKIP (exists): Mahasi Talk
  [858/879] SKIP (exists): Vedana Feeling
  [859/879] SKIP (exists): Is Awareness Enough
  [860/879] SKIP (exists): Eroticism Romance Love Distraction and Boredom
  [861/879] SKIP (exists): The Perfections Turned Inward
  [862/879] SKIP (exists): Faith
  [863/879] SKIP (exists): Revising the principles of vipassana
  [864/879] SKIP (exists): Fear
  [865/879] SKIP (exists): Foregiveness
  [866/879] SKIP (exists): The Gratification, the Danger and the Escape
  [867/879] SKIP (exists): Karma
  [868/879] SKIP (exists): Rebirth
  [869/879] SKIP (exists): The Illimitables
  [870/879] SKIP (exists): The Ten Fetters
  [871/879] SKIP (exists): The Awakening
  [872/879] SKIP (exists): The Years of Teaching and Parinibbana
  [873/879] SKIP (exists): Ethical Behaviour and the Awakening are one
  [874/879] SKIP (exists): The Buddha as Exemplar and Archetype
  [875/879] SKIP (exists): Meditation and Ordinary Daily Life
  [876/879] SKIP (exists): Free Will
  [877/879] SKIP (exists): Karma Specific Conditionality the Five Laws ethica
  [878/879] SKIP (exists): Right Livelihood
  [879/879] SKIP (exists): Chi Gong min guidance

  Beautified: 0 episodes (0 API calls)
  Tokens: 0 in + 0 out
  Estimated cost: $0.00
  Saved to: /home/freedomfighter/code/traduction/satipanya-podcast/articles/
 (138 KB)
  ✗ S01E05_in_MS_Word_format — no text extracted
  SKIP (exists): S02E01_Neoliberalism_and_BuddhaDhamma
  SKIP (exists): S02E02_Investigative_Eating
  SKIP (exists): S02E03_Reflections_on_the_Teaching_and_Practice_of_Not-self
  SKIP (exists): S02E04_Vipassana_as_taught_by_the_Mahasi_Sayadaw_of_Burma
  SKIP (exists): S02E05_Is_Armed_Intervention_Ever_Justified
  SKIP (exists): S02E06_Free_will_is_it_available_or_useful
  SKIP (exists): S02E07_Could_I_be_a_fundamentalist_even_a_terrorist
  SKIP (exists): S02E08_Perfection_Elitism_and_Excellence
  SKIP (exists): S02E09_What_benefit_is_there_in_becoming_a_temporary_monastic
  SKIP (exists): S02E10_The_Unlucky_Death_of_a_Two_Year_Old_Boy
  SKIP (exists): S02E11_Expectation_Aspiration_and_Hope
  SKIP (exists): S02E12_Assisted_Suicide_PDF_document
  SKIP (exists): S02E13_Vipassana_Therapy_and_Medicinal_Drugs_PDF_document
  SKIP (exists): S02E14_Conditionality_and_KammaPDF_document
  SKIP (exists): S02E15_Affectionate_Awareness
  SKIP (exists): S02E16_Climate_Crisis_A_Personal_Reflection
  SKIP (exists): S03E01_The_First_Noble_Truth_of_Suffering_--_Dukkha
  SKIP (exists): S03E02_The_First_Noble_Truth_of_Suffering_--_The_Five_Aggregates
  SKIP (exists): S03E03_The_First_Noble_Truth_of_Suffering_--_The_Three_Characteristics
  SKIP (exists): S03E04_The_Second_Noble_Truth_--_Desire
  SKIP (exists): S03E05_The_Second_Noble_Truth_--_The_Wheel_of_Dependent_Origination
  SKIP (exists): S03E06_The_Second_Noble_Truth_--_Kamma_Vipaka
  SKIP (exists): S03E07_The_Fourth_Noble_Truth_--_Morality
  SKIP (exists): S03E08_The_Fourth_Noble_Truth_--_Perfections
  SKIP (exists): S03E09_The_Fourth_Noble_Truth_--_Right_Understanding
  SKIP (exists): S03E10_The_Fourth_Noble_Truth_--_Mental_Development
  SKIP (exists): S03E11_Meditation_in_Ordinary_Daily_Life
  SKIP (exists): S04E01_Meditation_in_Ordinary_Daily_Life
  SKIP (exists): S05E01_Buddha_Day_Evening_with_Italy
  Total: 34 items, 33 with text

── Satipanya — Noirin's Essays ──
  Fetching https://www.satipanya.org.uk/noirins-teachings/...
  Found 32 items from /noirins-teachings/
  SKIP (exists): S01E01_Text
  SKIP (exists): S01E02_Satipanya_Porridge
  SKIP (exists): S01E03_The_Ouch_that_hurt
  SKIP (exists): S01E04_Coming_down_to_earth
  SKIP (exists): S01E05_Extending_the_limits_of_good-will
  SKIP (exists): S01E06_Metta_for_a_Cold_Heart
  SKIP (exists): S01E07_The_Fourth_Noble_Truth
  SKIP (exists): S01E08_Struggling_with_Anatta
  SKIP (exists): S01E09_Temporary_Ordination
  SKIP (exists): S01E10_Retreating_and_Re-engaging
  SKIP (exists): S01E11_Homeward_Bound
  SKIP (exists): S01E12_All_in_the_Mind
  SKIP (exists): S01E13_Summer_meadows
  SKIP (exists): S01E14_As_Winter_Approaches
  SKIP (exists): S01E15_2020_Lockdown_Christmas
  SKIP (exists): S01E16_Exiting_Lockdown
  SKIP (exists): S01E17_Mindfulness_meets_metta
  SKIP (exists): S01E18_Everyday_Mindfulness
  SKIP (exists): S01E19_Healing_the_Mind-Body_Relationship
  SKIP (exists): S01E20_Nibanna_is_Close_at_Hand
  SKIP (exists): S02E01_Greeting_the_Devadutta
  SKIP (exists): S02E02_Laryngectomy
  SKIP (exists): S02E03_Stumbling_towards_Gratitude
  SKIP (exists): S02E04_Mid-winter_Darkness
  SKIP (exists): S02E05_Teaching_with_an_Electro-larynx_The_Oval_Age-Old_Bath
  SKIP (exists): S03E01_a_paper_describing_six_ethical_maxims
  SKIP (exists): S03E02_Full_Catastrophe_Ethics
  SKIP (exists): S03E03_First_Maxim_Work_Hard_to_Grasp_the_Imensity
  SKIP (exists): S03E04_Second_Maxim_Cultivate_Radical_Hope
  SKIP (exists): S03E05_Third_Maxim_Draw_a_line_in_the_Sand_-_b_Working_mindfully_with_red_lines
  SKIP (exists): S03E06_Fourth_Maxim_Appreciate_the_Amazing_and_Unique_Upportunity_-_a_From_Suffering_to
  SKIP (exists): S03E07_Fifth_Maxim_Train_the_Mind_and_Body
  Total: 32 items, 32 with text

── Satipanya — Tips of the Day ──
  Fetching https://www.satipanya.org.uk/tip-o-the-day/...
  Found 168 items from /tip-o-the-day/
  SKIP (exists): S01E01_At_the_end_of_the_day_1
  SKIP (exists): S01E02_At_the_end_of_the_day_2
  SKIP (exists): S01E03_At_the_end_of_the_day
  SKIP (exists): S01E04_Upon_Awakening
  SKIP (exists): S01E05_Morning_Meditation_One_of_Four_Ritual
  SKIP (exists): S01E06_Morning_Meditation_Default_Position_Abiding_in_Calm_Open_Attentiveness
  SKIP (exists): S01E07_Morning_Meditation_Vipassana_1_Developing_a_steady_attention
  SKIP (exists): S01E08_Morning_Meditation_Vipassana_2_Developing_Insight
  SKIP (exists): S01E09_Morning_Meditation_Metta_Developing_Goodwill_the_Theory
  SKIP (exists): S01E10_Discourse_on_Metta
  SKIP (exists): S01E11_Morning_Meditation_Developing_Goodwill_and_Forgiveness_the_Exercise
  SKIP (exists): S01E12_Morning_Meditation_Resolution
  SKIP (exists): S01E13_Developing_the_Perfection_of_Determination
  SKIP (exists): S01E14_Breakfast_at_last
  SKIP (exists): S01E15_Traveling_to_and_from_work
  SKIP (exists): S01E16_Back_Home
  SKIP (exists): S02E01_Relations_Friends_Acquaintances_and_Spiritual_Companions
  SKIP (exists): S02E02_Contemplating_Relations_Friends_Acquaintances_and_Spiritual_Companions
  SKIP (exists): S02E03_Intimate_Relationships_The_Erotic_the_Romantic_and_Love
  SKIP (exists): S02E04_Celibacy
  SKIP (exists): S02E05_When_does_love_become_control
  SKIP (exists): S03E01_Work
  SKIP (exists): S03E02_Success_and_Failure_Trial_and_Error
  SKIP (exists): S03E03_Creating_Space_1
  SKIP (exists): S03E04_Creating_Space_2
  SKIP (exists): S03E05_Creating_Space_3
  SKIP (exists): S03E06_The_Limits_of_Power_and_Mission_Creep
  SKIP (exists): S04E01_Not_an_Emotion
  SKIP (exists): S04E02_Relationships
  SKIP (exists): S04E03_Being_Good_rather_than_Being_Good_At
  SKIP (exists): S04E04_Whats_wrong_with_a_bit_of_attachment
  SKIP (exists): S04E05_Sacrifice_the_more_we_give_the_greater_the_return
  SKIP (exists): S04E06_Not_what_we_believe_but_how_we_live
  SKIP (exists): S04E07_Towards_the_Greatest_Happiness
  SKIP (exists): S05E01_New_Year_Resolution
  SKIP (exists): S05E02_Neighbourly_Sounds
  SKIP (exists): S05E03_Sickness
  SKIP (exists): S05E04_The_Tough_Nut
  SKIP (exists): S05E05_Impulsive_or_Spontaneous
  SKIP (exists): S05E06_Joy
  SKIP (exists): S05E07_Thankyou
  SKIP (exists): S05E08_Need_Sufficiency_and_Greed
  SKIP (exists): S05E09_What_values_govern_our_lives
  SKIP (exists): S05E10_Values_in_mine_own_eyes
  SKIP (exists): S05E11_Living_in_the_Now_Planning_for_the_Future
  SKIP (exists): S05E12_Music
  SKIP (exists): S05E13_Time
  SKIP (exists): S05E14_Our_Daily_Breaks
  SKIP (exists): S05E15_On_the_Virtue_of_Visiting_a_Cemetery
  SKIP (exists): S05E16_Pity_Sorrow_and_Compassion
  SKIP (exists): S05E17_Why_are_we_asked_to_observe_-_impermanence
  SKIP (exists): S05E18_Sublimation
  SKIP (exists): S05E19_Righteous_Anger_Plain_Anger
  SKIP (exists): S05E20_A_Pets_Endgame
  SKIP (exists): S05E21_Downers
  SKIP (exists): S05E22_Discipline_Self-discipline
  SKIP (exists): S05E23_Fairness_and_Equality
  SKIP (exists): S05E24_Unforgivingness
  SKIP (exists): S05E25_My_body_is_Mother_Earth
  SKIP (exists): S05E26_Dealing_with_Intense_Emotions_and_Moods_in_Ordinary_Daily_Life
  SKIP (exists): S05E27_How_much_pain_physical_or_mental_should_we_suffer
  SKIP (exists): S05E28_Judging_or_Judgemental
  SKIP (exists): S05E29_The_absurd_and_the_Sublime_A_Mid-summer_Contemplation
  SKIP (exists): S05E30_If_there_is_no_self_who_bears_the_karma
  SKIP (exists): S05E31_Overwhelmed_by_All_the_Violence_in_the_World
  SKIP (exists): S05E32_Legal_Moral_Ethical
  SKIP (exists): S05E33_The_Consumer_in_Us_All
  SKIP (exists): S05E34_Barriers_or_Boundaries
  SKIP (exists): S05E35_Isolation_Loneliness_and_Solitude
  SKIP (exists): S05E36_Envy_Jealousy_and_Appreciative_Joy
  SKIP (exists): S05E37_Unwholesome_Karmic_Results_as_Fate
  SKIP (exists): S05E38_Ideology_leads_to_strife
  SKIP (exists): S05E39_The_Sacred_Its_Meaning_and_the_Role_of_Free_Speech
  SKIP (exists): S05E40_Awareness_Compassion_and_Wisdom
  SKIP (exists): S05E41_To_become_or_not_to_become
  SKIP (exists): S05E42_Appamāda_Diligent
  SKIP (exists): S05E43_Aim_and_Objective_in_Present_Time
  SKIP (exists): S05E44_Money_and_Power
  SKIP (exists): S05E45_Passive_Aggression
  SKIP (exists): S05E46_In_what_way_should_Buddhadhamma_affect_our_politics
  SKIP (exists): S05E47_Practice_makes_perfect
  SKIP (exists): S05E48_Right_Speech
  SKIP (exists): S05E49_Equanimity
  SKIP (exists): S05E50_Shame
  SKIP (exists): S05E51_Guilt
  SKIP (exists): S05E52_Gratitude_Generosity_Renunciation
  SKIP (exists): S05E53_Excitement_Boredom_Contentment
  SKIP (exists): S05E54_Silence
  SKIP (exists): S05E55_Courage_Fortitude_and_Resilience
  SKIP (exists): S05E56_One_of_the_Hindrances_is_Sceptical_Doubt
  SKIP (exists): S05E57_Scientism_meets_Buddhism_Buddhadhamma
  SKIP (exists): S05E58_What_is_our_basic_disposition_to_life
  SKIP (exists): S05E59_Fear
  SKIP (exists): S05E60_Beauty
  SKIP (exists): S05E61_The_Wisdom_of_Uncertainty
  SKIP (exists): S05E62_Patience
  SKIP (exists): S05E63_Overcoming_the_Corruptions_of_Generosity
  SKIP (exists): S05E64_The_World_is_in_a_terrible_state
  SKIP (exists): S05E65_The_Treasure_of_Things
  SKIP (exists): S05E66_Equanimity_Carl
  SKIP (exists): S05E67_The_years_where_do_they_go_New_Year_Encouragement_Noirin
  SKIP (exists): S05E68_Understand_and_See_things_as_they_really_are
  SKIP (exists): S05E69_Constant_Curiosity_Carl
  SKIP (exists): S05E70_Kamma_Noirin
  SKIP (exists): S05E71_Progress
  SKIP (exists): S05E72_Who_Decides_Carl
  SKIP (exists): S05E73_Delusion_caring_for_illusion
  SKIP (exists): S05E74_The_world_is_not_in_a_good_place
  SKIP (exists): S05E75_Happy_New_Year
  SKIP (exists): S05E76_Sickness
  SKIP (exists): S05E77_Yearning_for_a_Better_World
  SKIP (exists): S05E78_Balancing_Lay_and_Spiritual_Life
  SKIP (exists): S05E79_Wildflower_Wisdom
  SKIP (exists): S05E80_Dealing_with_the_Stories_that_Make_Us_Suffer
  SKIP (exists): S05E81_The_Wisdom_and_Virtues_of_Insecurity
  SKIP (exists): S05E82_As_Winter_Approaches
  SKIP (exists): S05E83_Guidelines_For_a_New_Years_Resolution
  SKIP (exists): S05E84_Coronavirus_Messenger_from_the_Gods
  SKIP (exists): S05E85_Quench_all_Resentments
  SKIP (exists): S05E86_Exiting_Lockdown
  SKIP (exists): S05E87_Committing_to_the_Path
  SKIP (exists): S05E88_Beauty
  SKIP (exists): S05E89_Motivation_for_Practice
  SKIP (exists): S05E90_All_in_the_Mind
  SKIP (exists): S05E91_Perfection_Elitism_and_Excellence
  SKIP (exists): S05E92_Material_World
  SKIP (exists): S05E93_Inner_Voices
  SKIP (exists): S05E94_Full_Catastrophe_Ethics
  SKIP (exists): S05E95_On_Learning_how_to_be_with_Climate_and_Social_Breakdown
  SKIP (exists): S05E96_Living_in_the_here_and_now_Bhante_Bodhidhamma
  SKIP (exists): S05E97_Being_Human_Bhante_Bodhidhamma
  SKIP (exists): S05E98_Sympathy_Empathy_Compassion_Bhante_Bodhidhamma
  SKIP (exists): S05E99_Non-Violence_is_not_Pacificism_Bhante_Bodhidhamma
  SKIP (exists): S05E100_Neoliberalism_and_Buddhadhamma_Bhante_Bodhidhamma
  SKIP (exists): S05E101_Dullness_and_Lethargy_Our_Two_Very_Good_Friends_Carl_Fooks
  SKIP (exists): S05E102_Preparing_for_Climate_Change_-_First_Ethical_Maxim_Noirin_Sheahan
  SKIP (exists): S05E103_Red_Lines_Sila_-_Third_Ethical_Maxim_Noirin_Sheahan
  SKIP (exists): S05E104_Radical_Hope_Saddha_-_Second_Ethical_Maxim_Noirin_Sheahan
  SKIP (exists): S05E105_New_Year_Resolutions_and_the_Third_Maxim_Noirin_Sheahan
  SKIP (exists): S05E106_4th_Maxim_i_Opportunity_Knocks_Noirin_Sheahan
  SKIP (exists): S05E107_4th_Maxim_ii_Spiral_to_Freedom_Noirin_Sheahan
  SKIP (exists): S05E108_Fourth_Maxim_iii_Path_to_Transcendence_Noirin_Sheahan
  SKIP (exists): S05E109_Equanimity_The_Most_Important_Virtue_Bhante_Bodhidhamma
  SKIP (exists): S05E110_The_Danger_of_Nihilism_Bhante_Bodhidhamma
  SKIP (exists): S05E111_Neo-Fascism_Bhante_Bodhidhamma
  SKIP (exists): S05E112_The_Gift_of_Joy_Mudita_Bhante_Bodhidhamma
  SKIP (exists): S05E113_We_just_follow_circumstance_Bhante_Bodhidhamma
  SKIP (exists): S05E114_To_Love_or_To_Be_Loved_That_is_the_Question_Bhante_Bodhidhamma
  SKIP (exists): S05E115_Samsara_doomed_to_suffer_over_and_over_again_Bhante_Bodhidhamma
  SKIP (exists): S05E116_Compassion_To_Care_Bhante_Bodhidhamma
  SKIP (exists): S05E117_Compassion_A_Path_of_Liberation_Bhante_Bodhidhamma
  SKIP (exists): S05E118_Fifth_Maxim_Develop_the_Body_and_Mind_Noirin_Sheahan
  SKIP (exists): S05E119_The_Buddhas_Alter_Ego_The_World_Conquering_Monarch_Bhante_Bodhidhamma
  SKIP (exists): S05E120_There_is_a_Body_Exploring_the_Mind-Body_Relationship_Noirin_Sheahan
  SKIP (exists): S05E121_Self-love_and_Self-Acceptance_Bhante_Bodhidhamma
  SKIP (exists): S05E122_The_Crucial_Role_of_Desire_and_Intention_Bhante_Bodhidhamma
  SKIP (exists): S05E123_Mindfulness_meets_Metta_Noirin_Sheahan
  SKIP (exists): S05E124_Surely_meditation_shouldnt_feel_like_this_Noirin_Sheahan
  SKIP (exists): S05E125_The_Fire_Sermon
  SKIP (exists): S05E126_Why_spend_a_week_or_more_on_retreat
  SKIP (exists): S05E127_Nibanna_is_Close_at_Hand
  SKIP (exists): S05E128_AI_Art
  SKIP (exists): S05E129_A_Field_of_Barley
  SKIP (exists): S05E130_War
  SKIP (exists): S05E131_The_Enlightenment_and_its_Demise
  SKIP (exists): S05E132_The_Enlightenment_and_Possible_Salvation
  SKIP (exists): S05E133_Sixth_Maxim_Act_for_the_Future_Generations_of_All_Species
  SKIP (exists): S05E134_Cultivating_Metta_for_Future_Generations
  Total: 168 items, 168 with text

✓ Text catalog saved: /home/freedomfighter/code/traduction/satipanya-podcast/text_catalog.json

  [142/234] SKIP (exists): Appamāda : Diligent
  [143/234] SKIP (exists): Aim and Objective in Present Time
  [144/234] SKIP (exists): Money and Power
  [145/234] SKIP (exists): Passive Aggression
  [146/234] SKIP (exists): In what way should Buddhadhamma affect our politic
  [147/234] SKIP (exists): Practice makes perfect.*
  [148/234] SKIP (exists): Right Speech
  [149/234] SKIP (exists): Equanimity
  [150/234] SKIP (exists): Shame
  [151/234] SKIP (exists): Guilt
  [152/234] SKIP (exists): Gratitude Generosity Renunciation
  [153/234] SKIP (exists): Excitement Boredom Contentment
  [154/234] SKIP (exists): Silence
  [155/234] SKIP (exists): Courage, Fortitude and Resilience
  [156/234] SKIP (exists): One of the Hindrances is Sceptical Doubt.
  [157/234] SKIP (exists): Scientism meets Buddhism (Buddhadhamma?)
  [158/234] SKIP (exists): What is our basic disposition to life?
  [159/234] SKIP (exists): Fear!
  [160/234] SKIP (exists): Beauty.
  [161/234] SKIP (exists): The Wisdom of Uncertainty
  [162/234] SKIP (exists): Patience
  [163/234] SKIP (exists): Overcoming the Corruptions of Generosity
  [164/234] SKIP (exists): The World is in a terrible state.
  [165/234] SKIP (exists): The Treasure of Things
  [166/234] SKIP (exists): Equanimity Carl
  [167/234] SKIP (exists): The years where do they go. New Year Encouragement
  [168/234] SKIP (exists): Understand and See things as they really are
  [169/234] SKIP (exists): Constant Curiosity Carl
  [170/234] SKIP (exists): Kamma Noirin
  [171/234] SKIP (exists): Progress
  [172/234] SKIP (exists): Who Decides? Carl
  [173/234] SKIP (exists): Delusion, caring for illusion.
  [174/234] SKIP (exists): The world is not in a good place.
  [175/234] SKIP (exists): Happy New Year
  [176/234] SKIP (exists): Sickness
  [177/234] SKIP (exists): Yearning for a Better World
  [178/234] SKIP (exists): Balancing Lay and Spiritual Life
  [179/234] SKIP (exists): Wildflower Wisdom
  [180/234] SKIP (exists): Dealing with the Stories that Make Us Suffer
  [181/234] SKIP (exists): The Wisdom and Virtues of Insecurity
  [182/234] SKIP (exists): As Winter Approaches
  [183/234] SKIP (exists): Guidelines For a New Year's Resolution
  [184/234] SKIP (exists): Coronavirus : Messenger from the Gods
  [185/234] SKIP (exists): Quench all Resentments.
  [186/234] SKIP (exists): Exiting Lockdown
  [187/234] SKIP (exists): Committing to the Path
  [188/234] SKIP (exists): Beauty
  [189/234] SKIP (exists): Motivation for Practice
  [190/234] SKIP (exists): All in the Mind
  [191/234] SKIP (exists): Perfection, Elitism and Excellence.
  [192/234] SKIP (exists): Material World
  [193/234] SKIP (exists): Inner Voices
  [194/234] SKIP (exists): Full Catastrophe Ethics
  [195/234] SKIP (exists): On Learning how to be with Climate and Social Brea
  [196/234] SKIP (exists): Living in the here and now. Bhante Bodhidhamma
  [197/234] SKIP (exists): Being Human Bhante Bodhidhamma
  [198/234] SKIP (exists): Sympathy Empathy Compassion Bhante Bodhidhamma
  [199/234] SKIP (exists): Non-Violence is not Pacificism Bhante Bodhidhamma
  [200/234] SKIP (exists): Neoliberalism and Buddhadhamma Bhante Bodhidhamma
  [201/234] SKIP (exists): Dullness and Lethargy: Our Two Very Good Friends C
  [202/234] SKIP (exists): Preparing for Climate Change - First Ethical Maxim
  [203/234] SKIP (exists): Red Lines, Sila - Third Ethical Maxim Noirin Sheah
  [204/234] SKIP (exists): Radical Hope, Saddha - Second Ethical Maxim Noirin
  [205/234] SKIP (exists): New Year Resolutions and the Third Maxim  Noirin S
  [206/234] SKIP (exists): 4th Maxim (i) : Opportunity Knocks  Noirin Sheahan
  [207/234] SKIP (exists): 4th Maxim (ii) : Spiral to Freedom  Noirin Sheahan
  [208/234] SKIP (exists): Fourth Maxim (iii) : Path to Transcendence  Noirin
  [209/234] SKIP (exists): Equanimity : The Most Important Virtue Bhante Bodh
  [210/234] SKIP (exists): The Danger of Nihilism  Bhante Bodhidhamma
  [211/234] SKIP (exists): Neo-Fascism  Bhante Bodhidhamma
  [212/234] SKIP (exists): The Gift of Joy Mudita Bhante Bodhidhamma
  [213/234] SKIP (exists): ‘We just follow circumstance.’  Bhante Bodhidhamma
  [214/234] SKIP (exists): To Love or To Be Loved. That is the Question.  Bha
  [215/234] SKIP (exists): Samsara : doomed to suffer over and over again? Bh
  [216/234] SKIP (exists): Compassion : To Care  Bhante Bodhidhamma
  [217/234] SKIP (exists): Compassion : A Path of Liberation  Bhante Bodhidha
  [218/234] SKIP (exists): Fifth Maxim: Develop the Body and Mind  Noirin She
  [219/234] SKIP (exists): The Buddha’s Alter Ego : The World Conquering Mona
  [220/234] SKIP (exists): There is a Body: Exploring the Mind-Body Relations
  [221/234] SKIP (exists): Self-love and Self-Acceptance  Bhante Bodhidhamma
  [222/234] SKIP (exists): The Crucial Role of Desire and Intention.  Bhante 
  [223/234] SKIP (exists): Mindfulness meets Metta Noirin Sheahan
  [224/234] SKIP (exists): Surely meditation shouldn't feel like this?  Noiri
  [225/234] SKIP (exists): The Fire Sermon
  [226/234] SKIP (exists): Why spend a week or more on retreat?
  [227/234] SKIP (exists): Nibanna is Close at Hand!
  [228/234] SKIP (exists): AI 'Art'
  [229/234] SKIP (exists): A Field of Barley
  [230/234] SKIP (exists): War!
  [231/234] SKIP (exists): The Enlightenment and its Demise.
  [232/234] SKIP (exists): The Enlightenment and Possible Salvation.
  [233/234] SKIP (exists): Sixth Maxim: Act for the Future Generations of All
  [234/234] SKIP (exists): Cultivating Metta for Future Generations.

✓ Descriptions generated: 0 API calls
/home/freedomfighter/code/traduction/satipanya-podcast/score_literary.py:89: DeprecationWarning: The model 'claude-sonnet-4-20250514' is deprecated and will reach end-of-life on June 15th, 2026.
Please migrate to a newer model. Visit https://docs.anthropic.com/en/docs/resources/model-deprecations for more information.
  response = client.messages.create(
/home/freedomfighter/code/traduction/satipanya-podcast/score_literary.py:89: DeprecationWarning: The model 'claude-sonnet-4-20250514' is deprecated and will reach end-of-life on June 15th, 2026.
Please migrate to a newer model. Visit https://docs.anthropic.com/en/docs/resources/model-deprecations for more information.
  response = client.messages.create(
✓ 25/100 — This is a straightforward guided meditation with clear instr
[4/635] guided_meditations S01E04 — 45 minute Assisted Meditation... ✓ 25/100 — This guided meditation transcript is predominantly repetitiv
[6/635] guided_meditations S01E06 — 30 minute Heartcare Meditation... ✓ 52/100 — This guided meditation has clear structure and some effectiv
[8/635] guided_meditations S01E08 — Just Metta... ✓ 62/100 — This dharma talk demonstrates solid structure and practical 
[10/635] guided_meditations S01E10 — Mahasi Sayadaw Introductory Talk... ✓ 25/100 — This is primarily instructional content for chanting pronunc
[12/635] guided_meditations S02E02 — Morning Chant... ✓ 15/100 — This is primarily traditional Buddhist chanting in Pali with
[14/635] guided_meditations S02E04 — Refuges and Precepts... ✓ 15/100 — This is purely traditional Pali chanting with repetitive for
[16/635] guided_meditations S02E06 — Metta Discourse... ✓ 55/100 — The talk demonstrates solid organization and some vivid meta
[18/635] dhammabytes S01E02 — 02 Discourse to the Kalamas... ✓ 45/100 — The talk demonstrates decent structure through textual analy
[20/635] dhammabytes S01E04 — 04 How to Test the Buddha... ✓ 65/100 — This talk demonstrates solid structure and accessible explan
[22/635] dhammabytes S02E02 — 02 The Birth of the Buddha... ✓ 45/100 — The talk demonstrates clear structure and some engaging stor
[24/635] dhammabytes S02E04 — 04 The Essence of the Awakening... ✓ 65/100 — This talk demonstrates solid structure and clear explanation
[26/635] dhammabytes S03E02 — Asava-Taints, Ogha-Floods, Yoga-Yokes... ✓ 68/100 — This dharma talk demonstrates solid structure and educationa
[28/635] dhammabytes S03E04 — Dukkha - A Hard Place... ✓ 72/100 — This talk demonstrates strong philosophical depth and vivid 
[30/635] dhammabytes S03E06 — Panya - Wisdom and Intuitive Intelligence... ✓ 72/100 — This dharma talk demonstrates strong structural clarity and 
[32/635] dhammabytes S03E08 — Samyojana - The first three Fetters... ✓ 65/100 — This dharma talk demonstrates solid structure and good use o
[34/635] dhammabytes S03E10 — Sati - Knowing... ✓ 68/100 — This dharma talk demonstrates solid structure connecting med
[36/635] dhammabytes S03E12 — Sila - Good Conduct... ✓ 45/100 — While the talk has a clear central theme and includes some e
[38/635] dhammabytes S04E02 — 02. Sila Virtuous Conduct... ✓ 72/100 — This dharma talk demonstrates strong literary quality with c
[40/635] dhammabytes S04E04 — 04. Panya Intuitive Intelligence and Wisdom... ✓ 68/100 — This dharma talk demonstrates solid structure and engaging m
[42/635] dhammabytes S04E06 — 06. Khanti Patience... ✓ 55/100 — This talk has decent structure and relatable examples (TVP s
[44/635] dhammabytes S04E08 — 08. Adhitthana Resolution.... ✓ 72/100 — This dharma talk demonstrates strong conceptual clarity and 
[46/635] dhammabytes S05E02 — Karuna - Compassion... ✓ 45/100 — This talk has a clear structure covering mudita systematical
[48/635] dhammabytes S05E04 — Upekkha - Equanimity... ✓ 67/100 — This talk demonstrates solid structure and depth in explorin
[50/635] dhammabytes S06E02 — Dhamma as Refuge... ✓ 62/100 — The talk demonstrates solid doctrinal knowledge and clear st
[52/635] dhammabytes S07E01 — Khandha The Aggregates... ✓ 52/100 — The talk demonstrates solid structure and effective use of c
[54/635] dhammabytes S07E03 — Vedana Feeling... ✓ 45/100 — The talk has decent educational structure and some technical
[56/635] dhammabytes S07E05 — Sankhara Volitional Conditioning... ✓ 62/100 — This dharma talk demonstrates solid structure and meaningful
[58/635] dhammabytes S08E01 — 1. Avijja - not-knowing... ✓ 72/100 — This is a well-structured dharma talk with clear progression
[60/635] dhammabytes S08E03 — 3. Salayatana Vedana Phasa Six senses Contact Feeling... ✓ 62/100 — This dharma talk demonstrates solid doctrinal understanding 
[62/635] dhammabytes S08E05 — 5. paticca samuppada dependent origination to samsara... ✓ 65/100 — This dharma talk demonstrates solid structure and some effec
[64/635] dhammabytes S09E01 — 1. Indulgence... ✓ 62/100 — This dharma talk demonstrates solid structure and practical 
[66/635] dhammabytes S09E03 — 3. The First Noble Truth of Suffering... ✓ 62/100 — A well-structured dharma talk with clear explanations and pr
[68/635] dhammabytes S09E05 — 5. The Third Noble Truth:The End of Suffering... ✓ 65/100 — The talk demonstrates good structural organization and insig
[70/635] dhammabytes S09E07 — 7. The Buddha's Enlightenment becomes universal... ✓ 52/100 — The talk demonstrates solid structure and meaningful content
[72/635] dhammabytes S10E02 — 2 Not-self - Impermanence and Suffering... ✓ 75/100 — This is a well-structured dharma talk that skillfully weaves
[74/635] dhammabytes S11E01 — 01. Sickness Ageing and Death... ✓ 68/100 — The talk demonstrates solid literary quality with clear stru
[76/635] dhammabytes S11E03 — 03. The Two Darts... ✓ 65/100 — The talk demonstrates solid structure and engaging storytell
[78/635] dhammabytes S11E05 — 05. Clinging causes Anxiety plus... ✓ 65/100 — The talk demonstrates solid structure and insightful comment
[80/635] dhammabytes S11E07 — 07. Envy and Niggardliness the Cause of Conflict... ✓ 45/100 — The talk has a clear structure following the Buddhist chain 
[82/635] dhammabytes S11E09 — 09. Power... ✓ 62/100 — The talk demonstrates good structural organization and effec
[84/635] dhammabytes S11E11 — 11. Rounds of Becoming... ✓ 65/100 — This dharma talk demonstrates solid structure and clear peda
[86/635] dhammabytes S12E01 — 1. Righteous Governement and Righteous Ruler... ✓ 42/100 — The talk shows decent narrative structure in retelling Buddh
[88/635] dhammabytes S12E03 — 3. The Six Directions Ritual as useless or meaningful... ✓ 52/100 — The talk has decent structure and some engaging personal ane
[90/635] dhammabytes S12E05 — 5. Husbands and Wives... ✓ 55/100 — This talk demonstrates solid clarity in explaining Buddhist 
[92/635] dhammabytes S12E07 — 7. Use of wealth for Happiness... ✓ 65/100 — The talk demonstrates solid structure and clear explanations
[94/635] foundation_course S01E01 — The First Noble Truth - Dukkha Dukkha... ✓ 72/100 — This dharma talk demonstrates strong structural clarity and 
[96/635] foundation_course S01E03 — The First Noble Truth - The Three Characteristics... ✓ 72/100 — This is a well-structured dharma talk with clear argumentati
[98/635] foundation_course S01E05 — The Second Noble Truth - The Wheel of Dependent Origination... ✓ 72/100 — This dharma talk demonstrates strong structural organization
[100/635] foundation_course S01E07 — The Fourth Noble Truth - Morality - Sila... ✓ 72/100 — This is a well-structured dharma talk with clear organizatio
[102/635] foundation_course S01E09 — The Fourth Noble Truth - Right Understanding... ✓ 72/100 — This is a well-structured, comprehensive dharma talk that ef
[104/635] foundation_course S02E01 — Moods, Emotions and Feelings... ✓ 72/100 — This talk demonstrates strong structural organization, effec
[106/635] foundation_course S02E03 — The End of Guilt... ✓ 72/100 — This dharma talk demonstrates strong structural organization
[108/635] foundation_course S02E05 — The Divine Abodes... ✓ 72/100 — This is a well-structured, intellectually rigorous dharma ta
[110/635] foundation_course S02E07 — Wheel of Dependent Origination... ✓ 78/100 — This is a well-structured, comprehensive dharma talk with cl
[112/635] foundation_course S02E09 — The Sangha... ✓ 72/100 — This is a well-structured, comprehensive dharma talk with cl
[114/635] foundation_course S02E11 — The Noble Silence... ✓ 72/100 — This transcript demonstrates strong depth of insight and ski
[116/635] dharma_talks S01E02 — The Mahasi Method... ✓ 72/100 — This dharma talk demonstrates strong structural organization
[118/635] dharma_talks S01E04 — Faith... ✓ 72/100 — This talk demonstrates strong narrative engagement through p
[120/635] dharma_talks S01E06 — Is Awareness Enough... ✓ 75/100 — This dharma talk demonstrates strong literary quality with c
[122/635] dharma_talks S01E08 — Spiritual Faculties and Factors of Enlightenment... ✓ 73/100 — This is a well-structured dharma talk with clear organizatio
[124/635] dharma_talks S01E10 — The Buddha and the Hindrances... ✓ 72/100 — This dharma talk demonstrates strong literary quality with v
[126/635] dharma_talks S01E12 — Eroticism, Romance, Love, Distraction and Boredom... ✓ 72/100 — This dharma talk demonstrates strong structural organization
[128/635] dharma_talks S01E14 — Vedana Feeling... ✓ 75/100 — This dharma talk demonstrates strong literary quality with c
[130/635] dharma_talks S01E16 — Foregiveness... ✓ 72/100 — This dharma talk demonstrates strong literary quality with s
[132/635] dharma_talks S01E18 — The Perfections Turned Inward... ✓ 72/100 — This dharma talk demonstrates strong structural organization
[134/635] dharma_talks S02E02 — Impermanence and Not-self... ✓ 52/100 — The talk demonstrates solid understanding of Buddhist concep
[136/635] dharma_talks S02E04 — Wheel of Dependent Origination... ✓ 68/100 — This dharma talk demonstrates strong philosophical depth and
[138/635] dharma_talks S02E06 — Kamma... ✓ 72/100 — This is a well-structured, intellectually rigorous dharma ta
[140/635] dharma_talks S02E08 — Premodern, Modern, Postmodernism And Buddhism... ✓ 72/100 — The talk demonstrates strong thematic structure and insightf
[142/635] dharma_talks S02E10 — Buddhist View of Christ's Teaching... ✓ 72/100 — This is a sophisticated and well-structured dharma talk that
[144/635] dharma_talks S02E12 — The Gratification, the Danger and the Escape... ✓ 72/100 — This dharma talk demonstrates strong philosophical depth and
[146/635] dharma_talks S03E02 — Bodhisatta's Birth to Renunciation... ✓ 78/100 — This dharma talk demonstrates sophisticated literary merit t
[148/635] dharma_talks S03E04 — The Awakening... ✓ 72/100 — This dharma talk demonstrates strong narrative engagement th
[150/635] dharma_talks S04E01 — Meditation and Daily Life... ✓ 72/100 — This transcript demonstrates strong dharma teaching with cle
[152/635] dharma_talks S04E03 — The Eightfold Path and Daily Life... ✓ 78/100 — This is an articulate, well-structured dharma talk that skil
[154/635] dharma_talks S05E01 — 1. Starting a Retreat... ✓ 35/100 — This guided meditation transcript shows clear instructional 
[156/635] dharma_talks S05E03 — A Detailed Guided Meditation... ✓ 75/100 — This dharma talk demonstrates strong literary quality with s
[158/635] dharma_talks S05E05 — 2. The Mahasi Technique... ✓ 72/100 — This is a well-structured and eloquent dharma talk that skil
[160/635] dharma_talks S05E07 — Basics of Insight Meditation 04 2026Video... ✓ 72/100 — This dharma talk demonstrates strong structural organization
[162/635] dharma_talks S05E09 — 5. Right Awareness Intro.to Vipassana... ✓ 72/100 — This is a well-structured dharma talk with excellent use of 
[164/635] dharma_talks S05E11 — 7. The Ethical Psychology of the Buddha (Dependent Origination)... ✓ 42/100 — While the talk covers substantial philosophical ground with 
[166/635] dharma_talks S05E13 — 8. Living Life according to the Dhamma... ✓ 35/100 — This is primarily a guided meditation with repetitive formul
[168/635] dharma_talks S05E15 — Guided Bodycare... ✓ 72/100 — This dharma talk demonstrates strong literary quality with c
[170/635] dharma_talks S06E02 — Exploring Dukkha... ✓ 65/100 — This Q&A session demonstrates solid teaching ability with cl
[172/635] dharma_talks S06E04 — Revising the Principles of Meditation... ✓ 72/100 — This is a well-structured dharma talk with clear progression
[174/635] dharma_talks S07E01 — Practice into Daily Life (Xmas 2006)... ✓ 45/100 — The talk has some engaging concepts and occasional vivid ill
[176/635] dharma_talks S08E01 — Q&A Resistance Rebirth and Moral Justice What suffers Mindfulness Apps Spiritual Attainments.To play the media you will need to either update your browser to a recent version or update yourFlash plugin... ✓ 78/100 — This dharma talk demonstrates strong literary quality throug
[178/635] dharma_talks S09E02 — 02 The Body - Kayagasati Sutta MN131.To play the media you will need to either update your browser to a recent version or update yourFlash plugin... ✓ 55/100 — This dharma talk shows solid understanding of Buddhist conce
[180/635] dharma_talks S09E04 — Dependent Origination leading to awakening in ordinary Daily life..To play the media you will need to either update your browser to a recent version or update yourFlash plugin... ✓ 72/100 — This dharma talk demonstrates strong literary quality with c
[182/635] dharma_talks S09E06 — .To play the media you will need to either update your browser to a recent version or update yourFlash plugin... ✓ 72/100 — This is an eloquent and insightful dharma talk with sophisti
[184/635] dharma_talks S09E08 — Roads to Power.To play the media you will need to either update your browser to a recent version or update yourFlash plugin... ✓ 72/100 — This dharma talk demonstrates strong structural organization
[186/635] dharma_talks S09E10 — The First Discourse on Turning the Wheel of the Dhamma..To play the media you will need to either update your browser to a recent version or update yourFlash plugin... ✓ 72/100 — This dharma talk demonstrates strong intellectual depth and 
[188/635] dharma_talks S09E12 — Kamma, Rebirth and Transcendence : A top down view of the Buddhadhamma..To play the media you will need to either update your browser to a recent version or update yourFlash pluginTwenty Cases Suggestive of Reincarnation - Ian Stevenson... ✓ 72/100 — This dharma talk demonstrates strong literary quality with c
[190/635] dharma_talks S10E01 — Buddha Day Address: What was the mindset of the Bodhisatta when he left his family and what made him carry on?.To play the media you will need to either update your browser to a recent version or update yourFlash plugin... ✓ 72/100 — This transcript demonstrates strong depth of insight and ski
[192/635] dharma_talks S10E04 — The Need for Sangha. community and Q's about Ordinary Daily Life..To play the media you will need to either update your browser to a recent version or update yourFlash plugin... ✓ 72/100 — This dharma talk demonstrates strong literary quality throug
[194/635] dharma_talks S11E02 — The Three Characteristics..To play the media you will need to either update your browser to a recent version or update yourFlash plugin... ✓ 72/100 — This dharma talk demonstrates strong structural organization
[196/635] dharma_talks S11E04 — Deconstruction..To play the media you will need to either update your browser to a recent version or update yourFlash plugin... ✓ 72/100 — This dharma talk demonstrates strong literary quality with w
[198/635] dharma_talks S11E06 — Ethics Not-self and Liberation.To play the media you will need to either update your browser to a recent version or update yourFlash plugin... ✓ 72/100 — This dharma talk demonstrates strong structural development 
[200/635] dharma_talks S12E02 — Q&A Detachment Engagement Motivation Devotion..To play the media you will need to either update your browser to a recent version or update yourFlash plugin... ✓ 75/100 — This dharma talk demonstrates strong literary quality with w
[202/635] dharma_talks S12E04 — Kamma Revisited..To play the media you will need to either update your browser to a recent version or update yourFlash plugin... ✓ 52/100 — This transcript shows decent organizational structure with c
[204/635] dharma_talks S12E06 — Refinement,Sublimation and the Eightfold Path..To play the media you will need to either update your browser to a recent version or update yourFlash plugin... ✓ 58/100 — This dharma talk demonstrates solid understanding of Buddhis
[206/635] dharma_talks S12E08 — Kamma and Free Will..To play the media you will need to either update your browser to a recent version or update yourFlash plugin... ✓ 72/100 — This dharma talk demonstrates strong literary quality with s
[208/635] dharma_talks S12E10 — Reiki 10 06 2015..To play the media you will need to either update your browser to a recent version or update yourFlash plugin... ✓ 75/100 — This transcript demonstrates strong literary quality with we
[210/635] dharma_talks S12E12 — Dependent Origination and the Quality of Right Awareness..To play the media you will need to either update your browser to a recent version or update yourFlash plugin... ✓ 72/100 — This is a well-structured dharma talk with vivid storytellin
[212/635] dharma_talks S12E14 — The Prognosis is Very Good..To play the media you will need to either update your browser to a recent version or update yourFlash plugin... ✓ 72/100 — This dharma talk demonstrates strong literary quality with e
[214/635] dharma_talks S13E02 — Christmas Talk re the Path.To play the media you will need to either update your browser to a recent version or update yourFlash plugin... ✓ 72/100 — This dharma talk demonstrates strong literary quality with w
[216/635] dharma_talks S13E04 — How to critique the Dhamma and Buddha.To play the media you will need to either update your browser to a recent version or update yourFlash plugin... ✓ 72/100 — The talk demonstrates solid structure and Buddhist doctrinal
[218/635] dharma_talks S13E06 — Talk to the European Teachers Meeting How I came to establish a non-community..To play the media you will need to either update your browser to a recent version or update yourFlash plugin... ✓ 72/100 — This dharma talk demonstrates strong organizational structur
[220/635] dharma_talks S14E02 — The Body and the Discourse on How to Establish Right Awareness..To play the media you will need to either update your browser to a recent version or update yourFlash plugin... ✓ 72/100 — This Q&A session demonstrates strong dharma teaching with vi
[222/635] dharma_talks S14E04 — Mindfulness : Time.To play the media you will need to either update your browser to a recent version or update yourFlash plugin... ✓ 72/100 — This dharma talk demonstrates strong storytelling with vivid
[224/635] dharma_talks S14E06 — Retreats : Attachment : Children and Suffering.To play the media you will need to either update your browser to a recent version or update yourFlash plugin... ✓ 72/100 — This transcript demonstrates substantial depth of insight an
[226/635] dharma_talks S15E02 — Hope to Inspire.To play the media you will need to either update your browser to a recent version or update yourFlash plugin... ✓ 72/100 — This dharma talk demonstrates strong structure, vivid analog
[228/635] dharma_talks S15E04 — The Problem of Identity..To play the media you will need to either update your browser to a recent version or update yourFlash plugin... ✓ 52/100 — The talk demonstrates solid dharma content and some effectiv
[230/635] dharma_talks S16E01 — 1. Starting a Retreat.To play the media you will need to either update your browser to a recent version or update yourFlash plugin... ✓ 72/100 — This dharma talk demonstrates strong structural coherence, r
[232/635] dharma_talks S16E03 — Not-Self Indulgence and all.To play the media you will need to either update your browser to a recent version or update yourFlash plugin... ✓ 72/100 — This dharma talk demonstrates strong literary quality with c
[234/635] dharma_talks S16E05 — The Body and the Three Characteristics.To play the media you will need to either update your browser to a recent version or update yourFlash plugin... ✓ 62/100 — This talk demonstrates good technical knowledge and uses eff
[236/635] dharma_talks S16E07 — Why we need a technique.To play the media you will need to either update your browser to a recent version or update yourFlash plugin... ✓ 72/100 — This dharma talk demonstrates solid structure and clear argu
[238/635] dharma_talks S16E09 — Questions and Answers A Dolly Mixture.To play the media you will need to either update your browser to a recent version or update yourFlash plugin... ✓ 32/100 — While the talk has clear structure and meaningful content ab
[240/635] dharma_talks S16E11 — The Kamma of Liberation.To play the media you will need to either update your browser to a recent version or update yourFlash plugin... ✓ 72/100 — This transcript demonstrates strong dharma teaching with cle
[242/635] dharma_talks S17E01 — Dignity and the Qualities of a Ruler.To play the media you will need to either update your browser to a recent version or update yourFlash plugin... ✓ 72/100 — This dharma talk demonstrates strong depth of insight and cl
[244/635] dharma_talks S17E03 — Samatha-Vipassana.To play the media you will need to either update your browser to a recent version or update yourFlash plugin... ✓ 72/100 — This dharma talk demonstrates strong structural organization
[246/635] dharma_talks S17E05 — Buddha Day Address with Refuges and Precepts.To play the media you will need to either update your browser to a recent version or update yourFlash plugin... ✓ 65/100 — The talk demonstrates good thematic coherence and uses some 
[248/635] dharma_talks S17E07 — Metta, Applied and Sustained Thought, Buddhamind.To play the media you will need to either update your browser to a recent version or update yourFlash plugin... ✓ 72/100 — This dharma talk demonstrates strong intellectual depth and 
[250/635] dharma_talks S17E09 — The Mahasi Method.To play the media you will need to either update your browser to a recent version or update yourFlash plugin... ✓ 72/100 — This talk demonstrates strong philosophical depth and skillf
[252/635] dharma_talks S17E11 — There is no separation between vipassana and ordinary daily life.To play the media you will need to either update your browser to a recent version or update yourFlash plugin... ✓ 35/100 — While the talk contains some insightful dharma content, it s
[254/635] dharma_talks S17E13 — Why didn't the Buddha return to lay life.To play the media you will need to either update your browser to a recent version or update yourFlash plugin... ✓ 72/100 — This transcript demonstrates strong philosophical depth and 
[256/635] dharma_talks S17E15 — Dukkha Unsatisfactoriness et al.To play the media you will need to either update your browser to a recent version or update yourFlash plugin... ✓ 72/100 — This dharma talk demonstrates strong depth of insight and vi
[258/635] dharma_talks S17E17 — The practice and the pitfalls of metta, goodwill practice.To play the media you will need to either update your browser to a recent version or update yourFlash plugin... ✓ 68/100 — This dharma talk demonstrates strong insights and practical 
[260/635] dharma_talks S18E02 — Samatha and - or Vipassana.To play the media you will need to either update your browser to a recent version or update yourFlash plugin... ✓ 78/100 — This dharma talk demonstrates strong literary quality throug
[262/635] dharma_talks S18E04 — Karma, Dependent Origination, Virtue and Liberation.To play the media you will need to either update your browser to a recent version or update yourFlash plugin... ✓ 65/100 — This dharma talk demonstrates solid structure and depth of i
[264/635] dharma_talks S18E06 — Faith and the Spiritual Life.To play the media you will need to either update your browser to a recent version or update yourFlash plugin... ✓ 72/100 — This dharma talk demonstrates strong clarity of structure, s
[266/635] dharma_talks S18E08 — The Buddha's Quest - A Public Talk.To play the media you will need to either update your browser to a recent version or update yourFlash plugin... ✓ 75/100 — This dharma talk demonstrates strong literary quality throug
[268/635] dharma_talks S18E10 — There is no reason for being!.To play the media you will need to either update your browser to a recent version or update yourFlash plugin... ✓ 72/100 — This dharma talk demonstrates strong structural organization
[270/635] dharma_talks S19E01 — https://www.satipanya.org.uk/wp-content/uploads/2020/04/Evening-Lockdown-Meditation.mp4... ✓ 35/100 — The talk shows basic organization and includes some interest
[272/635] dharma_talks S19E03 — https://www.satipanya.org.uk/wp-content/uploads/2020/04/02-First-Three-Noble-Truths.mp4... ✓ 45/100 — The talk shows decent structure and contains some engaging a
[274/635] dharma_talks S19E05 — https://www.satipanya.org.uk/wp-content/uploads/2020/04/04-Contemplation-of-Death-Living-more-awake.mp4... ✓ 65/100 — This transcript demonstrates solid literary quality with eng
[276/635] dharma_talks S19E07 — https://www.satipanya.org.uk/wp-content/uploads/2020/04/06-Renunciation-and-Buddhas-First-Occasion-to-Teach.mp4... ✓ 72/100 — This talk demonstrates strong literary quality through vivid
[278/635] dharma_talks S19E09 — https://www.satipanya.org.uk/wp-content/uploads/2020/04/08-Mindfulness-at-work-And-Right-View-Right-Attitude.mp4... ✓ 62/100 — The talk demonstrates solid structure and practical wisdom w
[280/635] dharma_talks S19E11 — https://www.satipanya.org.uk/wp-content/uploads/2020/04/10-Grief-1.mp4... ✓ 72/100 — This dharma talk demonstrates strong structural organization
[282/635] dharma_talks S19E13 — https://www.satipanya.org.uk/wp-content/uploads/2020/04/12-The-Investigation-of-Eating-1.mp4... ✓ 65/100 — This dharma talk demonstrates solid teaching ability with cl
[284/635] dharma_talks S19E15 — https://www.satipanya.org.uk/wp-content/uploads/2020/04/14-Not-self-Revisited-The-story-of-Sati-MN38-1.mp4... ✓ 55/100 — The talk demonstrates solid understanding and clear structur
[286/635] dharma_talks S19E17 — https://www.satipanya.org.uk/wp-content/uploads/2020/04/16.-Investigating-Not-self-The-Pratice.mp4... ✓ 65/100 — The talk demonstrates solid organizational structure moving 
[288/635] dharma_talks S19E19 — https://www.satipanya.org.uk/wp-content/uploads/2020/04/18-Overcoming-the-Taints-by-Restraint.mp4... ✓ 58/100 — The talk demonstrates solid practical wisdom and clear organ
[290/635] dharma_talks S19E21 — https://www.satipanya.org.uk/wp-content/uploads/2020/04/20-Overcoming-the-Taints-by-Endurance.mp4... ✓ 72/100 — This dharma talk demonstrates strong doctrinal knowledge and
[292/635] dharma_talks S20E01 — Refuges and Precepts with Metta... ✓ 62/100 — This dharma talk demonstrates solid structure and practical 
[294/635] dharma_talks S21E02 — Video... ✓ 45/100 — The talk shows decent structure and some engaging metaphors 
[296/635] dharma_talks S21E04 — Video... ✓ 45/100 — This transcript shows decent structure and practical instruc
[298/635] dharma_talks S21E06 — Video... ✓ 62/100 — The talk demonstrates solid structural organization around t
[300/635] dharma_talks S22E02 — Love and Relationship.... ✓ 52/100 — This guided meditation has clear structure and gentle, acces
[302/635] dharma_talks S22E04 — The introduction... ✓ 65/100 — This dharma talk demonstrates good structural organization a
[304/635] dharma_talks S23E01 — Video... ✓ 72/100 — This is a well-structured dharma talk with engaging personal
[306/635] dharma_talks S23E03 — 2024 Jan. 21 The importance of Tranquillity Passaddhi:... ✓ 72/100 — This is a well-structured dharma talk with clear organizatio
[308/635] dharma_talks S23E05 — Equanimity... ✓ 72/100 — This talk demonstrates strong conceptual clarity and effecti
[310/635] dharma_talks S23E07 — 2023 June 11 Fear and Courage.... ✓ 55/100 — The talk demonstrates solid organization and meaningful pers
[312/635] dharma_talks S23E09 — 2023 Oct 01 'Good Friendship, Companionship, Good Comradeship is the Whole of the Spiritual Life.'... ✓ 62/100 — The talk has a clear three-part structure exploring gratitud
[314/635] dharma_talks S23E11 — 2022 Jul 17 Need, Sufficiency and Greed -... ✓ 65/100 — This dharma talk demonstrates solid structure and accessible
[316/635] dharma_talks S23E13 — Video... ✓ 45/100 — The talk has clear structure in systematically covering the 
[318/635] dharma_talks S24E02 — The Buddha and War... ✓ 62/100 — The talk demonstrates solid structure through careful analys
[320/635] dharma_talks S25E01 — 2025 June 08 What was the Buddha's great disovery?... ✓ 65/100 — This dharma talk demonstrates solid structure and insightful
[322/635] dharma_talks S25E03 — Video... ✓ 62/100 — The talk demonstrates solid structure and meaningful content
[324/635] dharma_talks S26E02 — 2024 June 23 The Unattractive Nature of the Body... ✓ 52/100 — This talk has solid structural organization and practical wi
[326/635] dharma_talks S26E04 — Karma and Rebirth... ✓ 65/100 — This dharma talk demonstrates solid structure and practical 
[328/635] dharma_talks S26E06 — 2022 Nov 06 The Contemplation of Death.... ✓ 65/100 — This dharma talk demonstrates solid structure and practical 
[330/635] dharma_talks S27E01 — The Paradox of Fear... ✓ 62/100 — A well-structured dharma talk with clear progression from et
[332/635] dharma_talks S27E03 — 2024 Feb. 25 The crucial role of Desire and Intention.... ✓ 72/100 — This talk demonstrates strong structural organization and ef
[334/635] dharma_talks S27E05 — 2024 August 18 The Specific Law of Conditionality... ✓ 72/100 — This dharma talk demonstrates strong structural clarity, eff
[336/635] dharma_talks S27E07 — 2023 Jan. 08 The Four Bases of Power :... ✓ 72/100 — This is a well-structured dharma talk that skillfully weaves
[338/635] dharma_talks S27E09 — 2023 Oct 29 The Spiral Path... ✓ 62/100 — This dharma talk demonstrates solid structure and clear expo
[340/635] dharma_talks S27E11 — Dukkha (Unsatisfactoriness and Sila (Morality and Ethics) -... ✓ 42/100 — The talk has decent structure explaining dependent originati
[342/635] dharma_talks S27E13 — 2022 Oct 09 Identity and Not-Self.... ✓ 62/100 — The talk demonstrates solid structure and practical insights
[344/635] dharma_talks S28E02 — Right Livelihood... ✓ 42/100 — This talk has a clear practical structure and some effective
[346/635] dharma_talks S29E01 — Bahiya of the Bark Cloth... ✓ 75/100 — This talk demonstrates strong depth of insight and clear arg
[348/635] dharma_talks S29E03 — ,... ✓ 52/100 — The talk demonstrates clear thematic organization and some e
[350/635] dharma_talks S30E02 — Non-Violence v. Pacifism... ✓ 72/100 — This talk demonstrates strong structural organization moving
[352/635] dharma_talks S30E04 — 2022 Jun 19 Social Conditionng or Karma - Our social conditioning is a given, but even so we have to take responsibility for it and cleanse it any unwholesomeness.... ✓ 72/100 — This dharma talk demonstrates solid literary quality with cl
[354/635] dharma_talks S31E02 — ood Friendhship, Good Companionship, Good Comradeship - Ubuntu... ✓ 72/100 — This dharma talk demonstrates strong structural organization
[356/635] dharma_talks S31E04 — Karma- Specific, Conditionality the Five Laws, ethical behaviour, social karma-Neoliberalism.... ✓ 72/100 — This talk demonstrates strong argumentative structure moving
[358/635] dharma_talks S31E06 — The Mahasi Technique and What We Need to Understand to Practice Vipassana.... ✓ 72/100 — This is a well-structured dharma talk with rich metaphors an
[360/635] dharma_talks S31E08 — The Axial Age and the Momentous Discovery of the Buddha... ✓ 72/100 — This is a substantive dharma talk with clear structure explo
[362/635] dharma_talks S31E10 — Khanda, the Agregates, as Person and Sati, Awareness... ✓ 65/100 — This transcendent dharma talk demonstrates solid structure a
[364/635] dharma_talks S31E12 — Q&A Kamma / FreeWill , Metta/attachment, Momentary Concentration (khanika samadhi)... ✓ 65/100 — This Q&A demonstrates solid dharma teaching with clear struc
[366/635] dharma_talks S32E01 — Angulimala A Monologue 00.54.49 21.9 MB... ✓ 72/100 — This autobiographical dharma talk demonstrates strong narrat
[368/635] noirins_teachings S02E01 — Vipassana Instructions... ✓ 72/100 — This dharma talk demonstrates strong philosophical depth and
[370/635] noirins_teachings S03E02 — The First noble truth - Not-Self and Unsatisfactoriness... ✓ 72/100 — This dharma talk demonstrates strong structural organization
[372/635] noirins_teachings S03E04 — The Third Noble Truth - The End of Unsatisfactoriness... ✓ 72/100 — This is a well-structured dharma talk with clear progression
[374/635] noirins_teachings S04E01 — Introduction to the Mahasi Meditation Practice - read by Finola O'Siochru... ✓ 75/100 — This dharma talk demonstrates strong literary quality with e
[376/635] noirins_teachings S04E03 — 1st, 2nd & 3rd Noble Truths: Dukkha, its Cause & Cessation - r... ✓ 78/100 — This is a well-structured, comprehensive talk with clear org
[378/635] noirins_teachings S05E01 — The Hindrances - read by Finola O'Siochru... ✓ 72/100 — This is a well-structured dharma talk with excellent use of 
[380/635] noirins_teachings S05E03 — First Noble Truth: There is Dukkha - read by Finola O'Siochru... ✓ 75/100 — This is a well-structured dharma talk with clear argumentati
[382/635] noirins_teachings S05E05 — Fourth Noble Truth: The Path to the End of Dukkha - read by Finola O'Siochru... ✓ 72/100 — This transcript demonstrates strong literary quality with cl
[384/635] noirins_teachings S05E07 — Attachment: The Five Khanda - read by Finola O'Siochru... ✓ 72/100 — This dharma talk demonstrates strong structural organization
[386/635] noirins_teachings S05E09 — Divine Abiding: b. Goodwill, Metta - read by Biddy O'Connell... ✓ 75/100 — This is a well-structured dharma talk with clear progression
[388/635] noirins_teachings S05E11 — Divine Abiding, d. Appreciative Joy, Mudita - read by Therese Caherty... ✓ 78/100 — This is a sophisticated dharma talk with excellent structure
[390/635] noirins_teachings S05E13 — Spiritual Faculties - read by Finola O'Siochru... ✓ 78/100 — This talk demonstrates exceptional structural clarity and pe
[392/635] noirins_teachings S05E15 — Destruction of Craving a. Tracing back to the origin of Dukkha... ✓ 75/100 — This is a well-structured, insightful dharma talk that skill
[394/635] noirins_teachings S05E17 — Two Kinds of Thought - read by Finola O'Siochru... ✓ 72/100 — This is a well-structured dharma talk with excellent persona
[396/635] noirins_teachings S05E19 — In the Seeing, only the seeing ... (Bahiya Sutta) - read by Finola O'Siochru... ✓ 78/100 — This dharma talk demonstrates exceptional structure and dept
[398/635] noirins_teachings S05E21 — Exalted, Unexalted and other Mindstates as Foundations for Mindfulness... ✓ 78/100 — This is a well-structured dharma talk with excellent use of 
[400/635] noirins_teachings S05E23 — Building a Raft to Cross the Floods of Becoming and Ignorance... ✓ 83/100 — This is a masterfully crafted dharma talk with sophisticated
[402/635] noirins_teachings S05E25 — The Buddha's Death (Parinibbana Sutta)... ✓ 25/100 — This is primarily a guided meditation with repetitive instru
[404/635] international_talks S01E02 — Meditation Guidee Detaillee... ✓ 25/100 — This is a guided meditation transcript with basic mindfulnes
[406/635] international_talks S01E04 — Trois compréhensions nécessaires... ✓ 35/100 — This is a functional guided standing meditation with clear i
[408/635] international_talks S01E06 — Méditation Assise... ✓ 65/100 — This bilingual dharma talk demonstrates solid structure cove
[410/635] international_talks S02E02 — How we use the self and what does it mean for not-self.... ✓ 35/100 — While the talk demonstrates genuine dharma knowledge and per
[412/635] international_talks S03E02 — Non-soi... ✓ 62/100 — This dharma talk demonstrates solid philosophical structure 
[414/635] international_talks S05E01 — Le Dhamma dans la vie quotidienne ordinaire.... ✓ 72/100 — This dharma talk demonstrates strong philosophical argumenta
[416/635] international_talks S07E01 — Une tentative de comprendre le non-soi.... ✓ 45/100 — This dharma talk demonstrates decent structure covering the 
[418/635] international_talks S08E01 — Bonheur... ✓ 45/100 — While the talk shows some philosophical depth and clear Budd
[420/635] international_talks S09E01 — Metta Bhavana Bienveillance (15 min)(Lausanne Oct 2010)... ✓ 55/100 — This dharma talk demonstrates solid structure and genuine in
[422/635] international_talks S09E03 — Le Kamma de la Liberation(Lausanne Oct 2010)... ✓ 65/100 — This is a well-structured dharma talk on Vipassana meditatio
[424/635] international_talks S10E02 — Progres et d'autres sujets.... ✓ 55/100 — While this dharma talk demonstrates solid Buddhist knowledge
[426/635] international_talks S10E04 — Dependant Origination (Belgium Jan 2006)... ✓ 72/100 — This dharma talk demonstrates strong structural organization
[428/635] international_talks S10E06 — Why the Present Moment is So Important (Geneva May 2006)... ✓ 25/100 — This Q&A session lacks clear structure and contains numerous
[430/635] international_talks S10E08 — Concerning Buddhist Psychology (Geneva May 2006)... ✓ 25/100 — This transcript suffers from poor structure, repetitive lang
[432/635] international_talks S10E10 — Le Methode de Mahasi Vipassana (Lausanne Oct 2009)... ✓ 72/100 — This dharma talk demonstrates strong literary quality throug
[434/635] international_talks S10E12 — Les Facteurs de Liberation (Lausanne Oct 2009)... ✓ 72/100 — This dharma talk demonstrates strong philosophical depth and
[436/635] international_talks S11E01 — Entering the Course... ✓ 15/100 — This transcript appears to be a poorly recorded or machine-t
[438/635] international_talks S11E03 — The Joyful Aspects of Meditation... ✓ 25/100 — This transcript contains extensive non-English content (Czec
[440/635] international_talks S11E05 — The Perfections... ✓ 25/100 — This transcript contains substantial non-English content, la
[442/635] international_talks S11E07 — Evening Metta Chant and Instructions... ✓ 15/100 — This is pure Pali chanting with traditional Buddhist verses 
[444/635] international_talks S12E01 — Meditazione in Piedi e Seduta... ✓ 45/100 — This guided meditation has clear structure and detailed inst
[446/635] international_talks S12E03 — Mahasi Instructions and Metta Chant... ✓ 72/100 — This talk demonstrates strong literary quality with sophisti
[448/635] international_talks S12E05 — Factors of Enlightenment... ✓ 42/100 — The talk demonstrates solid understanding of dependent origi
[450/635] international_talks S12E07 — Kamma... ✓ 25/100 — This is primarily a guided meditation with repetitive formul
[452/635] international_talks S12E09 — c. corpo med guidata... ✓ 15/100 — This transcript appears to be fragmented instructions for a 
[454/635] youtube_channel S01E01 — Basics for Insight Meditation 01... ✓ 65/100 — This autobiographical dharma talk demonstrates solid storyte
[456/635] youtube_channel S01E03 — Talk Starting Inaugural Lockdown Evening Meditations 29/03/20... ✓ 62/100 — The talk demonstrates solid structure and depth when explain
[458/635] youtube_channel S01E05 — 01 MN9 Discourse on Right View  Wholesome and Unwholesome Kamma... ✓ 25/100 — This is primarily a guided meditation with traditional Pali 
[460/635] youtube_channel S01E07 — 03 Coronavirus and the Contemplation of Death... ✓ 45/100 — The talk shows moderate structure around contemplating death
[462/635] youtube_channel S01E09 — 05 Contemplation of Death again!... ✓ 62/100 — The talk demonstrates solid storytelling and cultural depth 
[464/635] youtube_channel S01E11 — 07 Setting the Wheel of the Dhamma in Motion... ✓ 32/100 — While the talk shows some organizational structure and addre
[466/635] youtube_channel S01E13 — 09 Right Speech, Action and Livelihood... ✓ 52/100 — The talk demonstrates solid organization around grief and so
[468/635] youtube_channel S01E15 — 11 The Nutriments: Food, Contact, Volition and Consciousness... ✓ 72/100 — This dharma talk demonstrates strong organizational structur
[470/635] youtube_channel S01E17 — 13 Discourse on the Taints MN 2 : Overcome by seeing... ✓ 72/100 — This dharma talk demonstrates strong scholarly depth and eng
[472/635] youtube_channel S01E19 — 16. Investigating Not-self - The Pratice... ✓ 72/100 — The talk demonstrates strong structural organization through
[474/635] youtube_channel S01E21 — 18 Overcoming the Taints by Restraint... ✓ 45/100 — The talk demonstrates clear practical wisdom and accessible 
[476/635] youtube_channel S01E23 — 20 Overcoming the Taints by Endurance... ✓ 32/100 — While the content shows genuine dharma insight, the talk suf
[478/635] youtube_channel S01E25 — 21b Overcoming the Taints by Removing 2... ✓ 65/100 — This dharma talk demonstrates good structural organization a
[480/635] youtube_channel S01E27 — 23 The Ten Fetters... ✓ 62/100 — The talk demonstrates solid structure moving from personal a
[482/635] youtube_channel S01E29 — 25 Reflections for an Harmonious Society... ✓ 58/100 — This dharma talk demonstrates solid structure and meaningful
[484/635] youtube_channel S01E31 — 27 What makes a Society Strong?... ✓ 42/100 — The talk has a clear educational structure following the Bud
[486/635] youtube_channel S01E33 — 29 Senses Bases Cont.... ✓ 35/100 — This guided meditation transcript follows a clear structural
[488/635] youtube_channel S01E35 — 01 Reiki with Bryan Lester... ✓ 52/100 — This is a well-structured dharma talk with clear progression
[490/635] youtube_channel S01E37 — Bodycare Practice - Metta towards the Body.... ✓ 35/100 — While the talk shows passion and includes some engaging pers
[492/635] youtube_channel S01E39 — Body as Meditation Object... ✓ 65/100 — This dharma talk demonstrates solid structure and insightful
[494/635] youtube_channel S01E41 — 03 Reiki with Bryan... ✓ 42/100 — This talk shows decent structure and thoughtful content pair
[496/635] youtube_channel S01E43 — 35 Canki Sutta MN95... ✓ 62/100 — This dharma talk demonstrates good structural organization a
[498/635] youtube_channel S01E45 — 36 Canki Sutta cont.... ✓ 42/100 — While the talk offers practical wisdom about harmonious livi
[500/635] youtube_channel S01E47 — Gaia Standing and Sitting Guided Meditation... ✓ 42/100 — This discourse explanation shows decent structural organizat
[502/635] youtube_channel S01E49 — 31b The Body... ✓ 62/100 — This dharma talk demonstrates solid structure and accessible
[504/635] youtube_channel S01E51 — 40 Discourse on the Establishment of Awareness Satipatthana  Sutta MN10... ✓ 52/100 — A solid dharma talk with clear structure and some effective 
[506/635] youtube_channel S01E53 — 42 Discourse on the Establishment of Awareness Satipatthana  Sutta MN10... ✓ 45/100 — This talk demonstrates decent structure in working through t
[508/635] youtube_channel S01E55 — 44 The Relay of Chariots MN24... ✓ 62/100 — This dharma talk demonstrates solid teaching content with cl
[510/635] youtube_channel S01E57 — 50 Dog Ascetic Discourse MN57... ✓ 62/100 — The talk demonstrates solid structure with the trilogy frame
[512/635] youtube_channel S01E59 — Spanish Introduction - Refuges and Precepts, Standing ans Sitting Meditation... ✓ 45/100 — The talk has decent structure around the topic of saddha and
[514/635] youtube_channel S01E61 — Dhp 188 - 192 The Role of Confidence.... ✓ 72/100 — This dharma talk demonstrates strong structural organization
[516/635] youtube_channel S01E63 — Dhp 4 Hatred is not overcome with hatred!... ✓ 45/100 — The talk has a clear structure with systematic exposition of
[518/635] youtube_channel S01E65 — Dhp Chapter 3 - verses 33 & 34 The Unruly Mind... ✓ 62/100 — The talk demonstrates solid structure and uses effective met
[520/635] youtube_channel S01E67 — Dhp No4 Hatred is not pacified by hatred... ✓ 62/100 — The talk demonstrates solid structure and meaningful insight
[522/635] youtube_channel S01E69 — Dhp 46 How to view the Body... ✓ 65/100 — This talk demonstrates solid understanding and clear organiz
[524/635] youtube_channel S01E71 — The NIne Qualities of the Buddha... ✓ 72/100 — This talk demonstrates strong structural organization with c
[526/635] youtube_channel S01E73 — Dhp 90 The Arahant... ✓ 42/100 — The talk demonstrates a clear practical structure and contai
[528/635] youtube_channel S01E75 — Dukkha Unsatifactoriness and Sila Morality and Ethics... ✓ 55/100 — The talk demonstrates solid structure and contains vivid ana
[530/635] youtube_channel S01E77 — Kamma and Rebirth... ✓ 55/100 — The talk has a clear structure and practical wisdom about ge
[532/635] youtube_channel S01E79 — Facets of a Love... ✓ 45/100 — While the talk demonstrates decent knowledge of Buddhist con
[534/635] youtube_channel S01E81 — Ageing... ✓ 62/100 — This talk demonstrates good structural organization moving f
[536/635] youtube_channel S01E83 — Sympathy Empathy and Compassion... ✓ 72/100 — This dharma talk demonstrates strong structural organization
[538/635] youtube_channel S01E85 — Non-Violence is not Pacificism... ✓ 72/100 — This dharma talk demonstrates strong structural coherence an
[540/635] youtube_channel S01E87 — The Buddha and War.... ✓ 62/100 — The talk demonstrates good practical structure and uses conc
[542/635] youtube_channel S01E89 — Social Conditioning or Karma... ✓ 35/100 — While the talk addresses important themes with some Buddhist
[544/635] youtube_channel S01E91 — Reset for Autumn... ✓ 78/100 — This is a well-structured dharma talk with vivid personal an
[546/635] youtube_channel S01E93 — The Contemplation of Death... ✓ 62/100 — The talk demonstrates good structural flow and meaningful co
[548/635] youtube_channel S01E95 — The Bases of Success... ✓ 45/100 — The talk has decent structure and engaging storytelling elem
[550/635] youtube_channel S01E97 — The Discourse on Bahiya of the Bark Cloth Ud.1.10... ✓ 72/100 — This dharma talk demonstrates strong structure moving logica
[552/635] youtube_channel S01E99 — Is the Buddha and athiest?... ✓ 65/100 — This dharma talk demonstrates good structural organization w
[554/635] youtube_channel S01E101 — Patience... ✓ 35/100 — The talk has clear thematic structure and demonstrates genui
[556/635] youtube_channel S01E103 — Compassion and its subtle enemies.... ✓ 72/100 — This is a well-structured dharma talk that effectively uses 
[558/635] youtube_channel S01E105 — The Five Constant Contemplations... ✓ 35/100 — This guided meditation transcript shows competent instructio
[560/635] youtube_channel S01E107 — The Discourse Developing Loving Kindness... ✓ 52/100 — This talk demonstrates decent structure and practical wisdom
[562/635] youtube_channel S01E109 — The Crucial Importance of Desire and Intention.... ✓ 15/100 — This transcript consists almost entirely of ceremonial chant
[564/635] youtube_channel S01E111 — Ceremony to Bless the Stupa   June 26th 2011   Pt 1... ✓ 15/100 — This is predominantly ritual chanting and fragmented ceremon
[566/635] youtube_channel S01E113 — Ceremony to Bless the Stupa   June 26th 2011   Pt 3... ✓ 65/100 — This talk demonstrates solid structure and clear argumentati
[568/635] youtube_channel S01E115 — Upali is converted by the Buddha MN56... ✓ 52/100 — The talk demonstrates solid organization and meaningful cont
[570/635] youtube_channel S01E117 — The Buddha's Alter Ego... ✓ 62/100 — This dharma talk demonstrates solid structure and effective 
[572/635] youtube_channel S01E119 — The Four Great Elements... ✓ 62/100 — The talk demonstrates solid scholarly knowledge and clear st
[574/635] youtube_channel S01E121 — The Dangers of Indulgence... ✓ 52/100 — This is a well-structured dharma talk with clear progression
[576/635] youtube_channel S01E123 — Forgiveness... ✓ 72/100 — This dharma talk demonstrates strong storytelling ability wi
[578/635] youtube_channel S01E125 — Dukkha - Basic Premise of the Buddhadhamma... ✓ 62/100 — The talk demonstrates solid structure and thoughtful argumen
[580/635] youtube_channel S01E127 — The Eight Worldly Conditions... ✓ 72/100 — This dharma talk demonstrates strong structural organization
[582/635] youtube_channel S01E129 — Renunciation : The Path to Liberation... ✓ 62/100 — The talk demonstrates solid structure and effective use of t
[584/635] youtube_channel S01E131 — What was the Great Discovery by the Buddha... ✓ 65/100 — The talk demonstrates solid scholarly structure and uses eff
[586/635] youtube_channel S01E133 — Extinguishing the Housebuilder... ✓ 68/100 — A well-structured dharma talk with clear progression through
[588/635] youtube_channel S01E135 — Topics of Discussion... ✓ 35/100 — While the talk has a clear traditional structure around the 
[590/635] youtube_channel S01E137 — Revsing the Basics... ✓ 45/100 — This dharma talk has a clear theme and some engaging persona
[592/635] youtube_channel S01E139 — Polarisation... ✓ 52/100 — The talk shows decent structure and practical insights but s
[594/635] youtube_channel S01E141 — Adhitthana Determination... ✓ 72/100 — This dharma talk demonstrates strong structural organization
[596/635] retreat_talks S01E01 — Detailed Guided Meditation... ✓ 72/100 — This dharma talk demonstrates strong practical wisdom and cl
[598/635] retreat_talks S01E03 — Abiding in the Present Moment Developing Equanimity... ✓ 45/100 — While this guided meditation demonstrates clear structure an
[600/635] retreat_talks S01E05 — Assisted Meditation... ✓ 25/100 — This is primarily a guided meditation with highly repetitive
[602/635] retreat_talks S01E07 — Bodycare Meditation... ✓ 72/100 — This talk demonstrates strong instructional clarity with viv
[604/635] retreat_talks S02E02 — Morning Chant with Refuges and Precepts... ✓ 15/100 — This is pure Pali chanting with repetitive formulaic phrases
[606/635] retreat_talks S03E01 — The Technique... ✓ 78/100 — This dharma talk demonstrates strong literary quality with w
[608/635] retreat_talks S03E03 — The Factors of Enlightenment... ✓ 82/100 — This dharma talk demonstrates exceptional literary quality w
[610/635] retreat_talks S03E05 — The Characteristic of Impermanence... ✓ 78/100 — This is a sophisticated dharma talk with excellent structure
[612/635] retreat_talks S03E07 — Living Life according to the Dhamma... ✓ 72/100 — This dharma talk demonstrates strong structural organization
[614/635] retreat_talks S03E09 — Vedana Feeling... ✓ 78/100 — This dharma talk demonstrates strong literary quality with e
[616/635] retreat_talks S03E11 — Eroticism Romance Love Distraction and Boredom... ✓ 72/100 — This dharma talk demonstrates strong philosophical depth, co
[618/635] retreat_talks S03E13 — Faith... ✓ 75/100 — This talk demonstrates strong literary quality with clear st
[620/635] retreat_talks S03E15 — Fear... ✓ 72/100 — This is a well-structured dharma talk with clear progression
[622/635] retreat_talks S03E17 — The Gratification, the Danger and the Escape... ✓ 82/100 — This is an eloquent and well-structured dharma talk that ski
[624/635] retreat_talks S03E19 — Rebirth... ✓ 78/100 — This dharma talk demonstrates strong literary quality throug
[626/635] retreat_talks S04E01 — The Ten Fetters... ✓ 72/100 — This dharma talk demonstrates solid literary quality with cl
[628/635] retreat_talks S04E03 — The Years of Teaching and Parinibbana... ✓ 75/100 — This dharma talk demonstrates strong literary quality with c
[630/635] retreat_talks S04E05 — The Buddha as Exemplar and Archetype... ✓ 75/100 — This transcript demonstrates strong literary quality with ex
[632/635] retreat_talks S04E07 — Free Will... ✓ 72/100 — This is a well-structured dharma talk with clear argumentati
[634/635] retreat_talks S04E09 — Right Livelihood... ✓ 15/100 — This is primarily repetitive movement instructions with mini

Terminé : 635 scorés, 0 erreurs
Catalogue sauvegardé dans /home/freedomfighter/code/traduction/satipanya-podcast/catalog.json
============================================================
Building Satipanya book collection (PDF + EPUB + DOCX)
============================================================

  Guided Meditations...
    ✓ PDF: 16 chapters, 1.1 MB
    ✓ EPUB: 16 chapters, 0.1 MB
    ✓ DOCX: 16 chapters, 0.1 MB

  A Foundation Course in Buddhism...
    ✓ PDF: 21 chapters, 1.8 MB
    ✓ EPUB: 21 chapters, 0.2 MB
    ✓ DOCX: 21 chapters, 0.2 MB

  DhammaBytes...
    ✓ PDF: 77 chapters, 5.6 MB
    ✓ EPUB: 77 chapters, 0.4 MB
    ✓ DOCX: 77 chapters, 0.3 MB

  Dharma Talks...
    ✓ PDF: 252 chapters, 23.5 MB
    ✓ EPUB: 252 chapters, 2.6 MB
    ✓ DOCX: 252 chapters, 2.3 MB

  Noirin's Teachings...
    ✓ PDF: 36 chapters, 3.5 MB
    ✓ EPUB: 36 chapters, 0.4 MB
    ✓ DOCX: 36 chapters, 0.4 MB

  International Talks...
    ✓ PDF: 51 chapters, 4.1 MB
    ✓ EPUB: 51 chapters, 0.4 MB
    ✓ DOCX: 51 chapters, 0.3 MB

  YouTube Talks...
    ✓ PDF: 142 chapters, 11.3 MB
    ✓ EPUB: 142 chapters, 0.9 MB
    ✓ DOCX: 142 chapters, 0.8 MB

  Bhante's Essays...
    ✓ PDF: 33 chapters, 2.7 MB
    ✓ EPUB: 33 chapters, 0.2 MB
    ✓ DOCX: 33 chapters, 0.2 MB

  Noirin's Essays...
    ✓ PDF: 32 chapters, 2.2 MB
    ✓ EPUB: 32 chapters, 0.1 MB
    ✓ DOCX: 32 chapters, 0.1 MB

  Tips of the Day...
    ✓ PDF: 168 chapters, 11.1 MB
    ✓ EPUB: 168 chapters, 0.4 MB
    ✓ DOCX: 168 chapters, 0.3 MB

  Retreat Talks...
    ✓ PDF: 40 chapters, 3.7 MB
    ✓ EPUB: 40 chapters, 0.4 MB
    ✓ DOCX: 40 chapters, 0.4 MB

  Selected Talks...
    ✓ PDF: 120 chapters, 10.6 MB
    ✓ EPUB: 120 chapters, 1.1 MB
    ✓ DOCX: 120 chapters, 1.0 MB

============================================================
Books output: /home/freedomfighter/code/traduction/satipanya-podcast/site/books/
============================================================
Font MPDFAA+NotoSerif is missing the following glyphs: '😉' (\U0001f609), '🤨' (\U0001f928), '🤯' (\U0001f92f), '🤔' (\U0001f914)
╔══════════════════════════════════════════════════════════╗
║       Satipanya Dharma Library — Full Update            ║
╚══════════════════════════════════════════════════════════╝

============================================================
  Pass 1: Scraping catalog (site + YouTube)
============================================================


  ✓ Pass 1: Scraping catalog (site + YouTube) done (0m44s)

============================================================
  Pass 1b: Scanning local retreat files
============================================================


  ✓ Pass 1b: Scanning local retreat files done (0m00s)

============================================================
  Pass 1c: Probing local retreat files
============================================================


  ✓ Pass 1c: Probing local retreat files done (0m00s)

============================================================
  Pass 2: Probing new files
============================================================


  ✓ Pass 2: Probing new files done (20m29s)

============================================================
  Pass 3: Transcribing (WhisperX)
============================================================


  ✓ Pass 3: Transcribing (WhisperX) done (1m45s)

============================================================
  Pass 3a: Transcribing retreat files (WhisperX)
============================================================


  ✓ Pass 3a: Transcribing retreat files (WhisperX) done (0m08s)

============================================================
  Pass 3b: Merging retreat catalog
============================================================


  ✓ Pass 3b: Merging retreat catalog done (0m00s)

============================================================
  Pass 4: Generating descriptions
============================================================


  ✓ Pass 4: Generating descriptions done (0m00s)

============================================================
  Pass 5: Generating feeds
============================================================


  ✓ Pass 5: Generating feeds done (0m00s)

============================================================
  Pass 6: Beautifying transcripts
============================================================


  ✓ Pass 6: Beautifying transcripts done (0m00s)

============================================================
  Pass 6a: Scraping essays
============================================================


  ✓ Pass 6a: Scraping essays done (0m10s)

============================================================
  Pass 6b: Describing essays
============================================================


  ✓ Pass 6b: Describing essays done (0m00s)

============================================================
  Pass 6c: Scoring literary quality
============================================================


  ✓ Pass 6c: Scoring literary quality done (41m54s)

============================================================
  Pass 6d: Merging text catalog
============================================================


  ✓ Pass 6d: Merging text catalog done (0m00s)

============================================================
  Pass 7: Building books (PDF + EPUB)
============================================================


  ✓ Pass 7: Building books (PDF + EPUB) done (3m47s)

============================================================
  Pass 8: Building website + PDFs
============================================================


  ✓ Pass 8: Building website + PDFs done (1m55s)

╔══════════════════════════════════════════════════════════╗
║                    Update complete                      ║
╚══════════════════════════════════════════════════════════╝
