╔══════════════════════════════════════════════════════════╗
║       Satipanya Dharma Library — Full Update            ║
╚══════════════════════════════════════════════════════════╝

============================================================
  Pass 1: Scraping catalog (site + YouTube)
============================================================

============================================================
PASS 1: Building catalog from satipanya.org.uk
============================================================

[1/18] /audio-video/ → guided_meditations
  Fetching https://www.satipanya.org.uk/audio-video/ ...
  Found 10 audio links
  Season: "Guided Meditations" (10 episodes)

[2/18] /chanting/ → guided_meditations
  Fetching https://www.satipanya.org.uk/chanting/ ...
  Found 6 audio links
  Season: "Chanting" (6 episodes)

[3/18] /audio-video/dhammabytes/ → dhammabytes
  Fetching https://www.satipanya.org.uk/audio-video/dhammabytes/ ...
  Found 77 audio links
  Season: "Approaching the Dhamma" (4 episodes)
  Season: "The Buddha from Birth to First Teaching" (4 episodes)
  Season: "Section One : Pali Words" (12 episodes)
  Season: "Parami - The Perfections" (8 episodes)
  Season: "Brahmavihara - Sublime Abodes : The Illimitables" (4 episodes)
  Season: "The Refuges" (3 episodes)
  Season: "Khanda - The Aggregates" (6 episodes)
  Season: "Paticca Samuppada - Dependent Origination" (6 episodes)
  Season: "The First Discourse: The Turning of the Wheel of the Law" (7 episodes)
  Season: "The Second Discourse on Not-Self" (3 episodes)
  Season: "Chapter I : The Human Condition" (12 episodes)
  Season: "Chapter IV : The Happiness Visible in the Present Life - Buddha's Teaching for Lay People" (8 episodes)

[4/18] /audio-video/a-foundation-course-in-buddhism/ → foundation_course
  Fetching https://www.satipanya.org.uk/audio-video/a-foundation-course-in-buddhism/ ...
  Found 10 audio links
  Season: "Part 1 — The Four Noble Truths" (10 episodes)

[5/18] /audio-video/a-foundation-course-in-buddhism-part-2/ → foundation_course
  Fetching https://www.satipanya.org.uk/audio-video/a-foundation-course-in-buddhism-part-2/ ...
  Found 11 audio links
  Season: "Part 2 — Deepening Understanding" (11 episodes)

[6/18] /audio-video/a-collection-of-talks/ → dharma_talks
  Fetching https://www.satipanya.org.uk/audio-video/a-collection-of-talks/ ...
  Found 45 audio links
  Season: "On Practice" (22 episodes)
  Season: "Reflections" (14 episodes)
  Season: "On the Buddha" (5 episodes)
  Season: "Daily Life" (4 episodes)

[7/18] /audio-video/gaia-house-retreat-2011/ → dharma_talks
  Fetching https://www.satipanya.org.uk/audio-video/gaia-house-retreat-2011/ ...
  Found 16 audio links
  DEDUP: skipping Investigative Eating the practice...
  Season: "Gaia House Retreat 2011" (15 episodes)

[8/18] /audio-video/christmas-at-sharpham-2005/ → dharma_talks
  Fetching https://www.satipanya.org.uk/audio-video/christmas-at-sharpham-2005/ ...
  Found 5 audio links
  Season: "Christmas at Sharpham 2005" (5 episodes)

[9/18] /christmas-and-new-year-20067/ → dharma_talks
  Fetching https://www.satipanya.org.uk/christmas-and-new-year-20067/ ...
  Found 2 audio links
  Season: "Christmas & New Year 2006/7" (2 episodes)

[10/18] /audio-video/recent-talks/ → dharma_talks
  Fetching https://www.satipanya.org.uk/audio-video/recent-talks/ ...
  Found 102 audio links
  DEDUP: skipping 2. Right Awareness Intro.to Vipassana.To play the ...
  DEDUP: skipping 3. The Mahasi Technique.To play the media you will...
  DEDUP: skipping 4. The Hindrances The Psychotherapy of Vipassana.T...
  DEDUP: skipping 5. The Seven Factors of Awakening.To play the medi...
  DEDUP: skipping 6. The Ethical Psychology of the Buddha.To play th...
  DEDUP: skipping 7. The Law of Kamma.To play the media you will nee...
  DEDUP: skipping 8. Living Life according to the Dhamma.To play the...
  Season: "2019" (1 episodes)
  Season: "Miscellaneous" (6 episodes)
  Season: "2018" (7 episodes)
  Season: "2016" (4 episodes)
  Season: "2015" (6 episodes)
  Season: "2014" (14 episodes)
  Season: "2013" (6 episodes)
  Season: "2012" (6 episodes)
  Season: "2011" (5 episodes)
  Season: "Gaia House Retreat 2011" (12 episodes)
  Season: "2009" (17 episodes)
  Season: "2008" (11 episodes)

[11/18] /coronavirus-lockdown-talks-and-meditation/ → dharma_talks
  Fetching https://www.satipanya.org.uk/coronavirus-lockdown-talks-and-meditation/ ...
  Found 22 audio links
  Season: "Coronavirus Lockdown 2020" (22 episodes)

[12/18] /full-moon-observance-day/ → dharma_talks
  Fetching https://www.satipanya.org.uk/full-moon-observance-day/ ...
  Found 63 audio links
  Season: "Refuges and Precepts with Metta" (1 episodes)
  Season: "Most Recent" (8 episodes)
  Season: "Metta" (5 episodes)
  Season: "The Perfections Parami and other Virtues" (13 episodes)
  Season: "The Buddha" (3 episodes)
  Season: "Nibbana" (3 episodes)
  Season: "Contemplations" (7 episodes)
  Season: "Various Teachings" (13 episodes)
  Season: "Ordinary Daily Life" (3 episodes)
  Season: "Various People" (3 episodes)
  Season: "Current Topics" (4 episodes)

[13/18] /recent-courses-2021/ → dharma_talks
  Fetching https://www.satipanya.org.uk/recent-courses-2021/ ...
  Found 13 audio links
  Season: "Recent Courses 2020–2023" (13 episodes)

[14/18] /audio-video/encouragements/ → dharma_talks
  Fetching https://www.satipanya.org.uk/audio-video/encouragements/ ...
  Found 1 audio links
  Season: "Dramatisations" (1 episodes)

[15/18] /noirins-teachings/ → noirins_teachings
  Fetching https://www.satipanya.org.uk/noirins-teachings/ ...
  Found 39 audio links
  DEDUP: skipping 2022 Oct 09 Identity and Not-Self....
  DEDUP: skipping Video...
  DEDUP: skipping 2023 Oct 29 The Spiral Path...
  Season: "70th Birthday Reflection" (1 episodes)
  Season: "Meditation Guidance" (1 episodes)
  Season: "Talks a. Pre-laryngectomy Recordings" (5 episodes)
  Season: "Short Retreat (5 days)" (4 episodes)
  Season: "Retreat Talks - b. Longer Retreats, up to 4 Weeks" (25 episodes)

[16/18] /audio-video/talks-with-an-accompanying-french-translation/ → international_talks
  Fetching https://www.satipanya.org.uk/audio-video/talks-with-an-accompanying-french-translation/ ...
  Found 36 audio links
  Season: "Weekend Retraite pour Terre d'Éveil Octobre 2020" (6 episodes)
  Season: "2023" (2 episodes)
  Season: "2021" (2 episodes)
  Season: "2019" (1 episodes)
  Season: "2017" (2 episodes)
  Season: "Lausanne 2016 October" (2 episodes)
  Season: "Lausanne 2013 October" (2 episodes)
  Season: "Lausanne and Paris 2012 Oct" (3 episodes)
  Season: "Lausanne 2010 Oct" (3 episodes)
  Season: "Paris and Lausanne 2010 Oct" (13 episodes)

[17/18] /audio-video/talks-with-an-accompanying-czech-translation/ → international_talks
  Fetching https://www.satipanya.org.uk/audio-video/talks-with-an-accompanying-czech-translation/ ...
  Found 8 audio links
  Season: "Talks in Czech" (8 episodes)

[18/18] /audio-video/talks-with-an-accompanying-italian-translation/ → international_talks
  Fetching https://www.satipanya.org.uk/audio-video/talks-with-an-accompanying-italian-translation/ ...
  Found 10 audio links
  Season: "Talks in Italian" (10 episodes)

  Fetching YouTube channel metadata via yt-dlp...
  Found 144 YouTube videos
  [dharma_talks] Absorbed 6 'Miscellaneous' episodes into '2018'

  Merge: 609 existing episodes preserved, 0 new episodes detected

============================================================
CATALOG SUMMARY
============================================================

  Satipanya — Guided Meditations
    2 seasons, 16 episodes
      S01: Guided Meditations (10 ep)
      S02: Chanting (6 ep)

  Satipanya — DhammaBytes
    12 seasons, 77 episodes
      S01: Approaching the Dhamma (4 ep)
      S02: The Buddha from Birth to First Teaching (4 ep)
      S03: Section One : Pali Words (12 ep)
      S04: Parami - The Perfections (8 ep)
      S05: Brahmavihara - Sublime Abodes : The Illimitables (4 ep)
      S06: The Refuges (3 ep)
      S07: Khanda - The Aggregates (6 ep)
      S08: Paticca Samuppada - Dependent Origination (6 ep)
      S09: The First Discourse: The Turning of the Wheel of the Law (7 ep)
      S10: The Second Discourse on Not-Self (3 ep)
      S11: Chapter I : The Human Condition (12 ep)
      S12: Chapter IV : The Happiness Visible in the Present Life - Buddha's Teaching for Lay People (8 ep)

  Satipanya — A Foundation Course in Buddhism
    2 seasons, 21 episodes
      S01: Part 1 — The Four Noble Truths (10 ep)
      S02: Part 2 — Deepening Understanding (11 ep)

  Satipanya — Dharma Talks
    32 seasons, 261 episodes
      S01: On Practice (22 ep)
      S02: Reflections (14 ep)
      S03: On the Buddha (5 ep)
      S04: Daily Life (4 ep)
      S05: Gaia House Retreat 2011 (15 ep)
      S06: Christmas at Sharpham 2005 (5 ep)
      S07: Christmas & New Year 2006/7 (2 ep)
      S08: 2019 (1 ep)
      S09: 2018 (13 ep)
      S10: 2016 (4 ep)
      S11: 2015 (6 ep)
      S12: 2014 (14 ep)
      S13: 2013 (6 ep)
      S14: 2012 (6 ep)
      S15: 2011 (5 ep)
      S16: Gaia House Retreat 2011 (12 ep)
      S17: 2009 (17 ep)
      S18: 2008 (11 ep)
      S19: Coronavirus Lockdown 2020 (22 ep)
      S20: Refuges and Precepts with Metta (1 ep)
      S21: Most Recent (8 ep)
      S22: Metta (5 ep)
      S23: The Perfections Parami and other Virtues (13 ep)
      S24: The Buddha (3 ep)
      S25: Nibbana (3 ep)
      S26: Contemplations (7 ep)
      S27: Various Teachings (13 ep)
      S28: Ordinary Daily Life (3 ep)
      S29: Various People (3 ep)
      S30: Current Topics (4 ep)
      S31: Recent Courses 2020–2023 (13 ep)
      S32: Dramatisations (1 ep)

  Satipanya — Noirin's Teachings
    5 seasons, 36 episodes
      S01: 70th Birthday Reflection (1 ep)
      S02: Meditation Guidance (1 ep)
      S03: Talks a. Pre-laryngectomy Recordings (5 ep)
      S04: Short Retreat (5 days) (4 ep)
      S05: Retreat Talks - b. Longer Retreats, up to 4 Weeks (25 ep)

  Satipanya — International Talks
    12 seasons, 54 episodes
      S01: Weekend Retraite pour Terre d'Éveil Octobre 2020 (6 ep)
      S02: 2023 (2 ep)
      S03: 2021 (2 ep)
      S04: 2019 (1 ep)
      S05: 2017 (2 ep)
      S06: Lausanne 2016 October (2 ep)
      S07: Lausanne 2013 October (2 ep)
      S08: Lausanne and Paris 2012 Oct (3 ep)
      S09: Lausanne 2010 Oct (3 ep)
      S10: Paris and Lausanne 2010 Oct (13 ep)
      S11: Talks in Czech (8 ep)
      S12: Talks in Italian (10 ep)

  Satipanya — YouTube Talks
    1 seasons, 144 episodes
      S01: YouTube Talks (144 ep)

  Satipanya — Bhante's Essays
    5 seasons, 34 episodes
      S01: Introductory Resources (5 ep)
      S02: Essays by Bhante Bodhidhamma (16 ep)
      S03: Introductory essays (11 ep)
      S04: Meditation in Daily Life (1 ep)
      S05: Satipanya (1 ep)

  Satipanya — Noirin's Essays
    3 seasons, 32 episodes
      S01: Short Essays (20 ep)
      S02: Post-Surgery Essays (5 ep)
      S03: Climate Change Essays (7 ep)

  Satipanya — Tips of the Day
    5 seasons, 168 episodes
      S01: Daily Life Practice (16 ep)
      S02: Relationships (5 ep)
      S03: Work (6 ep)
      S04: Seeking True Happiness (7 ep)
      S05: Miscellaneous (134 ep)

  Satipanya — Retreat Talks
    4 seasons, 40 episodes
      S01: Guided Meditations (7 ep)
      S02: Daily Practice (3 ep)
      S03: Evening Retreat Talks (20 ep)
      S04: Special Topics (10 ep)

  TOTAL: 609 episodes across 7 feeds
  Saved to: /home/freedomfighter/code/traduction/satipanya-podcast/catalog.json

  ✓ Pass 1: Scraping catalog (site + YouTube) done (0m23s)

============================================================
  Pass 1b: Scanning local retreat files
============================================================

============================================================
PASS 1: Scanning local MP3 files
============================================================
  Found 40 MP3 files

  Satipanya — Retreat Talks
    S01: Guided Meditations (7 episodes)
    S02: Daily Practice (3 episodes)
    S03: Evening Retreat Talks (20 episodes)
    S04: Special Topics (10 episodes)

  TOTAL: 40 episodes
  Saved to: /home/freedomfighter/code/traduction/satipanya-podcast/retreat_catalog.json

  ✓ Pass 1b: Scanning local retreat files done (0m00s)

============================================================
  Pass 1c: Probing local retreat files
============================================================

============================================================
PASS 2: Probing local files for duration & size
============================================================

  Probed: 0, Skipped (already done): 40

  ✓ Pass 1c: Probing local retreat files done (0m00s)

============================================================
  Pass 2: Probing new files
============================================================

============================================================
PASS 2: Probing remote files for duration & size
============================================================
  [1/883] Introducing Vipassana Insight Meditation...
    2387s, 15.9 MB
  [2/883] Vipassana Guidelines...
    194s, 2.2 MB
  [3/883] 45 minute Detailed Guided Meditation...
    2700s, 18.0 MB
  [4/883] 45 minute Assisted Meditation...
    2500s, 16.7 MB
  [5/883] 30 minute Bodycare Meditation...
    1781s, 11.9 MB
  [6/883] 30 minute Heartcare Meditation...
    ffprobe stderr: https://www.satipanya.org.uk/audio/guided/04 Heartcare Metta Meditation.mp3: Server returned 4XX Client Error, but not o
    retry 1/1, wait 3s...
    ffprobe stderr: https://www.satipanya.org.uk/audio/guided/04 Heartcare Metta Meditation.mp3: Server returned 4XX Client Error, but not o
    FAILED (size=0)
  [7/883] Abiding in the Present Moment Developing Equanimit...
    ffprobe stderr: https://www.satipanya.org.uk/audio/guided/Abiding in the Present Moment Developing Equanimity.mp3: Server returned 4XX C
    retry 1/1, wait 3s...
    ffprobe stderr: https://www.satipanya.org.uk/audio/guided/Abiding in the Present Moment Developing Equanimity.mp3: Server returned 4XX C
    FAILED (size=0)
  [8/883] Just Metta...
    ffprobe stderr: https://www.satipanya.org.uk/wp-content/uploads/2020/07/Just-Metta.mp3: Server returned 4XX Client Error, but not one of
    retry 1/1, wait 3s...
    ffprobe stderr: https://www.satipanya.org.uk/wp-content/uploads/2020/07/Just-Metta.mp3: Server returned 4XX Client Error, but not one of
    FAILED (size=0)
  [9/882] Mahasi Sayadaw Introductory Talk...
    ffprobe stderr: https://www.satipanya.org.uk/audio/guided/Mahasi Sayadaw Introductory Talk .mp3: Server returned 4XX Client Error, but n
    retry 1/1, wait 3s...
    ffprobe stderr: https://www.satipanya.org.uk/audio/guided/Mahasi Sayadaw Introductory Talk .mp3: Server returned 4XX Client Error, but n
    FAILED (size=0)
  [10/882] Why Chant...
    ffprobe stderr: https://www.satipanya.org.uk/wp-content/uploads/2015/09/Why-Chant.mp3: Server returned 4XX Client Error, but not one of 
    retry 1/1, wait 3s...
    221s, 0.0 MB
  [11/882] Morning Chant...
    ffprobe stderr: https://www.satipanya.org.uk/wp-content/uploads/2023/07/Z-Morning-Chant-Bhante-and-Hui.mp3: Server returned 4XX Client E
    retry 1/1, wait 3s...
    ffprobe stderr: https://www.satipanya.org.uk/wp-content/uploads/2023/07/Z-Morning-Chant-Bhante-and-Hui.mp3: Server returned 4XX Client E
    FAILED (size=0)
  [12/882] Evening Chant...
    ffprobe stderr: https://www.satipanya.org.uk/wp-content/uploads/2023/07/Z-Evening-Chant-only-Bhante-Hui.mp3: Server returned 4XX Client 
    retry 1/1, wait 3s...
    ffprobe stderr: https://www.satipanya.org.uk/wp-content/uploads/2023/07/Z-Evening-Chant-only-Bhante-Hui.mp3: Server returned 4XX Client 
    FAILED (size=0)
  [13/882] Refuges and Precepts...
    ffprobe stderr: https://www.satipanya.org.uk/wp-content/uploads/2015/09/Refuges-and-Precepts.mp3: Server returned 4XX Client Error, but 
    retry 1/1, wait 3s...
    ffprobe stderr: https://www.satipanya.org.uk/wp-content/uploads/2015/09/Refuges-and-Precepts.mp3: Server returned 4XX Client Error, but 
    FAILED (size=0)
  [14/882] Evening Metta Chant...
    ffprobe stderr: https://www.satipanya.org.uk/wp-content/uploads/2015/09/Evening-Metta-Chant.mp3: Server returned 4XX Client Error, but n
    retry 1/1, wait 3s...
    ffprobe stderr: https://www.satipanya.org.uk/wp-content/uploads/2015/09/Evening-Metta-Chant.mp3: Server returned 4XX Client Error, but n
    FAILED (size=0)
  [15/882] Metta Discourse...
    ffprobe stderr: https://www.satipanya.org.uk/wp-content/uploads/2023/09/Metta-Sutta-read-by-Mark-Arthur.mp3: Server returned 4XX Client 
    retry 1/1, wait 3s...
    ffprobe stderr: https://www.satipanya.org.uk/wp-content/uploads/2023/09/Metta-Sutta-read-by-Mark-Arthur.mp3: Server returned 4XX Client 
    FAILED (size=0)
  [16/882] 01 Views about Spiritual Paths...
    804s, 4.6 MB
  [17/882] 02 Discourse to the Kalamas...
    995s, 6.6 MB
  [18/882] 03 Desire the Root of Suffering...
    772s, 5.2 MB
  [19/882] 04 How to Test the Buddha...
    848s, 5.7 MB
  [20/882] 01 Introducing the Buddha...
    1294s, 8.6 MB
  [21/882] 02 The Birth of the Buddha...
    1085s, 7.2 MB
  [22/882] 03 The Bodhisatta Leaves Home...
    1218s, 8.1 MB
  [23/882] 04 The Essence of the Awakening...
    848s, 5.7 MB
  [24/882] Anusaya - Latent Tendencies...
    522s, 3.5 MB
  [25/882] Asava-Taints, Ogha-Floods, Yoga-Yokes...
    ffprobe stderr: https://www.satipanya.org.uk/audio/dharmabytes/asava Taints ogha Floods yoga Yokes.mp3: Server returned 4XX Client Error
    retry 1/1, wait 3s...
    ffprobe stderr: https://www.satipanya.org.uk/audio/dharmabytes/asava Taints ogha Floods yoga Yokes.mp3: Server returned 4XX Client Error
    FAILED (size=0)
  [26/882] Buddha...
    ffprobe stderr: https://www.satipanya.org.uk/audio/dharmabytes/Buddha.mp3: Server returned 4XX Client Error, but not one of 40{0,1,3,4}
    retry 1/1, wait 3s...
    ffprobe stderr: https://www.satipanya.org.uk/audio/dharmabytes/Buddha.mp3: Server returned 4XX Client Error, but not one of 40{0,1,3,4}
    FAILED (size=0)
  [27/882] Dukkha - A Hard Place...
    ffprobe stderr: https://www.satipanya.org.uk/audio/dharmabytes/Dukkha - A Hard Place.mp3: Server returned 4XX Client Error, but not one 
    retry 1/1, wait 3s...
    ffprobe stderr: https://www.satipanya.org.uk/audio/dharmabytes/Dukkha - A Hard Place.mp3: Server returned 4XX Client Error, but not one 
    FAILED (size=0)
  [28/882] Hetu - The Unwholesome Roots...
    ffprobe stderr: https://www.satipanya.org.uk/audio/dharmabytes/Hetu - The Unwholesome Roots.mp3: Server returned 4XX Client Error, but n
    retry 1/1, wait 3s...
    601s, 0.0 MB
  [29/882] Panya - Wisdom and Intuitive Intelligence...
    ffprobe stderr: https://www.satipanya.org.uk/audio/dharmabytes/Panya - Wisdom and Intuitive Intelligence.mp3: Server returned 4XX Client
    retry 1/1, wait 3s...
    ffprobe stderr: https://www.satipanya.org.uk/audio/dharmabytes/Panya - Wisdom and Intuitive Intelligence.mp3: Server returned 4XX Client
    FAILED (size=0)
  [30/882] Puja - Devotional Attention...
    ffprobe stderr: https://www.satipanya.org.uk/audio/dharmabytes/Puja Devotional Attention.mp3: Server returned 4XX Client Error, but not 
    retry 1/1, wait 3s...
    ffprobe stderr: https://www.satipanya.org.uk/audio/dharmabytes/Puja Devotional Attention.mp3: Server returned 4XX Client Error, but not 
    FAILED (size=0)
  [31/882] Samyojana - The first three Fetters...
    ffprobe stderr: https://www.satipanya.org.uk/audio/dharmabytes/samyojana The first three Fetters.mp3: Server returned 4XX Client Error, 
    retry 1/1, wait 3s...
    ffprobe stderr: https://www.satipanya.org.uk/audio/dharmabytes/samyojana The first three Fetters.mp3: Server returned 4XX Client Error, 
    FAILED (size=0)
  [32/882] Samyojana - The last seven Fetters...
    ffprobe stderr: https://www.satipanya.org.uk/audio/dharmabytes/samyojana The last seven Fetters.mp3: Server returned 4XX Client Error, b
    retry 1/1, wait 3s...
    ffprobe stderr: https://www.satipanya.org.uk/audio/dharmabytes/samyojana The last seven Fetters.mp3: Server returned 4XX Client Error, b
    FAILED (size=0)
  [33/882] Sati - Knowing...
    ffprobe stderr: https://www.satipanya.org.uk/audio/dharmabytes/Sati - Knowing.mp3: Server returned 4XX Client Error, but not one of 40{0
    retry 1/1, wait 3s...
    ffprobe stderr: https://www.satipanya.org.uk/audio/dharmabytes/Sati - Knowing.mp3: Server returned 4XX Client Error, but not one of 40{0
    FAILED (size=0)
  [34/882] Sati in Daily Life...
    ffprobe stderr: https://www.satipanya.org.uk/audio/dharmabytes/Sati in Daily Life.mp3: Server returned 4XX Client Error, but not one of 
    retry 1/1, wait 3s...
    ffprobe stderr: https://www.satipanya.org.uk/audio/dharmabytes/Sati in Daily Life.mp3: Server returned 4XX Client Error, but not one of 
    FAILED (size=0)
  [35/882] Sila - Good Conduct...
    ffprobe stderr: https://www.satipanya.org.uk/audio/dharmabytes/Sila - Good Conduct.mp3: Server returned 4XX Client Error, but not one of
    retry 1/1, wait 3s...
    592s, 4.0 MB
  [36/882] 01. Dana Generosity...
    797s, 5.3 MB
  [37/882] 02. Sila Virtuous Conduct...
    809s, 5.4 MB
  [38/882] 03. Nekkhamma Renunciation...
    766s, 5.1 MB
  [39/882] 04. Panya Intuitive Intelligence and Wisdom...
    600s, 4.0 MB
  [40/882] 05. Viriya Effort...
    907s, 6.1 MB
  [41/882] 06. Khanti Patience...
    679s, 4.5 MB
  [42/882] 07. Sacca Honesty...
    658s, 4.4 MB
  [43/882] 08. Adhitthana Resolution....
    824s, 5.5 MB
  [44/882] Metta - Love...
    444s, 3.0 MB
  [45/882] Karuna - Compassion...
    528s, 3.5 MB
  [46/882] Mudita - Pure Joy...
    912s, 6.1 MB
  [47/882] Upekkha - Equanimity...
    ffprobe stderr: https://www.satipanya.org.uk/audio/dharmabytes/Upekkha Equanimity.mp3: Server returned 4XX Client Error, but not one of 
    retry 1/1, wait 3s...
    ffprobe stderr: https://www.satipanya.org.uk/audio/dharmabytes/Upekkha Equanimity.mp3: Server returned 4XX Client Error, but not one of 
    FAILED (size=0)
  [48/882] Buddha as Refuge...
    ffprobe stderr: https://www.satipanya.org.uk/audio/dharmabytes/Buddha as Refuge.mp3: Server returned 4XX Client Error, but not one of 40
    retry 1/1, wait 3s...
    ffprobe stderr: https://www.satipanya.org.uk/audio/dharmabytes/Buddha as Refuge.mp3: Server returned 4XX Client Error, but not one of 40
    FAILED (size=0)
  [49/882] Dhamma as Refuge...
    ffprobe stderr: https://www.satipanya.org.uk/audio/dharmabytes/Dhamma as Refuge.mp3: Server returned 4XX Client Error, but not one of 40
    retry 1/1, wait 3s...
    ffprobe stderr: https://www.satipanya.org.uk/audio/dharmabytes/Dhamma as Refuge.mp3: Server returned 4XX Client Error, but not one of 40
    FAILED (size=0)
  [50/882] Sangha as Refuge...
    ffprobe stderr: https://www.satipanya.org.uk/audio/dharmabytes/Sangha as Refuge.mp3: Server returned 4XX Client Error, but not one of 40
    retry 1/1, wait 3s...
    ffprobe stderr: https://www.satipanya.org.uk/audio/dharmabytes/Sangha as Refuge.mp3: Server returned 4XX Client Error, but not one of 40
    FAILED (size=0)
  [checkpoint saved at 50]
  [51/882] Khandha The Aggregates...
    ffprobe stderr: https://www.satipanya.org.uk/audio/dharmabytes/01 Khandha The Aggregates.mp3: Server returned 4XX Client Error, but not 
    retry 1/1, wait 3s...
    ffprobe stderr: https://www.satipanya.org.uk/audio/dharmabytes/01 Khandha The Aggregates.mp3: Server returned 4XX Client Error, but not 
    FAILED (size=0)
  [52/882] Rupa Corporeality...
    ffprobe stderr: https://www.satipanya.org.uk/audio/dharmabytes/02 Rupa Corporeality.mp3: Server returned 4XX Client Error, but not one o
    retry 1/1, wait 3s...
    ffprobe stderr: https://www.satipanya.org.uk/audio/dharmabytes/02 Rupa Corporeality.mp3: Server returned 4XX Client Error, but not one o
    FAILED (size=0)
  [53/882] Vedana Feeling...
    ffprobe stderr: https://www.satipanya.org.uk/audio/dharmabytes/03 Vedana Feeling.mp3: Server returned 4XX Client Error, but not one of 4
    retry 1/1, wait 3s...
    ffprobe stderr: https://www.satipanya.org.uk/audio/dharmabytes/03 Vedana Feeling.mp3: Server returned 4XX Client Error, but not one of 4
    FAILED (size=0)
  [54/882] Sanya Perception & Vedana Feeling...
    ffprobe stderr: https://www.satipanya.org.uk/audio/dharmabytes/04 Sanya Perception & Vedana Feeling.mp3: Server returned 4XX Client Erro
    retry 1/1, wait 3s...
    ffprobe stderr: https://www.satipanya.org.uk/audio/dharmabytes/04 Sanya Perception & Vedana Feeling.mp3: Server returned 4XX Client Erro
    FAILED (size=0)
  [55/882] Sankhara Volitional Conditioning...
    ffprobe stderr: https://www.satipanya.org.uk/audio/dharmabytes/05 Sankhara Volitional Conditioning.mp3: Server returned 4XX Client Error
    retry 1/1, wait 3s...
    ffprobe stderr: https://www.satipanya.org.uk/audio/dharmabytes/05 Sankhara Volitional Conditioning.mp3: Server returned 4XX Client Error
    FAILED (size=0)
  [56/882] Summing up...
    961s, 6.4 MB
  [57/882] 1. Avijja - not-knowing...
    504s, 3.4 MB
  [58/882] 2. Nama Rupa Body Mind...
    441s, 3.3 MB
  [59/882] 3. Salayatana Vedana Phasa Six senses Contact Feel...
    758s, 5.8 MB
  [60/882] 4. Tanha Upadana Bhava Craving Grasping Becoming...
    607s, 4.6 MB
  [61/882] 5. paticca samuppada dependent origination to sams...
    594s, 4.5 MB
  [62/882] 6. Another model of Dependent Orgination...
    846s, 6.4 MB
  [63/882] 1. Indulgence...
    1068s, 5.1 MB
  [64/882] 2. Self-Mortification...
    876s, 4.2 MB
  [65/882] 3. The First Noble Truth of Suffering...
    749s, 5.0 MB
  [66/882] 4. Second Noble Truth:The Cause of Suffering...
    885s, 5.9 MB
  [67/882] 5. The Third Noble Truth:The End of Suffering...
    ffprobe stderr: https://www.satipanya.org.uk/audio/dharmabytes/5. The Third Noble Truth The End of Suffering.mp3: Server returned 4XX Cl
    retry 1/1, wait 3s...
    ffprobe stderr: https://www.satipanya.org.uk/audio/dharmabytes/5. The Third Noble Truth The End of Suffering.mp3: Server returned 4XX Cl
    FAILED (size=0)
  [68/882] 6. The Fourth Noble Truth The Eightfold Path...
    ffprobe stderr: https://www.satipanya.org.uk/audio/dharmabytes/6. The Fourth Noble Truth The Eightfold Path.mp3: Server returned 4XX Cli
    retry 1/1, wait 3s...
    ffprobe stderr: https://www.satipanya.org.uk/audio/dharmabytes/6. The Fourth Noble Truth The Eightfold Path.mp3: Server returned 4XX Cli
    FAILED (size=0)
  [69/882] 7. The Buddha's Enlightenment becomes universal...
    ffprobe stderr: https://www.satipanya.org.uk/audio/dharmabytes/7. The Buddha's Enlightenment becomes universal.mp3: Server returned 4XX 
    retry 1/1, wait 3s...
    ffprobe stderr: https://www.satipanya.org.uk/audio/dharmabytes/7. The Buddha's Enlightenment becomes universal.mp3: Server returned 4XX 
    FAILED (size=0)
  [70/882] 1 Not-self - Control...
    ffprobe stderr: https://www.satipanya.org.uk/audio/dharmabytes/01 Not-self - Control.mp3: Server returned 4XX Client Error, but not one 
    retry 1/1, wait 3s...
    ffprobe stderr: https://www.satipanya.org.uk/audio/dharmabytes/01 Not-self - Control.mp3: Server returned 4XX Client Error, but not one 
    FAILED (size=0)
  [71/882] 2 Not-self - Impermanence and Suffering...
    ffprobe stderr: https://www.satipanya.org.uk/audio/dharmabytes/02 Not-self - Impermanence and Suffering.mp3: Server returned 4XX Client 
    retry 1/1, wait 3s...
    ffprobe stderr: https://www.satipanya.org.uk/audio/dharmabytes/02 Not-self - Impermanence and Suffering.mp3: Server returned 4XX Client 
    FAILED (size=0)
  [72/882] 3 Not-self - Recap and Metaphors...
    ffprobe stderr: https://www.satipanya.org.uk/audio/dharmabytes/03 Not-self - Recap and Metaphors.mp3: Server returned 4XX Client Error, 
    retry 1/1, wait 3s...
    ffprobe stderr: https://www.satipanya.org.uk/audio/dharmabytes/03 Not-self - Recap and Metaphors.mp3: Server returned 4XX Client Error, 
    FAILED (size=0)
  [73/882] 01. Sickness Ageing and Death...
    ffprobe stderr: https://www.satipanya.org.uk/audio/dharmabytes/01. Sickness Ageing and Death.mp3: Server returned 4XX Client Error, but 
    retry 1/1, wait 3s...
    ffprobe stderr: https://www.satipanya.org.uk/audio/dharmabytes/01. Sickness Ageing and Death.mp3: Server returned 4XX Client Error, but 
    FAILED (size=0)
  [74/882] 02. Divine Messengers...
    ffprobe stderr: https://www.satipanya.org.uk/audio/dharmabytes/02. Divine Messengers.mp3: Server returned 4XX Client Error, but not one 
    retry 1/1, wait 3s...
    ffprobe stderr: https://www.satipanya.org.uk/audio/dharmabytes/02. Divine Messengers.mp3: Server returned 4XX Client Error, but not one 
    FAILED (size=0)
  [75/882] 03. The Two Darts...
    ffprobe stderr: https://www.satipanya.org.uk/audio/dharmabytes/03. The Two Darts.mp3: Server returned 4XX Client Error, but not one of 4
    retry 1/1, wait 3s...
    ffprobe stderr: https://www.satipanya.org.uk/audio/dharmabytes/03. The Two Darts.mp3: Server returned 4XX Client Error, but not one of 4
    FAILED (size=0)
  [76/882] 04. The Eight Worldy Conditions...
    1038s, 6.9 MB
  [77/882] 05. Clinging causes Anxiety plus...
    946s, 6.3 MB
  [78/882] 06. Mahakassapa Explains the Cause of Conflict...
    1057s, 7.1 MB
  [79/882] 07. Envy and Niggardliness the Cause of Conflict...
    794s, 5.3 MB
  [80/882] 08. Detailed Sequence Leading to Conflict...
    858s, 5.7 MB
  [81/882] 09. Power...
    1534s, 10.2 MB
  [82/882] 10. Samsara Onward Going...
    1280s, 8.5 MB
  [83/882] 11. Rounds of Becoming...
    939s, 6.3 MB
  [84/882] 12. Short Review of the Human Condition...
    ffprobe stderr: https://www.satipanya.org.uk/audio/dharmabytes/12. Short Review of the Human Condition.mp3: Server returned 4XX Client E
    retry 1/1, wait 3s...
    ffprobe stderr: https://www.satipanya.org.uk/audio/dharmabytes/12. Short Review of the Human Condition.mp3: Server returned 4XX Client E
    FAILED (size=0)
  [85/882] 1. Righteous Governement and Righteous Ruler...
    ffprobe stderr: https://www.satipanya.org.uk/audio/dharmabytes/1. Righteous Governement and Righteous Ruler.mp3: Server returned 4XX Cli
    retry 1/1, wait 3s...
    ffprobe stderr: https://www.satipanya.org.uk/audio/dharmabytes/1. Righteous Governement and Righteous Ruler.mp3: Server returned 4XX Cli
    FAILED (size=0)
  [86/882] 2. The Ruler...
    ffprobe stderr: https://www.satipanya.org.uk/audio/dharmabytes/2. The Ruler.mp3: Server returned 4XX Client Error, but not one of 40{0,1
    retry 1/1, wait 3s...
    ffprobe stderr: https://www.satipanya.org.uk/audio/dharmabytes/2. The Ruler.mp3: Server returned 4XX Client Error, but not one of 40{0,1
    FAILED (size=0)
  [87/882] 3. The Six Directions Ritual as useless or meaning...
    ffprobe stderr: https://www.satipanya.org.uk/audio/dharmabytes/3. The Six Directions Ritual as useless or meaningful.mp3: Server returne
    retry 1/1, wait 3s...
    ffprobe stderr: https://www.satipanya.org.uk/audio/dharmabytes/3. The Six Directions Ritual as useless or meaningful.mp3: Server returne
    FAILED (size=0)
  [88/882] 4. Parents and Chidren...
    ffprobe stderr: https://www.satipanya.org.uk/audio/dharmabytes/4. Parents and Chidren.mp3: Server returned 4XX Client Error, but not one
    retry 1/1, wait 3s...
    ffprobe stderr: https://www.satipanya.org.uk/audio/dharmabytes/4. Parents and Chidren.mp3: Server returned 4XX Client Error, but not one
    FAILED (size=0)
  [89/882] 5. Husbands and Wives...
    ffprobe stderr: https://www.satipanya.org.uk/audio/dharmabytes/5. Husbands and Wives.mp3: Server returned 4XX Client Error, but not one 
    retry 1/1, wait 3s...
    ffprobe stderr: https://www.satipanya.org.uk/audio/dharmabytes/5. Husbands and Wives.mp3: Server returned 4XX Client Error, but not one 
    FAILED (size=0)
  [90/882] 6. What makes for a Good Life...
    ffprobe stderr: https://www.satipanya.org.uk/audio/dharmabytes/6. What makes for a Good Life.mp3: Server returned 4XX Client Error, but 
    retry 1/1, wait 3s...
    ffprobe stderr: https://www.satipanya.org.uk/audio/dharmabytes/6. What makes for a Good Life.mp3: Server returned 4XX Client Error, but 
    FAILED (size=0)
  [91/882] 7. Use of wealth for Happiness...
    ffprobe stderr: https://www.satipanya.org.uk/audio/dharmabytes/7. Use of wealth for Happiness.mp3: Server returned 4XX Client Error, but
    retry 1/1, wait 3s...
    ffprobe stderr: https://www.satipanya.org.uk/audio/dharmabytes/7. Use of wealth for Happiness.mp3: Server returned 4XX Client Error, but
    FAILED (size=0)
  [92/882] 8. Virtues of a Good Spouse...
    ffprobe stderr: https://www.satipanya.org.uk/audio/dharmabytes/8. Virtues of a Good Spouse.mp3: Server returned 4XX Client Error, but no
    retry 1/1, wait 3s...
    ffprobe stderr: https://www.satipanya.org.uk/audio/dharmabytes/8. Virtues of a Good Spouse.mp3: Server returned 4XX Client Error, but no
    FAILED (size=0)
  [93/843] The Seven Factors of Awakening...
    ffprobe stderr: https://www.satipanya.org.uk/audio/collection/Seven Factors of Enlightenment.mp3: Server returned 4XX Client Error, but 
    retry 1/1, wait 3s...
    ffprobe stderr: https://www.satipanya.org.uk/audio/collection/Seven Factors of Enlightenment.mp3: Server returned 4XX Client Error, but 
    FAILED (size=0)
  [94/843] Faith...
    ffprobe stderr: https://www.satipanya.org.uk/audio/collection/Faith.mp3: Server returned 4XX Client Error, but not one of 40{0,1,3,4}
    retry 1/1, wait 3s...
    ffprobe stderr: https://www.satipanya.org.uk/audio/collection/Faith.mp3: Server returned 4XX Client Error, but not one of 40{0,1,3,4}
    FAILED (size=0)
  [95/843] Taking the Refuges...
    ffprobe stderr: [mp3 @ 0x57dc77115800] Failed to read frame size: Could not seek to 1393.
https://www.satipanya.org.uk/audio/collection/
    retry 1/1, wait 3s...
    ffprobe stderr: [mp3 @ 0x598245af7800] Failed to read frame size: Could not seek to 1393.
https://www.satipanya.org.uk/audio/collection/
    FAILED (size=370)
  [96/843] Equanimity...
    ffprobe stderr: [mp3 @ 0x5ceb157e9800] Failed to read frame size: Could not seek to 1384.
https://www.satipanya.org.uk/audio/collection/
    retry 1/1, wait 3s...
    ffprobe stderr: [mp3 @ 0x5f70c6168800] Failed to read frame size: Could not seek to 1384.
https://www.satipanya.org.uk/audio/collection/
    FAILED (size=361)
  [97/831] Towards Contentment and Happiness...
    ffprobe stderr: [mp3 @ 0x609033eb4800] Failed to read frame size: Could not seek to 1393.
https://www.satipanya.org.uk/audio/collection/
    retry 1/1, wait 3s...
    ffprobe stderr: [mp3 @ 0x5c58767bc800] Failed to read frame size: Could not seek to 1393.
https://www.satipanya.org.uk/audio/collection/
    FAILED (size=370)
  [98/831] The Pursuit of Happiness...
    ffprobe stderr: [mp3 @ 0x5b83cb494800] Failed to read frame size: Could not seek to 1399.
https://www.satipanya.org.uk/audio/collection/
    retry 1/1, wait 3s...
    ffprobe stderr: [mp3 @ 0x55eb24a82800] Failed to read frame size: Could not seek to 1399.
https://www.satipanya.org.uk/audio/collection/
    FAILED (size=376)
  [99/784] What is vedana and where does it fit in?.To play t...
    ffprobe stderr: https://www.satipanya.org.uk/wp-content/uploads/2019/12/What-is-vedana-and-where-does-it-fit-in.mp3: Server returned 404
    retry 1/1, wait 3s...
    ffprobe stderr: https://www.satipanya.org.uk/wp-content/uploads/2019/12/What-is-vedana-and-where-does-it-fit-in.mp3: Server returned 404
    FAILED (size=0)
  [100/558] Is the Buddha a materialist?...
    ffprobe stderr: https://www.satipanya.org.uk/audio-video/talks-with-an-accompanying-french-translation/z0000005.mp3: Server returned 401
    retry 1/1, wait 3s...
    ffprobe stderr: https://www.satipanya.org.uk/audio-video/talks-with-an-accompanying-french-translation/z0000005.mp3: Server returned 401
    FAILED (size=0)
  [checkpoint saved at 100]
  [101/558] z0000002...
    ffprobe stderr: https://www.satipanya.org.uk/audio-video/recent-talks/z0000002.mp3: Server returned 401 Unauthorized (authorization fail
    retry 1/1, wait 3s...
    ffprobe stderr: https://www.satipanya.org.uk/audio-video/recent-talks/z0000002.mp3: Server returned 401 Unauthorized (authorization fail
    FAILED (size=0)
  [102/554] Dependent Origination et Kamma...
    ffprobe stderr: https://www.satipanya.org.uk/audio/french/ Origination Dependent et Kamma.mp3: Server returned 401 Unauthorized (authori
    retry 1/1, wait 3s...
    ffprobe stderr: https://www.satipanya.org.uk/audio/french/ Origination Dependent et Kamma.mp3: Server returned 401 Unauthorized (authori
    FAILED (size=0)
  [103/376] Refuges  and Precepts...
    ffprobe stderr: https://www.satipanya.org.uk/wp-content/uploads/2015/09/Refuges-and-Precepts.pdf: Invalid data found when processing inp
    retry 1/1, wait 3s...
    ffprobe stderr: https://www.satipanya.org.uk/wp-content/uploads/2015/09/Refuges-and-Precepts.pdf: Invalid data found when processing inp
    FAILED (size=180391)
  [104/376] Puja: Chantings...
    ffprobe stderr: https://www.satipanya.org.uk/wp-content/uploads/2015/09/chant_am.pdf: Invalid data found when processing input
    retry 1/1, wait 3s...
    ffprobe stderr: https://www.satipanya.org.uk/wp-content/uploads/2015/09/chant_am.pdf: Invalid data found when processing input
    FAILED (size=189002)
  [105/376] Recommended Reading for Beginners...
    ffprobe stderr: https://www.satipanya.org.uk/wp-content/uploads/2015/09/essays_reading.pdf: Invalid data found when processing input
    retry 1/1, wait 3s...
    ffprobe stderr: https://www.satipanya.org.uk/wp-content/uploads/2015/09/essays_reading.pdf: Invalid data found when processing input
    FAILED (size=110321)
  [106/376] in PDF format...
    ffprobe stderr: https://www.satipanya.org.uk/wp-content/uploads/2015/09/daily_life.pdf: Invalid data found when processing input
    retry 1/1, wait 3s...
    ffprobe stderr: https://www.satipanya.org.uk/wp-content/uploads/2015/09/daily_life.pdf: Invalid data found when processing input
    FAILED (size=334526)
  [107/376] in MS Word format...
    ffprobe stderr: https://www.satipanya.org.uk/wp-content/uploads/2015/09/daily_life.doc: Invalid data found when processing input
    retry 1/1, wait 3s...
    ffprobe stderr: https://www.satipanya.org.uk/wp-content/uploads/2015/09/daily_life.doc: Invalid data found when processing input
    FAILED (size=141824)
  [108/376] Neoliberalism and BuddhaDhamma...
    ffprobe stderr: https://www.satipanya.org.uk/wp-content/uploads/2022/05/Neoliberalism-and-Buddhadhamma-Tip-June-2022.pdf: Invalid data f
    retry 1/1, wait 3s...
    ffprobe stderr: https://www.satipanya.org.uk/wp-content/uploads/2022/05/Neoliberalism-and-Buddhadhamma-Tip-June-2022.pdf: Invalid data f
    FAILED (size=546928)
  [109/376] Investigative Eating...
    ffprobe stderr: https://www.satipanya.org.uk/wp-content/uploads/2022/05/Investigative-Eating-Meditation.pdf: Invalid data found when pro
    retry 1/1, wait 3s...
    ffprobe stderr: https://www.satipanya.org.uk/wp-content/uploads/2022/05/Investigative-Eating-Meditation.pdf: Invalid data found when pro
    FAILED (size=305915)
  [110/376] Reflections on the Teaching and Practice of Not-se...
    ffprobe stderr: https://www.satipanya.org.uk/wp-content/uploads/2015/09/Reflections-on-the-Teaching-and-Practice-of-Not-self.pdf: Invali
    retry 1/1, wait 3s...
    ffprobe stderr: https://www.satipanya.org.uk/wp-content/uploads/2015/09/Reflections-on-the-Teaching-and-Practice-of-Not-self.pdf: Invali
    FAILED (size=130787)
  [111/376] Vipassana as taught by the Mahasi Sayadaw of Burma...
    ffprobe stderr: https://www.satipanya.org.uk/wp-content/uploads/2015/09/essay_mahasi.pdf: Invalid data found when processing input
    retry 1/1, wait 3s...
    ffprobe stderr: https://www.satipanya.org.uk/wp-content/uploads/2015/09/essay_mahasi.pdf: Invalid data found when processing input
    FAILED (size=198314)
  [112/376] Is Armed Intervention Ever Justified?...
    ffprobe stderr: https://www.satipanya.org.uk/wp-content/uploads/2015/09/essay_armed.pdf: Invalid data found when processing input
    retry 1/1, wait 3s...
    ffprobe stderr: https://www.satipanya.org.uk/wp-content/uploads/2015/09/essay_armed.pdf: Invalid data found when processing input
    FAILED (size=300169)
  [113/376] Free will: is it available or useful?...
    ffprobe stderr: https://www.satipanya.org.uk/wp-content/uploads/2015/09/essay_freewill.pdf: Invalid data found when processing input
    retry 1/1, wait 3s...
    ffprobe stderr: https://www.satipanya.org.uk/wp-content/uploads/2015/09/essay_freewill.pdf: Invalid data found when processing input
    FAILED (size=202130)
  [114/376] Could I be a fundamentalist, even a terrorist?...
    ffprobe stderr: https://www.satipanya.org.uk/wp-content/uploads/2015/09/essay_Fundamentalism.pdf: Invalid data found when processing inp
    retry 1/1, wait 3s...
    ffprobe stderr: https://www.satipanya.org.uk/wp-content/uploads/2015/09/essay_Fundamentalism.pdf: Invalid data found when processing inp
    FAILED (size=49156)
  [115/376] Perfection, Elitism and Excellence...
    ffprobe stderr: https://www.satipanya.org.uk/wp-content/uploads/2015/09/essay_excellence.pdf: Invalid data found when processing input
    retry 1/1, wait 3s...
    ffprobe stderr: https://www.satipanya.org.uk/wp-content/uploads/2015/09/essay_excellence.pdf: Invalid data found when processing input
    FAILED (size=111659)
  [116/376] What benefit is there in becoming a temporary mona...
    ffprobe stderr: https://www.satipanya.org.uk/wp-content/uploads/2015/09/essay_monastic.pdf: Invalid data found when processing input
    retry 1/1, wait 3s...
    ffprobe stderr: https://www.satipanya.org.uk/wp-content/uploads/2015/09/essay_monastic.pdf: Invalid data found when processing input
    FAILED (size=41731)
  [117/376] The ‘Unlucky’ Death of a Two Year Old Boy...
    ffprobe stderr: https://www.satipanya.org.uk/wp-content/uploads/2015/09/essay_death.pdf: Invalid data found when processing input
    retry 1/1, wait 3s...
    ffprobe stderr: https://www.satipanya.org.uk/wp-content/uploads/2015/09/essay_death.pdf: Invalid data found when processing input
    FAILED (size=60109)
  [118/376] Expectation, Aspiration and Hope...
    ffprobe stderr: https://www.satipanya.org.uk/wp-content/uploads/2015/09/essays_expectation.pdf: Invalid data found when processing input
    retry 1/1, wait 3s...
    ffprobe stderr: https://www.satipanya.org.uk/wp-content/uploads/2015/09/essays_expectation.pdf: Invalid data found when processing input
    FAILED (size=52919)
  [119/376] Assisted Suicide (PDF document)...
    ffprobe stderr: https://www.satipanya.org.uk/wp-content/uploads/2015/09/Assisted-Suicide1.pdf: Invalid data found when processing input
    retry 1/1, wait 3s...
    ffprobe stderr: https://www.satipanya.org.uk/wp-content/uploads/2015/09/Assisted-Suicide1.pdf: Invalid data found when processing input
    FAILED (size=131291)
  [120/376] Vipassana, Therapy and Medicinal Drugs (PDF docume...
    ffprobe stderr: https://www.satipanya.org.uk/wp-content/uploads/2015/09/Vipassana-Therapy-and-Medicinal-Drugs.pdf: Invalid data found wh
    retry 1/1, wait 3s...
    ffprobe stderr: https://www.satipanya.org.uk/wp-content/uploads/2015/09/Vipassana-Therapy-and-Medicinal-Drugs.pdf: Invalid data found wh
    FAILED (size=64499)
  [121/376] Conditionality and Kamma(PDF document)...
    ffprobe stderr: https://www.satipanya.org.uk/wp-content/uploads/2015/09/Conditionality_and_Kamma.pdf: Invalid data found when processing
    retry 1/1, wait 3s...
    ffprobe stderr: https://www.satipanya.org.uk/wp-content/uploads/2015/09/Conditionality_and_Kamma.pdf: Invalid data found when processing
    FAILED (size=56479)
  [122/376] Affectionate Awareness....
    ffprobe stderr: https://www.satipanya.org.uk/wp-content/uploads/2015/09/Affectionate-Awareness.pdf: Invalid data found when processing i
    retry 1/1, wait 3s...
    ffprobe stderr: https://www.satipanya.org.uk/wp-content/uploads/2015/09/Affectionate-Awareness.pdf: Invalid data found when processing i
    FAILED (size=25079)
  [123/376] Climate Crisis A Personal Reflection...
    ffprobe stderr: https://www.satipanya.org.uk/wp-content/uploads/2020/01/Climate-Crisis-A-Personal-Reflection.pdf: Invalid data found whe
    retry 1/1, wait 3s...
    ffprobe stderr: https://www.satipanya.org.uk/wp-content/uploads/2020/01/Climate-Crisis-A-Personal-Reflection.pdf: Invalid data found whe
    FAILED (size=184672)
  [124/376] The First Noble Truth of Suffering -- Dukkha...
    ffprobe stderr: https://www.satipanya.org.uk/wp-content/uploads/2015/09/essays_dukkha.pdf: Invalid data found when processing input
    retry 1/1, wait 3s...
    ffprobe stderr: https://www.satipanya.org.uk/wp-content/uploads/2015/09/essays_dukkha.pdf: Invalid data found when processing input
    FAILED (size=219073)
  [125/376] The First Noble Truth of Suffering -- The Five Agg...
    ffprobe stderr: https://www.satipanya.org.uk/wp-content/uploads/2015/09/essays_aggregates.pdf: Invalid data found when processing input
    retry 1/1, wait 3s...
    ffprobe stderr: https://www.satipanya.org.uk/wp-content/uploads/2015/09/essays_aggregates.pdf: Invalid data found when processing input
    FAILED (size=220992)
  [126/376] The First Noble Truth of Suffering -- The Three Ch...
    ffprobe stderr: https://www.satipanya.org.uk/wp-content/uploads/2015/09/essays_characteristics.pdf: Invalid data found when processing i
    retry 1/1, wait 3s...
    ffprobe stderr: https://www.satipanya.org.uk/wp-content/uploads/2015/09/essays_characteristics.pdf: Invalid data found when processing i
    FAILED (size=198006)
  [127/376] The Second Noble Truth -- Desire...
    ffprobe stderr: https://www.satipanya.org.uk/wp-content/uploads/2015/09/essays_desire.pdf: Invalid data found when processing input
    retry 1/1, wait 3s...
    ffprobe stderr: https://www.satipanya.org.uk/wp-content/uploads/2015/09/essays_desire.pdf: Invalid data found when processing input
    FAILED (size=216007)
  [128/376] The Second Noble Truth -- The Wheel of Dependent O...
    ffprobe stderr: https://www.satipanya.org.uk/wp-content/uploads/2015/09/essays_wheel.pdf: Invalid data found when processing input
    retry 1/1, wait 3s...
    ffprobe stderr: https://www.satipanya.org.uk/wp-content/uploads/2015/09/essays_wheel.pdf: Invalid data found when processing input
    FAILED (size=222884)
  [129/376] The Second Noble Truth -- Kamma Vipaka...
    ffprobe stderr: https://www.satipanya.org.uk/wp-content/uploads/2015/09/essays_kamma.pdf: Invalid data found when processing input
    retry 1/1, wait 3s...
    ffprobe stderr: https://www.satipanya.org.uk/wp-content/uploads/2015/09/essays_kamma.pdf: Invalid data found when processing input
    FAILED (size=215887)
  [130/376] The Fourth Noble Truth -- Morality...
    ffprobe stderr: https://www.satipanya.org.uk/wp-content/uploads/2015/09/essays_morality.pdf: Invalid data found when processing input
    retry 1/1, wait 3s...
    ffprobe stderr: https://www.satipanya.org.uk/wp-content/uploads/2015/09/essays_morality.pdf: Invalid data found when processing input
    FAILED (size=187123)
  [131/376] The Fourth Noble Truth -- Perfections...
    ffprobe stderr: https://www.satipanya.org.uk/wp-content/uploads/2015/09/essay_perfections.pdf: Invalid data found when processing input
    retry 1/1, wait 3s...
    ffprobe stderr: https://www.satipanya.org.uk/wp-content/uploads/2015/09/essay_perfections.pdf: Invalid data found when processing input
    FAILED (size=229724)
  [132/376] The Fourth Noble Truth -- Right Understanding...
    ffprobe stderr: https://www.satipanya.org.uk/wp-content/uploads/2015/09/essays_understanding.pdf: Invalid data found when processing inp
    retry 1/1, wait 3s...
    ffprobe stderr: https://www.satipanya.org.uk/wp-content/uploads/2015/09/essays_understanding.pdf: Invalid data found when processing inp
    FAILED (size=223517)
  [133/376] The Fourth Noble Truth -- Mental Development...
    ffprobe stderr: https://www.satipanya.org.uk/wp-content/uploads/2015/09/essays_mental.pdf: Invalid data found when processing input
    retry 1/1, wait 3s...
    ffprobe stderr: https://www.satipanya.org.uk/wp-content/uploads/2015/09/essays_mental.pdf: Invalid data found when processing input
    FAILED (size=215718)
  [134/376] Meditation in Ordinary Daily Life...
    ffprobe stderr: https://www.satipanya.org.uk/wp-content/uploads/2015/09/essay_dailylife.pdf: Invalid data found when processing input
    retry 1/1, wait 3s...
    ffprobe stderr: https://www.satipanya.org.uk/wp-content/uploads/2015/09/essay_dailylife.pdf: Invalid data found when processing input
    FAILED (size=317587)
  [135/376] Meditation in Ordinary Daily Life...
    ffprobe stderr: https://www.satipanya.org.uk/wp-content/uploads/2017/03/Meditation-in-Ordinary-Daily-Life.pdf: Invalid data found when p
    retry 1/1, wait 3s...
    ffprobe stderr: https://www.satipanya.org.uk/wp-content/uploads/2017/03/Meditation-in-Ordinary-Daily-Life.pdf: Invalid data found when p
    FAILED (size=416636)
  [136/376] Buddha Day Evening with Italy...
    ffprobe stderr: https://www.satipanya.org.uk/wp-content/uploads/2020/05/Buddha-Day-Evening-with-Italy-1.docx: Invalid data found when pr
    retry 1/1, wait 3s...
    ffprobe stderr: https://www.satipanya.org.uk/wp-content/uploads/2020/05/Buddha-Day-Evening-with-Italy-1.docx: Invalid data found when pr
    FAILED (size=26033)
  [137/376] Text,...
    ffprobe stderr: https://www.satipanya.org.uk/wp-content/uploads/2025/06/Three-score-years-and-ten.docx: Invalid data found when processi
    retry 1/1, wait 3s...
    ffprobe stderr: https://www.satipanya.org.uk/wp-content/uploads/2025/06/Three-score-years-and-ten.docx: Invalid data found when processi
    FAILED (size=31088)
  [138/376] Satipanya Porridge...
    ffprobe stderr: https://www.satipanya.org.uk/wp-content/uploads/2015/09/1.-Porridge.pdf: Invalid data found when processing input
    retry 1/1, wait 3s...
    ffprobe stderr: https://www.satipanya.org.uk/wp-content/uploads/2015/09/1.-Porridge.pdf: Invalid data found when processing input
    FAILED (size=44492)
  [139/376] The "Ouch" that hurt....
    ffprobe stderr: https://www.satipanya.org.uk/wp-content/uploads/2015/09/2-Ouch.pdf: Invalid data found when processing input
    retry 1/1, wait 3s...
    ffprobe stderr: https://www.satipanya.org.uk/wp-content/uploads/2015/09/2-Ouch.pdf: Invalid data found when processing input
    FAILED (size=64637)
  [140/376] Coming down to earth...
    ffprobe stderr: https://www.satipanya.org.uk/wp-content/uploads/2015/09/3-Earth.pdf: Invalid data found when processing input
    retry 1/1, wait 3s...
    ffprobe stderr: https://www.satipanya.org.uk/wp-content/uploads/2015/09/3-Earth.pdf: Invalid data found when processing input
    FAILED (size=108466)
  [141/376] Extending the limits of good-will...
    ffprobe stderr: https://www.satipanya.org.uk/wp-content/uploads/2015/09/4-Extending-the-limits-of-goodwill.pdf: Invalid data found when 
    retry 1/1, wait 3s...
    ffprobe stderr: https://www.satipanya.org.uk/wp-content/uploads/2015/09/4-Extending-the-limits-of-goodwill.pdf: Invalid data found when 
    FAILED (size=109007)
  [142/376] Metta for a Cold Heart...
    ffprobe stderr: https://www.satipanya.org.uk/wp-content/uploads/2015/09/5-Metta-for-a-Cold-Heart.pdf: Invalid data found when processing
    retry 1/1, wait 3s...
    ffprobe stderr: https://www.satipanya.org.uk/wp-content/uploads/2015/09/5-Metta-for-a-Cold-Heart.pdf: Invalid data found when processing
    FAILED (size=108617)
  [143/376] The Fourth Noble Truth...
    ffprobe stderr: https://www.satipanya.org.uk/wp-content/uploads/2015/09/6-Fourth-Noble-Truth.pdf: Invalid data found when processing inp
    retry 1/1, wait 3s...
    ffprobe stderr: https://www.satipanya.org.uk/wp-content/uploads/2015/09/6-Fourth-Noble-Truth.pdf: Invalid data found when processing inp
    FAILED (size=203454)
  [144/376] Struggling with Anatta...
    ffprobe stderr: https://www.satipanya.org.uk/wp-content/uploads/2015/09/7-Struggling-with-Anatta.pdf: Invalid data found when processing
    retry 1/1, wait 3s...
    ffprobe stderr: https://www.satipanya.org.uk/wp-content/uploads/2015/09/7-Struggling-with-Anatta.pdf: Invalid data found when processing
    FAILED (size=71622)
  [145/376] Temporary Ordination...
    ffprobe stderr: https://www.satipanya.org.uk/wp-content/uploads/2015/09/8-Temporary-Ordination.pdf: Invalid data found when processing i
    retry 1/1, wait 3s...
    ffprobe stderr: https://www.satipanya.org.uk/wp-content/uploads/2015/09/8-Temporary-Ordination.pdf: Invalid data found when processing i
    FAILED (size=37938)
  [146/376] Retreating and Re-engaging...
    ffprobe stderr: https://www.satipanya.org.uk/wp-content/uploads/2015/09/9-Retreating-and-Re-engaging.pdf: Invalid data found when proces
    retry 1/1, wait 3s...
    ffprobe stderr: https://www.satipanya.org.uk/wp-content/uploads/2015/09/9-Retreating-and-Re-engaging.pdf: Invalid data found when proces
    FAILED (size=82989)
  [147/376] Homeward Bound...
    ffprobe stderr: https://www.dropbox.com/scl/fi/8nguj34pzuyrf3c81sg19/Homeward-Bound.pdf?rlkey=jloegrr5cqbnanjjqyunn5r6j&dl=0: Invalid da
    retry 1/1, wait 3s...
    ffprobe stderr: https://www.dropbox.com/scl/fi/8nguj34pzuyrf3c81sg19/Homeward-Bound.pdf?rlkey=jloegrr5cqbnanjjqyunn5r6j&dl=0: Invalid da
    FAILED (size=0)
  [148/376] All in the Mind...
    ffprobe stderr: https://www.dropbox.com/scl/fi/ptq3drjwnbyywgtwe8m9j/May-21-Tip-Its-all-in-the-mind-BD.pdf?rlkey=epfdzr1q3r3ytx3lpmju8as
    retry 1/1, wait 3s...
    ffprobe stderr: https://www.dropbox.com/scl/fi/ptq3drjwnbyywgtwe8m9j/May-21-Tip-Its-all-in-the-mind-BD.pdf?rlkey=epfdzr1q3r3ytx3lpmju8as
    FAILED (size=0)
  [149/376] Summer meadows...
    ffprobe stderr: https://www.dropbox.com/scl/fi/kldc5al181ou54aq7dgfm/Summer-meadows.pdf?rlkey=jypgezgvnub0mvqexopjct3mf&dl=0: Invalid da
    retry 1/1, wait 3s...
    ffprobe stderr: https://www.dropbox.com/scl/fi/kldc5al181ou54aq7dgfm/Summer-meadows.pdf?rlkey=jypgezgvnub0mvqexopjct3mf&dl=0: Invalid da
    FAILED (size=0)
  [150/376] As Winter Approaches...
    ffprobe stderr: https://www.dropbox.com/scl/fi/mdqu4o4xj2d87fr73j13t/As-Winter-Approaches.pdf?rlkey=ecwxpy1ha5e0p9499p5bfzw4n&dl=0: Inva
    retry 1/1, wait 3s...
    ffprobe stderr: https://www.dropbox.com/scl/fi/mdqu4o4xj2d87fr73j13t/As-Winter-Approaches.pdf?rlkey=ecwxpy1ha5e0p9499p5bfzw4n&dl=0: Inva
    FAILED (size=0)
  [checkpoint saved at 150]
  [151/376] 2020 Lockdown Christmas...
    ffprobe stderr: https://www.dropbox.com/scl/fi/lpri872vi9eek73g8wccn/december-tip-20.pdf?rlkey=qtd04tfwjhmnh8tky0a774awl&dl=0: Invalid d
    retry 1/1, wait 3s...
    ffprobe stderr: https://www.dropbox.com/scl/fi/lpri872vi9eek73g8wccn/december-tip-20.pdf?rlkey=qtd04tfwjhmnh8tky0a774awl&dl=0: Invalid d
    FAILED (size=0)
  [152/376] Exiting Lockdown...
    ffprobe stderr: https://www.dropbox.com/scl/fi/m6mvz6ojqr6uo4x7jb1eg/Exiting-Lockdown.pdf?rlkey=cds7ukbu8wypm55twws37vgeg&dl=0: Invalid 
    retry 1/1, wait 3s...
    ffprobe stderr: https://www.dropbox.com/scl/fi/m6mvz6ojqr6uo4x7jb1eg/Exiting-Lockdown.pdf?rlkey=cds7ukbu8wypm55twws37vgeg&dl=0: Invalid 
    FAILED (size=0)
  [153/376] Mindfulness meets metta...
    ffprobe stderr: https://www.satipanya.org.uk/wp-content/uploads/2025/06/A-different-approach-to-Metta.docx: Invalid data found when proc
    retry 1/1, wait 3s...
    ffprobe stderr: https://www.satipanya.org.uk/wp-content/uploads/2025/06/A-different-approach-to-Metta.docx: Invalid data found when proc
    FAILED (size=14679)
  [154/376] Everyday Mindfulness...
    ffprobe stderr: https://www.satipanya.org.uk/wp-content/uploads/2025/06/Full-Awareness.docx: Invalid data found when processing input
    retry 1/1, wait 3s...
    ffprobe stderr: https://www.satipanya.org.uk/wp-content/uploads/2025/06/Full-Awareness.docx: Invalid data found when processing input
    FAILED (size=15724)
  [155/376] Healing the Mind-Body Relationship...
    ffprobe stderr: https://www.satipanya.org.uk/wp-content/uploads/2025/06/There-is-a-Body.docx: Invalid data found when processing input
    retry 1/1, wait 3s...
    ffprobe stderr: https://www.satipanya.org.uk/wp-content/uploads/2025/06/There-is-a-Body.docx: Invalid data found when processing input
    FAILED (size=15293)
  [156/376] Nibanna is Close at Hand!...
    ffprobe stderr: https://www.satipanya.org.uk/wp-content/uploads/2025/06/Nibanna-close-at-hand.docx: Invalid data found when processing i
    retry 1/1, wait 3s...
    ffprobe stderr: https://www.satipanya.org.uk/wp-content/uploads/2025/06/Nibanna-close-at-hand.docx: Invalid data found when processing i
    FAILED (size=17862)
  [157/376] Greeting the Devadutta...
    ffprobe stderr: https://www.satipanya.org.uk/wp-content/uploads/2015/09/Greeting-the-Devadutta.pdf: Invalid data found when processing i
    retry 1/1, wait 3s...
    ffprobe stderr: https://www.satipanya.org.uk/wp-content/uploads/2015/09/Greeting-the-Devadutta.pdf: Invalid data found when processing i
    FAILED (size=46202)
  [158/376] Laryngectomy...
    ffprobe stderr: https://www.satipanya.org.uk/wp-content/uploads/2015/09/Laryngectomy.pdf: Invalid data found when processing input
    retry 1/1, wait 3s...
    ffprobe stderr: https://www.satipanya.org.uk/wp-content/uploads/2015/09/Laryngectomy.pdf: Invalid data found when processing input
    FAILED (size=99283)
  [159/376] Stumbling towards Gratitude...
    ffprobe stderr: https://www.satipanya.org.uk/wp-content/uploads/2015/09/Stumbling-towards-Gratitude.pdf: Invalid data found when process
    retry 1/1, wait 3s...
    ffprobe stderr: https://www.satipanya.org.uk/wp-content/uploads/2015/09/Stumbling-towards-Gratitude.pdf: Invalid data found when process
    FAILED (size=51000)
  [160/376] Mid-winter Darkness...
    ffprobe stderr: https://www.satipanya.org.uk/wp-content/uploads/2015/09/Mid-winter-Darkness.pdf: Invalid data found when processing inpu
    retry 1/1, wait 3s...
    ffprobe stderr: https://www.satipanya.org.uk/wp-content/uploads/2015/09/Mid-winter-Darkness.pdf: Invalid data found when processing inpu
    FAILED (size=76687)
  [161/376] Teaching with an Electro-larynx: The Oval Age-Old ...
    ffprobe stderr: https://www.satipanya.org.uk/wp-content/uploads/2015/11/Tteaching-post-laryngectomy5.pdf: Invalid data found when proces
    retry 1/1, wait 3s...
    ffprobe stderr: https://www.satipanya.org.uk/wp-content/uploads/2015/11/Tteaching-post-laryngectomy5.pdf: Invalid data found when proces
    FAILED (size=353986)
  [162/376] a paper describing six ethical maxims...
    ffprobe stderr: https://media2-production.mightynetworks.com/asset/39337730/Schenck_-_Ethical_Maxims.pdf: Invalid data found when proces
    retry 1/1, wait 3s...
    ffprobe stderr: https://media2-production.mightynetworks.com/asset/39337730/Schenck_-_Ethical_Maxims.pdf: Invalid data found when proces
    FAILED (size=342674)
  [163/376] Full Catastrophe Ethics...
    ffprobe stderr: https://www.dropbox.com/scl/fi/rozoinvtfbrtrw3az027d/Ethics-in-the-Face-of-Catastrophe.pdf?rlkey=w6nwsi6o67ege7u69uimb9z
    retry 1/1, wait 3s...
    ffprobe stderr: https://www.dropbox.com/scl/fi/rozoinvtfbrtrw3az027d/Ethics-in-the-Face-of-Catastrophe.pdf?rlkey=w6nwsi6o67ege7u69uimb9z
    FAILED (size=0)
  [164/376] First Maxim: Work Hard to Grasp the Imensity...
    ffprobe stderr: https://www.dropbox.com/scl/fi/xiavig5kj1t672mnc6c8j/First-Maxim-Work-Hard-to-Grasp-the-Immensity.pdf?rlkey=8m26ygf6zkh8
    retry 1/1, wait 3s...
    ffprobe stderr: https://www.dropbox.com/scl/fi/xiavig5kj1t672mnc6c8j/First-Maxim-Work-Hard-to-Grasp-the-Immensity.pdf?rlkey=8m26ygf6zkh8
    FAILED (size=0)
  [165/376] Second Maxim: Cultivate Radical Hope...
    ffprobe stderr: https://www.dropbox.com/scl/fi/bmvg3gh1kxgvtm9yj0700/2nd-maxim-cultivate-radical-hope.pdf?rlkey=tuvxthgflkrbw1pnqq7s1ykc
    retry 1/1, wait 3s...
    ffprobe stderr: https://www.dropbox.com/scl/fi/bmvg3gh1kxgvtm9yj0700/2nd-maxim-cultivate-radical-hope.pdf?rlkey=tuvxthgflkrbw1pnqq7s1ykc
    FAILED (size=0)
  [166/376] Third Maxim: Draw a line in the Sand - b. Working ...
    ffprobe stderr: https://www.dropbox.com/scl/fi/acbsl9qa1i9vtp0thutop/3rd-maxim-red-lines-2-BD.pdf?rlkey=takcr56pzw30ny7dsrlm8gm9o&dl=0: 
    retry 1/1, wait 3s...
    ffprobe stderr: https://www.dropbox.com/scl/fi/acbsl9qa1i9vtp0thutop/3rd-maxim-red-lines-2-BD.pdf?rlkey=takcr56pzw30ny7dsrlm8gm9o&dl=0: 
    FAILED (size=0)
  [167/376] Fourth Maxim: Appreciate the Amazing and Unique Up...
    ffprobe stderr: https://www.dropbox.com/scl/fi/oidghyuejtmwasn1pkg6q/4th-maxim-Opportunity-Part-1.pdf?rlkey=u02qg8w8o2fkwytzosfyvxoc9&dl
    retry 1/1, wait 3s...
    ffprobe stderr: https://www.dropbox.com/scl/fi/oidghyuejtmwasn1pkg6q/4th-maxim-Opportunity-Part-1.pdf?rlkey=u02qg8w8o2fkwytzosfyvxoc9&dl
    FAILED (size=0)
  [168/376] Fifth Maxim: Train the Mind and Body...
    ffprobe stderr: https://www.satipanya.org.uk/wp-content/uploads/2025/06/5th-maxim-Develop-the-Body-and-Mind.docx: Invalid data found whe
    retry 1/1, wait 3s...
    ffprobe stderr: https://www.satipanya.org.uk/wp-content/uploads/2025/06/5th-maxim-Develop-the-Body-and-Mind.docx: Invalid data found whe
    FAILED (size=21429)
  [169/376] At the end of the day (1)...
    ffprobe stderr: https://www.satipanya.org.uk/tip-o-the-day/#anchor0: Invalid data found when processing input
    retry 1/1, wait 3s...
    ffprobe stderr: https://www.satipanya.org.uk/tip-o-the-day/#anchor0: Invalid data found when processing input
    FAILED (size=0)
  [170/376] At the end of the day. (2)...
    ffprobe stderr: https://www.satipanya.org.uk/tip-o-the-day/#anchor1: Invalid data found when processing input
    retry 1/1, wait 3s...
    ffprobe stderr: https://www.satipanya.org.uk/tip-o-the-day/#anchor1: Invalid data found when processing input
    FAILED (size=0)
  [171/376] At the end of the day....
    ffprobe stderr: https://www.satipanya.org.uk/tip-o-the-day/#anchor2: Invalid data found when processing input
    retry 1/1, wait 3s...
    ffprobe stderr: https://www.satipanya.org.uk/tip-o-the-day/#anchor2: Invalid data found when processing input
    FAILED (size=0)
  [172/376] Upon Awakening....
    ffprobe stderr: https://www.satipanya.org.uk/tip-o-the-day/#anchor3: Invalid data found when processing input
    retry 1/1, wait 3s...
    ffprobe stderr: https://www.satipanya.org.uk/tip-o-the-day/#anchor3: Invalid data found when processing input
    FAILED (size=0)
  [173/376] Morning Meditation (One of Four) : Ritual...
    ffprobe stderr: https://www.satipanya.org.uk/tip-o-the-day/#anchor4: Invalid data found when processing input
    retry 1/1, wait 3s...
    ffprobe stderr: https://www.satipanya.org.uk/tip-o-the-day/#anchor4: Invalid data found when processing input
    FAILED (size=0)
  [174/376] Morning Meditation : Default Position: Abiding in ...
    ffprobe stderr: https://www.satipanya.org.uk/tip-o-the-day/#anchor5: Invalid data found when processing input
    retry 1/1, wait 3s...
    ffprobe stderr: https://www.satipanya.org.uk/tip-o-the-day/#anchor5: Invalid data found when processing input
    FAILED (size=0)
  [175/376] Morning Meditation : Vipassana – 1. Developing a s...
    ffprobe stderr: https://www.satipanya.org.uk/tip-o-the-day/#anchor6: Invalid data found when processing input
    retry 1/1, wait 3s...
    ffprobe stderr: https://www.satipanya.org.uk/tip-o-the-day/#anchor6: Invalid data found when processing input
    FAILED (size=0)
  [176/376] Morning Meditation : Vipassana 2. – Developing Ins...
    ffprobe stderr: https://www.satipanya.org.uk/tip-o-the-day/#anchor7: Invalid data found when processing input
    retry 1/1, wait 3s...
    ffprobe stderr: https://www.satipanya.org.uk/tip-o-the-day/#anchor7: Invalid data found when processing input
    FAILED (size=0)
  [177/376] Morning Meditation : Metta : Developing Goodwill –...
    ffprobe stderr: https://www.satipanya.org.uk/tip-o-the-day/#anchor8: Invalid data found when processing input
    retry 1/1, wait 3s...
    ffprobe stderr: https://www.satipanya.org.uk/tip-o-the-day/#anchor8: Invalid data found when processing input
    FAILED (size=0)
  [178/376] Discourse on Metta...
    ffprobe stderr: https://www.satipanya.org.uk/tip-o-the-day/#anchor9: Invalid data found when processing input
    retry 1/1, wait 3s...
    ffprobe stderr: https://www.satipanya.org.uk/tip-o-the-day/#anchor9: Invalid data found when processing input
    FAILED (size=0)
  [179/376] Morning Meditation: Developing Goodwill and Forgiv...
    ffprobe stderr: https://www.satipanya.org.uk/tip-o-the-day/#anchor10: Invalid data found when processing input
    retry 1/1, wait 3s...
    ffprobe stderr: https://www.satipanya.org.uk/tip-o-the-day/#anchor10: Invalid data found when processing input
    FAILED (size=0)
  [180/376] Morning Meditation : Resolution...
    ffprobe stderr: https://www.satipanya.org.uk/tip-o-the-day/#anchor11: Invalid data found when processing input
    retry 1/1, wait 3s...
    ffprobe stderr: https://www.satipanya.org.uk/tip-o-the-day/#anchor11: Invalid data found when processing input
    FAILED (size=0)
  [181/376] Developing the Perfection of Determination...
    ffprobe stderr: https://www.satipanya.org.uk/tip-o-the-day/#anchor12: Invalid data found when processing input
    retry 1/1, wait 3s...
    ffprobe stderr: https://www.satipanya.org.uk/tip-o-the-day/#anchor12: Invalid data found when processing input
    FAILED (size=0)
  [182/376] Breakfast at last!...
    ffprobe stderr: https://www.satipanya.org.uk/tip-o-the-day/#anchor13: Invalid data found when processing input
    retry 1/1, wait 3s...
    ffprobe stderr: https://www.satipanya.org.uk/tip-o-the-day/#anchor13: Invalid data found when processing input
    FAILED (size=0)
  [183/376] Traveling to and from work....
    ffprobe stderr: https://www.satipanya.org.uk/tip-o-the-day/#anchor14: Invalid data found when processing input
    retry 1/1, wait 3s...
    ffprobe stderr: https://www.satipanya.org.uk/tip-o-the-day/#anchor14: Invalid data found when processing input
    FAILED (size=0)
  [184/376] Back Home...
    ffprobe stderr: https://www.satipanya.org.uk/tip-o-the-day/#anchor15: Invalid data found when processing input
    retry 1/1, wait 3s...
    ffprobe stderr: https://www.satipanya.org.uk/tip-o-the-day/#anchor15: Invalid data found when processing input
    FAILED (size=0)
  [185/376] Relations, Friends, Acquaintances and Spiritual Co...
    ffprobe stderr: https://www.satipanya.org.uk/tip-o-the-day/#anchor16: Invalid data found when processing input
    retry 1/1, wait 3s...
    ffprobe stderr: https://www.satipanya.org.uk/tip-o-the-day/#anchor16: Invalid data found when processing input
    FAILED (size=0)
  [186/376] Contemplating Relations, Friends, Acquaintances an...
    ffprobe stderr: https://www.satipanya.org.uk/tip-o-the-day/#anchor17: Invalid data found when processing input
    retry 1/1, wait 3s...
    ffprobe stderr: https://www.satipanya.org.uk/tip-o-the-day/#anchor17: Invalid data found when processing input
    FAILED (size=0)
  [187/376] Intimate Relationships: The Erotic, the Romantic a...
    ffprobe stderr: https://www.satipanya.org.uk/tip-o-the-day/#anchor18: Invalid data found when processing input
    retry 1/1, wait 3s...
    ffprobe stderr: https://www.satipanya.org.uk/tip-o-the-day/#anchor18: Invalid data found when processing input
    FAILED (size=0)
  [188/376] Celibacy...
    ffprobe stderr: https://www.satipanya.org.uk/tip-o-the-day/#anchor19: Invalid data found when processing input
    retry 1/1, wait 3s...
    ffprobe stderr: https://www.satipanya.org.uk/tip-o-the-day/#anchor19: Invalid data found when processing input
    FAILED (size=0)
  [189/376] When does love become control?...
    ffprobe stderr: https://www.satipanya.org.uk/tip-o-the-day/#anchor20: Invalid data found when processing input
    retry 1/1, wait 3s...
    ffprobe stderr: https://www.satipanya.org.uk/tip-o-the-day/#anchor20: Invalid data found when processing input
    FAILED (size=0)
  [190/376] Work...
    ffprobe stderr: https://www.satipanya.org.uk/tip-o-the-day/#anchor21: Invalid data found when processing input
    retry 1/1, wait 3s...
    ffprobe stderr: https://www.satipanya.org.uk/tip-o-the-day/#anchor21: Invalid data found when processing input
    FAILED (size=0)
  [191/376] Success and Failure : Trial and Error...
    ffprobe stderr: https://www.satipanya.org.uk/tip-o-the-day/#anchor22: Invalid data found when processing input
    retry 1/1, wait 3s...
    ffprobe stderr: https://www.satipanya.org.uk/tip-o-the-day/#anchor22: Invalid data found when processing input
    FAILED (size=0)
  [192/376] Creating Space (1)...
    ffprobe stderr: https://www.satipanya.org.uk/tip-o-the-day/#anchor23: Invalid data found when processing input
    retry 1/1, wait 3s...
    ffprobe stderr: https://www.satipanya.org.uk/tip-o-the-day/#anchor23: Invalid data found when processing input
    FAILED (size=0)
  [193/376] Creating Space (2)...
    ffprobe stderr: https://www.satipanya.org.uk/tip-o-the-day/#anchor24: Invalid data found when processing input
    retry 1/1, wait 3s...
    ffprobe stderr: https://www.satipanya.org.uk/tip-o-the-day/#anchor24: Invalid data found when processing input
    FAILED (size=0)
  [194/376] Creating Space (3)...
    ffprobe stderr: https://www.satipanya.org.uk/tip-o-the-day/#anchor25: Invalid data found when processing input
    retry 1/1, wait 3s...
    ffprobe stderr: https://www.satipanya.org.uk/tip-o-the-day/#anchor25: Invalid data found when processing input
    FAILED (size=0)
  [195/376] The Limits of Power and Mission Creep...
    ffprobe stderr: https://www.satipanya.org.uk/tip-o-the-day/#anchor26: Invalid data found when processing input
    retry 1/1, wait 3s...
    ffprobe stderr: https://www.satipanya.org.uk/tip-o-the-day/#anchor26: Invalid data found when processing input
    FAILED (size=0)
  [196/376] Not an Emotion...
    ffprobe stderr: https://www.satipanya.org.uk/tip-o-the-day/#anchor27: Invalid data found when processing input
    retry 1/1, wait 3s...
    ffprobe stderr: https://www.satipanya.org.uk/tip-o-the-day/#anchor27: Invalid data found when processing input
    FAILED (size=0)
  [197/376] Relationships...
    ffprobe stderr: https://www.satipanya.org.uk/tip-o-the-day/#anchor28: Invalid data found when processing input
    retry 1/1, wait 3s...
    ffprobe stderr: https://www.satipanya.org.uk/tip-o-the-day/#anchor28: Invalid data found when processing input
    FAILED (size=0)
  [198/376] Being Good rather than Being Good At...
    ffprobe stderr: https://www.satipanya.org.uk/tip-o-the-day/#anchor29: Invalid data found when processing input
    retry 1/1, wait 3s...
    ffprobe stderr: https://www.satipanya.org.uk/tip-o-the-day/#anchor29: Invalid data found when processing input
    FAILED (size=0)
  [199/376] What’s wrong with a bit of attachment!...
    ffprobe stderr: https://www.satipanya.org.uk/tip-o-the-day/#anchor30: Invalid data found when processing input
    retry 1/1, wait 3s...
    ffprobe stderr: https://www.satipanya.org.uk/tip-o-the-day/#anchor30: Invalid data found when processing input
    FAILED (size=0)
  [200/376] Sacrifice : the more we give, the greater the retu...
    ffprobe stderr: https://www.satipanya.org.uk/tip-o-the-day/#anchor31: Invalid data found when processing input
    retry 1/1, wait 3s...
    ffprobe stderr: https://www.satipanya.org.uk/tip-o-the-day/#anchor31: Invalid data found when processing input
    FAILED (size=0)
  [checkpoint saved at 200]
  [201/376] Not what we believe, but how we live....
    ffprobe stderr: https://www.satipanya.org.uk/tip-o-the-day/#anchor32: Invalid data found when processing input
    retry 1/1, wait 3s...
    ffprobe stderr: https://www.satipanya.org.uk/tip-o-the-day/#anchor32: Invalid data found when processing input
    FAILED (size=0)
  [202/376] Towards the Greatest Happiness....
    ffprobe stderr: https://www.satipanya.org.uk/tip-o-the-day/#anchor33: Invalid data found when processing input
    retry 1/1, wait 3s...
    ffprobe stderr: https://www.satipanya.org.uk/tip-o-the-day/#anchor33: Invalid data found when processing input
    FAILED (size=0)
  [203/376] New Year Resolution...
    ffprobe stderr: https://www.satipanya.org.uk/tip-o-the-day/#anchor34: Invalid data found when processing input
    retry 1/1, wait 3s...
    ffprobe stderr: https://www.satipanya.org.uk/tip-o-the-day/#anchor34: Invalid data found when processing input
    FAILED (size=0)
  [204/376] Neighbourly ‘Sounds’...
    ffprobe stderr: https://www.satipanya.org.uk/tip-o-the-day/#anchor35: Invalid data found when processing input
    retry 1/1, wait 3s...
    ffprobe stderr: https://www.satipanya.org.uk/tip-o-the-day/#anchor35: Invalid data found when processing input
    FAILED (size=0)
  [205/376] Sickness...
    ffprobe stderr: https://www.satipanya.org.uk/tip-o-the-day/#anchor36: Invalid data found when processing input
    retry 1/1, wait 3s...
    ffprobe stderr: https://www.satipanya.org.uk/tip-o-the-day/#anchor36: Invalid data found when processing input
    FAILED (size=0)
  [206/376] The Tough Nut...
    ffprobe stderr: https://www.satipanya.org.uk/tip-o-the-day/#anchor37: Invalid data found when processing input
    retry 1/1, wait 3s...
    ffprobe stderr: https://www.satipanya.org.uk/tip-o-the-day/#anchor37: Invalid data found when processing input
    FAILED (size=0)
  [207/376] Impulsive or Spontaneous....
    ffprobe stderr: https://www.satipanya.org.uk/tip-o-the-day/#anchor38: Invalid data found when processing input
    retry 1/1, wait 3s...
    ffprobe stderr: https://www.satipanya.org.uk/tip-o-the-day/#anchor38: Invalid data found when processing input
    FAILED (size=0)
  [208/376] Joy!...
    ffprobe stderr: https://www.satipanya.org.uk/tip-o-the-day/#anchor39: Invalid data found when processing input
    retry 1/1, wait 3s...
    ffprobe stderr: https://www.satipanya.org.uk/tip-o-the-day/#anchor39: Invalid data found when processing input
    FAILED (size=0)
  [209/376] Thankyou...
    ffprobe stderr: https://www.satipanya.org.uk/tip-o-the-day/#anchor40: Invalid data found when processing input
    retry 1/1, wait 3s...
    ffprobe stderr: https://www.satipanya.org.uk/tip-o-the-day/#anchor40: Invalid data found when processing input
    FAILED (size=0)
  [210/376] Need, Sufficiency and Greed....
    ffprobe stderr: https://www.satipanya.org.uk/tip-o-the-day/#anchor41: Invalid data found when processing input
    retry 1/1, wait 3s...
    ffprobe stderr: https://www.satipanya.org.uk/tip-o-the-day/#anchor41: Invalid data found when processing input
    FAILED (size=0)
  [211/376] What values govern our lives?...
    ffprobe stderr: https://www.satipanya.org.uk/tip-o-the-day/#anchor42: Invalid data found when processing input
    retry 1/1, wait 3s...
    ffprobe stderr: https://www.satipanya.org.uk/tip-o-the-day/#anchor42: Invalid data found when processing input
    FAILED (size=0)
  [212/376] Values in mine own eyes....
    ffprobe stderr: https://www.satipanya.org.uk/tip-o-the-day/#anchor43: Invalid data found when processing input
    retry 1/1, wait 3s...
    ffprobe stderr: https://www.satipanya.org.uk/tip-o-the-day/#anchor43: Invalid data found when processing input
    FAILED (size=0)
  [213/376] Living in the Now : Planning for the Future...
    ffprobe stderr: https://www.satipanya.org.uk/tip-o-the-day/#anchor44: Invalid data found when processing input
    retry 1/1, wait 3s...
    ffprobe stderr: https://www.satipanya.org.uk/tip-o-the-day/#anchor44: Invalid data found when processing input
    FAILED (size=0)
  [214/376] Music...
    ffprobe stderr: https://www.satipanya.org.uk/tip-o-the-day/#anchor45: Invalid data found when processing input
    retry 1/1, wait 3s...
    ffprobe stderr: https://www.satipanya.org.uk/tip-o-the-day/#anchor45: Invalid data found when processing input
    FAILED (size=0)
  [215/376] Time...
    ffprobe stderr: https://www.satipanya.org.uk/tip-o-the-day/#anchor46: Invalid data found when processing input
    retry 1/1, wait 3s...
    ffprobe stderr: https://www.satipanya.org.uk/tip-o-the-day/#anchor46: Invalid data found when processing input
    FAILED (size=0)
  [216/376] Our Daily Breaks....
    ffprobe stderr: https://www.satipanya.org.uk/tip-o-the-day/#anchor47: Invalid data found when processing input
    retry 1/1, wait 3s...
    ffprobe stderr: https://www.satipanya.org.uk/tip-o-the-day/#anchor47: Invalid data found when processing input
    FAILED (size=0)
  [217/376] On the Virtue of Visiting a Cemetery...
    ffprobe stderr: https://www.satipanya.org.uk/tip-o-the-day/#anchor48: Invalid data found when processing input
    retry 1/1, wait 3s...
    ffprobe stderr: https://www.satipanya.org.uk/tip-o-the-day/#anchor48: Invalid data found when processing input
    FAILED (size=0)
  [218/376] Pity, Sorrow and Compassion...
    ffprobe stderr: https://www.satipanya.org.uk/tip-o-the-day/#anchor49: Invalid data found when processing input
    retry 1/1, wait 3s...
    ffprobe stderr: https://www.satipanya.org.uk/tip-o-the-day/#anchor49: Invalid data found when processing input
    FAILED (size=0)
  [219/376] Why are we asked to observe - impermanence....
    ffprobe stderr: https://www.satipanya.org.uk/tip-o-the-day/#anchor50: Invalid data found when processing input
    retry 1/1, wait 3s...
    ffprobe stderr: https://www.satipanya.org.uk/tip-o-the-day/#anchor50: Invalid data found when processing input
    FAILED (size=0)
  [220/376] Sublimation...
    ffprobe stderr: https://www.satipanya.org.uk/tip-o-the-day/#anchor51: Invalid data found when processing input
    retry 1/1, wait 3s...
    ffprobe stderr: https://www.satipanya.org.uk/tip-o-the-day/#anchor51: Invalid data found when processing input
    FAILED (size=0)
  [221/376] Righteous Anger : Plain Anger...
    ffprobe stderr: https://www.satipanya.org.uk/tip-o-the-day/#anchor52: Invalid data found when processing input
    retry 1/1, wait 3s...
    ffprobe stderr: https://www.satipanya.org.uk/tip-o-the-day/#anchor52: Invalid data found when processing input
    FAILED (size=0)
  [222/376] A Pet’s Endgame...
    ffprobe stderr: https://www.satipanya.org.uk/tip-o-the-day/#anchor53: Invalid data found when processing input
    retry 1/1, wait 3s...
    ffprobe stderr: https://www.satipanya.org.uk/tip-o-the-day/#anchor53: Invalid data found when processing input
    FAILED (size=0)
  [223/376] Downers....
    ffprobe stderr: https://www.satipanya.org.uk/tip-o-the-day/#anchor54: Invalid data found when processing input
    retry 1/1, wait 3s...
    ffprobe stderr: https://www.satipanya.org.uk/tip-o-the-day/#anchor54: Invalid data found when processing input
    FAILED (size=0)
  [224/376] Discipline : Self-discipline...
    ffprobe stderr: https://www.satipanya.org.uk/tip-o-the-day/#anchor55: Invalid data found when processing input
    retry 1/1, wait 3s...
    ffprobe stderr: https://www.satipanya.org.uk/tip-o-the-day/#anchor55: Invalid data found when processing input
    FAILED (size=0)
  [225/376] Fairness and Equality...
    ffprobe stderr: https://www.satipanya.org.uk/tip-o-the-day/#anchor56: Invalid data found when processing input
    retry 1/1, wait 3s...
    ffprobe stderr: https://www.satipanya.org.uk/tip-o-the-day/#anchor56: Invalid data found when processing input
    FAILED (size=0)
  [226/376] Unforgivingness...
    ffprobe stderr: https://www.satipanya.org.uk/tip-o-the-day/#anchor57: Invalid data found when processing input
    retry 1/1, wait 3s...
    ffprobe stderr: https://www.satipanya.org.uk/tip-o-the-day/#anchor57: Invalid data found when processing input
    FAILED (size=0)
  [227/376] My body is Mother Earth...
    ffprobe stderr: https://www.satipanya.org.uk/tip-o-the-day/#anchor58: Invalid data found when processing input
    retry 1/1, wait 3s...
    ffprobe stderr: https://www.satipanya.org.uk/tip-o-the-day/#anchor58: Invalid data found when processing input
    FAILED (size=0)
  [228/376] Dealing with Intense Emotions and Moods in Ordinar...
    ffprobe stderr: https://www.satipanya.org.uk/tip-o-the-day/#anchor59: Invalid data found when processing input
    retry 1/1, wait 3s...
    ffprobe stderr: https://www.satipanya.org.uk/tip-o-the-day/#anchor59: Invalid data found when processing input
    FAILED (size=0)
  [229/376] How much pain, physical or mental should we suffer...
    ffprobe stderr: https://www.satipanya.org.uk/tip-o-the-day/#anchor60: Invalid data found when processing input
    retry 1/1, wait 3s...
    ffprobe stderr: https://www.satipanya.org.uk/tip-o-the-day/#anchor60: Invalid data found when processing input
    FAILED (size=0)
  [230/376] Judging or Judgemental?...
    ffprobe stderr: https://www.satipanya.org.uk/tip-o-the-day/#anchor61: Invalid data found when processing input
    retry 1/1, wait 3s...
    ffprobe stderr: https://www.satipanya.org.uk/tip-o-the-day/#anchor61: Invalid data found when processing input
    FAILED (size=0)
  [231/376] The absurd and the Sublime : A Mid-summer Contempl...
    ffprobe stderr: https://www.satipanya.org.uk/tip-o-the-day/#anchor62: Invalid data found when processing input
    retry 1/1, wait 3s...
    ffprobe stderr: https://www.satipanya.org.uk/tip-o-the-day/#anchor62: Invalid data found when processing input
    FAILED (size=0)
  [232/376] If there is no self, who bears the karma?...
    ffprobe stderr: https://www.satipanya.org.uk/tip-o-the-day/#anchor63: Invalid data found when processing input
    retry 1/1, wait 3s...
    ffprobe stderr: https://www.satipanya.org.uk/tip-o-the-day/#anchor63: Invalid data found when processing input
    FAILED (size=0)
  [233/376] Overwhelmed by All the Violence in the World?...
    ffprobe stderr: https://www.satipanya.org.uk/tip-o-the-day/#anchor64: Invalid data found when processing input
    retry 1/1, wait 3s...
    ffprobe stderr: https://www.satipanya.org.uk/tip-o-the-day/#anchor64: Invalid data found when processing input
    FAILED (size=0)
  [234/376] Legal : Moral : Ethical...
    ffprobe stderr: https://www.satipanya.org.uk/tip-o-the-day/#anchor65: Invalid data found when processing input
    retry 1/1, wait 3s...
    ffprobe stderr: https://www.satipanya.org.uk/tip-o-the-day/#anchor65: Invalid data found when processing input
    FAILED (size=0)
  [235/376] The Consumer in Us All....
    ffprobe stderr: https://www.satipanya.org.uk/tip-o-the-day/#anchor66: Invalid data found when processing input
    retry 1/1, wait 3s...
    ffprobe stderr: https://www.satipanya.org.uk/tip-o-the-day/#anchor66: Invalid data found when processing input
    FAILED (size=0)
  [236/376] Barriers or Boundaries...
    ffprobe stderr: https://www.satipanya.org.uk/tip-o-the-day/#anchor67: Invalid data found when processing input
    retry 1/1, wait 3s...
    ffprobe stderr: https://www.satipanya.org.uk/tip-o-the-day/#anchor67: Invalid data found when processing input
    FAILED (size=0)
  [237/376] Isolation, Loneliness and Solitude...
    ffprobe stderr: https://www.satipanya.org.uk/tip-o-the-day/#anchor68: Invalid data found when processing input
    retry 1/1, wait 3s...
    ffprobe stderr: https://www.satipanya.org.uk/tip-o-the-day/#anchor68: Invalid data found when processing input
    FAILED (size=0)
  [238/376] Envy, Jealousy and Appreciative Joy...
    ffprobe stderr: https://www.satipanya.org.uk/tip-o-the-day/#anchor69: Invalid data found when processing input
    retry 1/1, wait 3s...
    ffprobe stderr: https://www.satipanya.org.uk/tip-o-the-day/#anchor69: Invalid data found when processing input
    FAILED (size=0)
  [239/376] Unwholesome Karmic Results as Fate....
    ffprobe stderr: https://www.satipanya.org.uk/tip-o-the-day/#anchor70: Invalid data found when processing input
    retry 1/1, wait 3s...
    ffprobe stderr: https://www.satipanya.org.uk/tip-o-the-day/#anchor70: Invalid data found when processing input
    FAILED (size=0)
  [240/376] Ideology leads to strife....
    ffprobe stderr: https://www.satipanya.org.uk/tip-o-the-day/#anchor71: Invalid data found when processing input
    retry 1/1, wait 3s...
    ffprobe stderr: https://www.satipanya.org.uk/tip-o-the-day/#anchor71: Invalid data found when processing input
    FAILED (size=0)
  [241/376] The Sacred: It’s Meaning and the Role of Free Spee...
    ffprobe stderr: https://www.satipanya.org.uk/tip-o-the-day/#anchor72: Invalid data found when processing input
    retry 1/1, wait 3s...
    ffprobe stderr: https://www.satipanya.org.uk/tip-o-the-day/#anchor72: Invalid data found when processing input
    FAILED (size=0)
  [242/376] Awareness, Compassion and Wisdom...
    ffprobe stderr: https://www.satipanya.org.uk/tip-o-the-day/#anchor73: Invalid data found when processing input
    retry 1/1, wait 3s...
    ffprobe stderr: https://www.satipanya.org.uk/tip-o-the-day/#anchor73: Invalid data found when processing input
    FAILED (size=0)
  [243/376] To become or not to become....
    ffprobe stderr: https://www.satipanya.org.uk/tip-o-the-day/#anchor74: Invalid data found when processing input
    retry 1/1, wait 3s...
    ffprobe stderr: https://www.satipanya.org.uk/tip-o-the-day/#anchor74: Invalid data found when processing input
    FAILED (size=0)
  [244/376] Appamāda : Diligent...
    ffprobe stderr: https://www.satipanya.org.uk/tip-o-the-day/#anchor75: Invalid data found when processing input
    retry 1/1, wait 3s...
    ffprobe stderr: https://www.satipanya.org.uk/tip-o-the-day/#anchor75: Invalid data found when processing input
    FAILED (size=0)
  [245/376] Aim and Objective in Present Time...
    ffprobe stderr: https://www.satipanya.org.uk/tip-o-the-day/#anchor76: Invalid data found when processing input
    retry 1/1, wait 3s...
    ffprobe stderr: https://www.satipanya.org.uk/tip-o-the-day/#anchor76: Invalid data found when processing input
    FAILED (size=0)
  [246/376] Money and Power...
    ffprobe stderr: https://www.satipanya.org.uk/tip-o-the-day/#anchor77: Invalid data found when processing input
    retry 1/1, wait 3s...
    ffprobe stderr: https://www.satipanya.org.uk/tip-o-the-day/#anchor77: Invalid data found when processing input
    FAILED (size=0)
  [247/376] Passive Aggression...
    ffprobe stderr: https://www.satipanya.org.uk/tip-o-the-day/#anchor78: Invalid data found when processing input
    retry 1/1, wait 3s...
    ffprobe stderr: https://www.satipanya.org.uk/tip-o-the-day/#anchor78: Invalid data found when processing input
    FAILED (size=0)
  [248/376] In what way should Buddhadhamma affect our politic...
    ffprobe stderr: https://www.satipanya.org.uk/tip-o-the-day/#anchor79: Invalid data found when processing input
    retry 1/1, wait 3s...
    ffprobe stderr: https://www.satipanya.org.uk/tip-o-the-day/#anchor79: Invalid data found when processing input
    FAILED (size=0)
  [249/376] Practice makes perfect.*...
    ffprobe stderr: https://www.satipanya.org.uk/tip-o-the-day/#anchor80: Invalid data found when processing input
    retry 1/1, wait 3s...
    ffprobe stderr: https://www.satipanya.org.uk/tip-o-the-day/#anchor80: Invalid data found when processing input
    FAILED (size=0)
  [250/376] Right Speech...
    ffprobe stderr: https://www.satipanya.org.uk/tip-o-the-day/#anchor81: Invalid data found when processing input
    retry 1/1, wait 3s...
    ffprobe stderr: https://www.satipanya.org.uk/tip-o-the-day/#anchor81: Invalid data found when processing input
    FAILED (size=0)
  [checkpoint saved at 250]
  [251/376] Equanimity...
    ffprobe stderr: https://www.satipanya.org.uk/tip-o-the-day/#anchor82: Invalid data found when processing input
    retry 1/1, wait 3s...
    ffprobe stderr: https://www.satipanya.org.uk/tip-o-the-day/#anchor82: Invalid data found when processing input
    FAILED (size=0)
  [252/376] Shame...
    ffprobe stderr: https://www.satipanya.org.uk/tip-o-the-day/#anchor83: Invalid data found when processing input
    retry 1/1, wait 3s...
    ffprobe stderr: https://www.satipanya.org.uk/tip-o-the-day/#anchor83: Invalid data found when processing input
    FAILED (size=0)
  [253/376] Guilt...
    ffprobe stderr: https://www.satipanya.org.uk/tip-o-the-day/#anchor84: Invalid data found when processing input
    retry 1/1, wait 3s...
    ffprobe stderr: https://www.satipanya.org.uk/tip-o-the-day/#anchor84: Invalid data found when processing input
    FAILED (size=0)
  [254/376] Gratitude Generosity Renunciation...
    ffprobe stderr: https://www.satipanya.org.uk/tip-o-the-day/#anchor85: Invalid data found when processing input
    retry 1/1, wait 3s...
    ffprobe stderr: https://www.satipanya.org.uk/tip-o-the-day/#anchor85: Invalid data found when processing input
    FAILED (size=0)
  [255/376] Excitement Boredom Contentment...
    ffprobe stderr: https://www.satipanya.org.uk/tip-o-the-day/#anchor86: Invalid data found when processing input
    retry 1/1, wait 3s...
    ffprobe stderr: https://www.satipanya.org.uk/tip-o-the-day/#anchor86: Invalid data found when processing input
    FAILED (size=0)
  [256/376] Silence...
    ffprobe stderr: https://www.satipanya.org.uk/tip-o-the-day/#anchor87: Invalid data found when processing input
    retry 1/1, wait 3s...
    ffprobe stderr: https://www.satipanya.org.uk/tip-o-the-day/#anchor87: Invalid data found when processing input
    FAILED (size=0)
  [257/376] Courage, Fortitude and Resilience...
    ffprobe stderr: https://www.satipanya.org.uk/tip-o-the-day/#anchor88: Invalid data found when processing input
    retry 1/1, wait 3s...
    ffprobe stderr: https://www.satipanya.org.uk/tip-o-the-day/#anchor88: Invalid data found when processing input
    FAILED (size=0)
  [258/376] One of the Hindrances is Sceptical Doubt....
    ffprobe stderr: https://www.satipanya.org.uk/tip-o-the-day/#anchor89: Invalid data found when processing input
    retry 1/1, wait 3s...
    ffprobe stderr: https://www.satipanya.org.uk/tip-o-the-day/#anchor89: Invalid data found when processing input
    FAILED (size=0)
  [259/376] Scientism meets Buddhism (Buddhadhamma?)...
    ffprobe stderr: https://www.satipanya.org.uk/tip-o-the-day/#anchor90: Invalid data found when processing input
    retry 1/1, wait 3s...
    ffprobe stderr: https://www.satipanya.org.uk/tip-o-the-day/#anchor90: Invalid data found when processing input
    FAILED (size=0)
  [260/376] What is our basic disposition to life?...
    ffprobe stderr: https://www.satipanya.org.uk/tip-o-the-day/#anchor91: Invalid data found when processing input
    retry 1/1, wait 3s...
    ffprobe stderr: https://www.satipanya.org.uk/tip-o-the-day/#anchor91: Invalid data found when processing input
    FAILED (size=0)
  [261/376] Fear!...
    ffprobe stderr: https://www.satipanya.org.uk/tip-o-the-day/#anchor92: Invalid data found when processing input
    retry 1/1, wait 3s...
    ffprobe stderr: https://www.satipanya.org.uk/tip-o-the-day/#anchor92: Invalid data found when processing input
    FAILED (size=0)
  [262/376] Beauty....
    ffprobe stderr: https://www.satipanya.org.uk/tip-o-the-day/#anchor93: Invalid data found when processing input
    retry 1/1, wait 3s...
    ffprobe stderr: https://www.satipanya.org.uk/tip-o-the-day/#anchor93: Invalid data found when processing input
    FAILED (size=0)
  [263/376] The Wisdom of Uncertainty...
    ffprobe stderr: https://www.satipanya.org.uk/tip-o-the-day/#anchor94: Invalid data found when processing input
    retry 1/1, wait 3s...
    ffprobe stderr: https://www.satipanya.org.uk/tip-o-the-day/#anchor94: Invalid data found when processing input
    FAILED (size=0)
  [264/376] Patience...
    ffprobe stderr: https://www.satipanya.org.uk/tip-o-the-day/#anchor95: Invalid data found when processing input
    retry 1/1, wait 3s...
    ffprobe stderr: https://www.satipanya.org.uk/tip-o-the-day/#anchor95: Invalid data found when processing input
    FAILED (size=0)
  [265/376] Overcoming the Corruptions of Generosity...
    ffprobe stderr: https://www.satipanya.org.uk/tip-o-the-day/#anchor96: Invalid data found when processing input
    retry 1/1, wait 3s...
    ffprobe stderr: https://www.satipanya.org.uk/tip-o-the-day/#anchor96: Invalid data found when processing input
    FAILED (size=0)
  [266/376] The World is in a terrible state....
    ffprobe stderr: https://www.satipanya.org.uk/tip-o-the-day/#anchor97: Invalid data found when processing input
    retry 1/1, wait 3s...
    ffprobe stderr: https://www.satipanya.org.uk/tip-o-the-day/#anchor97: Invalid data found when processing input
    FAILED (size=0)
  [267/376] The Treasure of Things...
    ffprobe stderr: https://www.satipanya.org.uk/tip-o-the-day/#anchor98: Invalid data found when processing input
    retry 1/1, wait 3s...
    ffprobe stderr: https://www.satipanya.org.uk/tip-o-the-day/#anchor98: Invalid data found when processing input
    FAILED (size=0)
  [268/376] Equanimity Carl...
    ffprobe stderr: https://www.satipanya.org.uk/tip-o-the-day/#anchor99: Invalid data found when processing input
    retry 1/1, wait 3s...
    ffprobe stderr: https://www.satipanya.org.uk/tip-o-the-day/#anchor99: Invalid data found when processing input
    FAILED (size=0)
  [269/376] The years where do they go. New Year Encouragement...
    ffprobe stderr: https://www.satipanya.org.uk/tip-o-the-day/#anchor100: Invalid data found when processing input
    retry 1/1, wait 3s...
    ffprobe stderr: https://www.satipanya.org.uk/tip-o-the-day/#anchor100: Invalid data found when processing input
    FAILED (size=0)
  [270/376] Understand and See things as they really are...
    ffprobe stderr: https://www.satipanya.org.uk/tip-o-the-day/#anchor101: Invalid data found when processing input
    retry 1/1, wait 3s...
    ffprobe stderr: https://www.satipanya.org.uk/tip-o-the-day/#anchor101: Invalid data found when processing input
    FAILED (size=0)
  [271/376] Constant Curiosity Carl...
    ffprobe stderr: https://www.satipanya.org.uk/tip-o-the-day/#anchor102: Invalid data found when processing input
    retry 1/1, wait 3s...
    ffprobe stderr: https://www.satipanya.org.uk/tip-o-the-day/#anchor102: Invalid data found when processing input
    FAILED (size=0)
  [272/376] Kamma Noirin...
    ffprobe stderr: https://www.satipanya.org.uk/tip-o-the-day/#anchor103: Invalid data found when processing input
    retry 1/1, wait 3s...
    ffprobe stderr: https://www.satipanya.org.uk/tip-o-the-day/#anchor103: Invalid data found when processing input
    FAILED (size=0)
  [273/376] Progress...
    ffprobe stderr: https://www.satipanya.org.uk/tip-o-the-day/#anchor104: Invalid data found when processing input
    retry 1/1, wait 3s...
    ffprobe stderr: https://www.satipanya.org.uk/tip-o-the-day/#anchor104: Invalid data found when processing input
    FAILED (size=0)
  [274/376] Who Decides? Carl...
    ffprobe stderr: https://www.satipanya.org.uk/tip-o-the-day/#anchor105: Invalid data found when processing input
    retry 1/1, wait 3s...
    ffprobe stderr: https://www.satipanya.org.uk/tip-o-the-day/#anchor105: Invalid data found when processing input
    FAILED (size=0)
  [275/376] Delusion, caring for illusion....
    ffprobe stderr: https://www.satipanya.org.uk/tip-o-the-day/#anchor106: Invalid data found when processing input
    retry 1/1, wait 3s...
    ffprobe stderr: https://www.satipanya.org.uk/tip-o-the-day/#anchor106: Invalid data found when processing input
    FAILED (size=0)
  [276/376] The world is not in a good place....
    ffprobe stderr: https://www.satipanya.org.uk/tip-o-the-day/#anchor107: Invalid data found when processing input
    retry 1/1, wait 3s...
    ffprobe stderr: https://www.satipanya.org.uk/tip-o-the-day/#anchor107: Invalid data found when processing input
    FAILED (size=0)
  [277/376] Happy New Year...
    ffprobe stderr: https://www.satipanya.org.uk/tip-o-the-day/#anchor108: Invalid data found when processing input
    retry 1/1, wait 3s...
    ffprobe stderr: https://www.satipanya.org.uk/tip-o-the-day/#anchor108: Invalid data found when processing input
    FAILED (size=0)
  [278/376] Sickness...
    ffprobe stderr: https://www.satipanya.org.uk/tip-o-the-day/#anchor109: Invalid data found when processing input
    retry 1/1, wait 3s...
    ffprobe stderr: https://www.satipanya.org.uk/tip-o-the-day/#anchor109: Invalid data found when processing input
    FAILED (size=0)
  [279/376] Yearning for a Better World...
    ffprobe stderr: https://www.satipanya.org.uk/tip-o-the-day/#anchor110: Invalid data found when processing input
    retry 1/1, wait 3s...
    ffprobe stderr: https://www.satipanya.org.uk/tip-o-the-day/#anchor110: Invalid data found when processing input
    FAILED (size=0)
  [280/376] Balancing Lay and Spiritual Life...
    ffprobe stderr: https://www.satipanya.org.uk/tip-o-the-day/#anchor111: Invalid data found when processing input
    retry 1/1, wait 3s...
    ffprobe stderr: https://www.satipanya.org.uk/tip-o-the-day/#anchor111: Invalid data found when processing input
    FAILED (size=0)
  [281/376] Wildflower Wisdom...
    ffprobe stderr: https://www.satipanya.org.uk/tip-o-the-day/#anchor112: Invalid data found when processing input
    retry 1/1, wait 3s...
    ffprobe stderr: https://www.satipanya.org.uk/tip-o-the-day/#anchor112: Invalid data found when processing input
    FAILED (size=0)
  [282/376] Dealing with the Stories that Make Us Suffer...
    ffprobe stderr: https://www.satipanya.org.uk/tip-o-the-day/#anchor113: Invalid data found when processing input
    retry 1/1, wait 3s...
    ffprobe stderr: https://www.satipanya.org.uk/tip-o-the-day/#anchor113: Invalid data found when processing input
    FAILED (size=0)
  [283/376] The Wisdom and Virtues of Insecurity...
    ffprobe stderr: https://www.satipanya.org.uk/tip-o-the-day/#anchor114: Invalid data found when processing input
    retry 1/1, wait 3s...
    ffprobe stderr: https://www.satipanya.org.uk/tip-o-the-day/#anchor114: Invalid data found when processing input
    FAILED (size=0)
  [284/376] As Winter Approaches...
    ffprobe stderr: https://www.satipanya.org.uk/tip-o-the-day/#anchor115: Invalid data found when processing input
    retry 1/1, wait 3s...
    ffprobe stderr: https://www.satipanya.org.uk/tip-o-the-day/#anchor115: Invalid data found when processing input
    FAILED (size=0)
  [285/376] Guidelines For a New Year's Resolution...
    ffprobe stderr: https://www.satipanya.org.uk/tip-o-the-day/#anchor116: Invalid data found when processing input
    retry 1/1, wait 3s...
    ffprobe stderr: https://www.satipanya.org.uk/tip-o-the-day/#anchor116: Invalid data found when processing input
    FAILED (size=0)
  [286/376] Coronavirus : Messenger from the Gods...
    ffprobe stderr: https://www.satipanya.org.uk/tip-o-the-day/#anchor117: Invalid data found when processing input
    retry 1/1, wait 3s...
    ffprobe stderr: https://www.satipanya.org.uk/tip-o-the-day/#anchor117: Invalid data found when processing input
    FAILED (size=0)
  [287/376] Quench all Resentments....
    ffprobe stderr: https://www.satipanya.org.uk/tip-o-the-day/#anchor118: Invalid data found when processing input
    retry 1/1, wait 3s...
    ffprobe stderr: https://www.satipanya.org.uk/tip-o-the-day/#anchor118: Invalid data found when processing input
    FAILED (size=0)
  [288/376] Exiting Lockdown...
    ffprobe stderr: https://www.satipanya.org.uk/tip-o-the-day/#anchor119: Invalid data found when processing input
    retry 1/1, wait 3s...
    ffprobe stderr: https://www.satipanya.org.uk/tip-o-the-day/#anchor119: Invalid data found when processing input
    FAILED (size=0)
  [289/376] Committing to the Path...
    ffprobe stderr: https://www.satipanya.org.uk/tip-o-the-day/#anchor120: Invalid data found when processing input
    retry 1/1, wait 3s...
    ffprobe stderr: https://www.satipanya.org.uk/tip-o-the-day/#anchor120: Invalid data found when processing input
    FAILED (size=0)
  [290/376] Beauty...
    ffprobe stderr: https://www.satipanya.org.uk/tip-o-the-day/#anchor121: Invalid data found when processing input
    retry 1/1, wait 3s...
    ffprobe stderr: https://www.satipanya.org.uk/tip-o-the-day/#anchor121: Invalid data found when processing input
    FAILED (size=0)
  [291/376] Motivation for Practice...
    ffprobe stderr: https://www.satipanya.org.uk/tip-o-the-day/#anchor123: Invalid data found when processing input
    retry 1/1, wait 3s...
    ffprobe stderr: https://www.satipanya.org.uk/tip-o-the-day/#anchor123: Invalid data found when processing input
    FAILED (size=0)
  [292/376] All in the Mind...
    ffprobe stderr: https://www.satipanya.org.uk/tip-o-the-day/#anchor124: Invalid data found when processing input
    retry 1/1, wait 3s...
    ffprobe stderr: https://www.satipanya.org.uk/tip-o-the-day/#anchor124: Invalid data found when processing input
    FAILED (size=0)
  [293/376] Perfection, Elitism and Excellence....
    ffprobe stderr: https://www.satipanya.org.uk/tip-o-the-day/#anchor125: Invalid data found when processing input
    retry 1/1, wait 3s...
    ffprobe stderr: https://www.satipanya.org.uk/tip-o-the-day/#anchor125: Invalid data found when processing input
    FAILED (size=0)
  [294/376] Material World...
    ffprobe stderr: https://www.satipanya.org.uk/tip-o-the-day/#anchor126: Invalid data found when processing input
    retry 1/1, wait 3s...
    ffprobe stderr: https://www.satipanya.org.uk/tip-o-the-day/#anchor126: Invalid data found when processing input
    FAILED (size=0)
  [295/376] Inner Voices...
    ffprobe stderr: https://www.satipanya.org.uk/tip-o-the-day/#anchor127: Invalid data found when processing input
    retry 1/1, wait 3s...
    ffprobe stderr: https://www.satipanya.org.uk/tip-o-the-day/#anchor127: Invalid data found when processing input
    FAILED (size=0)
  [296/376] Full Catastrophe Ethics...
    ffprobe stderr: https://www.satipanya.org.uk/tip-o-the-day/#anchor128: Invalid data found when processing input
    retry 1/1, wait 3s...
    ffprobe stderr: https://www.satipanya.org.uk/tip-o-the-day/#anchor128: Invalid data found when processing input
    FAILED (size=0)
  [297/376] On Learning how to be with Climate and Social Brea...
    ffprobe stderr: https://www.satipanya.org.uk/tip-o-the-day/#anchor129: Invalid data found when processing input
    retry 1/1, wait 3s...
    ffprobe stderr: https://www.satipanya.org.uk/tip-o-the-day/#anchor129: Invalid data found when processing input
    FAILED (size=0)
  [298/376] Living in the here and now. Bhante Bodhidhamma...
    ffprobe stderr: https://www.satipanya.org.uk/tip-o-the-day/#anchor130: Invalid data found when processing input
    retry 1/1, wait 3s...
    ffprobe stderr: https://www.satipanya.org.uk/tip-o-the-day/#anchor130: Invalid data found when processing input
    FAILED (size=0)
  [299/376] Being Human Bhante Bodhidhamma...
    ffprobe stderr: https://www.satipanya.org.uk/tip-o-the-day/#anchor131: Invalid data found when processing input
    retry 1/1, wait 3s...
    ffprobe stderr: https://www.satipanya.org.uk/tip-o-the-day/#anchor131: Invalid data found when processing input
    FAILED (size=0)
  [300/376] Sympathy Empathy Compassion Bhante Bodhidhamma...
    ffprobe stderr: https://www.satipanya.org.uk/tip-o-the-day/#anchor132: Invalid data found when processing input
    retry 1/1, wait 3s...
    ffprobe stderr: https://www.satipanya.org.uk/tip-o-the-day/#anchor132: Invalid data found when processing input
    FAILED (size=0)
  [checkpoint saved at 300]
  [301/376] Non-Violence is not Pacificism Bhante Bodhidhamma...
    ffprobe stderr: https://www.satipanya.org.uk/tip-o-the-day/#anchor133: Invalid data found when processing input
    retry 1/1, wait 3s...
    ffprobe stderr: https://www.satipanya.org.uk/tip-o-the-day/#anchor133: Invalid data found when processing input
    FAILED (size=0)
  [302/376] Neoliberalism and Buddhadhamma Bhante Bodhidhamma...
    ffprobe stderr: https://www.satipanya.org.uk/tip-o-the-day/#anchor134: Invalid data found when processing input
    retry 1/1, wait 3s...
    ffprobe stderr: https://www.satipanya.org.uk/tip-o-the-day/#anchor134: Invalid data found when processing input
    FAILED (size=0)
  [303/376] Dullness and Lethargy: Our Two Very Good Friends C...
    ffprobe stderr: https://www.satipanya.org.uk/tip-o-the-day/#anchor135: Invalid data found when processing input
    retry 1/1, wait 3s...
    ffprobe stderr: https://www.satipanya.org.uk/tip-o-the-day/#anchor135: Invalid data found when processing input
    FAILED (size=0)
  [304/376] Preparing for Climate Change - First Ethical Maxim...
    ffprobe stderr: https://www.satipanya.org.uk/tip-o-the-day/#anchor136: Invalid data found when processing input
    retry 1/1, wait 3s...
    ffprobe stderr: https://www.satipanya.org.uk/tip-o-the-day/#anchor136: Invalid data found when processing input
    FAILED (size=0)
  [305/376] Red Lines, Sila - Third Ethical Maxim Noirin Sheah...
    ffprobe stderr: https://www.satipanya.org.uk/tip-o-the-day/#anchor137: Invalid data found when processing input
    retry 1/1, wait 3s...
    ffprobe stderr: https://www.satipanya.org.uk/tip-o-the-day/#anchor137: Invalid data found when processing input
    FAILED (size=0)
  [306/376] Radical Hope, Saddha - Second Ethical Maxim Noirin...
    ffprobe stderr: https://www.satipanya.org.uk/tip-o-the-day/#anchor138: Invalid data found when processing input
    retry 1/1, wait 3s...
    ffprobe stderr: https://www.satipanya.org.uk/tip-o-the-day/#anchor138: Invalid data found when processing input
    FAILED (size=0)
  [307/376] New Year Resolutions and the Third Maxim  Noirin S...
    ffprobe stderr: https://www.satipanya.org.uk/tip-o-the-day/#anchor139: Invalid data found when processing input
    retry 1/1, wait 3s...
    ffprobe stderr: https://www.satipanya.org.uk/tip-o-the-day/#anchor139: Invalid data found when processing input
    FAILED (size=0)
  [308/376] 4th Maxim (i) : Opportunity Knocks  Noirin Sheahan...
    ffprobe stderr: https://www.satipanya.org.uk/tip-o-the-day/#anchor140: Invalid data found when processing input
    retry 1/1, wait 3s...
    ffprobe stderr: https://www.satipanya.org.uk/tip-o-the-day/#anchor140: Invalid data found when processing input
    FAILED (size=0)
  [309/376] 4th Maxim (ii) : Spiral to Freedom  Noirin Sheahan...
    ffprobe stderr: https://www.satipanya.org.uk/tip-o-the-day/#anchor141: Invalid data found when processing input
    retry 1/1, wait 3s...
    ffprobe stderr: https://www.satipanya.org.uk/tip-o-the-day/#anchor141: Invalid data found when processing input
    FAILED (size=0)
  [310/376] Fourth Maxim (iii) : Path to Transcendence  Noirin...
    ffprobe stderr: https://www.satipanya.org.uk/tip-o-the-day/#anchor142: Invalid data found when processing input
    retry 1/1, wait 3s...
    ffprobe stderr: https://www.satipanya.org.uk/tip-o-the-day/#anchor142: Invalid data found when processing input
    FAILED (size=0)
  [311/376] Equanimity : The Most Important Virtue Bhante Bodh...
    ffprobe stderr: https://www.satipanya.org.uk/tip-o-the-day/#anchor143: Invalid data found when processing input
    retry 1/1, wait 3s...
    ffprobe stderr: https://www.satipanya.org.uk/tip-o-the-day/#anchor143: Invalid data found when processing input
    FAILED (size=0)
  [312/376] The Danger of Nihilism  Bhante Bodhidhamma...
    ffprobe stderr: https://www.satipanya.org.uk/tip-o-the-day/#anchor144: Invalid data found when processing input
    retry 1/1, wait 3s...
    ffprobe stderr: https://www.satipanya.org.uk/tip-o-the-day/#anchor144: Invalid data found when processing input
    FAILED (size=0)
  [313/376] Neo-Fascism  Bhante Bodhidhamma...
    ffprobe stderr: https://www.satipanya.org.uk/tip-o-the-day/#anchor145: Invalid data found when processing input
    retry 1/1, wait 3s...
    ffprobe stderr: https://www.satipanya.org.uk/tip-o-the-day/#anchor145: Invalid data found when processing input
    FAILED (size=0)
  [314/376] The Gift of Joy Mudita Bhante Bodhidhamma...
    ffprobe stderr: https://www.satipanya.org.uk/tip-o-the-day/#anchor146: Invalid data found when processing input
    retry 1/1, wait 3s...
    ffprobe stderr: https://www.satipanya.org.uk/tip-o-the-day/#anchor146: Invalid data found when processing input
    FAILED (size=0)
  [315/376] ‘We just follow circumstance.’  Bhante Bodhidhamma...
    ffprobe stderr: https://www.satipanya.org.uk/tip-o-the-day/#anchor147: Invalid data found when processing input
    retry 1/1, wait 3s...
    ffprobe stderr: https://www.satipanya.org.uk/tip-o-the-day/#anchor147: Invalid data found when processing input
    FAILED (size=0)
  [316/376] To Love or To Be Loved. That is the Question.  Bha...
    ffprobe stderr: https://www.satipanya.org.uk/tip-o-the-day/#anchor148: Invalid data found when processing input
    retry 1/1, wait 3s...
    ffprobe stderr: https://www.satipanya.org.uk/tip-o-the-day/#anchor148: Invalid data found when processing input
    FAILED (size=0)
  [317/376] Samsara : doomed to suffer over and over again? Bh...
    ffprobe stderr: https://www.satipanya.org.uk/tip-o-the-day/#anchor149: Invalid data found when processing input
    retry 1/1, wait 3s...
    ffprobe stderr: https://www.satipanya.org.uk/tip-o-the-day/#anchor149: Invalid data found when processing input
    FAILED (size=0)
  [318/376] Compassion : To Care  Bhante Bodhidhamma...
    ffprobe stderr: https://www.satipanya.org.uk/tip-o-the-day/#anchor150: Invalid data found when processing input
    retry 1/1, wait 3s...
    ffprobe stderr: https://www.satipanya.org.uk/tip-o-the-day/#anchor150: Invalid data found when processing input
    FAILED (size=0)
  [319/376] Compassion : A Path of Liberation  Bhante Bodhidha...
    ffprobe stderr: https://www.satipanya.org.uk/tip-o-the-day/#anchor151: Invalid data found when processing input
    retry 1/1, wait 3s...
    ffprobe stderr: https://www.satipanya.org.uk/tip-o-the-day/#anchor151: Invalid data found when processing input
    FAILED (size=0)
  [320/376] Fifth Maxim: Develop the Body and Mind  Noirin She...
    ffprobe stderr: https://www.satipanya.org.uk/tip-o-the-day/#anchor152: Invalid data found when processing input
    retry 1/1, wait 3s...
    ffprobe stderr: https://www.satipanya.org.uk/tip-o-the-day/#anchor152: Invalid data found when processing input
    FAILED (size=0)
  [321/376] The Buddha’s Alter Ego : The World Conquering Mona...
    ffprobe stderr: https://www.satipanya.org.uk/tip-o-the-day/#anchor153: Invalid data found when processing input
    retry 1/1, wait 3s...
    ffprobe stderr: https://www.satipanya.org.uk/tip-o-the-day/#anchor153: Invalid data found when processing input
    FAILED (size=0)
  [322/376] There is a Body: Exploring the Mind-Body Relations...
    ffprobe stderr: https://www.satipanya.org.uk/tip-o-the-day/#anchor154: Invalid data found when processing input
    retry 1/1, wait 3s...
    ffprobe stderr: https://www.satipanya.org.uk/tip-o-the-day/#anchor154: Invalid data found when processing input
    FAILED (size=0)
  [323/376] Self-love and Self-Acceptance  Bhante Bodhidhamma...
    ffprobe stderr: https://www.satipanya.org.uk/tip-o-the-day/#anchor155: Invalid data found when processing input
    retry 1/1, wait 3s...
    ffprobe stderr: https://www.satipanya.org.uk/tip-o-the-day/#anchor155: Invalid data found when processing input
    FAILED (size=0)
  [324/376] The Crucial Role of Desire and Intention.  Bhante ...
    ffprobe stderr: https://www.satipanya.org.uk/tip-o-the-day/#anchor156: Invalid data found when processing input
    retry 1/1, wait 3s...
    ffprobe stderr: https://www.satipanya.org.uk/tip-o-the-day/#anchor156: Invalid data found when processing input
    FAILED (size=0)
  [325/376] Mindfulness meets Metta Noirin Sheahan...
    ffprobe stderr: https://www.satipanya.org.uk/tip-o-the-day/#anchor157: Invalid data found when processing input
    retry 1/1, wait 3s...
    ffprobe stderr: https://www.satipanya.org.uk/tip-o-the-day/#anchor157: Invalid data found when processing input
    FAILED (size=0)
  [326/376] Surely meditation shouldn't feel like this?  Noiri...
    ffprobe stderr: https://www.satipanya.org.uk/tip-o-the-day/#anchor158: Invalid data found when processing input
    retry 1/1, wait 3s...
    ffprobe stderr: https://www.satipanya.org.uk/tip-o-the-day/#anchor158: Invalid data found when processing input
    FAILED (size=0)
  [327/376] The Fire Sermon...
    ffprobe stderr: https://www.satipanya.org.uk/tip-o-the-day/#anchor159: Invalid data found when processing input
    retry 1/1, wait 3s...
    ffprobe stderr: https://www.satipanya.org.uk/tip-o-the-day/#anchor159: Invalid data found when processing input
    FAILED (size=0)
  [328/376] Why spend a week or more on retreat?...
    ffprobe stderr: https://www.satipanya.org.uk/tip-o-the-day/#anchor160: Invalid data found when processing input
    retry 1/1, wait 3s...
    ffprobe stderr: https://www.satipanya.org.uk/tip-o-the-day/#anchor160: Invalid data found when processing input
    FAILED (size=0)
  [329/376] Nibanna is Close at Hand!...
    ffprobe stderr: https://www.satipanya.org.uk/tip-o-the-day/#anchor161: Invalid data found when processing input
    retry 1/1, wait 3s...
    ffprobe stderr: https://www.satipanya.org.uk/tip-o-the-day/#anchor161: Invalid data found when processing input
    FAILED (size=0)
  [330/376] AI 'Art'...
    ffprobe stderr: https://www.satipanya.org.uk/tip-o-the-day/#anchor162: Invalid data found when processing input
    retry 1/1, wait 3s...
    ffprobe stderr: https://www.satipanya.org.uk/tip-o-the-day/#anchor162: Invalid data found when processing input
    FAILED (size=0)
  [331/376] A Field of Barley...
    ffprobe stderr: https://www.satipanya.org.uk/tip-o-the-day/#anchor163: Invalid data found when processing input
    retry 1/1, wait 3s...
    ffprobe stderr: https://www.satipanya.org.uk/tip-o-the-day/#anchor163: Invalid data found when processing input
    FAILED (size=0)
  [332/376] War!...
    ffprobe stderr: https://www.satipanya.org.uk/tip-o-the-day/#anchor164: Invalid data found when processing input
    retry 1/1, wait 3s...
    ffprobe stderr: https://www.satipanya.org.uk/tip-o-the-day/#anchor164: Invalid data found when processing input
    FAILED (size=0)
  [333/376] The Enlightenment and its Demise....
    ffprobe stderr: https://www.satipanya.org.uk/tip-o-the-day/#anchor165: Invalid data found when processing input
    retry 1/1, wait 3s...
    ffprobe stderr: https://www.satipanya.org.uk/tip-o-the-day/#anchor165: Invalid data found when processing input
    FAILED (size=0)
  [334/376] The Enlightenment and Possible Salvation....
    ffprobe stderr: https://www.satipanya.org.uk/tip-o-the-day/#anchor166: Invalid data found when processing input
    retry 1/1, wait 3s...
    ffprobe stderr: https://www.satipanya.org.uk/tip-o-the-day/#anchor166: Invalid data found when processing input
    FAILED (size=0)
  [335/376] Sixth Maxim: Act for the Future Generations of All...
    ffprobe stderr: https://www.satipanya.org.uk/tip-o-the-day/#anchor167: Invalid data found when processing input
    retry 1/1, wait 3s...
    ffprobe stderr: https://www.satipanya.org.uk/tip-o-the-day/#anchor167: Invalid data found when processing input
    FAILED (size=0)
  [336/376] Cultivating Metta for Future Generations....
    ffprobe stderr: https://www.satipanya.org.uk/tip-o-the-day/#anchor168: Invalid data found when processing input
    retry 1/1, wait 3s...
    ffprobe stderr: https://www.satipanya.org.uk/tip-o-the-day/#anchor168: Invalid data found when processing input
    FAILED (size=0)

  Probed: 594/883 episodes have duration
  Saved to: /home/freedomfighter/code/traduction/satipanya-podcast/catalog.json

  ✓ Pass 2: Probing new files done (24m44s)

============================================================
  Pass 3: Transcribing (WhisperX)
============================================================

/home/freedomfighter/miniconda3/lib/python3.13/site-packages/pyannote/audio/core/io.py:47: UserWarning: 
torchcodec is not installed correctly so built-in audio decoding will fail. Solutions are:
* use audio preloaded in-memory as a {'waveform': (channel, time) torch.Tensor, 'sample_rate': int} dictionary;
* fix torchcodec installation. Error message was:

Could not load libtorchcodec. Likely causes:
          1. FFmpeg is not properly installed in your environment. We support
             versions 4, 5, 6, 7, and 8, and we attempt to load libtorchcodec
             for each of those versions. Errors for versions not installed on
             your system are expected; only the error for your installed FFmpeg
             version is relevant. On Windows, ensure you've installed the
             "full-shared" version which ships DLLs.
          2. The PyTorch version (2.8.0+cu128) is not compatible with
             this version of TorchCodec. Refer to the version compatibility
             table:
             https://github.com/pytorch/torchcodec?tab=readme-ov-file#installing-torchcodec.
          3. Another runtime dependency; see exceptions below.

        The following exceptions were raised as we tried to load libtorchcodec:
        
[start of libtorchcodec loading traceback]
FFmpeg version 8:
Traceback (most recent call last):
  File "/home/freedomfighter/miniconda3/lib/python3.13/site-packages/torchcodec/_core/ops.py", line 57, in load_torchcodec_shared_libraries
    torch.ops.load_library(core_library_path)
    ~~~~~~~~~~~~~~~~~~~~~~^^^^^^^^^^^^^^^^^^^
  File "/home/freedomfighter/miniconda3/lib/python3.13/site-packages/torch/_ops.py", line 1478, in load_library
    ctypes.CDLL(path)
    ~~~~~~~~~~~^^^^^^
  File "/home/freedomfighter/miniconda3/lib/python3.13/ctypes/__init__.py", line 390, in __init__
    self._handle = _dlopen(self._name, mode)
                   ~~~~~~~^^^^^^^^^^^^^^^^^^
OSError: libavutil.so.60: cannot open shared object file: No such file or directory

FFmpeg version 7:
Traceback (most recent call last):
  File "/home/freedomfighter/miniconda3/lib/python3.13/site-packages/torchcodec/_core/ops.py", line 57, in load_torchcodec_shared_libraries
    torch.ops.load_library(core_library_path)
    ~~~~~~~~~~~~~~~~~~~~~~^^^^^^^^^^^^^^^^^^^
  File "/home/freedomfighter/miniconda3/lib/python3.13/site-packages/torch/_ops.py", line 1478, in load_library
    ctypes.CDLL(path)
    ~~~~~~~~~~~^^^^^^
  File "/home/freedomfighter/miniconda3/lib/python3.13/ctypes/__init__.py", line 390, in __init__
    self._handle = _dlopen(self._name, mode)
                   ~~~~~~~^^^^^^^^^^^^^^^^^^
OSError: libavutil.so.59: cannot open shared object file: No such file or directory

FFmpeg version 6:
Traceback (most recent call last):
  File "/home/freedomfighter/miniconda3/lib/python3.13/site-packages/torchcodec/_core/ops.py", line 57, in load_torchcodec_shared_libraries
    torch.ops.load_library(core_library_path)
    ~~~~~~~~~~~~~~~~~~~~~~^^^^^^^^^^^^^^^^^^^
  File "/home/freedomfighter/miniconda3/lib/python3.13/site-packages/torch/_ops.py", line 1478, in load_library
    ctypes.CDLL(path)
    ~~~~~~~~~~~^^^^^^
  File "/home/freedomfighter/miniconda3/lib/python3.13/ctypes/__init__.py", line 390, in __init__
    self._handle = _dlopen(self._name, mode)
                   ~~~~~~~^^^^^^^^^^^^^^^^^^
OSError: /home/freedomfighter/miniconda3/lib/python3.13/site-packages/torchcodec/libtorchcodec_core6.so: undefined symbol: _ZN3c1013MessageLogger6streamB5cxx11Ev

FFmpeg version 5:
Traceback (most recent call last):
  File "/home/freedomfighter/miniconda3/lib/python3.13/site-packages/torchcodec/_core/ops.py", line 57, in load_torchcodec_shared_libraries
    torch.ops.load_library(core_library_path)
    ~~~~~~~~~~~~~~~~~~~~~~^^^^^^^^^^^^^^^^^^^
  File "/home/freedomfighter/miniconda3/lib/python3.13/site-packages/torch/_ops.py", line 1478, in load_library
    ctypes.CDLL(path)
    ~~~~~~~~~~~^^^^^^
  File "/home/freedomfighter/miniconda3/lib/python3.13/ctypes/__init__.py", line 390, in __init__
    self._handle = _dlopen(self._name, mode)
                   ~~~~~~~^^^^^^^^^^^^^^^^^^
OSError: libavutil.so.57: cannot open shared object file: No such file or directory

FFmpeg version 4:
Traceback (most recent call last):
  File "/home/freedomfighter/miniconda3/lib/python3.13/site-packages/torchcodec/_core/ops.py", line 57, in load_torchcodec_shared_libraries
    torch.ops.load_library(core_library_path)
    ~~~~~~~~~~~~~~~~~~~~~~^^^^^^^^^^^^^^^^^^^
  File "/home/freedomfighter/miniconda3/lib/python3.13/site-packages/torch/_ops.py", line 1478, in load_library
    ctypes.CDLL(path)
    ~~~~~~~~~~~^^^^^^
  File "/home/freedomfighter/miniconda3/lib/python3.13/ctypes/__init__.py", line 390, in __init__
    self._handle = _dlopen(self._name, mode)
                   ~~~~~~~^^^^^^^^^^^^^^^^^^
OSError: libavutil.so.56: cannot open shared object file: No such file or directory
[end of libtorchcodec loading traceback].
  warnings.warn(
/home/freedomfighter/miniconda3/lib/python3.13/site-packages/speechbrain/utils/torch_audio_backend.py:57: UserWarning: torchaudio._backend.list_audio_backends has been deprecated. This deprecation is part of a large refactoring effort to transition TorchAudio into a maintenance phase. The decoding and encoding capabilities of PyTorch for both audio and video are being consolidated into TorchCodec. Please see https://github.com/pytorch/audio/issues/3902 for more information. It will be removed from the 2.9 release. 
  available_backends = torchaudio.list_audio_backends()
============================================================
PASS 3: Transcribing with WhisperX
============================================================
  Device: cuda, compute: float16
  Loading WhisperX model (large-v3)...
2026-07-28 20:25:20 - whisperx.asr - INFO - No language specified, language will be detected for each audio file (increases inference time)
2026-07-28 20:25:20 - whisperx.vads.pyannote - INFO - Performing voice activity detection using Pyannote...
Lightning automatically upgraded your loaded checkpoint from v1.5.4 to v2.6.0. To apply the upgrade to your files permanently, run `python -m lightning.pytorch.utilities.upgrade_checkpoint ../../../miniconda3/lib/python3.13/site-packages/whisperx/assets/pytorch_model.bin`
  [1/883] SKIP (exists): Introducing Vipassana Insight Meditation
  [2/883] SKIP (exists): Vipassana Guidelines
  [3/883] SKIP (exists): 45 minute Detailed Guided Meditation
  [4/883] SKIP (exists): 45 minute Assisted Meditation
  [5/883] SKIP (exists): 30 minute Bodycare Meditation
  [6/883] SKIP (exists): 30 minute Heartcare Meditation
  [7/883] SKIP (exists): Abiding in the Present Moment Developing Equanimit
  [8/883] SKIP (exists): Just Metta
  [9/883] SKIP (exists): Investigative Eating
  [10/883] SKIP (exists): Mahasi Sayadaw Introductory Talk
  [11/883] SKIP (exists): Why Chant
  [12/883] SKIP (exists): Morning Chant
  [13/883] SKIP (exists): Evening Chant
  [14/883] SKIP (exists): Refuges and Precepts
  [15/883] SKIP (exists): Evening Metta Chant
  [16/883] SKIP (exists): Metta Discourse
  [17/883] SKIP (exists): 01 Views about Spiritual Paths
  [18/883] SKIP (exists): 02 Discourse to the Kalamas
  [19/883] SKIP (exists): 03 Desire the Root of Suffering
  [20/883] SKIP (exists): 04 How to Test the Buddha
  [21/883] SKIP (exists): 01 Introducing the Buddha
  [22/883] SKIP (exists): 02 The Birth of the Buddha
  [23/883] SKIP (exists): 03 The Bodhisatta Leaves Home
  [24/883] SKIP (exists): 04 The Essence of the Awakening
  [25/883] SKIP (exists): Anusaya - Latent Tendencies
  [26/883] SKIP (exists): Asava-Taints, Ogha-Floods, Yoga-Yokes
  [27/883] SKIP (exists): Buddha
  [28/883] SKIP (exists): Dukkha - A Hard Place
  [29/883] SKIP (exists): Hetu - The Unwholesome Roots
  [30/883] SKIP (exists): Panya - Wisdom and Intuitive Intelligence
  [31/883] SKIP (exists): Puja - Devotional Attention
  [32/883] SKIP (exists): Samyojana - The first three Fetters
  [33/883] SKIP (exists): Samyojana - The last seven Fetters
  [34/883] SKIP (exists): Sati - Knowing
  [35/883] SKIP (exists): Sati in Daily Life
  [36/883] SKIP (exists): Sila - Good Conduct
  [37/883] SKIP (exists): 01. Dana Generosity
  [38/883] SKIP (exists): 02. Sila Virtuous Conduct
  [39/883] SKIP (exists): 03. Nekkhamma Renunciation
  [40/883] SKIP (exists): 04. Panya Intuitive Intelligence and Wisdom
  [41/883] SKIP (exists): 05. Viriya Effort
  [42/883] SKIP (exists): 06. Khanti Patience
  [43/883] SKIP (exists): 07. Sacca Honesty
  [44/883] SKIP (exists): 08. Adhitthana Resolution.
  [45/883] SKIP (exists): Metta - Love
  [46/883] SKIP (exists): Karuna - Compassion
  [47/883] SKIP (exists): Mudita - Pure Joy
  [48/883] SKIP (exists): Upekkha - Equanimity
  [49/883] SKIP (exists): Buddha as Refuge
  [50/883] SKIP (exists): Dhamma as Refuge
  [51/883] SKIP (exists): Sangha as Refuge
  [52/883] SKIP (exists): Khandha The Aggregates
  [53/883] SKIP (exists): Rupa Corporeality
  [54/883] SKIP (exists): Vedana Feeling
  [55/883] SKIP (exists): Sanya Perception & Vedana Feeling
  [56/883] SKIP (exists): Sankhara Volitional Conditioning
  [57/883] SKIP (exists): Summing up
  [58/883] SKIP (exists): 1. Avijja - not-knowing
  [59/883] SKIP (exists): 2. Nama Rupa Body Mind
  [60/883] SKIP (exists): 3. Salayatana Vedana Phasa Six senses Contact Feel
  [61/883] SKIP (exists): 4. Tanha Upadana Bhava Craving Grasping Becoming
  [62/883] SKIP (exists): 5. paticca samuppada dependent origination to sams
  [63/883] SKIP (exists): 6. Another model of Dependent Orgination
  [64/883] SKIP (exists): 1. Indulgence
  [65/883] SKIP (exists): 2. Self-Mortification
  [66/883] SKIP (exists): 3. The First Noble Truth of Suffering
  [67/883] SKIP (exists): 4. Second Noble Truth:The Cause of Suffering
  [68/883] SKIP (exists): 5. The Third Noble Truth:The End of Suffering
  [69/883] SKIP (exists): 6. The Fourth Noble Truth The Eightfold Path
  [70/883] SKIP (exists): 7. The Buddha's Enlightenment becomes universal
  [71/883] SKIP (exists): 1 Not-self - Control
  [72/883] SKIP (exists): 2 Not-self - Impermanence and Suffering
  [73/883] SKIP (exists): 3 Not-self - Recap and Metaphors
  [74/883] SKIP (exists): 01. Sickness Ageing and Death
  [75/883] SKIP (exists): 02. Divine Messengers
  [76/883] SKIP (exists): 03. The Two Darts
  [77/883] SKIP (exists): 04. The Eight Worldy Conditions
  [78/883] SKIP (exists): 05. Clinging causes Anxiety plus
  [79/883] SKIP (exists): 06. Mahakassapa Explains the Cause of Conflict
  [80/883] SKIP (exists): 07. Envy and Niggardliness the Cause of Conflict
  [81/883] SKIP (exists): 08. Detailed Sequence Leading to Conflict
  [82/883] SKIP (exists): 09. Power
  [83/883] SKIP (exists): 10. Samsara Onward Going
  [84/883] SKIP (exists): 11. Rounds of Becoming
  [85/883] SKIP (exists): 12. Short Review of the Human Condition
  [86/883] SKIP (exists): 1. Righteous Governement and Righteous Ruler
  [87/883] SKIP (exists): 2. The Ruler
  [88/883] SKIP (exists): 3. The Six Directions Ritual as useless or meaning
  [89/883] SKIP (exists): 4. Parents and Chidren
  [90/883] SKIP (exists): 5. Husbands and Wives
  [91/883] SKIP (exists): 6. What makes for a Good Life
  [92/883] SKIP (exists): 7. Use of wealth for Happiness
  [93/883] SKIP (exists): 8. Virtues of a Good Spouse
  [94/883] SKIP (exists): The First Noble Truth - Dukkha Dukkha
  [95/883] SKIP (exists): The First Noble Truth - Conditioned States
  [96/883] SKIP (exists): The First Noble Truth - The Three Characteristics
  [97/883] SKIP (exists): The Second Noble Truth - The Cause of Suffering - 
  [98/883] SKIP (exists): The Second Noble Truth - The Wheel of Dependent Or
  [99/883] SKIP (exists): The Second Noble Truth - Kamma
  [100/883] SKIP (exists): The Fourth Noble Truth - Morality - Sila
  [101/883] SKIP (exists): The Fourth Noble Truth - Positive Morality - Param
  [102/883] SKIP (exists): The Fourth Noble Truth - Right Understanding
  [103/883] SKIP (exists): The Fourth Noble Truth - Mental Development - Sama
  [104/883] SKIP (exists): Moods, Emotions and Feelings
  [105/883] SKIP (exists): Guilt - Real and Unreal
  [106/883] SKIP (exists): The End of Guilt
  [107/883] SKIP (exists): Right Intention
  [108/883] SKIP (exists): The Divine Abodes
  [109/883] SKIP (exists): Faith or Belief
  [110/883] SKIP (exists): Wheel of Dependent Origination
  [111/883] SKIP (exists): Kamma
  [112/883] SKIP (exists): The Sangha
  [113/883] SKIP (exists): The Four Paths and the Four Fruits
  [114/883] SKIP (exists): The Noble Silence
  [115/883] SKIP (exists): Why Meditate
  [116/883] SKIP (exists): The Mahasi Method
  [117/883] SKIP (exists): Starting a Personal Retreat
  [118/883] SKIP (exists): Faith
  [119/883] SKIP (exists): Ritual in Spiritual Practice
  [120/883] SKIP (exists): Is Awareness Enough
  [121/883] SKIP (exists): Developing the Spiritual Faculties
  [122/883] SKIP (exists): Spiritual Faculties and Factors of Enlightenment
  [123/883] SKIP (exists): The Hindrances
  [124/883] SKIP (exists): The Buddha and the Hindrances
  [125/883] SKIP (exists): Dullness, Lethargy, Restlessness and Pain
  [126/883] SKIP (exists): Eroticism, Romance, Love, Distraction and Boredom
  [127/883] SKIP (exists): The Ten Fetters
  [128/883] SKIP (exists): Vedana Feeling
  [129/883] SKIP (exists): Fear
  [130/883] SKIP (exists): Foregiveness
  [131/883] SKIP (exists): The Illimitables
  [132/883] SKIP (exists): The Perfections Turned Inward
  [133/883] SKIP (no duration): The Seven Factors of Awakening
  [134/883] SKIP (no duration): Faith
  [135/883] SKIP (no duration): Taking the Refuges
  [136/883] SKIP (no duration): Equanimity
  [137/883] SKIP (exists): Survey of Theravada Buddhism
  [138/883] SKIP (exists): Impermanence and Not-self
  [139/883] SKIP (exists): Ethical Behaviour and the Awakening are one
  [140/883] SKIP (exists): Wheel of Dependent Origination
  [141/883] SKIP (exists): Free Will
  [142/883] SKIP (exists): Kamma
  [143/883] SKIP (exists): Rebirth
  [144/883] SKIP (exists): Premodern, Modern, Postmodernism And Buddhism
  [145/883] SKIP (exists): The Buddha as Exemplar and Archetype
  [146/883] SKIP (exists): Buddhist View of Christ's Teaching
  [147/883] SKIP (exists): Just War
  [148/883] SKIP (exists): The Gratification, the Danger and the Escape
  [149/883] SKIP (no duration): Towards Contentment and Happiness
  [150/883] SKIP (no duration): The Pursuit of Happiness
  [151/883] SKIP (exists): Bodhisatta Before Taking Human Birth
  [152/883] SKIP (exists): Bodhisatta's Birth to Renunciation
  [153/883] SKIP (exists): Bodhisatta's Training to the Awakening
  [154/883] SKIP (exists): The Awakening
  [155/883] SKIP (exists): The Years of Teaching and Parinibbana
  [156/883] SKIP (exists): Meditation and Daily Life
  [157/883] SKIP (exists): Meditation and the Weekly Group
  [158/883] SKIP (exists): The Eightfold Path and Daily Life
  [159/883] SKIP (exists): Right Livelihood
  [160/883] SKIP (exists): 1. Starting a Retreat
  [161/883] SKIP (exists): Starting a Retreat
  [162/883] SKIP (exists): A Detailed Guided Meditation
  [163/883] SKIP (exists): Investigative Eating Meditation - an explanation.
  [164/883] SKIP (exists): 2. The Mahasi Technique
  [165/883] SKIP (exists): Basics of Insight Meditation 02 2025Video
  [166/883] SKIP (exists): Basics of Insight Meditation 04 2026Video
  [167/883] SKIP (exists): 4. The Hindrances The Psychotherapy of Vipassana
  [168/883] SKIP (exists): 5. Right Awareness Intro.to Vipassana
  [169/883] SKIP (exists): 6. The Seven Factors of Awakening
  [170/883] SKIP (exists): 7. The Ethical Psychology of the Buddha (Dependent
  [171/883] SKIP (exists): 8. The Law of Kamma
  [172/883] SKIP (exists): 8. Living Life according to the Dhamma
  [173/883] SKIP (exists): Guided Metta
  [174/883] SKIP (exists): Guided Bodycare
  [175/883] SKIP (exists): Developing the Factors of Enlightenment
  [176/883] SKIP (exists): Exploring Dukkha
  [177/883] SKIP (exists): Question & Answer Session
  [178/883] SKIP (exists): Revising the Principles of Meditation
  [179/883] SKIP (exists): The Hindrances
  [180/883] SKIP (exists): Practice into Daily Life (Xmas 2006)
  [181/883] SKIP (exists): New Year Reflections
  [182/883] SKIP (exists): Q&A Resistance Rebirth and Moral Justice What suff
  [183/883] SKIP (exists): 01 The Body - The Buddha's World View and the role
  [184/883] SKIP (exists): 02 The Body - Kayagasati Sutta MN131.To play the m
  [185/883] SKIP (exists): Feeling (vedana).To play the media you will need t
  [186/883] SKIP (exists): Dependent Origination leading to awakening in ordi
  [187/883] SKIP (exists): .To play the media you will need to either update 
  [188/883] SKIP (exists): .To play the media you will need to either update 
  [189/883] SKIP (exists): Ethics, Not-self and Liberation.To play the media 
  [190/883] SKIP (exists): Roads to Power.To play the media you will need to 
  [191/883] SKIP (exists): New Year address on the qualities needed to succee
  [192/883] SKIP (exists): The First Discourse on Turning the Wheel of the Dh
  [193/883] SKIP (exists): Scientism : Romanticism : Psychotherapy - and Budd
  [194/883] SKIP (exists): Kamma, Rebirth and Transcendence : A top down view
  [195/883] SKIP (exists): The Discourse to the Kalama : Discernment, the Eth
  [196/883] SKIP (exists): Buddha Day Address: What was the mindset of the Bo
  [197/883] SKIP (exists): Spiritual progress - stop trying!.To play the medi
  [198/883] SKIP (no duration): What is vedana and where does it fit in?.To play t
  [199/883] SKIP (exists): The Need for Sangha. community and Q's about Ordin
  [200/883] SKIP (exists): Mae Chee Kaew and Resolutions..To play the media y
  [201/883] SKIP (exists): The Three Characteristics..To play the media you w
  [202/883] SKIP (exists): Buddha Day Address May 2015..To play the media you
  [203/883] SKIP (exists): Deconstruction..To play the media you will need to
  [204/883] SKIP (exists): Love and All That..To play the media you will need
  [205/883] SKIP (exists): Ethics Not-self and Liberation.To play the media y
  [206/883] SKIP (exists): Contol and loss of Power..To play the media you wi
  [207/883] SKIP (exists): Q&A Detachment Engagement Motivation Devotion..To 
  [208/883] SKIP (exists): Basics for Meditation..To play the media you will 
  [209/883] SKIP (exists): Kamma Revisited..To play the media you will need t
  [210/883] SKIP (exists): Daily Life Reinforced..To play the media you will 
  [211/883] SKIP (exists): Refinement,Sublimation and the Eightfold Path..To 
  [212/883] SKIP (exists): No Inherent Being..To play the media you will need
  [213/883] SKIP (exists): Kamma and Free Will..To play the media you will ne
  [214/883] SKIP (exists): Comments on a Statement by Mae Chee Kaew..To play 
  [215/883] SKIP (exists): Reiki 10 06 2015..To play the media you will need 
  [216/883] SKIP (exists): Intro Talk to Bodycare.To play the media you will 
  [217/883] SKIP (exists): Dependent Origination and the Quality of Right Awa
  [218/883] SKIP (exists): Talk at the Re-opening of the Golden Buddha Centre
  [219/883] SKIP (exists): The Prognosis is Very Good..To play the media you 
  [220/883] SKIP (exists): Importance of Resolution plus.To play the media yo
  [221/883] SKIP (exists): Christmas Talk re the Path.To play the media you w
  [222/883] SKIP (exists): Right Relationship.To play the media you will need
  [223/883] SKIP (exists): How to critique the Dhamma and Buddha.To play the 
  [224/883] SKIP (exists): An Attempt to Understand the teaching of Not-Self.
  [225/883] SKIP (exists): Talk to the European Teachers Meeting How I came t
  [226/883] SKIP (exists): Happiness.To play the media you will need to eithe
  [227/883] SKIP (exists): The Body and the Discourse on How to Establish Rig
  [228/883] SKIP (exists): Q.&A session: Family Distractions : Selfish to Med
  [229/883] SKIP (exists): Mindfulness : Time.To play the media you will need
  [230/883] SKIP (exists): Monks : Daily Life : Not-Self.To play the media yo
  [231/883] SKIP (exists): Retreats : Attachment : Children and Suffering.To 
  [232/883] SKIP (exists): New Year Revision of Buddhadhamma Theory and Pract
  [233/883] SKIP (exists): Hope to Inspire.To play the media you will need to
  [234/883] SKIP (exists): Talk at Opening of centre in Ghent.To play the med
  [235/883] SKIP (exists): The Problem of Identity..To play the media you wil
  [236/883] SKIP (exists): The body as Meditative Object..To play the media y
  [237/883] SKIP (exists): 1. Starting a Retreat.To play the media you will n
  [238/883] SKIP (exists): The Principles and Problems of Vipassana.To play t
  [239/883] SKIP (exists): Not-Self Indulgence and all.To play the media you 
  [240/883] SKIP (exists): Impulsive or Spontaneous.To play the media you wil
  [241/883] SKIP (exists): The Body and the Three Characteristics.To play the
  [242/883] SKIP (exists): Why noting without stop.To play the media you will
  [243/883] SKIP (exists): Why we need a technique.To play the media you will
  [244/883] SKIP (exists): Subliminal Inclinations, Defilements and Hindrance
  [245/883] SKIP (exists): Questions and Answers A Dolly Mixture.To play the 
  [246/883] SKIP (exists): Importance of Metta 24 min.To play the media you w
  [247/883] SKIP (exists): The Kamma of Liberation.To play the media you will
  [248/883] SKIP (exists): The Karma Concerning Liberation.To play the media 
  [249/883] SKIP (exists): Dignity and the Qualities of a Ruler.To play the m
  [250/883] SKIP (exists): Practice in Ordinary Daily Life.To play the media 
  [251/883] SKIP (exists): Samatha-Vipassana.To play the media you will need 
  [252/883] SKIP (exists): Vipassana and or Therapy.To play the media you wil
  [253/883] SKIP (exists): Buddha Day Address with Refuges and Precepts.To pl
  [254/883] SKIP (exists): Daily Rythms; Fetters, Hindrances and Inclinations
  [255/883] SKIP (exists): Metta, Applied and Sustained Thought, Buddhamind.T
  [256/883] SKIP (exists): Equanimity - Foundation of all Virtue.To play the 
  [257/883] SKIP (exists): The Mahasi Method.To play the media you will need 
  [258/883] SKIP (exists): The Sufferings of the Pleasure Syndrome.To play th
  [259/883] SKIP (exists): There is no separation between vipassana and ordin
  [260/883] SKIP (exists): Q & A Rebirth Identification Emotions etc..To play
  [261/883] SKIP (exists): Why didn't the Buddha return to lay life.To play t
  [262/883] SKIP (exists): Revising the principles of vipassana.To play the m
  [263/883] SKIP (exists): Dukkha Unsatisfactoriness et al.To play the media 
  [264/883] SKIP (exists): Encouragement October 09.To play the media you wil
  [265/883] SKIP (exists): The practice and the pitfalls of metta, goodwill p
  [266/883] SKIP (exists): How Vipassana relates to Daily Life.To play the me
  [267/883] SKIP (exists): Samatha and - or Vipassana.To play the media you w
  [268/883] SKIP (exists): Metta: Developing Goodwill.To play the media you w
  [269/883] SKIP (exists): Karma, Dependent Origination, Virtue and Liberatio
  [270/883] SKIP (exists): Enthusiam and other questions.To play the media yo
  [271/883] SKIP (exists): Faith and the Spiritual Life.To play the media you
  [272/883] SKIP (exists): Revising the principles of vipassana.To play the m
  [273/883] SKIP (exists): The Buddha's Quest - A Public Talk.To play the med
  [274/883] SKIP (exists): The problem lies in the looking.To play the media 
  [275/883] SKIP (exists): There is no reason for being!.To play the media yo
  [276/883] SKIP (exists): Towards a whole life practice.To play the media yo
  [277/883] SKIP (exists): https://www.satipanya.org.uk/wp-content/uploads/20
  [278/883] SKIP (exists): https://www.satipanya.org.uk/wp-content/uploads/20
  [279/883] SKIP (exists): https://www.satipanya.org.uk/wp-content/uploads/20
  [280/883] SKIP (exists): https://www.satipanya.org.uk/wp-content/uploads/20
  [281/883] SKIP (exists): https://www.satipanya.org.uk/wp-content/uploads/20
  [282/883] SKIP (exists): https://www.satipanya.org.uk/wp-content/uploads/20
  [283/883] SKIP (exists): https://www.satipanya.org.uk/wp-content/uploads/20
  [284/883] SKIP (exists): https://www.satipanya.org.uk/wp-content/uploads/20
  [285/883] SKIP (exists): https://www.satipanya.org.uk/wp-content/uploads/20
  [286/883] SKIP (exists): https://www.satipanya.org.uk/wp-content/uploads/20
  [287/883] SKIP (exists): https://www.satipanya.org.uk/wp-content/uploads/20
  [288/883] SKIP (exists): https://www.satipanya.org.uk/wp-content/uploads/20
  [289/883] SKIP (exists): https://www.satipanya.org.uk/wp-content/uploads/20
  [290/883] SKIP (exists): https://www.satipanya.org.uk/wp-content/uploads/20
  [291/883] SKIP (exists): https://www.satipanya.org.uk/wp-content/uploads/20
  [292/883] SKIP (exists): https://www.satipanya.org.uk/wp-content/uploads/20
  [293/883] SKIP (exists): https://www.satipanya.org.uk/wp-content/uploads/20
  [294/883] SKIP (exists): https://www.satipanya.org.uk/wp-content/uploads/20
  [295/883] SKIP (exists): https://www.satipanya.org.uk/wp-content/uploads/20
  [296/883] SKIP (exists): https://www.satipanya.org.uk/wp-content/uploads/20
  [297/883] SKIP (exists): https://www.satipanya.org.uk/wp-content/uploads/20
  [298/883] SKIP (exists): https://www.satipanya.org.uk/wp-content/uploads/20
  [299/883] SKIP (exists): Refuges and Precepts with Metta
  [300/883] SKIP (exists): Video
  [301/883] SKIP (exists): Video
  [302/883] SKIP (exists): Video
  [303/883] SKIP (exists): Video
  [304/883] SKIP (exists): Video
  [305/883] SKIP (exists): Video
  [306/883] SKIP (exists): Video
  [307/883] SKIP (exists): Video
  [308/883] SKIP (exists): 2022 Dec 11 To Love or To Be Loved. That is the qu
  [309/883] SKIP (exists): Love and Relationship.
  [310/883] SKIP (exists): Forgiveness is fundamental to purify the heart. Re
  [311/883] SKIP (exists): The introduction
  [312/883] SKIP (exists): Karaniya Metta Sutta
  [313/883] SKIP (exists): Video
  [314/883] SKIP (exists): We often hear about suffering and the end of suffe
  [315/883] SKIP (exists): 2024 Jan. 21 The importance of Tranquillity Passad
  [316/883] SKIP (exists): Patient Forebearance
  [317/883] SKIP (exists): Equanimity
  [318/883] SKIP (exists): Sympathy, Empathy and Compassion
  [319/883] SKIP (exists): 2023 June 11 Fear and Courage.
  [320/883] SKIP (exists): Apologies! I tried to cover too much ground. Howev
  [321/883] SKIP (exists): 2023 Oct 01 'Good Friendship, Companionship, Good 
  [322/883] SKIP (exists): 2021 Gratitude, Generosity and Renunciation
  [323/883] SKIP (exists): 2022 Jul 17 Need, Sufficiency and Greed -
  [324/883] SKIP (exists): 2025 Apr 06 Renunciation.
  [325/883] SKIP (exists): Video
  [326/883] SKIP (exists): Video
  [327/883] SKIP (exists): The Buddha and War
  [328/883] SKIP (exists): 2025 May 04 The Buddha as a Teacher.
  [329/883] SKIP (exists): 2025 June 08 What was the Buddha's great disovery?
  [330/883] SKIP (exists): Video
  [331/883] SKIP (exists): Video
  [332/883] SKIP (exists): 2024 April.24 Contemplating the Unpleasantness of 
  [333/883] SKIP (exists): 2024 June 23 The Unattractive Nature of the Body
  [334/883] SKIP (exists): I own my actions. I inherit the results of my acti
  [335/883] SKIP (exists): Karma and Rebirth
  [336/883] SKIP (exists): 2023 Nov 26 The Five Regular Contemplations.
  [337/883] SKIP (exists): 2022 Nov 06 The Contemplation of Death.
  [338/883] SKIP (exists): The Eight Worldly Winds
  [339/883] SKIP (exists): The Paradox of Fear
  [340/883] SKIP (exists): 2025 Jan 12 Dukkha - the Buddha grounds his teachi
  [341/883] SKIP (exists): 2024 Feb. 25 The crucial role of Desire and Intent
  [342/883] SKIP (exists): 2024 July 14 The Four Great Elements
  [343/883] SKIP (exists): 2024 August 18 The Specific Law of Conditionality
  [344/883] SKIP (exists): 2024 September 15 The Dangers of Indulgence
  [345/883] SKIP (exists): 2023 Jan. 08 The Four Bases of Power :
  [346/883] SKIP (exists): Video
  [347/883] SKIP (exists): 2023 Oct 29 The Spiral Path
  [348/883] SKIP (exists): 2021 Four Noble Truths
  [349/883] SKIP (exists): Dukkha (Unsatisfactoriness and Sila (Morality and 
  [350/883] SKIP (exists): Dependent Origination, the Role of desire and the 
  [351/883] SKIP (exists): 2022 Oct 09 Identity and Not-Self.
  [352/883] SKIP (exists): Video
  [353/883] SKIP (exists): Right Livelihood
  [354/883] SKIP (exists): 2022 Sep 11 Rest for Autumn.
  [355/883] SKIP (exists): Bahiya of the Bark Cloth
  [356/883] SKIP (exists): 2023 March 05
  [357/883] SKIP (exists): ,
  [358/883] SKIP (exists): 2022 Aug 14 Climate Emergency and the Role of the 
  [359/883] SKIP (exists): Non-Violence v. Pacifism
  [360/883] SKIP (exists): 2022 Apr 17 Noliberalism and Mindfulness
  [361/883] SKIP (exists): 2022 Jun 19 Social Conditionng or Karma - Our soci
  [362/883] SKIP (exists): Buddha Day Address : His Training : The Fetters
  [363/883] SKIP (exists): ood Friendhship, Good Companionship, Good Comrades
  [364/883] SKIP (exists): Dependent Origination Revisited
  [365/883] SKIP (exists): Karma- Specific, Conditionality the Five Laws, eth
  [366/883] SKIP (exists): No more ideologies!
  [367/883] SKIP (exists): The Mahasi Technique and What We Need to Understan
  [368/883] SKIP (exists): Dependent Orignation and how all other importnant 
  [369/883] SKIP (exists): The Axial Age and the Momentous Discovery of the B
  [370/883] SKIP (exists): Dependent Orgination is based on Not-Knowing and I
  [371/883] SKIP (exists): Khanda, the Agregates, as Person and Sati, Awarene
  [372/883] SKIP (exists): Misunderstanding re. the Self, Karma and transcend
  [373/883] SKIP (exists): Q&A Kamma / FreeWill , Metta/attachment, Momentary
  [374/883] SKIP (exists): Q&A Emotions: Awareness/Delusion:Insight : Masculi
  [375/883] SKIP (exists): Angulimala A Monologue 00.54.49 21.9 MB
  [376/883] SKIP (exists): Talk read by Therese Caherty
  [377/883] SKIP (exists): Vipassana Instructions
  [378/883] SKIP (exists): The First Noble truth - Impermanence and Unsatisfa
  [379/883] SKIP (exists): The First noble truth - Not-Self and Unsatisfactor
  [380/883] SKIP (exists): The Second Noble Truth - The Cause of Unsatisfacto
  [381/883] SKIP (exists): The Third Noble Truth - The End of Unsatisfactorin
  [382/883] SKIP (exists): The Fourth Noble Truth - The Path Leading to the E
  [383/883] SKIP (exists): Introduction to the Mahasi Meditation Practice - r
  [384/883] SKIP (exists): Hindrances and Factors of Enlightenment - read by 
  [385/883] SKIP (exists): 1st, 2nd & 3rd Noble Truths: Dukkha, its Cause & C
  [386/883] SKIP (exists): 4th Noble Truth: Eightfold Path in Daily Life - re
  [387/883] SKIP (exists): The Hindrances - read by Finola O'Siochru
  [388/883] SKIP (exists): The Factors of Enlightenment - read by Finola O'Si
  [389/883] SKIP (exists): First Noble Truth: There is Dukkha - read by Finol
  [390/883] SKIP (exists): Second and Third Nobe Truths: Cause and Cessation 
  [391/883] SKIP (exists): Fourth Noble Truth: The Path to the End of Dukkha 
  [392/883] SKIP (exists): Foundations for Mindfulness (Satipatthana Sutta) -
  [393/883] SKIP (exists): Attachment: The Five Khanda - read by Finola O'Sio
  [394/883] SKIP (exists): Divine Abiding: a. Equanimity - read by Biddy O'Co
  [395/883] SKIP (exists): Divine Abiding: b. Goodwill, Metta - read by Biddy
  [396/883] SKIP (exists): Divine Abiding, c. Compassion - read by Biddy O'Co
  [397/883] SKIP (exists): Divine Abiding, d. Appreciative Joy, Mudita - read
  [398/883] SKIP (exists): Sense Contact - The Six Sense Spheres - read by Fi
  [399/883] SKIP (exists): Spiritual Faculties - read by Finola O'Siochru
  [400/883] SKIP (exists): Mindfulness of Breathing - read by Finola O'Siochr
  [401/883] SKIP (exists): Destruction of Craving a. Tracing back to the orig
  [402/883] SKIP (exists): Destruction of Craving b. Examining each link in t
  [403/883] SKIP (exists): Two Kinds of Thought - read by Finola O'Siochru
  [404/883] SKIP (exists): Removal of Distracting Thoughts - read by Finola O
  [405/883] SKIP (exists): In the Seeing, only the seeing ... (Bahiya Sutta) 
  [406/883] SKIP (exists): Greed, Hatred and Delusion as Foundations for Mind
  [407/883] SKIP (exists): Exalted, Unexalted and other Mindstates as Foundat
  [408/883] SKIP (exists): Building a Raft to Cross the Floods of Sensuality 
  [409/883] SKIP (exists): Building a Raft to Cross the Floods of Becoming an
  [410/883] SKIP (exists): Beset by Perceptions (Honeyball Sutta)
  [411/883] SKIP (exists): The Buddha's Death (Parinibbana Sutta)
  [412/883] SKIP (exists): Méditation Guidée: Debout et Assise
  [413/883] SKIP (exists): Meditation Guidee Detaillee
  [414/883] SKIP (exists): Méditation Guidée Debout et Assise
  [415/883] SKIP (exists): Trois compréhensions nécessaires
  [416/883] SKIP (exists): Méditation Debout
  [417/883] SKIP (exists): Méditation Assise
  [418/883] SKIP (exists): La conscience juste, les obstacles comme chemin ve
  [419/883] SKIP (exists): How we use the self and what does it mean for not-
  [420/883] SKIP (exists): The Hindrances
  [421/883] SKIP (exists): Non-soi
  [422/883] SKIP (exists): La Libre Volunté
  [423/883] SKIP (exists): Le Dhamma dans la vie quotidienne ordinaire.
  [424/883] SKIP (exists): Scientisme Romatisme Bouddhisme
  [425/883] SKIP (no duration): Is the Buddha a materialist?
  [426/883] SKIP (no duration): z0000002
  [427/883] SKIP (exists): Une tentative de comprendre le non-soi.
  [428/883] SKIP (exists): Retour à l'essentiel.
  [429/883] SKIP (exists): Bonheur
  [430/883] SKIP (exists): L'Esprit Concevoir et les Empêches
  [431/883] SKIP (no duration): Dependent Origination et Kamma
  [432/883] SKIP (exists): Metta Bhavana Bienveillance (15 min)(Lausanne Oct 
  [433/883] SKIP (exists): Nous causons de la souffrance pour nous meme.(Laus
  [434/883] SKIP (exists): Le Kamma de la Liberation(Lausanne Oct 2010)
  [435/883] SKIP (exists): Les Bases de Vipassana.
  [436/883] SKIP (exists): Progres et d'autres sujets.
  [437/883] SKIP (exists): Questions and des Questions Plus.
  [438/883] SKIP (exists): Dependant Origination (Belgium Jan 2006)
  [439/883] SKIP (exists): The Purpose of Meditation (Belgium Jan 2006)
  [440/883] SKIP (exists): Why the Present Moment is So Important (Geneva May
  [441/883] SKIP (exists): Q&A Concerning States of Mind - Sankhara (Geneva M
  [442/883] SKIP (exists): Concerning Buddhist Psychology (Geneva May 2006)
  [443/883] SKIP (exists): Concerning Metta and Other Questions (Geneva May 2
  [444/883] SKIP (exists): Le Methode de Mahasi Vipassana (Lausanne Oct 2009)
  [445/883] SKIP (exists): Les Empeches de Vipassana (Lausanne Oct 2009)
  [446/883] SKIP (exists): Les Facteurs de Liberation (Lausanne Oct 2009)
  [447/883] SKIP (exists): Psychologie de Buddha (Lausanne Oct 2009)
  [448/883] SKIP (exists): Entering the Course
  [449/883] SKIP (exists): The Mahasi Method
  [450/883] SKIP (exists): The Joyful Aspects of Meditation
  [451/883] SKIP (exists): The Wheel of Dependent Origination
  [452/883] SKIP (exists): The Perfections
  [453/883] SKIP (exists): Karma
  [454/883] SKIP (exists): Evening Metta Chant and Instructions
  [455/883] SKIP (exists): Morning Chant
  [456/883] SKIP (exists): Meditazione in Piedi e Seduta
  [457/883] SKIP (exists): Meditazione guidata dettagliata :sometimes use 'sa
  [458/883] SKIP (exists): Mahasi Instructions and Metta Chant
  [459/883] SKIP (exists): The Hindrances
  [460/883] SKIP (exists): Factors of Enlightenment
  [461/883] SKIP (exists): Dependent Origination
  [462/883] SKIP (exists): Kamma
  [463/883] SKIP (exists): Metta Guidata
  [464/883] SKIP (exists): c. corpo med guidata
  [465/883] SKIP (exists): Intro. Guarig. corpo med guidata
  [466/883] SKIP (exists): Basics for Insight Meditation 01
  [467/883] SKIP (exists): 70th Birthday Bhante Bodhidhamma's Life story
  [468/883] SKIP (exists): Talk Starting Inaugural Lockdown Evening Meditatio
  [469/883] SKIP (exists): 02 First Three Noble Truths
  [470/883] SKIP (exists): 01 MN9 Discourse on Right View  Wholesome and Unwh
  [471/883] SKIP (exists): Evening Lockdown Meditation
  [472/883] SKIP (exists): 03 Coronavirus and the Contemplation of Death
  [473/883] SKIP (exists): 04 Contemplation of Death : Living more awake
  [474/883] SKIP (exists): 05 Contemplation of Death again!
  [475/883] SKIP (exists): 06 Renunciation and Buddha's First Occasion to Tea
  [476/883] SKIP (exists): 07 Setting the Wheel of the Dhamma in Motion
  [477/883] SKIP (exists): 08 Mindfulness at work And Right View Right Attitu
  [478/883] SKIP (exists): 09 Right Speech, Action and Livelihood
  [479/883] SKIP (exists): 10 Grief
  [480/883] SKIP (exists): 11 The Nutriments: Food, Contact, Volition and Con
  [481/883] SKIP (exists): 12 The Investigation of Eating
  [482/883] SKIP (exists): 13 Discourse on the Taints MN 2 : Overcome by seei
  [483/883] SKIP (exists): 14 Not-self Revisited The story of Sati MN38
  [484/883] SKIP (exists): 16. Investigating Not-self - The Pratice
  [485/883] SKIP (exists): 17 Questions  See Description
  [486/883] SKIP (exists): 18 Overcoming the Taints by Restraint
  [487/883] SKIP (exists): 19 Overcoming the Taints by Using
  [488/883] SKIP (exists): 20 Overcoming the Taints by Endurance
  [489/883] SKIP (exists): 21a Overcoming the Taints by Removing 1
  [490/883] SKIP (exists): 21b Overcoming the Taints by Removing 2
  [491/883] SKIP (exists): 22 Overcoming the Taints by Developing
  [492/883] SKIP (exists): 23 The Ten Fetters
  [493/883] SKIP (exists): 24 Society
  [494/883] SKIP (exists): 25 Reflections for an Harmonious Society
  [495/883] SKIP (exists): 26 More Reflections
  [496/883] SKIP (exists): 27 What makes a Society Strong?
  [497/883] SKIP (exists): 28 The Six Sense Bases MN137
  [498/883] SKIP (exists): 29 Senses Bases Cont.
  [499/883] SKIP (exists): Metta, Forgiveness and Determination Practice
  [500/883] SKIP (exists): 01 Reiki with Bryan Lester
  [501/883] SKIP (exists): Some Pointers for Metta
  [502/883] SKIP (exists): Bodycare Practice - Metta towards the Body.
  [503/883] SKIP (exists): 02 Reiki with Bryan
  [504/883] SKIP (exists): Body as Meditation Object
  [505/883] SKIP (exists): The Basics of Insight Meditation 03
  [506/883] SKIP (exists): 03 Reiki with Bryan
  [507/883] SKIP (exists): 33 Kalama Sutta AN 3.65
  [508/883] SKIP (exists): 35 Canki Sutta MN95
  [509/883] SKIP (exists): 34 Kalama Discourse cont.
  [510/883] SKIP (exists): 36 Canki Sutta cont.
  [511/883] SKIP (exists): 37 Shorter Discourse on Gosinga
  [512/883] SKIP (exists): Gaia Standing and Sitting Guided Meditation
  [513/883] SKIP (exists): 38 Discourse on the Establishment of Awareness Sat
  [514/883] SKIP (exists): 31b The Body
  [515/883] SKIP (exists): 39 Discourse on the Establishment of Awareness Sat
  [516/883] SKIP (exists): 40 Discourse on the Establishment of Awareness Sat
  [517/883] SKIP (exists): 41 Discourse on the Establishment of Awareness Sat
  [518/883] SKIP (exists): 42 Discourse on the Establishment of Awareness Sat
  [519/883] SKIP (exists): 43 Discourse on the Establishment of Awareness Sat
  [520/883] SKIP (exists): 44 The Relay of Chariots MN24
  [521/883] SKIP (exists): 45 The Relay of Chariots MN24
  [522/883] SKIP (exists): 50 Dog Ascetic Discourse MN57
  [523/883] SKIP (exists): Gratitude Generosity Renunciation
  [524/883] SKIP (exists): Spanish Introduction - Refuges and Precepts, Stand
  [525/883] SKIP (exists): Saddha Confidence and Trust
  [526/883] SKIP (exists): Dhp 188 - 192 The Role of Confidence.
  [527/883] SKIP (exists): Dhp 153   154 The Buddha's Victory Verses
  [528/883] SKIP (exists): Dhp 4 Hatred is not overcome with hatred!
  [529/883] SKIP (exists): Dhp 21 - 23
  [530/883] SKIP (exists): Dhp Chapter 3 - verses 33 & 34 The Unruly Mind
  [531/883] SKIP (exists): Dhp 01 02  Mind is the forerunner
  [532/883] SKIP (exists): Dhp No4 Hatred is not pacified by hatred
  [533/883] SKIP (exists): Dhp 256 157  Judgmental v Judicious
  [534/883] SKIP (exists): Dhp 46 How to view the Body
  [535/883] SKIP (exists): The Four Noble Truths
  [536/883] SKIP (exists): The NIne Qualities of the Buddha
  [537/883] SKIP (exists): Dhp 360 362 Restraint
  [538/883] SKIP (exists): Dhp 90 The Arahant
  [539/883] SKIP (exists): Vita Quotidiana
  [540/883] SKIP (exists): Dukkha Unsatifactoriness and Sila Morality and Eth
  [541/883] SKIP (exists): Dependent Origination and the Role of Desire and t
  [542/883] SKIP (exists): Kamma and Rebirth
  [543/883] SKIP (exists): Gratitude Generosity and Renunciation
  [544/883] SKIP (exists): Facets of a Love
  [545/883] SKIP (exists): Apamado DHP 22 23 24
  [546/883] SKIP (exists): Ageing
  [547/883] SKIP (exists): Dhp 152 153 The Inner Critic
  [548/883] SKIP (exists): Sympathy Empathy and Compassion
  [549/883] SKIP (exists): DHP 314-317 From the Chapter on Hell
  [550/883] SKIP (exists): Non-Violence is not Pacificism
  [551/883] SKIP (exists): Neoliberalism and Mindfulness
  [552/883] SKIP (exists): The Buddha and War.
  [553/883] SKIP (exists): Need Sufficiency and Greed
  [554/883] SKIP (exists): Social Conditioning or Karma
  [555/883] SKIP (exists): Climate Emergency
  [556/883] SKIP (exists): Reset for Autumn
  [557/883] SKIP (exists): Identity and Not-Self
  [558/883] SKIP (exists): The Contemplation of Death
  [559/883] SKIP (exists): To Love or To Be Loved. That is the question.
  [560/883] SKIP (exists): The Bases of Success
  [561/883] SKIP (exists): Bahiya of the Bark Cloth
  [562/883] SKIP (exists): The Discourse on Bahiya of the Bark Cloth Ud.1.10
  [563/883] SKIP (exists): Joy
  [564/883] SKIP (exists): Is the Buddha and athiest?
  [565/883] SKIP (exists): Fear and Courage
  [566/883] SKIP (exists): Patience
  [567/883] SKIP (exists): Equanimity - The most important of all virtues.
  [568/883] SKIP (exists): Compassion and its subtle enemies.
  [569/883] SKIP (exists): Good Friendship, Good Companionship, Good Comradsh
  [570/883] SKIP (exists): The Five Constant Contemplations
  [571/883] SKIP (exists): Retreat Start Standing and Walking Meditation
  [572/883] SKIP (exists): The Discourse Developing Loving Kindness
  [573/883] SKIP (exists): The Importance of Tranquillity
  [574/883] SKIP (exists): The Crucial Importance of Desire and Intention.
  [575/883] SKIP (exists): Satipanya Opening Ceremony 30th June 2007
  [576/883] SKIP (exists): Ceremony to Bless the Stupa   June 26th 2011   Pt 
  [577/883] SKIP (exists): Ceremony to Bless the Stupa   June 26th 2011   Pt 
  [578/883] SKIP (exists): Ceremony to Bless the Stupa   June 26th 2011   Pt 
  [579/883] SKIP (exists): 15. The Discourse on Not-self SN22.6.59
  [580/883] SKIP (exists): Upali is converted by the Buddha MN56
  [581/883] SKIP (exists): Contemplating the Unpleasantness of the Body: Why 
  [582/883] SKIP (exists): The Buddha's Alter Ego
  [583/883] SKIP (exists): The Unattractive Nature of the Body
  [584/883] SKIP (exists): The Four Great Elements
  [585/883] SKIP (exists): The Specific Law of Conditionality
  [586/883] SKIP (exists): The Dangers of Indulgence
  [587/883] SKIP (exists): Reflections and Contemplative Practice of Kamma
  [588/883] SKIP (exists): Forgiveness
  [589/883] SKIP (exists): The Basics of Insight Meditation 02
  [590/883] SKIP (exists): Dukkha - Basic Premise of the Buddhadhamma
  [591/883] SKIP (exists): Non-Violence is not Pacifism
  [592/883] SKIP (exists): The Eight Worldly Conditions
  [593/883] SKIP (exists): The Paradox of Fear
  [594/883] SKIP (exists): Renunciation : The Path to Liberation
  [595/883] SKIP (exists): The Buddha as a Teacher The Discourse on Malunkyap
  [596/883] SKIP (exists): What was the Great Discovery by the Buddha
  [597/883] SKIP (exists): Where do the elements cease without remainder?
  [598/883] SKIP (exists): Extinguishing the Housebuilder
  [599/883] SKIP (exists): Hope Aspiration Expectation
  [600/883] SKIP (exists): Topics of Discussion
  [601/883] SKIP (exists): Practising the Five Remembrances
  [602/883] SKIP (exists): Revsing the Basics
  [603/883] SKIP (exists): The Necessity of Joy
  [604/883] SKIP (exists): Polarisation
  [605/883] SKIP (exists): Dullness and Lethargy
  [606/883] SKIP (exists): Adhitthana Determination
  [607/883] SKIP (exists): The Four Clingings
  [608/883] SKIP (exists): The Buddha's Use of Similes
  [609/883] SKIP (exists): Restraint
  [610/883] SKIP (no duration): Refuges  and Precepts
  [611/883] SKIP (no duration): Puja: Chantings
  [612/883] SKIP (no duration): Recommended Reading for Beginners
  [613/883] SKIP (no duration): in PDF format
  [614/883] SKIP (no duration): in MS Word format
  [615/883] SKIP (no duration): Neoliberalism and BuddhaDhamma
  [616/883] SKIP (no duration): Investigative Eating
  [617/883] SKIP (no duration): Reflections on the Teaching and Practice of Not-se
  [618/883] SKIP (no duration): Vipassana as taught by the Mahasi Sayadaw of Burma
  [619/883] SKIP (no duration): Is Armed Intervention Ever Justified?
  [620/883] SKIP (no duration): Free will: is it available or useful?
  [621/883] SKIP (no duration): Could I be a fundamentalist, even a terrorist?
  [622/883] SKIP (no duration): Perfection, Elitism and Excellence
  [623/883] SKIP (no duration): What benefit is there in becoming a temporary mona
  [624/883] SKIP (no duration): The ‘Unlucky’ Death of a Two Year Old Boy
  [625/883] SKIP (no duration): Expectation, Aspiration and Hope
  [626/883] SKIP (no duration): Assisted Suicide (PDF document)
  [627/883] SKIP (no duration): Vipassana, Therapy and Medicinal Drugs (PDF docume
  [628/883] SKIP (no duration): Conditionality and Kamma(PDF document)
  [629/883] SKIP (no duration): Affectionate Awareness.
  [630/883] SKIP (no duration): Climate Crisis A Personal Reflection
  [631/883] SKIP (no duration): The First Noble Truth of Suffering -- Dukkha
  [632/883] SKIP (no duration): The First Noble Truth of Suffering -- The Five Agg
  [633/883] SKIP (no duration): The First Noble Truth of Suffering -- The Three Ch
  [634/883] SKIP (no duration): The Second Noble Truth -- Desire
  [635/883] SKIP (no duration): The Second Noble Truth -- The Wheel of Dependent O
  [636/883] SKIP (no duration): The Second Noble Truth -- Kamma Vipaka
  [637/883] SKIP (no duration): The Fourth Noble Truth -- Morality
  [638/883] SKIP (no duration): The Fourth Noble Truth -- Perfections
  [639/883] SKIP (no duration): The Fourth Noble Truth -- Right Understanding
  [640/883] SKIP (no duration): The Fourth Noble Truth -- Mental Development
  [641/883] SKIP (no duration): Meditation in Ordinary Daily Life
  [642/883] SKIP (no duration): Meditation in Ordinary Daily Life
  [643/883] SKIP (no duration): Buddha Day Evening with Italy
  [644/883] SKIP (no duration): Text,
  [645/883] SKIP (no duration): Satipanya Porridge
  [646/883] SKIP (no duration): The "Ouch" that hurt.
  [647/883] SKIP (no duration): Coming down to earth
  [648/883] SKIP (no duration): Extending the limits of good-will
  [649/883] SKIP (no duration): Metta for a Cold Heart
  [650/883] SKIP (no duration): The Fourth Noble Truth
  [651/883] SKIP (no duration): Struggling with Anatta
  [652/883] SKIP (no duration): Temporary Ordination
  [653/883] SKIP (no duration): Retreating and Re-engaging
  [654/883] SKIP (no duration): Homeward Bound
  [655/883] SKIP (no duration): All in the Mind
  [656/883] SKIP (no duration): Summer meadows
  [657/883] SKIP (no duration): As Winter Approaches
  [658/883] SKIP (no duration): 2020 Lockdown Christmas
  [659/883] SKIP (no duration): Exiting Lockdown
  [660/883] SKIP (no duration): Mindfulness meets metta
  [661/883] SKIP (no duration): Everyday Mindfulness
  [662/883] SKIP (no duration): Healing the Mind-Body Relationship
  [663/883] SKIP (no duration): Nibanna is Close at Hand!
  [664/883] SKIP (no duration): Greeting the Devadutta
  [665/883] SKIP (no duration): Laryngectomy
  [666/883] SKIP (no duration): Stumbling towards Gratitude
  [667/883] SKIP (no duration): Mid-winter Darkness
  [668/883] SKIP (no duration): Teaching with an Electro-larynx: The Oval Age-Old 
  [669/883] SKIP (no duration): a paper describing six ethical maxims
  [670/883] SKIP (no duration): Full Catastrophe Ethics
  [671/883] SKIP (no duration): First Maxim: Work Hard to Grasp the Imensity
  [672/883] SKIP (no duration): Second Maxim: Cultivate Radical Hope
  [673/883] SKIP (no duration): Third Maxim: Draw a line in the Sand - b. Working 
  [674/883] SKIP (no duration): Fourth Maxim: Appreciate the Amazing and Unique Up
  [675/883] SKIP (no duration): Fifth Maxim: Train the Mind and Body
  [676/883] SKIP (no duration): At the end of the day (1)
  [677/883] SKIP (no duration): At the end of the day. (2)
  [678/883] SKIP (no duration): At the end of the day.
  [679/883] SKIP (no duration): Upon Awakening.
  [680/883] SKIP (no duration): Morning Meditation (One of Four) : Ritual
  [681/883] SKIP (no duration): Morning Meditation : Default Position: Abiding in 
  [682/883] SKIP (no duration): Morning Meditation : Vipassana – 1. Developing a s
  [683/883] SKIP (no duration): Morning Meditation : Vipassana 2. – Developing Ins
  [684/883] SKIP (no duration): Morning Meditation : Metta : Developing Goodwill –
  [685/883] SKIP (no duration): Discourse on Metta
  [686/883] SKIP (no duration): Morning Meditation: Developing Goodwill and Forgiv
  [687/883] SKIP (no duration): Morning Meditation : Resolution
  [688/883] SKIP (no duration): Developing the Perfection of Determination
  [689/883] SKIP (no duration): Breakfast at last!
  [690/883] SKIP (no duration): Traveling to and from work.
  [691/883] SKIP (no duration): Back Home
  [692/883] SKIP (no duration): Relations, Friends, Acquaintances and Spiritual Co
  [693/883] SKIP (no duration): Contemplating Relations, Friends, Acquaintances an
  [694/883] SKIP (no duration): Intimate Relationships: The Erotic, the Romantic a
  [695/883] SKIP (no duration): Celibacy
  [696/883] SKIP (no duration): When does love become control?
  [697/883] SKIP (no duration): Work
  [698/883] SKIP (no duration): Success and Failure : Trial and Error
  [699/883] SKIP (no duration): Creating Space (1)
  [700/883] SKIP (no duration): Creating Space (2)
  [701/883] SKIP (no duration): Creating Space (3)
  [702/883] SKIP (no duration): The Limits of Power and Mission Creep
  [703/883] SKIP (no duration): Not an Emotion
  [704/883] SKIP (no duration): Relationships
  [705/883] SKIP (no duration): Being Good rather than Being Good At
  [706/883] SKIP (no duration): What’s wrong with a bit of attachment!
  [707/883] SKIP (no duration): Sacrifice : the more we give, the greater the retu
  [708/883] SKIP (no duration): Not what we believe, but how we live.
  [709/883] SKIP (no duration): Towards the Greatest Happiness.
  [710/883] SKIP (no duration): New Year Resolution
  [711/883] SKIP (no duration): Neighbourly ‘Sounds’
  [712/883] SKIP (no duration): Sickness
  [713/883] SKIP (no duration): The Tough Nut
  [714/883] SKIP (no duration): Impulsive or Spontaneous.
  [715/883] SKIP (no duration): Joy!
  [716/883] SKIP (no duration): Thankyou
  [717/883] SKIP (no duration): Need, Sufficiency and Greed.
  [718/883] SKIP (no duration): What values govern our lives?
  [719/883] SKIP (no duration): Values in mine own eyes.
  [720/883] SKIP (no duration): Living in the Now : Planning for the Future
  [721/883] SKIP (no duration): Music
  [722/883] SKIP (no duration): Time
  [723/883] SKIP (no duration): Our Daily Breaks.
  [724/883] SKIP (no duration): On the Virtue of Visiting a Cemetery
  [725/883] SKIP (no duration): Pity, Sorrow and Compassion
  [726/883] SKIP (no duration): Why are we asked to observe - impermanence.
  [727/883] SKIP (no duration): Sublimation
  [728/883] SKIP (no duration): Righteous Anger : Plain Anger
  [729/883] SKIP (no duration): A Pet’s Endgame
  [730/883] SKIP (no duration): Downers.
  [731/883] SKIP (no duration): Discipline : Self-discipline
  [732/883] SKIP (no duration): Fairness and Equality
  [733/883] SKIP (no duration): Unforgivingness
  [734/883] SKIP (no duration): My body is Mother Earth
  [735/883] SKIP (no duration): Dealing with Intense Emotions and Moods in Ordinar
  [736/883] SKIP (no duration): How much pain, physical or mental should we suffer
  [737/883] SKIP (no duration): Judging or Judgemental?
  [738/883] SKIP (no duration): The absurd and the Sublime : A Mid-summer Contempl
  [739/883] SKIP (no duration): If there is no self, who bears the karma?
  [740/883] SKIP (no duration): Overwhelmed by All the Violence in the World?
  [741/883] SKIP (no duration): Legal : Moral : Ethical
  [742/883] SKIP (no duration): The Consumer in Us All.
  [743/883] SKIP (no duration): Barriers or Boundaries
  [744/883] SKIP (no duration): Isolation, Loneliness and Solitude
  [745/883] SKIP (no duration): Envy, Jealousy and Appreciative Joy
  [746/883] SKIP (no duration): Unwholesome Karmic Results as Fate.
  [747/883] SKIP (no duration): Ideology leads to strife.
  [748/883] SKIP (no duration): The Sacred: It’s Meaning and the Role of Free Spee
  [749/883] SKIP (no duration): Awareness, Compassion and Wisdom
  [750/883] SKIP (no duration): To become or not to become.
  [751/883] SKIP (no duration): Appamāda : Diligent
  [752/883] SKIP (no duration): Aim and Objective in Present Time
  [753/883] SKIP (no duration): Money and Power
  [754/883] SKIP (no duration): Passive Aggression
  [755/883] SKIP (no duration): In what way should Buddhadhamma affect our politic
  [756/883] SKIP (no duration): Practice makes perfect.*
  [757/883] SKIP (no duration): Right Speech
  [758/883] SKIP (no duration): Equanimity
  [759/883] SKIP (no duration): Shame
  [760/883] SKIP (no duration): Guilt
  [761/883] SKIP (no duration): Gratitude Generosity Renunciation
  [762/883] SKIP (no duration): Excitement Boredom Contentment
  [763/883] SKIP (no duration): Silence
  [764/883] SKIP (no duration): Courage, Fortitude and Resilience
  [765/883] SKIP (no duration): One of the Hindrances is Sceptical Doubt.
  [766/883] SKIP (no duration): Scientism meets Buddhism (Buddhadhamma?)
  [767/883] SKIP (no duration): What is our basic disposition to life?
  [768/883] SKIP (no duration): Fear!
  [769/883] SKIP (no duration): Beauty.
  [770/883] SKIP (no duration): The Wisdom of Uncertainty
  [771/883] SKIP (no duration): Patience
  [772/883] SKIP (no duration): Overcoming the Corruptions of Generosity
  [773/883] SKIP (no duration): The World is in a terrible state.
  [774/883] SKIP (no duration): The Treasure of Things
  [775/883] SKIP (no duration): Equanimity Carl
  [776/883] SKIP (no duration): The years where do they go. New Year Encouragement
  [777/883] SKIP (no duration): Understand and See things as they really are
  [778/883] SKIP (no duration): Constant Curiosity Carl
  [779/883] SKIP (no duration): Kamma Noirin
  [780/883] SKIP (no duration): Progress
  [781/883] SKIP (no duration): Who Decides? Carl
  [782/883] SKIP (no duration): Delusion, caring for illusion.
  [783/883] SKIP (no duration): The world is not in a good place.
  [784/883] SKIP (no duration): Happy New Year
  [785/883] SKIP (no duration): Sickness
  [786/883] SKIP (no duration): Yearning for a Better World
  [787/883] SKIP (no duration): Balancing Lay and Spiritual Life
  [788/883] SKIP (no duration): Wildflower Wisdom
  [789/883] SKIP (no duration): Dealing with the Stories that Make Us Suffer
  [790/883] SKIP (no duration): The Wisdom and Virtues of Insecurity
  [791/883] SKIP (no duration): As Winter Approaches
  [792/883] SKIP (no duration): Guidelines For a New Year's Resolution
  [793/883] SKIP (no duration): Coronavirus : Messenger from the Gods
  [794/883] SKIP (no duration): Quench all Resentments.
  [795/883] SKIP (no duration): Exiting Lockdown
  [796/883] SKIP (no duration): Committing to the Path
  [797/883] SKIP (no duration): Beauty
  [798/883] SKIP (no duration): Motivation for Practice
  [799/883] SKIP (no duration): All in the Mind
  [800/883] SKIP (no duration): Perfection, Elitism and Excellence.
  [801/883] SKIP (no duration): Material World
  [802/883] SKIP (no duration): Inner Voices
  [803/883] SKIP (no duration): Full Catastrophe Ethics
  [804/883] SKIP (no duration): On Learning how to be with Climate and Social Brea
  [805/883] SKIP (no duration): Living in the here and now. Bhante Bodhidhamma
  [806/883] SKIP (no duration): Being Human Bhante Bodhidhamma
  [807/883] SKIP (no duration): Sympathy Empathy Compassion Bhante Bodhidhamma
  [808/883] SKIP (no duration): Non-Violence is not Pacificism Bhante Bodhidhamma
  [809/883] SKIP (no duration): Neoliberalism and Buddhadhamma Bhante Bodhidhamma
  [810/883] SKIP (no duration): Dullness and Lethargy: Our Two Very Good Friends C
  [811/883] SKIP (no duration): Preparing for Climate Change - First Ethical Maxim
  [812/883] SKIP (no duration): Red Lines, Sila - Third Ethical Maxim Noirin Sheah
  [813/883] SKIP (no duration): Radical Hope, Saddha - Second Ethical Maxim Noirin
  [814/883] SKIP (no duration): New Year Resolutions and the Third Maxim  Noirin S
  [815/883] SKIP (no duration): 4th Maxim (i) : Opportunity Knocks  Noirin Sheahan
  [816/883] SKIP (no duration): 4th Maxim (ii) : Spiral to Freedom  Noirin Sheahan
  [817/883] SKIP (no duration): Fourth Maxim (iii) : Path to Transcendence  Noirin
  [818/883] SKIP (no duration): Equanimity : The Most Important Virtue Bhante Bodh
  [819/883] SKIP (no duration): The Danger of Nihilism  Bhante Bodhidhamma
  [820/883] SKIP (no duration): Neo-Fascism  Bhante Bodhidhamma
  [821/883] SKIP (no duration): The Gift of Joy Mudita Bhante Bodhidhamma
  [822/883] SKIP (no duration): ‘We just follow circumstance.’  Bhante Bodhidhamma
  [823/883] SKIP (no duration): To Love or To Be Loved. That is the Question.  Bha
  [824/883] SKIP (no duration): Samsara : doomed to suffer over and over again? Bh
  [825/883] SKIP (no duration): Compassion : To Care  Bhante Bodhidhamma
  [826/883] SKIP (no duration): Compassion : A Path of Liberation  Bhante Bodhidha
  [827/883] SKIP (no duration): Fifth Maxim: Develop the Body and Mind  Noirin She
  [828/883] SKIP (no duration): The Buddha’s Alter Ego : The World Conquering Mona
  [829/883] SKIP (no duration): There is a Body: Exploring the Mind-Body Relations
  [830/883] SKIP (no duration): Self-love and Self-Acceptance  Bhante Bodhidhamma
  [831/883] SKIP (no duration): The Crucial Role of Desire and Intention.  Bhante 
  [832/883] SKIP (no duration): Mindfulness meets Metta Noirin Sheahan
  [833/883] SKIP (no duration): Surely meditation shouldn't feel like this?  Noiri
  [834/883] SKIP (no duration): The Fire Sermon
  [835/883] SKIP (no duration): Why spend a week or more on retreat?
  [836/883] SKIP (no duration): Nibanna is Close at Hand!
  [837/883] SKIP (no duration): AI 'Art'
  [838/883] SKIP (no duration): A Field of Barley
  [839/883] SKIP (no duration): War!
  [840/883] SKIP (no duration): The Enlightenment and its Demise.
  [841/883] SKIP (no duration): The Enlightenment and Possible Salvation.
  [842/883] SKIP (no duration): Sixth Maxim: Act for the Future Generations of All
  [843/883] SKIP (no duration): Cultivating Metta for Future Generations.
  [844/883] SKIP (exists): Detailed Guided Meditation
  [845/883] SKIP (exists): Starting a Retreat
  [846/883] SKIP (exists): Abiding in the Present Moment Developing Equanimit
  [847/883] SKIP (exists): Detailed Guided Meditation
  [848/883] SKIP (exists): Assisted Meditation
  [849/883] SKIP (exists): Heartcare Metta Meditation
  [850/883] SKIP (exists): Bodycare Meditation
  [851/883] SKIP (exists): Eating meditation
  [852/883] SKIP (exists): Morning Chant with Refuges and Precepts
  [853/883] SKIP (exists): Evening Metta Chant
  [854/883] SKIP (exists): The Technique
  [855/883] SKIP (exists): The Hindrances
  [856/883] SKIP (exists): The Factors of Enlightenment
  [857/883] SKIP (exists): The Pleasure Syndrome dukkha
  [858/883] SKIP (exists): The Characteristic of Impermanence
  [859/883] SKIP (exists): Anatta Not self
  [860/883] SKIP (exists): Living Life according to the Dhamma
  [861/883] SKIP (exists): Mahasi Talk
  [862/883] SKIP (exists): Vedana Feeling
  [863/883] SKIP (exists): Is Awareness Enough
  [864/883] SKIP (exists): Eroticism Romance Love Distraction and Boredom
  [865/883] SKIP (exists): The Perfections Turned Inward
  [866/883] SKIP (exists): Faith
  [867/883] SKIP (exists): Revising the principles of vipassana
  [868/883] SKIP (exists): Fear
  [869/883] SKIP (exists): Foregiveness
  [870/883] SKIP (exists): The Gratification, the Danger and the Escape
  [871/883] SKIP (exists): Karma
  [872/883] SKIP (exists): Rebirth
  [873/883] SKIP (exists): The Illimitables
  [874/883] SKIP (exists): The Ten Fetters
  [875/883] SKIP (exists): The Awakening
  [876/883] SKIP (exists): The Years of Teaching and Parinibbana
  [877/883] SKIP (exists): Ethical Behaviour and the Awakening are one
  [878/883] SKIP (exists): The Buddha as Exemplar and Archetype
  [879/883] SKIP (exists): Meditation and Ordinary Daily Life
  [880/883] SKIP (exists): Free Will
  [881/883] Karma Specific Conditionality the Five Laws ethica...
    Download retry 1: curl: (1) Protocol "local" not supported or disabled in libcurl
    Download retry 2: curl: (1) Protocol "local" not supported or disabled in libcurl
    Download retry 3: curl: (1) Protocol "local" not supported or disabled in libcurl
    Download failed: curl: (1) Protocol "local" not supported or disabled in libcurl
  [882/883] SKIP (exists): Right Livelihood
  [883/883] SKIP (exists): Chi Gong min guidance

  Transcribed: 639/883 episodes
  Saved to: /home/freedomfighter/code/traduction/satipanya-podcast/transcripts/

  ✓ Pass 3: Transcribing (WhisperX) done (1m41s)

============================================================
  Pass 3a: Transcribing retreat files (WhisperX)
============================================================

/home/freedomfighter/miniconda3/lib/python3.13/site-packages/pyannote/audio/core/io.py:47: UserWarning: 
torchcodec is not installed correctly so built-in audio decoding will fail. Solutions are:
* use audio preloaded in-memory as a {'waveform': (channel, time) torch.Tensor, 'sample_rate': int} dictionary;
* fix torchcodec installation. Error message was:

Could not load libtorchcodec. Likely causes:
          1. FFmpeg is not properly installed in your environment. We support
             versions 4, 5, 6, 7, and 8, and we attempt to load libtorchcodec
             for each of those versions. Errors for versions not installed on
             your system are expected; only the error for your installed FFmpeg
             version is relevant. On Windows, ensure you've installed the
             "full-shared" version which ships DLLs.
          2. The PyTorch version (2.8.0+cu128) is not compatible with
             this version of TorchCodec. Refer to the version compatibility
             table:
             https://github.com/pytorch/torchcodec?tab=readme-ov-file#installing-torchcodec.
          3. Another runtime dependency; see exceptions below.

        The following exceptions were raised as we tried to load libtorchcodec:
        
[start of libtorchcodec loading traceback]
FFmpeg version 8:
Traceback (most recent call last):
  File "/home/freedomfighter/miniconda3/lib/python3.13/site-packages/torchcodec/_core/ops.py", line 57, in load_torchcodec_shared_libraries
    torch.ops.load_library(core_library_path)
    ~~~~~~~~~~~~~~~~~~~~~~^^^^^^^^^^^^^^^^^^^
  File "/home/freedomfighter/miniconda3/lib/python3.13/site-packages/torch/_ops.py", line 1478, in load_library
    ctypes.CDLL(path)
    ~~~~~~~~~~~^^^^^^
  File "/home/freedomfighter/miniconda3/lib/python3.13/ctypes/__init__.py", line 390, in __init__
    self._handle = _dlopen(self._name, mode)
                   ~~~~~~~^^^^^^^^^^^^^^^^^^
OSError: libavutil.so.60: cannot open shared object file: No such file or directory

FFmpeg version 7:
Traceback (most recent call last):
  File "/home/freedomfighter/miniconda3/lib/python3.13/site-packages/torchcodec/_core/ops.py", line 57, in load_torchcodec_shared_libraries
    torch.ops.load_library(core_library_path)
    ~~~~~~~~~~~~~~~~~~~~~~^^^^^^^^^^^^^^^^^^^
  File "/home/freedomfighter/miniconda3/lib/python3.13/site-packages/torch/_ops.py", line 1478, in load_library
    ctypes.CDLL(path)
    ~~~~~~~~~~~^^^^^^
  File "/home/freedomfighter/miniconda3/lib/python3.13/ctypes/__init__.py", line 390, in __init__
    self._handle = _dlopen(self._name, mode)
                   ~~~~~~~^^^^^^^^^^^^^^^^^^
OSError: libavutil.so.59: cannot open shared object file: No such file or directory

FFmpeg version 6:
Traceback (most recent call last):
  File "/home/freedomfighter/miniconda3/lib/python3.13/site-packages/torchcodec/_core/ops.py", line 57, in load_torchcodec_shared_libraries
    torch.ops.load_library(core_library_path)
    ~~~~~~~~~~~~~~~~~~~~~~^^^^^^^^^^^^^^^^^^^
  File "/home/freedomfighter/miniconda3/lib/python3.13/site-packages/torch/_ops.py", line 1478, in load_library
    ctypes.CDLL(path)
    ~~~~~~~~~~~^^^^^^
  File "/home/freedomfighter/miniconda3/lib/python3.13/ctypes/__init__.py", line 390, in __init__
    self._handle = _dlopen(self._name, mode)
                   ~~~~~~~^^^^^^^^^^^^^^^^^^
OSError: /home/freedomfighter/miniconda3/lib/python3.13/site-packages/torchcodec/libtorchcodec_core6.so: undefined symbol: _ZN3c1013MessageLogger6streamB5cxx11Ev

FFmpeg version 5:
Traceback (most recent call last):
  File "/home/freedomfighter/miniconda3/lib/python3.13/site-packages/torchcodec/_core/ops.py", line 57, in load_torchcodec_shared_libraries
    torch.ops.load_library(core_library_path)
    ~~~~~~~~~~~~~~~~~~~~~~^^^^^^^^^^^^^^^^^^^
  File "/home/freedomfighter/miniconda3/lib/python3.13/site-packages/torch/_ops.py", line 1478, in load_library
    ctypes.CDLL(path)
    ~~~~~~~~~~~^^^^^^
  File "/home/freedomfighter/miniconda3/lib/python3.13/ctypes/__init__.py", line 390, in __init__
    self._handle = _dlopen(self._name, mode)
                   ~~~~~~~^^^^^^^^^^^^^^^^^^
OSError: libavutil.so.57: cannot open shared object file: No such file or directory

FFmpeg version 4:
Traceback (most recent call last):
  File "/home/freedomfighter/miniconda3/lib/python3.13/site-packages/torchcodec/_core/ops.py", line 57, in load_torchcodec_shared_libraries
    torch.ops.load_library(core_library_path)
    ~~~~~~~~~~~~~~~~~~~~~~^^^^^^^^^^^^^^^^^^^
  File "/home/freedomfighter/miniconda3/lib/python3.13/site-packages/torch/_ops.py", line 1478, in load_library
    ctypes.CDLL(path)
    ~~~~~~~~~~~^^^^^^
  File "/home/freedomfighter/miniconda3/lib/python3.13/ctypes/__init__.py", line 390, in __init__
    self._handle = _dlopen(self._name, mode)
                   ~~~~~~~^^^^^^^^^^^^^^^^^^
OSError: libavutil.so.56: cannot open shared object file: No such file or directory
[end of libtorchcodec loading traceback].
  warnings.warn(
/home/freedomfighter/miniconda3/lib/python3.13/site-packages/speechbrain/utils/torch_audio_backend.py:57: UserWarning: torchaudio._backend.list_audio_backends has been deprecated. This deprecation is part of a large refactoring effort to transition TorchAudio into a maintenance phase. The decoding and encoding capabilities of PyTorch for both audio and video are being consolidated into TorchCodec. Please see https://github.com/pytorch/audio/issues/3902 for more information. It will be removed from the 2.9 release. 
  available_backends = torchaudio.list_audio_backends()
============================================================
PASS 3: Transcribing local files (WhisperX)
============================================================
  Loading WhisperX model (large-v3) on cuda...
2026-07-28 20:26:58 - whisperx.vads.pyannote - INFO - Performing voice activity detection using Pyannote...
Lightning automatically upgraded your loaded checkpoint from v1.5.4 to v2.6.0. To apply the upgrade to your files permanently, run `python -m lightning.pytorch.utilities.upgrade_checkpoint ../../../miniconda3/lib/python3.13/site-packages/whisperx/assets/pytorch_model.bin`

  Transcribed: 0, Skipped (existing): 40

  ✓ Pass 3a: Transcribing retreat files (WhisperX) done (0m07s)

============================================================
  Pass 3b: Merging retreat catalog
============================================================

============================================================
PASS 4: Merging into catalog.json
============================================================
  ✓ Updated retreat_talks: 40 episodes

✓ Catalog saved: /home/freedomfighter/code/traduction/satipanya-podcast/catalog.json

  ✓ Pass 3b: Merging retreat catalog done (0m00s)

============================================================
  Pass 4: Generating descriptions
============================================================

============================================================
PASS 4: Generating descriptions with Claude
============================================================
  [1/883] SKIP (exists): Introducing Vipassana Insight Meditation
  [2/883] SKIP (exists): Vipassana Guidelines
  [3/883] SKIP (exists): 45 minute Detailed Guided Meditation
  [4/883] SKIP (exists): 45 minute Assisted Meditation
  [5/883] SKIP (exists): 30 minute Bodycare Meditation
  [6/883] SKIP (exists): 30 minute Heartcare Meditation
  [7/883] SKIP (exists): Abiding in the Present Moment Developing Equanimit
  [8/883] SKIP (exists): Just Metta
  [9/883] SKIP (exists): Investigative Eating
  [10/883] SKIP (exists): Mahasi Sayadaw Introductory Talk
  [11/883] SKIP (exists): Why Chant
  [12/883] SKIP (exists): Morning Chant
  [13/883] SKIP (exists): Evening Chant
  [14/883] SKIP (exists): Refuges and Precepts
  [15/883] SKIP (exists): Evening Metta Chant
  [16/883] SKIP (exists): Metta Discourse
  [17/883] SKIP (exists): 01 Views about Spiritual Paths
  [18/883] SKIP (exists): 02 Discourse to the Kalamas
  [19/883] SKIP (exists): 03 Desire the Root of Suffering
  [20/883] SKIP (exists): 04 How to Test the Buddha
  [21/883] SKIP (exists): 01 Introducing the Buddha
  [22/883] SKIP (exists): 02 The Birth of the Buddha
  [23/883] SKIP (exists): 03 The Bodhisatta Leaves Home
  [24/883] SKIP (exists): 04 The Essence of the Awakening
  [25/883] SKIP (exists): Anusaya - Latent Tendencies
  [26/883] SKIP (exists): Asava-Taints, Ogha-Floods, Yoga-Yokes
  [27/883] SKIP (exists): Buddha
  [28/883] SKIP (exists): Dukkha - A Hard Place
  [29/883] SKIP (exists): Hetu - The Unwholesome Roots
  [30/883] SKIP (exists): Panya - Wisdom and Intuitive Intelligence
  [31/883] SKIP (exists): Puja - Devotional Attention
  [32/883] SKIP (exists): Samyojana - The first three Fetters
  [33/883] SKIP (exists): Samyojana - The last seven Fetters
  [34/883] SKIP (exists): Sati - Knowing
  [35/883] SKIP (exists): Sati in Daily Life
  [36/883] SKIP (exists): Sila - Good Conduct
  [37/883] SKIP (exists): 01. Dana Generosity
  [38/883] SKIP (exists): 02. Sila Virtuous Conduct
  [39/883] SKIP (exists): 03. Nekkhamma Renunciation
  [40/883] SKIP (exists): 04. Panya Intuitive Intelligence and Wisdom
  [41/883] SKIP (exists): 05. Viriya Effort
  [42/883] SKIP (exists): 06. Khanti Patience
  [43/883] SKIP (exists): 07. Sacca Honesty
  [44/883] SKIP (exists): 08. Adhitthana Resolution.
  [45/883] SKIP (exists): Metta - Love
  [46/883] SKIP (exists): Karuna - Compassion
  [47/883] SKIP (exists): Mudita - Pure Joy
  [48/883] SKIP (exists): Upekkha - Equanimity
  [49/883] SKIP (exists): Buddha as Refuge
  [50/883] SKIP (exists): Dhamma as Refuge
  [51/883] SKIP (exists): Sangha as Refuge
  [52/883] SKIP (exists): Khandha The Aggregates
  [53/883] SKIP (exists): Rupa Corporeality
  [54/883] SKIP (exists): Vedana Feeling
  [55/883] SKIP (exists): Sanya Perception & Vedana Feeling
  [56/883] SKIP (exists): Sankhara Volitional Conditioning
  [57/883] SKIP (exists): Summing up
  [58/883] SKIP (exists): 1. Avijja - not-knowing
  [59/883] SKIP (exists): 2. Nama Rupa Body Mind
  [60/883] SKIP (exists): 3. Salayatana Vedana Phasa Six senses Contact Feel
  [61/883] SKIP (exists): 4. Tanha Upadana Bhava Craving Grasping Becoming
  [62/883] SKIP (exists): 5. paticca samuppada dependent origination to sams
  [63/883] SKIP (exists): 6. Another model of Dependent Orgination
  [64/883] SKIP (exists): 1. Indulgence
  [65/883] SKIP (exists): 2. Self-Mortification
  [66/883] SKIP (exists): 3. The First Noble Truth of Suffering
  [67/883] SKIP (exists): 4. Second Noble Truth:The Cause of Suffering
  [68/883] SKIP (exists): 5. The Third Noble Truth:The End of Suffering
  [69/883] SKIP (exists): 6. The Fourth Noble Truth The Eightfold Path
  [70/883] SKIP (exists): 7. The Buddha's Enlightenment becomes universal
  [71/883] SKIP (exists): 1 Not-self - Control
  [72/883] SKIP (exists): 2 Not-self - Impermanence and Suffering
  [73/883] SKIP (exists): 3 Not-self - Recap and Metaphors
  [74/883] SKIP (exists): 01. Sickness Ageing and Death
  [75/883] SKIP (exists): 02. Divine Messengers
  [76/883] SKIP (exists): 03. The Two Darts
  [77/883] SKIP (exists): 04. The Eight Worldy Conditions
  [78/883] SKIP (exists): 05. Clinging causes Anxiety plus
  [79/883] SKIP (exists): 06. Mahakassapa Explains the Cause of Conflict
  [80/883] SKIP (exists): 07. Envy and Niggardliness the Cause of Conflict
  [81/883] SKIP (exists): 08. Detailed Sequence Leading to Conflict
  [82/883] SKIP (exists): 09. Power
  [83/883] SKIP (exists): 10. Samsara Onward Going
  [84/883] SKIP (exists): 11. Rounds of Becoming
  [85/883] SKIP (exists): 12. Short Review of the Human Condition
  [86/883] SKIP (exists): 1. Righteous Governement and Righteous Ruler
  [87/883] SKIP (exists): 2. The Ruler
  [88/883] SKIP (exists): 3. The Six Directions Ritual as useless or meaning
  [89/883] SKIP (exists): 4. Parents and Chidren
  [90/883] SKIP (exists): 5. Husbands and Wives
  [91/883] SKIP (exists): 6. What makes for a Good Life
  [92/883] SKIP (exists): 7. Use of wealth for Happiness
  [93/883] SKIP (exists): 8. Virtues of a Good Spouse
  [94/883] SKIP (exists): The First Noble Truth - Dukkha Dukkha
  [95/883] SKIP (exists): The First Noble Truth - Conditioned States
  [96/883] SKIP (exists): The First Noble Truth - The Three Characteristics
  [97/883] SKIP (exists): The Second Noble Truth - The Cause of Suffering - 
  [98/883] SKIP (exists): The Second Noble Truth - The Wheel of Dependent Or
  [99/883] SKIP (exists): The Second Noble Truth - Kamma
  [100/883] SKIP (exists): The Fourth Noble Truth - Morality - Sila
  [101/883] SKIP (exists): The Fourth Noble Truth - Positive Morality - Param
  [102/883] SKIP (exists): The Fourth Noble Truth - Right Understanding
  [103/883] SKIP (exists): The Fourth Noble Truth - Mental Development - Sama
  [104/883] SKIP (exists): Moods, Emotions and Feelings
  [105/883] SKIP (exists): Guilt - Real and Unreal
  [106/883] SKIP (exists): The End of Guilt
  [107/883] SKIP (exists): Right Intention
  [108/883] SKIP (exists): The Divine Abodes
  [109/883] SKIP (exists): Faith or Belief
  [110/883] SKIP (exists): Wheel of Dependent Origination
  [111/883] SKIP (exists): Kamma
  [112/883] SKIP (exists): The Sangha
  [113/883] SKIP (exists): The Four Paths and the Four Fruits
  [114/883] SKIP (exists): The Noble Silence
  [115/883] SKIP (exists): Why Meditate
  [116/883] SKIP (exists): The Mahasi Method
  [117/883] SKIP (exists): Starting a Personal Retreat
  [118/883] SKIP (exists): Faith
  [119/883] SKIP (exists): Ritual in Spiritual Practice
  [120/883] SKIP (exists): Is Awareness Enough
  [121/883] SKIP (exists): Developing the Spiritual Faculties
  [122/883] SKIP (exists): Spiritual Faculties and Factors of Enlightenment
  [123/883] SKIP (exists): The Hindrances
  [124/883] SKIP (exists): The Buddha and the Hindrances
  [125/883] SKIP (exists): Dullness, Lethargy, Restlessness and Pain
  [126/883] SKIP (exists): Eroticism, Romance, Love, Distraction and Boredom
  [127/883] SKIP (exists): The Ten Fetters
  [128/883] SKIP (exists): Vedana Feeling
  [129/883] SKIP (exists): Fear
  [130/883] SKIP (exists): Foregiveness
  [131/883] SKIP (exists): The Illimitables
  [132/883] SKIP (exists): The Perfections Turned Inward
  [133/883] SKIP (no transcript): The Seven Factors of Awakening
  [134/883] SKIP (no transcript): Faith
  [135/883] SKIP (no transcript): Taking the Refuges
  [136/883] SKIP (no transcript): Equanimity
  [137/883] SKIP (exists): Survey of Theravada Buddhism
  [138/883] SKIP (exists): Impermanence and Not-self
  [139/883] SKIP (exists): Ethical Behaviour and the Awakening are one
  [140/883] SKIP (exists): Wheel of Dependent Origination
  [141/883] SKIP (exists): Free Will
  [142/883] SKIP (exists): Kamma
  [143/883] SKIP (exists): Rebirth
  [144/883] SKIP (exists): Premodern, Modern, Postmodernism And Buddhism
  [145/883] SKIP (exists): The Buddha as Exemplar and Archetype
  [146/883] SKIP (exists): Buddhist View of Christ's Teaching
  [147/883] SKIP (exists): Just War
  [148/883] SKIP (exists): The Gratification, the Danger and the Escape
  [149/883] SKIP (no transcript): Towards Contentment and Happiness
  [150/883] SKIP (no transcript): The Pursuit of Happiness
  [151/883] SKIP (exists): Bodhisatta Before Taking Human Birth
  [152/883] SKIP (exists): Bodhisatta's Birth to Renunciation
  [153/883] SKIP (exists): Bodhisatta's Training to the Awakening
  [154/883] SKIP (exists): The Awakening
  [155/883] SKIP (exists): The Years of Teaching and Parinibbana
  [156/883] SKIP (exists): Meditation and Daily Life
  [157/883] SKIP (exists): Meditation and the Weekly Group
  [158/883] SKIP (exists): The Eightfold Path and Daily Life
  [159/883] SKIP (exists): Right Livelihood
  [160/883] SKIP (exists): 1. Starting a Retreat
  [161/883] SKIP (exists): Starting a Retreat
  [162/883] SKIP (exists): A Detailed Guided Meditation
  [163/883] SKIP (exists): Investigative Eating Meditation - an explanation.
  [164/883] SKIP (exists): 2. The Mahasi Technique
  [165/883] SKIP (exists): Basics of Insight Meditation 02 2025Video
  [166/883] SKIP (exists): Basics of Insight Meditation 04 2026Video
  [167/883] SKIP (exists): 4. The Hindrances The Psychotherapy of Vipassana
  [168/883] SKIP (exists): 5. Right Awareness Intro.to Vipassana
  [169/883] SKIP (exists): 6. The Seven Factors of Awakening
  [170/883] SKIP (exists): 7. The Ethical Psychology of the Buddha (Dependent
  [171/883] SKIP (exists): 8. The Law of Kamma
  [172/883] SKIP (exists): 8. Living Life according to the Dhamma
  [173/883] SKIP (exists): Guided Metta
  [174/883] SKIP (exists): Guided Bodycare
  [175/883] SKIP (exists): Developing the Factors of Enlightenment
  [176/883] SKIP (exists): Exploring Dukkha
  [177/883] SKIP (exists): Question & Answer Session
  [178/883] SKIP (exists): Revising the Principles of Meditation
  [179/883] SKIP (exists): The Hindrances
  [180/883] SKIP (exists): Practice into Daily Life (Xmas 2006)
  [181/883] SKIP (exists): New Year Reflections
  [182/883] SKIP (exists): Q&A Resistance Rebirth and Moral Justice What suff
  [183/883] SKIP (exists): 01 The Body - The Buddha's World View and the role
  [184/883] SKIP (exists): 02 The Body - Kayagasati Sutta MN131.To play the m
  [185/883] SKIP (exists): Feeling (vedana).To play the media you will need t
  [186/883] SKIP (exists): Dependent Origination leading to awakening in ordi
  [187/883] SKIP (exists): .To play the media you will need to either update 
  [188/883] SKIP (exists): .To play the media you will need to either update 
  [189/883] SKIP (exists): Ethics, Not-self and Liberation.To play the media 
  [190/883] SKIP (exists): Roads to Power.To play the media you will need to 
  [191/883] SKIP (exists): New Year address on the qualities needed to succee
  [192/883] SKIP (exists): The First Discourse on Turning the Wheel of the Dh
  [193/883] SKIP (exists): Scientism : Romanticism : Psychotherapy - and Budd
  [194/883] SKIP (exists): Kamma, Rebirth and Transcendence : A top down view
  [195/883] SKIP (exists): The Discourse to the Kalama : Discernment, the Eth
  [196/883] SKIP (exists): Buddha Day Address: What was the mindset of the Bo
  [197/883] SKIP (exists): Spiritual progress - stop trying!.To play the medi
  [198/883] SKIP (no transcript): What is vedana and where does it fit in?.To play t
  [199/883] SKIP (exists): The Need for Sangha. community and Q's about Ordin
  [200/883] SKIP (exists): Mae Chee Kaew and Resolutions..To play the media y
  [201/883] SKIP (exists): The Three Characteristics..To play the media you w
  [202/883] SKIP (exists): Buddha Day Address May 2015..To play the media you
  [203/883] SKIP (exists): Deconstruction..To play the media you will need to
  [204/883] SKIP (exists): Love and All That..To play the media you will need
  [205/883] SKIP (exists): Ethics Not-self and Liberation.To play the media y
  [206/883] SKIP (exists): Contol and loss of Power..To play the media you wi
  [207/883] SKIP (exists): Q&A Detachment Engagement Motivation Devotion..To 
  [208/883] SKIP (exists): Basics for Meditation..To play the media you will 
  [209/883] SKIP (exists): Kamma Revisited..To play the media you will need t
  [210/883] SKIP (exists): Daily Life Reinforced..To play the media you will 
  [211/883] SKIP (exists): Refinement,Sublimation and the Eightfold Path..To 
  [212/883] SKIP (exists): No Inherent Being..To play the media you will need
  [213/883] SKIP (exists): Kamma and Free Will..To play the media you will ne
  [214/883] SKIP (exists): Comments on a Statement by Mae Chee Kaew..To play 
  [215/883] SKIP (exists): Reiki 10 06 2015..To play the media you will need 
  [216/883] SKIP (exists): Intro Talk to Bodycare.To play the media you will 
  [217/883] SKIP (exists): Dependent Origination and the Quality of Right Awa
  [218/883] SKIP (exists): Talk at the Re-opening of the Golden Buddha Centre
  [219/883] SKIP (exists): The Prognosis is Very Good..To play the media you 
  [220/883] SKIP (exists): Importance of Resolution plus.To play the media yo
  [221/883] SKIP (exists): Christmas Talk re the Path.To play the media you w
  [222/883] SKIP (exists): Right Relationship.To play the media you will need
  [223/883] SKIP (exists): How to critique the Dhamma and Buddha.To play the 
  [224/883] SKIP (exists): An Attempt to Understand the teaching of Not-Self.
  [225/883] SKIP (exists): Talk to the European Teachers Meeting How I came t
  [226/883] SKIP (exists): Happiness.To play the media you will need to eithe
  [227/883] SKIP (exists): The Body and the Discourse on How to Establish Rig
  [228/883] SKIP (exists): Q.&A session: Family Distractions : Selfish to Med
  [229/883] SKIP (exists): Mindfulness : Time.To play the media you will need
  [230/883] SKIP (exists): Monks : Daily Life : Not-Self.To play the media yo
  [231/883] SKIP (exists): Retreats : Attachment : Children and Suffering.To 
  [232/883] SKIP (exists): New Year Revision of Buddhadhamma Theory and Pract
  [233/883] SKIP (exists): Hope to Inspire.To play the media you will need to
  [234/883] SKIP (exists): Talk at Opening of centre in Ghent.To play the med
  [235/883] SKIP (exists): The Problem of Identity..To play the media you wil
  [236/883] SKIP (exists): The body as Meditative Object..To play the media y
  [237/883] SKIP (exists): 1. Starting a Retreat.To play the media you will n
  [238/883] SKIP (exists): The Principles and Problems of Vipassana.To play t
  [239/883] SKIP (exists): Not-Self Indulgence and all.To play the media you 
  [240/883] SKIP (exists): Impulsive or Spontaneous.To play the media you wil
  [241/883] SKIP (exists): The Body and the Three Characteristics.To play the
  [242/883] SKIP (exists): Why noting without stop.To play the media you will
  [243/883] SKIP (exists): Why we need a technique.To play the media you will
  [244/883] SKIP (exists): Subliminal Inclinations, Defilements and Hindrance
  [245/883] SKIP (exists): Questions and Answers A Dolly Mixture.To play the 
  [246/883] SKIP (exists): Importance of Metta 24 min.To play the media you w
  [247/883] SKIP (exists): The Kamma of Liberation.To play the media you will
  [248/883] SKIP (exists): The Karma Concerning Liberation.To play the media 
  [249/883] SKIP (exists): Dignity and the Qualities of a Ruler.To play the m
  [250/883] SKIP (exists): Practice in Ordinary Daily Life.To play the media 
  [251/883] SKIP (exists): Samatha-Vipassana.To play the media you will need 
  [252/883] SKIP (exists): Vipassana and or Therapy.To play the media you wil
  [253/883] SKIP (exists): Buddha Day Address with Refuges and Precepts.To pl
  [254/883] SKIP (exists): Daily Rythms; Fetters, Hindrances and Inclinations
  [255/883] SKIP (exists): Metta, Applied and Sustained Thought, Buddhamind.T
  [256/883] SKIP (exists): Equanimity - Foundation of all Virtue.To play the 
  [257/883] SKIP (exists): The Mahasi Method.To play the media you will need 
  [258/883] SKIP (exists): The Sufferings of the Pleasure Syndrome.To play th
  [259/883] SKIP (exists): There is no separation between vipassana and ordin
  [260/883] SKIP (exists): Q & A Rebirth Identification Emotions etc..To play
  [261/883] SKIP (exists): Why didn't the Buddha return to lay life.To play t
  [262/883] SKIP (exists): Revising the principles of vipassana.To play the m
  [263/883] SKIP (exists): Dukkha Unsatisfactoriness et al.To play the media 
  [264/883] SKIP (exists): Encouragement October 09.To play the media you wil
  [265/883] SKIP (exists): The practice and the pitfalls of metta, goodwill p
  [266/883] SKIP (exists): How Vipassana relates to Daily Life.To play the me
  [267/883] SKIP (exists): Samatha and - or Vipassana.To play the media you w
  [268/883] SKIP (exists): Metta: Developing Goodwill.To play the media you w
  [269/883] SKIP (exists): Karma, Dependent Origination, Virtue and Liberatio
  [270/883] SKIP (exists): Enthusiam and other questions.To play the media yo
  [271/883] SKIP (exists): Faith and the Spiritual Life.To play the media you
  [272/883] SKIP (exists): Revising the principles of vipassana.To play the m
  [273/883] SKIP (exists): The Buddha's Quest - A Public Talk.To play the med
  [274/883] SKIP (exists): The problem lies in the looking.To play the media 
  [275/883] SKIP (exists): There is no reason for being!.To play the media yo
  [276/883] SKIP (exists): Towards a whole life practice.To play the media yo
  [277/883] SKIP (exists): https://www.satipanya.org.uk/wp-content/uploads/20
  [278/883] SKIP (exists): https://www.satipanya.org.uk/wp-content/uploads/20
  [279/883] SKIP (exists): https://www.satipanya.org.uk/wp-content/uploads/20
  [280/883] SKIP (exists): https://www.satipanya.org.uk/wp-content/uploads/20
  [281/883] SKIP (exists): https://www.satipanya.org.uk/wp-content/uploads/20
  [282/883] SKIP (exists): https://www.satipanya.org.uk/wp-content/uploads/20
  [283/883] SKIP (exists): https://www.satipanya.org.uk/wp-content/uploads/20
  [284/883] SKIP (exists): https://www.satipanya.org.uk/wp-content/uploads/20
  [285/883] SKIP (exists): https://www.satipanya.org.uk/wp-content/uploads/20
  [286/883] SKIP (exists): https://www.satipanya.org.uk/wp-content/uploads/20
  [287/883] SKIP (exists): https://www.satipanya.org.uk/wp-content/uploads/20
  [288/883] SKIP (exists): https://www.satipanya.org.uk/wp-content/uploads/20
  [289/883] SKIP (exists): https://www.satipanya.org.uk/wp-content/uploads/20
  [290/883] SKIP (exists): https://www.satipanya.org.uk/wp-content/uploads/20
  [291/883] SKIP (exists): https://www.satipanya.org.uk/wp-content/uploads/20
  [292/883] SKIP (exists): https://www.satipanya.org.uk/wp-content/uploads/20
  [293/883] SKIP (exists): https://www.satipanya.org.uk/wp-content/uploads/20
  [294/883] SKIP (exists): https://www.satipanya.org.uk/wp-content/uploads/20
  [295/883] SKIP (exists): https://www.satipanya.org.uk/wp-content/uploads/20
  [296/883] SKIP (exists): https://www.satipanya.org.uk/wp-content/uploads/20
  [297/883] SKIP (exists): https://www.satipanya.org.uk/wp-content/uploads/20
  [298/883] SKIP (exists): https://www.satipanya.org.uk/wp-content/uploads/20
  [299/883] SKIP (exists): Refuges and Precepts with Metta
  [300/883] SKIP (exists): Video
  [301/883] SKIP (exists): Video
  [302/883] SKIP (exists): Video
  [303/883] SKIP (exists): Video
  [304/883] SKIP (exists): Video
  [305/883] SKIP (exists): Video
  [306/883] SKIP (exists): Video
  [307/883] SKIP (exists): Video
  [308/883] SKIP (exists): 2022 Dec 11 To Love or To Be Loved. That is the qu
  [309/883] SKIP (exists): Love and Relationship.
  [310/883] SKIP (exists): Forgiveness is fundamental to purify the heart. Re
  [311/883] SKIP (exists): The introduction
  [312/883] SKIP (exists): Karaniya Metta Sutta
  [313/883] SKIP (exists): Video
  [314/883] SKIP (exists): We often hear about suffering and the end of suffe
  [315/883] SKIP (exists): 2024 Jan. 21 The importance of Tranquillity Passad
  [316/883] SKIP (exists): Patient Forebearance
  [317/883] SKIP (exists): Equanimity
  [318/883] SKIP (exists): Sympathy, Empathy and Compassion
  [319/883] SKIP (exists): 2023 June 11 Fear and Courage.
  [320/883] SKIP (exists): Apologies! I tried to cover too much ground. Howev
  [321/883] SKIP (exists): 2023 Oct 01 'Good Friendship, Companionship, Good 
  [322/883] SKIP (exists): 2021 Gratitude, Generosity and Renunciation
  [323/883] SKIP (exists): 2022 Jul 17 Need, Sufficiency and Greed -
  [324/883] SKIP (exists): 2025 Apr 06 Renunciation.
  [325/883] SKIP (exists): Video
  [326/883] SKIP (exists): Video
  [327/883] SKIP (exists): The Buddha and War
  [328/883] SKIP (exists): 2025 May 04 The Buddha as a Teacher.
  [329/883] SKIP (exists): 2025 June 08 What was the Buddha's great disovery?
  [330/883] SKIP (exists): Video
  [331/883] SKIP (exists): Video
  [332/883] SKIP (exists): 2024 April.24 Contemplating the Unpleasantness of 
  [333/883] SKIP (exists): 2024 June 23 The Unattractive Nature of the Body
  [334/883] SKIP (exists): I own my actions. I inherit the results of my acti
  [335/883] SKIP (exists): Karma and Rebirth
  [336/883] SKIP (exists): 2023 Nov 26 The Five Regular Contemplations.
  [337/883] SKIP (exists): 2022 Nov 06 The Contemplation of Death.
  [338/883] SKIP (exists): The Eight Worldly Winds
  [339/883] SKIP (exists): The Paradox of Fear
  [340/883] SKIP (exists): 2025 Jan 12 Dukkha - the Buddha grounds his teachi
  [341/883] SKIP (exists): 2024 Feb. 25 The crucial role of Desire and Intent
  [342/883] SKIP (exists): 2024 July 14 The Four Great Elements
  [343/883] SKIP (exists): 2024 August 18 The Specific Law of Conditionality
  [344/883] SKIP (exists): 2024 September 15 The Dangers of Indulgence
  [345/883] SKIP (exists): 2023 Jan. 08 The Four Bases of Power :
  [346/883] SKIP (exists): Video
  [347/883] SKIP (exists): 2023 Oct 29 The Spiral Path
  [348/883] SKIP (exists): 2021 Four Noble Truths
  [349/883] SKIP (exists): Dukkha (Unsatisfactoriness and Sila (Morality and 
  [350/883] SKIP (exists): Dependent Origination, the Role of desire and the 
  [351/883] SKIP (exists): 2022 Oct 09 Identity and Not-Self.
  [352/883] SKIP (exists): Video
  [353/883] SKIP (exists): Right Livelihood
  [354/883] SKIP (exists): 2022 Sep 11 Rest for Autumn.
  [355/883] SKIP (exists): Bahiya of the Bark Cloth
  [356/883] SKIP (exists): 2023 March 05
  [357/883] SKIP (exists): ,
  [358/883] SKIP (exists): 2022 Aug 14 Climate Emergency and the Role of the 
  [359/883] SKIP (exists): Non-Violence v. Pacifism
  [360/883] SKIP (exists): 2022 Apr 17 Noliberalism and Mindfulness
  [361/883] SKIP (exists): 2022 Jun 19 Social Conditionng or Karma - Our soci
  [362/883] SKIP (exists): Buddha Day Address : His Training : The Fetters
  [363/883] SKIP (exists): ood Friendhship, Good Companionship, Good Comrades
  [364/883] SKIP (exists): Dependent Origination Revisited
  [365/883] SKIP (exists): Karma- Specific, Conditionality the Five Laws, eth
  [366/883] SKIP (exists): No more ideologies!
  [367/883] SKIP (exists): The Mahasi Technique and What We Need to Understan
  [368/883] SKIP (exists): Dependent Orignation and how all other importnant 
  [369/883] SKIP (exists): The Axial Age and the Momentous Discovery of the B
  [370/883] SKIP (exists): Dependent Orgination is based on Not-Knowing and I
  [371/883] SKIP (exists): Khanda, the Agregates, as Person and Sati, Awarene
  [372/883] SKIP (exists): Misunderstanding re. the Self, Karma and transcend
  [373/883] SKIP (exists): Q&A Kamma / FreeWill , Metta/attachment, Momentary
  [374/883] SKIP (exists): Q&A Emotions: Awareness/Delusion:Insight : Masculi
  [375/883] SKIP (exists): Angulimala A Monologue 00.54.49 21.9 MB
  [376/883] SKIP (exists): Talk read by Therese Caherty
  [377/883] SKIP (exists): Vipassana Instructions
  [378/883] SKIP (exists): The First Noble truth - Impermanence and Unsatisfa
  [379/883] SKIP (exists): The First noble truth - Not-Self and Unsatisfactor
  [380/883] SKIP (exists): The Second Noble Truth - The Cause of Unsatisfacto
  [381/883] SKIP (exists): The Third Noble Truth - The End of Unsatisfactorin
  [382/883] SKIP (exists): The Fourth Noble Truth - The Path Leading to the E
  [383/883] SKIP (exists): Introduction to the Mahasi Meditation Practice - r
  [384/883] SKIP (exists): Hindrances and Factors of Enlightenment - read by 
  [385/883] SKIP (exists): 1st, 2nd & 3rd Noble Truths: Dukkha, its Cause & C
  [386/883] SKIP (exists): 4th Noble Truth: Eightfold Path in Daily Life - re
  [387/883] SKIP (exists): The Hindrances - read by Finola O'Siochru
  [388/883] SKIP (exists): The Factors of Enlightenment - read by Finola O'Si
  [389/883] SKIP (exists): First Noble Truth: There is Dukkha - read by Finol
  [390/883] SKIP (exists): Second and Third Nobe Truths: Cause and Cessation 
  [391/883] SKIP (exists): Fourth Noble Truth: The Path to the End of Dukkha 
  [392/883] SKIP (exists): Foundations for Mindfulness (Satipatthana Sutta) -
  [393/883] SKIP (exists): Attachment: The Five Khanda - read by Finola O'Sio
  [394/883] SKIP (exists): Divine Abiding: a. Equanimity - read by Biddy O'Co
  [395/883] SKIP (exists): Divine Abiding: b. Goodwill, Metta - read by Biddy
  [396/883] SKIP (exists): Divine Abiding, c. Compassion - read by Biddy O'Co
  [397/883] SKIP (exists): Divine Abiding, d. Appreciative Joy, Mudita - read
  [398/883] SKIP (exists): Sense Contact - The Six Sense Spheres - read by Fi
  [399/883] SKIP (exists): Spiritual Faculties - read by Finola O'Siochru
  [400/883] SKIP (exists): Mindfulness of Breathing - read by Finola O'Siochr
  [401/883] SKIP (exists): Destruction of Craving a. Tracing back to the orig
  [402/883] SKIP (exists): Destruction of Craving b. Examining each link in t
  [403/883] SKIP (exists): Two Kinds of Thought - read by Finola O'Siochru
  [404/883] SKIP (exists): Removal of Distracting Thoughts - read by Finola O
  [405/883] SKIP (exists): In the Seeing, only the seeing ... (Bahiya Sutta) 
  [406/883] SKIP (exists): Greed, Hatred and Delusion as Foundations for Mind
  [407/883] SKIP (exists): Exalted, Unexalted and other Mindstates as Foundat
  [408/883] SKIP (exists): Building a Raft to Cross the Floods of Sensuality 
  [409/883] SKIP (exists): Building a Raft to Cross the Floods of Becoming an
  [410/883] SKIP (exists): Beset by Perceptions (Honeyball Sutta)
  [411/883] SKIP (exists): The Buddha's Death (Parinibbana Sutta)
  [412/883] SKIP (exists): Méditation Guidée: Debout et Assise
  [413/883] SKIP (exists): Meditation Guidee Detaillee
  [414/883] SKIP (exists): Méditation Guidée Debout et Assise
  [415/883] SKIP (exists): Trois compréhensions nécessaires
  [416/883] SKIP (exists): Méditation Debout
  [417/883] SKIP (exists): Méditation Assise
  [418/883] SKIP (exists): La conscience juste, les obstacles comme chemin ve
  [419/883] SKIP (exists): How we use the self and what does it mean for not-
  [420/883] SKIP (exists): The Hindrances
  [421/883] SKIP (exists): Non-soi
  [422/883] SKIP (exists): La Libre Volunté
  [423/883] SKIP (exists): Le Dhamma dans la vie quotidienne ordinaire.
  [424/883] SKIP (exists): Scientisme Romatisme Bouddhisme
  [425/883] SKIP (no transcript): Is the Buddha a materialist?
  [426/883] SKIP (no transcript): z0000002
  [427/883] SKIP (exists): Une tentative de comprendre le non-soi.
  [428/883] SKIP (exists): Retour à l'essentiel.
  [429/883] SKIP (exists): Bonheur
  [430/883] SKIP (exists): L'Esprit Concevoir et les Empêches
  [431/883] SKIP (no transcript): Dependent Origination et Kamma
  [432/883] SKIP (exists): Metta Bhavana Bienveillance (15 min)(Lausanne Oct 
  [433/883] SKIP (exists): Nous causons de la souffrance pour nous meme.(Laus
  [434/883] SKIP (exists): Le Kamma de la Liberation(Lausanne Oct 2010)
  [435/883] SKIP (exists): Les Bases de Vipassana.
  [436/883] SKIP (exists): Progres et d'autres sujets.
  [437/883] SKIP (exists): Questions and des Questions Plus.
  [438/883] SKIP (exists): Dependant Origination (Belgium Jan 2006)
  [439/883] SKIP (exists): The Purpose of Meditation (Belgium Jan 2006)
  [440/883] SKIP (exists): Why the Present Moment is So Important (Geneva May
  [441/883] SKIP (exists): Q&A Concerning States of Mind - Sankhara (Geneva M
  [442/883] SKIP (exists): Concerning Buddhist Psychology (Geneva May 2006)
  [443/883] SKIP (exists): Concerning Metta and Other Questions (Geneva May 2
  [444/883] SKIP (exists): Le Methode de Mahasi Vipassana (Lausanne Oct 2009)
  [445/883] SKIP (exists): Les Empeches de Vipassana (Lausanne Oct 2009)
  [446/883] SKIP (exists): Les Facteurs de Liberation (Lausanne Oct 2009)
  [447/883] SKIP (exists): Psychologie de Buddha (Lausanne Oct 2009)
  [448/883] SKIP (exists): Entering the Course
  [449/883] SKIP (exists): The Mahasi Method
  [450/883] SKIP (exists): The Joyful Aspects of Meditation
  [451/883] SKIP (exists): The Wheel of Dependent Origination
  [452/883] SKIP (exists): The Perfections
  [453/883] SKIP (exists): Karma
  [454/883] SKIP (exists): Evening Metta Chant and Instructions
  [455/883] SKIP (exists): Morning Chant
  [456/883] SKIP (exists): Meditazione in Piedi e Seduta
  [457/883] SKIP (exists): Meditazione guidata dettagliata :sometimes use 'sa
  [458/883] SKIP (exists): Mahasi Instructions and Metta Chant
  [459/883] SKIP (exists): The Hindrances
  [460/883] SKIP (exists): Factors of Enlightenment
  [461/883] SKIP (exists): Dependent Origination
  [462/883] SKIP (exists): Kamma
  [463/883] SKIP (exists): Metta Guidata
  [464/883] SKIP (exists): c. corpo med guidata
  [465/883] SKIP (exists): Intro. Guarig. corpo med guidata
  [466/883] SKIP (exists): Basics for Insight Meditation 01
  [467/883] SKIP (exists): 70th Birthday Bhante Bodhidhamma's Life story
  [468/883] SKIP (exists): Talk Starting Inaugural Lockdown Evening Meditatio
  [469/883] SKIP (exists): 02 First Three Noble Truths
  [470/883] SKIP (exists): 01 MN9 Discourse on Right View  Wholesome and Unwh
  [471/883] SKIP (exists): Evening Lockdown Meditation
  [472/883] SKIP (exists): 03 Coronavirus and the Contemplation of Death
  [473/883] SKIP (exists): 04 Contemplation of Death : Living more awake
  [474/883] SKIP (exists): 05 Contemplation of Death again!
  [475/883] SKIP (exists): 06 Renunciation and Buddha's First Occasion to Tea
  [476/883] SKIP (exists): 07 Setting the Wheel of the Dhamma in Motion
  [477/883] SKIP (exists): 08 Mindfulness at work And Right View Right Attitu
  [478/883] SKIP (exists): 09 Right Speech, Action and Livelihood
  [479/883] SKIP (exists): 10 Grief
  [480/883] SKIP (exists): 11 The Nutriments: Food, Contact, Volition and Con
  [481/883] SKIP (exists): 12 The Investigation of Eating
  [482/883] SKIP (exists): 13 Discourse on the Taints MN 2 : Overcome by seei
  [483/883] SKIP (exists): 14 Not-self Revisited The story of Sati MN38
  [484/883] SKIP (exists): 16. Investigating Not-self - The Pratice
  [485/883] SKIP (exists): 17 Questions  See Description
  [486/883] SKIP (exists): 18 Overcoming the Taints by Restraint
  [487/883] SKIP (exists): 19 Overcoming the Taints by Using
  [488/883] SKIP (exists): 20 Overcoming the Taints by Endurance
  [489/883] SKIP (exists): 21a Overcoming the Taints by Removing 1
  [490/883] SKIP (exists): 21b Overcoming the Taints by Removing 2
  [491/883] SKIP (exists): 22 Overcoming the Taints by Developing
  [492/883] SKIP (exists): 23 The Ten Fetters
  [493/883] SKIP (exists): 24 Society
  [494/883] SKIP (exists): 25 Reflections for an Harmonious Society
  [495/883] SKIP (exists): 26 More Reflections
  [496/883] SKIP (exists): 27 What makes a Society Strong?
  [497/883] SKIP (exists): 28 The Six Sense Bases MN137
  [498/883] SKIP (exists): 29 Senses Bases Cont.
  [499/883] SKIP (exists): Metta, Forgiveness and Determination Practice
  [500/883] SKIP (exists): 01 Reiki with Bryan Lester
  [501/883] SKIP (exists): Some Pointers for Metta
  [502/883] SKIP (exists): Bodycare Practice - Metta towards the Body.
  [503/883] SKIP (exists): 02 Reiki with Bryan
  [504/883] SKIP (exists): Body as Meditation Object
  [505/883] SKIP (exists): The Basics of Insight Meditation 03
  [506/883] SKIP (exists): 03 Reiki with Bryan
  [507/883] SKIP (exists): 33 Kalama Sutta AN 3.65
  [508/883] SKIP (exists): 35 Canki Sutta MN95
  [509/883] SKIP (exists): 34 Kalama Discourse cont.
  [510/883] SKIP (exists): 36 Canki Sutta cont.
  [511/883] SKIP (exists): 37 Shorter Discourse on Gosinga
  [512/883] SKIP (exists): Gaia Standing and Sitting Guided Meditation
  [513/883] SKIP (exists): 38 Discourse on the Establishment of Awareness Sat
  [514/883] SKIP (exists): 31b The Body
  [515/883] SKIP (exists): 39 Discourse on the Establishment of Awareness Sat
  [516/883] SKIP (exists): 40 Discourse on the Establishment of Awareness Sat
  [517/883] SKIP (exists): 41 Discourse on the Establishment of Awareness Sat
  [518/883] SKIP (exists): 42 Discourse on the Establishment of Awareness Sat
  [519/883] SKIP (exists): 43 Discourse on the Establishment of Awareness Sat
  [520/883] SKIP (exists): 44 The Relay of Chariots MN24
  [521/883] SKIP (exists): 45 The Relay of Chariots MN24
  [522/883] SKIP (exists): 50 Dog Ascetic Discourse MN57
  [523/883] SKIP (exists): Gratitude Generosity Renunciation
  [524/883] SKIP (exists): Spanish Introduction - Refuges and Precepts, Stand
  [525/883] SKIP (exists): Saddha Confidence and Trust
  [526/883] SKIP (exists): Dhp 188 - 192 The Role of Confidence.
  [527/883] SKIP (exists): Dhp 153   154 The Buddha's Victory Verses
  [528/883] SKIP (exists): Dhp 4 Hatred is not overcome with hatred!
  [529/883] SKIP (exists): Dhp 21 - 23
  [530/883] SKIP (exists): Dhp Chapter 3 - verses 33 & 34 The Unruly Mind
  [531/883] SKIP (exists): Dhp 01 02  Mind is the forerunner
  [532/883] SKIP (exists): Dhp No4 Hatred is not pacified by hatred
  [533/883] SKIP (exists): Dhp 256 157  Judgmental v Judicious
  [534/883] SKIP (exists): Dhp 46 How to view the Body
  [535/883] SKIP (exists): The Four Noble Truths
  [536/883] SKIP (exists): The NIne Qualities of the Buddha
  [537/883] SKIP (exists): Dhp 360 362 Restraint
  [538/883] SKIP (exists): Dhp 90 The Arahant
  [539/883] SKIP (exists): Vita Quotidiana
  [540/883] SKIP (exists): Dukkha Unsatifactoriness and Sila Morality and Eth
  [541/883] SKIP (exists): Dependent Origination and the Role of Desire and t
  [542/883] SKIP (exists): Kamma and Rebirth
  [543/883] SKIP (exists): Gratitude Generosity and Renunciation
  [544/883] SKIP (exists): Facets of a Love
  [545/883] SKIP (exists): Apamado DHP 22 23 24
  [546/883] SKIP (exists): Ageing
  [547/883] SKIP (exists): Dhp 152 153 The Inner Critic
  [548/883] SKIP (exists): Sympathy Empathy and Compassion
  [549/883] SKIP (exists): DHP 314-317 From the Chapter on Hell
  [550/883] SKIP (exists): Non-Violence is not Pacificism
  [551/883] SKIP (exists): Neoliberalism and Mindfulness
  [552/883] SKIP (exists): The Buddha and War.
  [553/883] SKIP (exists): Need Sufficiency and Greed
  [554/883] SKIP (exists): Social Conditioning or Karma
  [555/883] SKIP (exists): Climate Emergency
  [556/883] SKIP (exists): Reset for Autumn
  [557/883] SKIP (exists): Identity and Not-Self
  [558/883] SKIP (exists): The Contemplation of Death
  [559/883] SKIP (exists): To Love or To Be Loved. That is the question.
  [560/883] SKIP (exists): The Bases of Success
  [561/883] SKIP (exists): Bahiya of the Bark Cloth
  [562/883] SKIP (exists): The Discourse on Bahiya of the Bark Cloth Ud.1.10
  [563/883] SKIP (exists): Joy
  [564/883] SKIP (exists): Is the Buddha and athiest?
  [565/883] SKIP (exists): Fear and Courage
  [566/883] SKIP (exists): Patience
  [567/883] SKIP (exists): Equanimity - The most important of all virtues.
  [568/883] SKIP (exists): Compassion and its subtle enemies.
  [569/883] SKIP (exists): Good Friendship, Good Companionship, Good Comradsh
  [570/883] SKIP (exists): The Five Constant Contemplations
  [571/883] SKIP (exists): Retreat Start Standing and Walking Meditation
  [572/883] SKIP (exists): The Discourse Developing Loving Kindness
  [573/883] SKIP (exists): The Importance of Tranquillity
  [574/883] SKIP (exists): The Crucial Importance of Desire and Intention.
  [575/883] SKIP (exists): Satipanya Opening Ceremony 30th June 2007
  [576/883] SKIP (exists): Ceremony to Bless the Stupa   June 26th 2011   Pt 
  [577/883] SKIP (exists): Ceremony to Bless the Stupa   June 26th 2011   Pt 
  [578/883] SKIP (exists): Ceremony to Bless the Stupa   June 26th 2011   Pt 
  [579/883] SKIP (exists): 15. The Discourse on Not-self SN22.6.59
  [580/883] SKIP (exists): Upali is converted by the Buddha MN56
  [581/883] SKIP (exists): Contemplating the Unpleasantness of the Body: Why 
  [582/883] SKIP (exists): The Buddha's Alter Ego
  [583/883] SKIP (exists): The Unattractive Nature of the Body
  [584/883] SKIP (exists): The Four Great Elements
  [585/883] SKIP (exists): The Specific Law of Conditionality
  [586/883] SKIP (exists): The Dangers of Indulgence
  [587/883] SKIP (exists): Reflections and Contemplative Practice of Kamma
  [588/883] SKIP (exists): Forgiveness
  [589/883] SKIP (exists): The Basics of Insight Meditation 02
  [590/883] SKIP (exists): Dukkha - Basic Premise of the Buddhadhamma
  [591/883] SKIP (exists): Non-Violence is not Pacifism
  [592/883] SKIP (exists): The Eight Worldly Conditions
  [593/883] SKIP (exists): The Paradox of Fear
  [594/883] SKIP (exists): Renunciation : The Path to Liberation
  [595/883] SKIP (exists): The Buddha as a Teacher The Discourse on Malunkyap
  [596/883] SKIP (exists): What was the Great Discovery by the Buddha
  [597/883] SKIP (exists): Where do the elements cease without remainder?
  [598/883] SKIP (exists): Extinguishing the Housebuilder
  [599/883] SKIP (exists): Hope Aspiration Expectation
  [600/883] SKIP (exists): Topics of Discussion
  [601/883] SKIP (exists): Practising the Five Remembrances
  [602/883] SKIP (exists): Revsing the Basics
  [603/883] SKIP (exists): The Necessity of Joy
  [604/883] SKIP (exists): Polarisation
  [605/883] SKIP (exists): Dullness and Lethargy
  [606/883] SKIP (exists): Adhitthana Determination
  [607/883] SKIP (exists): The Four Clingings
  [608/883] SKIP (exists): The Buddha's Use of Similes
  [609/883] SKIP (exists): Restraint
  [610/883] SKIP (exists): Refuges  and Precepts
  [611/883] SKIP (exists): Puja: Chantings
  [612/883] SKIP (exists): Recommended Reading for Beginners
  [613/883] SKIP (exists): in PDF format
  [614/883] SKIP (no transcript): in MS Word format
  [615/883] SKIP (exists): Neoliberalism and BuddhaDhamma
  [616/883] SKIP (exists): Investigative Eating
  [617/883] SKIP (exists): Reflections on the Teaching and Practice of Not-se
  [618/883] SKIP (exists): Vipassana as taught by the Mahasi Sayadaw of Burma
  [619/883] SKIP (exists): Is Armed Intervention Ever Justified?
  [620/883] SKIP (exists): Free will: is it available or useful?
  [621/883] SKIP (exists): Could I be a fundamentalist, even a terrorist?
  [622/883] SKIP (exists): Perfection, Elitism and Excellence
  [623/883] SKIP (exists): What benefit is there in becoming a temporary mona
  [624/883] SKIP (exists): The ‘Unlucky’ Death of a Two Year Old Boy
  [625/883] SKIP (exists): Expectation, Aspiration and Hope
  [626/883] SKIP (exists): Assisted Suicide (PDF document)
  [627/883] SKIP (exists): Vipassana, Therapy and Medicinal Drugs (PDF docume
  [628/883] SKIP (exists): Conditionality and Kamma(PDF document)
  [629/883] SKIP (exists): Affectionate Awareness.
  [630/883] SKIP (exists): Climate Crisis A Personal Reflection
  [631/883] SKIP (exists): The First Noble Truth of Suffering -- Dukkha
  [632/883] SKIP (exists): The First Noble Truth of Suffering -- The Five Agg
  [633/883] SKIP (exists): The First Noble Truth of Suffering -- The Three Ch
  [634/883] SKIP (exists): The Second Noble Truth -- Desire
  [635/883] SKIP (exists): The Second Noble Truth -- The Wheel of Dependent O
  [636/883] SKIP (exists): The Second Noble Truth -- Kamma Vipaka
  [637/883] SKIP (exists): The Fourth Noble Truth -- Morality
  [638/883] SKIP (exists): The Fourth Noble Truth -- Perfections
  [639/883] SKIP (exists): The Fourth Noble Truth -- Right Understanding
  [640/883] SKIP (exists): The Fourth Noble Truth -- Mental Development
  [641/883] SKIP (exists): Meditation in Ordinary Daily Life
  [642/883] SKIP (exists): Meditation in Ordinary Daily Life
  [643/883] SKIP (exists): Buddha Day Evening with Italy
  [644/883] SKIP (exists): Text,
  [645/883] SKIP (exists): Satipanya Porridge
  [646/883] SKIP (exists): The "Ouch" that hurt.
  [647/883] SKIP (exists): Coming down to earth
  [648/883] SKIP (exists): Extending the limits of good-will
  [649/883] SKIP (exists): Metta for a Cold Heart
  [650/883] SKIP (exists): The Fourth Noble Truth
  [651/883] SKIP (exists): Struggling with Anatta
  [652/883] SKIP (exists): Temporary Ordination
  [653/883] SKIP (exists): Retreating and Re-engaging
  [654/883] SKIP (exists): Homeward Bound
  [655/883] SKIP (exists): All in the Mind
  [656/883] SKIP (exists): Summer meadows
  [657/883] SKIP (exists): As Winter Approaches
  [658/883] SKIP (exists): 2020 Lockdown Christmas
  [659/883] SKIP (exists): Exiting Lockdown
  [660/883] SKIP (exists): Mindfulness meets metta
  [661/883] SKIP (exists): Everyday Mindfulness
  [662/883] SKIP (exists): Healing the Mind-Body Relationship
  [663/883] SKIP (exists): Nibanna is Close at Hand!
  [664/883] SKIP (exists): Greeting the Devadutta
  [665/883] SKIP (exists): Laryngectomy
  [666/883] SKIP (exists): Stumbling towards Gratitude
  [667/883] SKIP (exists): Mid-winter Darkness
  [668/883] SKIP (exists): Teaching with an Electro-larynx: The Oval Age-Old 
  [669/883] SKIP (exists): a paper describing six ethical maxims
  [670/883] SKIP (exists): Full Catastrophe Ethics
  [671/883] SKIP (exists): First Maxim: Work Hard to Grasp the Imensity
  [672/883] SKIP (exists): Second Maxim: Cultivate Radical Hope
  [673/883] SKIP (exists): Third Maxim: Draw a line in the Sand - b. Working 
  [674/883] SKIP (exists): Fourth Maxim: Appreciate the Amazing and Unique Up
  [675/883] SKIP (exists): Fifth Maxim: Train the Mind and Body
  [676/883] SKIP (exists): At the end of the day (1)
  [677/883] SKIP (exists): At the end of the day. (2)
  [678/883] SKIP (exists): At the end of the day.
  [679/883] SKIP (exists): Upon Awakening.
  [680/883] SKIP (exists): Morning Meditation (One of Four) : Ritual
  [681/883] SKIP (exists): Morning Meditation : Default Position: Abiding in 
  [682/883] SKIP (exists): Morning Meditation : Vipassana – 1. Developing a s
  [683/883] SKIP (exists): Morning Meditation : Vipassana 2. – Developing Ins
  [684/883] SKIP (exists): Morning Meditation : Metta : Developing Goodwill –
  [685/883] SKIP (exists): Discourse on Metta
  [686/883] SKIP (exists): Morning Meditation: Developing Goodwill and Forgiv
  [687/883] SKIP (exists): Morning Meditation : Resolution
  [688/883] SKIP (exists): Developing the Perfection of Determination
  [689/883] SKIP (exists): Breakfast at last!
  [690/883] SKIP (exists): Traveling to and from work.
  [691/883] SKIP (exists): Back Home
  [692/883] SKIP (exists): Relations, Friends, Acquaintances and Spiritual Co
  [693/883] SKIP (exists): Contemplating Relations, Friends, Acquaintances an
  [694/883] SKIP (exists): Intimate Relationships: The Erotic, the Romantic a
  [695/883] SKIP (exists): Celibacy
  [696/883] SKIP (exists): When does love become control?
  [697/883] SKIP (exists): Work
  [698/883] SKIP (exists): Success and Failure : Trial and Error
  [699/883] SKIP (exists): Creating Space (1)
  [700/883] SKIP (exists): Creating Space (2)
  [701/883] SKIP (exists): Creating Space (3)
  [702/883] SKIP (exists): The Limits of Power and Mission Creep
  [703/883] SKIP (exists): Not an Emotion
  [704/883] SKIP (exists): Relationships
  [705/883] SKIP (exists): Being Good rather than Being Good At
  [706/883] SKIP (exists): What’s wrong with a bit of attachment!
  [707/883] SKIP (exists): Sacrifice : the more we give, the greater the retu
  [708/883] SKIP (exists): Not what we believe, but how we live.
  [709/883] SKIP (exists): Towards the Greatest Happiness.
  [710/883] SKIP (exists): New Year Resolution
  [711/883] SKIP (exists): Neighbourly ‘Sounds’
  [712/883] SKIP (exists): Sickness
  [713/883] SKIP (exists): The Tough Nut
  [714/883] SKIP (exists): Impulsive or Spontaneous.
  [715/883] SKIP (exists): Joy!
  [716/883] SKIP (exists): Thankyou
  [717/883] SKIP (exists): Need, Sufficiency and Greed.
  [718/883] SKIP (exists): What values govern our lives?
  [719/883] SKIP (exists): Values in mine own eyes.
  [720/883] SKIP (exists): Living in the Now : Planning for the Future
  [721/883] SKIP (exists): Music
  [722/883] SKIP (exists): Time
  [723/883] SKIP (exists): Our Daily Breaks.
  [724/883] SKIP (exists): On the Virtue of Visiting a Cemetery
  [725/883] SKIP (exists): Pity, Sorrow and Compassion
  [726/883] SKIP (exists): Why are we asked to observe - impermanence.
  [727/883] SKIP (exists): Sublimation
  [728/883] SKIP (exists): Righteous Anger : Plain Anger
  [729/883] SKIP (exists): A Pet’s Endgame
  [730/883] SKIP (exists): Downers.
  [731/883] SKIP (exists): Discipline : Self-discipline
  [732/883] SKIP (exists): Fairness and Equality
  [733/883] SKIP (exists): Unforgivingness
  [734/883] SKIP (exists): My body is Mother Earth
  [735/883] SKIP (exists): Dealing with Intense Emotions and Moods in Ordinar
  [736/883] SKIP (exists): How much pain, physical or mental should we suffer
  [737/883] SKIP (exists): Judging or Judgemental?
  [738/883] SKIP (exists): The absurd and the Sublime : A Mid-summer Contempl
  [739/883] SKIP (exists): If there is no self, who bears the karma?
  [740/883] SKIP (exists): Overwhelmed by All the Violence in the World?
  [741/883] SKIP (exists): Legal : Moral : Ethical
  [742/883] SKIP (exists): The Consumer in Us All.
  [743/883] SKIP (exists): Barriers or Boundaries
  [744/883] SKIP (exists): Isolation, Loneliness and Solitude
  [745/883] SKIP (exists): Envy, Jealousy and Appreciative Joy
  [746/883] SKIP (exists): Unwholesome Karmic Results as Fate.
  [747/883] SKIP (exists): Ideology leads to strife.
  [748/883] SKIP (exists): The Sacred: It’s Meaning and the Role of Free Spee
  [749/883] SKIP (exists): Awareness, Compassion and Wisdom
  [750/883] SKIP (exists): To become or not to become.
  [751/883] SKIP (exists): Appamāda : Diligent
  [752/883] SKIP (exists): Aim and Objective in Present Time
  [753/883] SKIP (exists): Money and Power
  [754/883] SKIP (exists): Passive Aggression
  [755/883] SKIP (exists): In what way should Buddhadhamma affect our politic
  [756/883] SKIP (exists): Practice makes perfect.*
  [757/883] SKIP (exists): Right Speech
  [758/883] SKIP (exists): Equanimity
  [759/883] SKIP (exists): Shame
  [760/883] SKIP (exists): Guilt
  [761/883] SKIP (exists): Gratitude Generosity Renunciation
  [762/883] SKIP (exists): Excitement Boredom Contentment
  [763/883] SKIP (exists): Silence
  [764/883] SKIP (exists): Courage, Fortitude and Resilience
  [765/883] SKIP (exists): One of the Hindrances is Sceptical Doubt.
  [766/883] SKIP (exists): Scientism meets Buddhism (Buddhadhamma?)
  [767/883] SKIP (exists): What is our basic disposition to life?
  [768/883] SKIP (exists): Fear!
  [769/883] SKIP (exists): Beauty.
  [770/883] SKIP (exists): The Wisdom of Uncertainty
  [771/883] SKIP (exists): Patience
  [772/883] SKIP (exists): Overcoming the Corruptions of Generosity
  [773/883] SKIP (exists): The World is in a terrible state.
  [774/883] SKIP (exists): The Treasure of Things
  [775/883] SKIP (exists): Equanimity Carl
  [776/883] SKIP (exists): The years where do they go. New Year Encouragement
  [777/883] SKIP (exists): Understand and See things as they really are
  [778/883] SKIP (exists): Constant Curiosity Carl
  [779/883] SKIP (exists): Kamma Noirin
  [780/883] SKIP (exists): Progress
  [781/883] SKIP (exists): Who Decides? Carl
  [782/883] SKIP (exists): Delusion, caring for illusion.
  [783/883] SKIP (exists): The world is not in a good place.
  [784/883] SKIP (exists): Happy New Year
  [785/883] SKIP (exists): Sickness
  [786/883] SKIP (exists): Yearning for a Better World
  [787/883] SKIP (exists): Balancing Lay and Spiritual Life
  [788/883] SKIP (exists): Wildflower Wisdom
  [789/883] SKIP (exists): Dealing with the Stories that Make Us Suffer
  [790/883] SKIP (exists): The Wisdom and Virtues of Insecurity
  [791/883] SKIP (exists): As Winter Approaches
  [792/883] SKIP (exists): Guidelines For a New Year's Resolution
  [793/883] SKIP (exists): Coronavirus : Messenger from the Gods
  [794/883] SKIP (exists): Quench all Resentments.
  [795/883] SKIP (exists): Exiting Lockdown
  [796/883] SKIP (exists): Committing to the Path
  [797/883] SKIP (exists): Beauty
  [798/883] SKIP (exists): Motivation for Practice
  [799/883] SKIP (exists): All in the Mind
  [800/883] SKIP (exists): Perfection, Elitism and Excellence.
  [801/883] SKIP (exists): Material World
  [802/883] SKIP (exists): Inner Voices
  [803/883] SKIP (exists): Full Catastrophe Ethics
  [804/883] SKIP (exists): On Learning how to be with Climate and Social Brea
  [805/883] SKIP (exists): Living in the here and now. Bhante Bodhidhamma
  [806/883] SKIP (exists): Being Human Bhante Bodhidhamma
  [807/883] SKIP (exists): Sympathy Empathy Compassion Bhante Bodhidhamma
  [808/883] SKIP (exists): Non-Violence is not Pacificism Bhante Bodhidhamma
  [809/883] SKIP (exists): Neoliberalism and Buddhadhamma Bhante Bodhidhamma
  [810/883] SKIP (exists): Dullness and Lethargy: Our Two Very Good Friends C
  [811/883] SKIP (exists): Preparing for Climate Change - First Ethical Maxim
  [812/883] SKIP (exists): Red Lines, Sila - Third Ethical Maxim Noirin Sheah
  [813/883] SKIP (exists): Radical Hope, Saddha - Second Ethical Maxim Noirin
  [814/883] SKIP (exists): New Year Resolutions and the Third Maxim  Noirin S
  [815/883] SKIP (exists): 4th Maxim (i) : Opportunity Knocks  Noirin Sheahan
  [816/883] SKIP (exists): 4th Maxim (ii) : Spiral to Freedom  Noirin Sheahan
  [817/883] SKIP (exists): Fourth Maxim (iii) : Path to Transcendence  Noirin
  [818/883] SKIP (exists): Equanimity : The Most Important Virtue Bhante Bodh
  [819/883] SKIP (exists): The Danger of Nihilism  Bhante Bodhidhamma
  [820/883] SKIP (exists): Neo-Fascism  Bhante Bodhidhamma
  [821/883] SKIP (exists): The Gift of Joy Mudita Bhante Bodhidhamma
  [822/883] SKIP (exists): ‘We just follow circumstance.’  Bhante Bodhidhamma
  [823/883] SKIP (exists): To Love or To Be Loved. That is the Question.  Bha
  [824/883] SKIP (exists): Samsara : doomed to suffer over and over again? Bh
  [825/883] SKIP (exists): Compassion : To Care  Bhante Bodhidhamma
  [826/883] SKIP (exists): Compassion : A Path of Liberation  Bhante Bodhidha
  [827/883] SKIP (exists): Fifth Maxim: Develop the Body and Mind  Noirin She
  [828/883] SKIP (exists): The Buddha’s Alter Ego : The World Conquering Mona
  [829/883] SKIP (exists): There is a Body: Exploring the Mind-Body Relations
  [830/883] SKIP (exists): Self-love and Self-Acceptance  Bhante Bodhidhamma
  [831/883] SKIP (exists): The Crucial Role of Desire and Intention.  Bhante 
  [832/883] SKIP (exists): Mindfulness meets Metta Noirin Sheahan
  [833/883] SKIP (exists): Surely meditation shouldn't feel like this?  Noiri
  [834/883] SKIP (exists): The Fire Sermon
  [835/883] SKIP (exists): Why spend a week or more on retreat?
  [836/883] SKIP (exists): Nibanna is Close at Hand!
  [837/883] SKIP (exists): AI 'Art'
  [838/883] SKIP (exists): A Field of Barley
  [839/883] SKIP (exists): War!
  [840/883] SKIP (exists): The Enlightenment and its Demise.
  [841/883] SKIP (exists): The Enlightenment and Possible Salvation.
  [842/883] SKIP (exists): Sixth Maxim: Act for the Future Generations of All
  [843/883] SKIP (exists): Cultivating Metta for Future Generations.
  [844/883] SKIP (exists): Detailed Guided Meditation
  [845/883] SKIP (exists): Starting a Retreat
  [846/883] SKIP (exists): Abiding in the Present Moment Developing Equanimit
  [847/883] SKIP (exists): Detailed Guided Meditation
  [848/883] SKIP (exists): Assisted Meditation
  [849/883] SKIP (exists): Heartcare Metta Meditation
  [850/883] SKIP (exists): Bodycare Meditation
  [851/883] SKIP (exists): Eating meditation
  [852/883] SKIP (exists): Morning Chant with Refuges and Precepts
  [853/883] SKIP (exists): Evening Metta Chant
  [854/883] SKIP (exists): The Technique
  [855/883] SKIP (exists): The Hindrances
  [856/883] SKIP (exists): The Factors of Enlightenment
  [857/883] SKIP (exists): The Pleasure Syndrome dukkha
  [858/883] SKIP (exists): The Characteristic of Impermanence
  [859/883] SKIP (exists): Anatta Not self
  [860/883] SKIP (exists): Living Life according to the Dhamma
  [861/883] SKIP (exists): Mahasi Talk
  [862/883] SKIP (exists): Vedana Feeling
  [863/883] SKIP (exists): Is Awareness Enough
  [864/883] SKIP (exists): Eroticism Romance Love Distraction and Boredom
  [865/883] SKIP (exists): The Perfections Turned Inward
  [866/883] SKIP (exists): Faith
  [867/883] SKIP (exists): Revising the principles of vipassana
  [868/883] SKIP (exists): Fear
  [869/883] SKIP (exists): Foregiveness
  [870/883] SKIP (exists): The Gratification, the Danger and the Escape
  [871/883] SKIP (exists): Karma
  [872/883] SKIP (exists): Rebirth
  [873/883] SKIP (exists): The Illimitables
  [874/883] SKIP (exists): The Ten Fetters
  [875/883] SKIP (exists): The Awakening
  [876/883] SKIP (exists): The Years of Teaching and Parinibbana
  [877/883] SKIP (exists): Ethical Behaviour and the Awakening are one
  [878/883] SKIP (exists): The Buddha as Exemplar and Archetype
  [879/883] SKIP (exists): Meditation and Ordinary Daily Life
  [880/883] SKIP (exists): Free Will
  [881/883] SKIP (exists): Karma Specific Conditionality the Five Laws ethica
  [882/883] SKIP (exists): Right Livelihood
  [883/883] SKIP (exists): Chi Gong min guidance

  Described: 872/883 episodes (0 API calls)
  Saved to: /home/freedomfighter/code/traduction/satipanya-podcast/metadata/

  ✓ Pass 4: Generating descriptions done (0m00s)

============================================================
  Pass 5: Generating feeds
============================================================

============================================================
PASS 6: Generating RSS podcast feeds
============================================================
  Generating: guided-meditations.xml ...
    7 episodes, 2 seasons → guided-meditations.xml (9 dead links excluded)
  Generating: dhammabytes.xml ...
    41 episodes, 12 seasons → dhammabytes.xml (36 dead links excluded)
  Generating: foundation-course.xml ...
    21 episodes, 2 seasons → foundation-course.xml
  Generating: dharma-talks.xml ...
    254 episodes, 32 seasons → dharma-talks.xml (7 dead links excluded)
  Generating: noirins-teachings.xml ...
    36 episodes, 5 seasons → noirins-teachings.xml
  Generating: international-talks.xml ...
    51 episodes, 12 seasons → international-talks.xml (3 dead links excluded)
  Generating: youtube-talks.xml ...
    144 episodes, 1 seasons → youtube-talks.xml
  Generating: bhante-essays.xml ...
    0 episodes, 5 seasons → bhante-essays.xml (34 dead links excluded)
  Generating: noirin-essays.xml ...
    0 episodes, 3 seasons → noirin-essays.xml (32 dead links excluded)
  Generating: tips-of-the-day.xml ...
    0 episodes, 5 seasons → tips-of-the-day.xml (168 dead links excluded)
  Generating: retreat-talks.xml ...
    40 episodes, 4 seasons → retreat-talks.xml

  Feeds saved to: /home/freedomfighter/code/traduction/satipanya-podcast/feeds/

  ✓ Pass 5: Generating feeds done (0m00s)

============================================================
  Pass 6: Beautifying transcripts
============================================================

============================================================
PASS 7: Beautifying transcripts with Claude
============================================================
  [1/883] SKIP (exists): Introducing Vipassana Insight Meditation
  [2/883] SKIP (exists): Vipassana Guidelines
  [3/883] SKIP (exists): 45 minute Detailed Guided Meditation
  [4/883] SKIP (exists): 45 minute Assisted Meditation
  [5/883] SKIP (exists): 30 minute Bodycare Meditation
  [6/883] SKIP (exists): 30 minute Heartcare Meditation
  [7/883] SKIP (exists): Abiding in the Present Moment Developing Equanimit
  [8/883] SKIP (exists): Just Metta
  [9/883] SKIP (exists): Investigative Eating
  [10/883] SKIP (exists): Mahasi Sayadaw Introductory Talk
  [11/883] SKIP (exists): Why Chant
  [12/883] SKIP (exists): Morning Chant
  [13/883] SKIP (exists): Evening Chant
  [14/883] SKIP (exists): Refuges and Precepts
  [15/883] SKIP (exists): Evening Metta Chant
  [16/883] SKIP (exists): Metta Discourse
  [17/883] SKIP (exists): 01 Views about Spiritual Paths
  [18/883] SKIP (exists): 02 Discourse to the Kalamas
  [19/883] SKIP (exists): 03 Desire the Root of Suffering
  [20/883] SKIP (exists): 04 How to Test the Buddha
  [21/883] SKIP (exists): 01 Introducing the Buddha
  [22/883] SKIP (exists): 02 The Birth of the Buddha
  [23/883] SKIP (exists): 03 The Bodhisatta Leaves Home
  [24/883] SKIP (exists): 04 The Essence of the Awakening
  [25/883] SKIP (exists): Anusaya - Latent Tendencies
  [26/883] SKIP (exists): Asava-Taints, Ogha-Floods, Yoga-Yokes
  [27/883] SKIP (exists): Buddha
  [28/883] SKIP (exists): Dukkha - A Hard Place
  [29/883] SKIP (exists): Hetu - The Unwholesome Roots
  [30/883] SKIP (exists): Panya - Wisdom and Intuitive Intelligence
  [31/883] SKIP (exists): Puja - Devotional Attention
  [32/883] SKIP (exists): Samyojana - The first three Fetters
  [33/883] SKIP (exists): Samyojana - The last seven Fetters
  [34/883] SKIP (exists): Sati - Knowing
  [35/883] SKIP (exists): Sati in Daily Life
  [36/883] SKIP (exists): Sila - Good Conduct
  [37/883] SKIP (exists): 01. Dana Generosity
  [38/883] SKIP (exists): 02. Sila Virtuous Conduct
  [39/883] SKIP (exists): 03. Nekkhamma Renunciation
  [40/883] SKIP (exists): 04. Panya Intuitive Intelligence and Wisdom
  [41/883] SKIP (exists): 05. Viriya Effort
  [42/883] SKIP (exists): 06. Khanti Patience
  [43/883] SKIP (exists): 07. Sacca Honesty
  [44/883] SKIP (exists): 08. Adhitthana Resolution.
  [45/883] SKIP (exists): Metta - Love
  [46/883] SKIP (exists): Karuna - Compassion
  [47/883] SKIP (exists): Mudita - Pure Joy
  [48/883] SKIP (exists): Upekkha - Equanimity
  [49/883] SKIP (exists): Buddha as Refuge
  [50/883] SKIP (exists): Dhamma as Refuge
  [51/883] SKIP (exists): Sangha as Refuge
  [52/883] SKIP (exists): Khandha The Aggregates
  [53/883] SKIP (exists): Rupa Corporeality
  [54/883] SKIP (exists): Vedana Feeling
  [55/883] SKIP (exists): Sanya Perception & Vedana Feeling
  [56/883] SKIP (exists): Sankhara Volitional Conditioning
  [57/883] SKIP (exists): Summing up
  [58/883] SKIP (exists): 1. Avijja - not-knowing
  [59/883] SKIP (exists): 2. Nama Rupa Body Mind
  [60/883] SKIP (exists): 3. Salayatana Vedana Phasa Six senses Contact Feel
  [61/883] SKIP (exists): 4. Tanha Upadana Bhava Craving Grasping Becoming
  [62/883] SKIP (exists): 5. paticca samuppada dependent origination to sams
  [63/883] SKIP (exists): 6. Another model of Dependent Orgination
  [64/883] SKIP (exists): 1. Indulgence
  [65/883] SKIP (exists): 2. Self-Mortification
  [66/883] SKIP (exists): 3. The First Noble Truth of Suffering
  [67/883] SKIP (exists): 4. Second Noble Truth:The Cause of Suffering
  [68/883] SKIP (exists): 5. The Third Noble Truth:The End of Suffering
  [69/883] SKIP (exists): 6. The Fourth Noble Truth The Eightfold Path
  [70/883] SKIP (exists): 7. The Buddha's Enlightenment becomes universal
  [71/883] SKIP (exists): 1 Not-self - Control
  [72/883] SKIP (exists): 2 Not-self - Impermanence and Suffering
  [73/883] SKIP (exists): 3 Not-self - Recap and Metaphors
  [74/883] SKIP (exists): 01. Sickness Ageing and Death
  [75/883] SKIP (exists): 02. Divine Messengers
  [76/883] SKIP (exists): 03. The Two Darts
  [77/883] SKIP (exists): 04. The Eight Worldy Conditions
  [78/883] SKIP (exists): 05. Clinging causes Anxiety plus
  [79/883] SKIP (exists): 06. Mahakassapa Explains the Cause of Conflict
  [80/883] SKIP (exists): 07. Envy and Niggardliness the Cause of Conflict
  [81/883] SKIP (exists): 08. Detailed Sequence Leading to Conflict
  [82/883] SKIP (exists): 09. Power
  [83/883] SKIP (exists): 10. Samsara Onward Going
  [84/883] SKIP (exists): 11. Rounds of Becoming
  [85/883] SKIP (exists): 12. Short Review of the Human Condition
  [86/883] SKIP (exists): 1. Righteous Governement and Righteous Ruler
  [87/883] SKIP (exists): 2. The Ruler
  [88/883] SKIP (exists): 3. The Six Directions Ritual as useless or meaning
  [89/883] SKIP (exists): 4. Parents and Chidren
  [90/883] SKIP (exists): 5. Husbands and Wives
  [91/883] SKIP (exists): 6. What makes for a Good Life
  [92/883] SKIP (exists): 7. Use of wealth for Happiness
  [93/883] SKIP (exists): 8. Virtues of a Good Spouse
  [94/883] SKIP (exists): The First Noble Truth - Dukkha Dukkha
  [95/883] SKIP (exists): The First Noble Truth - Conditioned States
  [96/883] SKIP (exists): The First Noble Truth - The Three Characteristics
  [97/883] SKIP (exists): The Second Noble Truth - The Cause of Suffering - 
  [98/883] SKIP (exists): The Second Noble Truth - The Wheel of Dependent Or
  [99/883] SKIP (exists): The Second Noble Truth - Kamma
  [100/883] SKIP (exists): The Fourth Noble Truth - Morality - Sila
  [101/883] SKIP (exists): The Fourth Noble Truth - Positive Morality - Param
  [102/883] SKIP (exists): The Fourth Noble Truth - Right Understanding
  [103/883] SKIP (exists): The Fourth Noble Truth - Mental Development - Sama
  [104/883] SKIP (exists): Moods, Emotions and Feelings
  [105/883] SKIP (exists): Guilt - Real and Unreal
  [106/883] SKIP (exists): The End of Guilt
  [107/883] SKIP (exists): Right Intention
  [108/883] SKIP (exists): The Divine Abodes
  [109/883] SKIP (exists): Faith or Belief
  [110/883] SKIP (exists): Wheel of Dependent Origination
  [111/883] SKIP (exists): Kamma
  [112/883] SKIP (exists): The Sangha
  [113/883] SKIP (exists): The Four Paths and the Four Fruits
  [114/883] SKIP (exists): The Noble Silence
  [115/883] SKIP (exists): Why Meditate
  [116/883] SKIP (exists): The Mahasi Method
  [117/883] SKIP (exists): Starting a Personal Retreat
  [118/883] SKIP (exists): Faith
  [119/883] SKIP (exists): Ritual in Spiritual Practice
  [120/883] SKIP (exists): Is Awareness Enough
  [121/883] SKIP (exists): Developing the Spiritual Faculties
  [122/883] SKIP (exists): Spiritual Faculties and Factors of Enlightenment
  [123/883] SKIP (exists): The Hindrances
  [124/883] SKIP (exists): The Buddha and the Hindrances
  [125/883] SKIP (exists): Dullness, Lethargy, Restlessness and Pain
  [126/883] SKIP (exists): Eroticism, Romance, Love, Distraction and Boredom
  [127/883] SKIP (exists): The Ten Fetters
  [128/883] SKIP (exists): Vedana Feeling
  [129/883] SKIP (exists): Fear
  [130/883] SKIP (exists): Foregiveness
  [131/883] SKIP (exists): The Illimitables
  [132/883] SKIP (exists): The Perfections Turned Inward
  [133/883] SKIP (no transcript): The Seven Factors of Awakening
  [134/883] SKIP (no transcript): Faith
  [135/883] SKIP (no transcript): Taking the Refuges
  [136/883] SKIP (no transcript): Equanimity
  [137/883] SKIP (exists): Survey of Theravada Buddhism
  [138/883] SKIP (exists): Impermanence and Not-self
  [139/883] SKIP (exists): Ethical Behaviour and the Awakening are one
  [140/883] SKIP (exists): Wheel of Dependent Origination
  [141/883] SKIP (exists): Free Will
  [142/883] SKIP (exists): Kamma
  [143/883] SKIP (exists): Rebirth
  [144/883] SKIP (exists): Premodern, Modern, Postmodernism And Buddhism
  [145/883] SKIP (exists): The Buddha as Exemplar and Archetype
  [146/883] SKIP (exists): Buddhist View of Christ's Teaching
  [147/883] SKIP (exists): Just War
  [148/883] SKIP (exists): The Gratification, the Danger and the Escape
  [149/883] SKIP (no transcript): Towards Contentment and Happiness
  [150/883] SKIP (no transcript): The Pursuit of Happiness
  [151/883] SKIP (exists): Bodhisatta Before Taking Human Birth
  [152/883] SKIP (exists): Bodhisatta's Birth to Renunciation
  [153/883] SKIP (exists): Bodhisatta's Training to the Awakening
  [154/883] SKIP (exists): The Awakening
  [155/883] SKIP (exists): The Years of Teaching and Parinibbana
  [156/883] SKIP (exists): Meditation and Daily Life
  [157/883] SKIP (exists): Meditation and the Weekly Group
  [158/883] SKIP (exists): The Eightfold Path and Daily Life
  [159/883] SKIP (exists): Right Livelihood
  [160/883] SKIP (exists): 1. Starting a Retreat
  [161/883] SKIP (exists): Starting a Retreat
  [162/883] SKIP (exists): A Detailed Guided Meditation
  [163/883] SKIP (exists): Investigative Eating Meditation - an explanation.
  [164/883] SKIP (exists): 2. The Mahasi Technique
  [165/883] SKIP (exists): Basics of Insight Meditation 02 2025Video
  [166/883] SKIP (exists): Basics of Insight Meditation 04 2026Video
  [167/883] SKIP (exists): 4. The Hindrances The Psychotherapy of Vipassana
  [168/883] SKIP (exists): 5. Right Awareness Intro.to Vipassana
  [169/883] SKIP (exists): 6. The Seven Factors of Awakening
  [170/883] SKIP (exists): 7. The Ethical Psychology of the Buddha (Dependent
  [171/883] SKIP (exists): 8. The Law of Kamma
  [172/883] SKIP (exists): 8. Living Life according to the Dhamma
  [173/883] SKIP (exists): Guided Metta
  [174/883] SKIP (exists): Guided Bodycare
  [175/883] SKIP (exists): Developing the Factors of Enlightenment
  [176/883] SKIP (exists): Exploring Dukkha
  [177/883] SKIP (exists): Question & Answer Session
  [178/883] SKIP (exists): Revising the Principles of Meditation
  [179/883] SKIP (exists): The Hindrances
  [180/883] SKIP (exists): Practice into Daily Life (Xmas 2006)
  [181/883] SKIP (exists): New Year Reflections
  [182/883] SKIP (exists): Q&A Resistance Rebirth and Moral Justice What suff
  [183/883] SKIP (exists): 01 The Body - The Buddha's World View and the role
  [184/883] SKIP (exists): 02 The Body - Kayagasati Sutta MN131.To play the m
  [185/883] SKIP (exists): Feeling (vedana).To play the media you will need t
  [186/883] SKIP (exists): Dependent Origination leading to awakening in ordi
  [187/883] SKIP (exists): .To play the media you will need to either update 
  [188/883] SKIP (exists): .To play the media you will need to either update 
  [189/883] SKIP (exists): Ethics, Not-self and Liberation.To play the media 
  [190/883] SKIP (exists): Roads to Power.To play the media you will need to 
  [191/883] SKIP (exists): New Year address on the qualities needed to succee
  [192/883] SKIP (exists): The First Discourse on Turning the Wheel of the Dh
  [193/883] SKIP (exists): Scientism : Romanticism : Psychotherapy - and Budd
  [194/883] SKIP (exists): Kamma, Rebirth and Transcendence : A top down view
  [195/883] SKIP (exists): The Discourse to the Kalama : Discernment, the Eth
  [196/883] SKIP (exists): Buddha Day Address: What was the mindset of the Bo
  [197/883] SKIP (exists): Spiritual progress - stop trying!.To play the medi
  [198/883] SKIP (no transcript): What is vedana and where does it fit in?.To play t
  [199/883] SKIP (exists): The Need for Sangha. community and Q's about Ordin
  [200/883] SKIP (exists): Mae Chee Kaew and Resolutions..To play the media y
  [201/883] SKIP (exists): The Three Characteristics..To play the media you w
  [202/883] SKIP (exists): Buddha Day Address May 2015..To play the media you
  [203/883] SKIP (exists): Deconstruction..To play the media you will need to
  [204/883] SKIP (exists): Love and All That..To play the media you will need
  [205/883] SKIP (exists): Ethics Not-self and Liberation.To play the media y
  [206/883] SKIP (exists): Contol and loss of Power..To play the media you wi
  [207/883] SKIP (exists): Q&A Detachment Engagement Motivation Devotion..To 
  [208/883] SKIP (exists): Basics for Meditation..To play the media you will 
  [209/883] SKIP (exists): Kamma Revisited..To play the media you will need t
  [210/883] SKIP (exists): Daily Life Reinforced..To play the media you will 
  [211/883] SKIP (exists): Refinement,Sublimation and the Eightfold Path..To 
  [212/883] SKIP (exists): No Inherent Being..To play the media you will need
  [213/883] SKIP (exists): Kamma and Free Will..To play the media you will ne
  [214/883] SKIP (exists): Comments on a Statement by Mae Chee Kaew..To play 
  [215/883] SKIP (exists): Reiki 10 06 2015..To play the media you will need 
  [216/883] SKIP (exists): Intro Talk to Bodycare.To play the media you will 
  [217/883] SKIP (exists): Dependent Origination and the Quality of Right Awa
  [218/883] SKIP (exists): Talk at the Re-opening of the Golden Buddha Centre
  [219/883] SKIP (exists): The Prognosis is Very Good..To play the media you 
  [220/883] SKIP (exists): Importance of Resolution plus.To play the media yo
  [221/883] SKIP (exists): Christmas Talk re the Path.To play the media you w
  [222/883] SKIP (exists): Right Relationship.To play the media you will need
  [223/883] SKIP (exists): How to critique the Dhamma and Buddha.To play the 
  [224/883] SKIP (exists): An Attempt to Understand the teaching of Not-Self.
  [225/883] SKIP (exists): Talk to the European Teachers Meeting How I came t
  [226/883] SKIP (exists): Happiness.To play the media you will need to eithe
  [227/883] SKIP (exists): The Body and the Discourse on How to Establish Rig
  [228/883] SKIP (exists): Q.&A session: Family Distractions : Selfish to Med
  [229/883] SKIP (exists): Mindfulness : Time.To play the media you will need
  [230/883] SKIP (exists): Monks : Daily Life : Not-Self.To play the media yo
  [231/883] SKIP (exists): Retreats : Attachment : Children and Suffering.To 
  [232/883] SKIP (exists): New Year Revision of Buddhadhamma Theory and Pract
  [233/883] SKIP (exists): Hope to Inspire.To play the media you will need to
  [234/883] SKIP (exists): Talk at Opening of centre in Ghent.To play the med
  [235/883] SKIP (exists): The Problem of Identity..To play the media you wil
  [236/883] SKIP (exists): The body as Meditative Object..To play the media y
  [237/883] SKIP (exists): 1. Starting a Retreat.To play the media you will n
  [238/883] SKIP (exists): The Principles and Problems of Vipassana.To play t
  [239/883] SKIP (exists): Not-Self Indulgence and all.To play the media you 
  [240/883] SKIP (exists): Impulsive or Spontaneous.To play the media you wil
  [241/883] SKIP (exists): The Body and the Three Characteristics.To play the
  [242/883] SKIP (exists): Why noting without stop.To play the media you will
  [243/883] SKIP (exists): Why we need a technique.To play the media you will
  [244/883] SKIP (exists): Subliminal Inclinations, Defilements and Hindrance
  [245/883] SKIP (exists): Questions and Answers A Dolly Mixture.To play the 
  [246/883] SKIP (exists): Importance of Metta 24 min.To play the media you w
  [247/883] SKIP (exists): The Kamma of Liberation.To play the media you will
  [248/883] SKIP (exists): The Karma Concerning Liberation.To play the media 
  [249/883] SKIP (exists): Dignity and the Qualities of a Ruler.To play the m
  [250/883] SKIP (exists): Practice in Ordinary Daily Life.To play the media 
  [251/883] SKIP (exists): Samatha-Vipassana.To play the media you will need 
  [252/883] SKIP (exists): Vipassana and or Therapy.To play the media you wil
  [253/883] SKIP (exists): Buddha Day Address with Refuges and Precepts.To pl
  [254/883] SKIP (exists): Daily Rythms; Fetters, Hindrances and Inclinations
  [255/883] SKIP (exists): Metta, Applied and Sustained Thought, Buddhamind.T
  [256/883] SKIP (exists): Equanimity - Foundation of all Virtue.To play the 
  [257/883] SKIP (exists): The Mahasi Method.To play the media you will need 
  [258/883] SKIP (exists): The Sufferings of the Pleasure Syndrome.To play th
  [259/883] SKIP (exists): There is no separation between vipassana and ordin
  [260/883] SKIP (exists): Q & A Rebirth Identification Emotions etc..To play
  [261/883] SKIP (exists): Why didn't the Buddha return to lay life.To play t
  [262/883] SKIP (exists): Revising the principles of vipassana.To play the m
  [263/883] SKIP (exists): Dukkha Unsatisfactoriness et al.To play the media 
  [264/883] SKIP (exists): Encouragement October 09.To play the media you wil
  [265/883] SKIP (exists): The practice and the pitfalls of metta, goodwill p
  [266/883] SKIP (exists): How Vipassana relates to Daily Life.To play the me
  [267/883] SKIP (exists): Samatha and - or Vipassana.To play the media you w
  [268/883] SKIP (exists): Metta: Developing Goodwill.To play the media you w
  [269/883] SKIP (exists): Karma, Dependent Origination, Virtue and Liberatio
  [270/883] SKIP (exists): Enthusiam and other questions.To play the media yo
  [271/883] SKIP (exists): Faith and the Spiritual Life.To play the media you
  [272/883] SKIP (exists): Revising the principles of vipassana.To play the m
  [273/883] SKIP (exists): The Buddha's Quest - A Public Talk.To play the med
  [274/883] SKIP (exists): The problem lies in the looking.To play the media 
  [275/883] SKIP (exists): There is no reason for being!.To play the media yo
  [276/883] SKIP (exists): Towards a whole life practice.To play the media yo
  [277/883] SKIP (exists): https://www.satipanya.org.uk/wp-content/uploads/20
  [278/883] SKIP (exists): https://www.satipanya.org.uk/wp-content/uploads/20
  [279/883] SKIP (exists): https://www.satipanya.org.uk/wp-content/uploads/20
  [280/883] SKIP (exists): https://www.satipanya.org.uk/wp-content/uploads/20
  [281/883] SKIP (exists): https://www.satipanya.org.uk/wp-content/uploads/20
  [282/883] SKIP (exists): https://www.satipanya.org.uk/wp-content/uploads/20
  [283/883] SKIP (exists): https://www.satipanya.org.uk/wp-content/uploads/20
  [284/883] SKIP (exists): https://www.satipanya.org.uk/wp-content/uploads/20
  [285/883] SKIP (exists): https://www.satipanya.org.uk/wp-content/uploads/20
  [286/883] SKIP (exists): https://www.satipanya.org.uk/wp-content/uploads/20
  [287/883] SKIP (exists): https://www.satipanya.org.uk/wp-content/uploads/20
  [288/883] SKIP (exists): https://www.satipanya.org.uk/wp-content/uploads/20
  [289/883] SKIP (exists): https://www.satipanya.org.uk/wp-content/uploads/20
  [290/883] SKIP (exists): https://www.satipanya.org.uk/wp-content/uploads/20
  [291/883] SKIP (exists): https://www.satipanya.org.uk/wp-content/uploads/20
  [292/883] SKIP (exists): https://www.satipanya.org.uk/wp-content/uploads/20
  [293/883] SKIP (exists): https://www.satipanya.org.uk/wp-content/uploads/20
  [294/883] SKIP (exists): https://www.satipanya.org.uk/wp-content/uploads/20
  [295/883] SKIP (exists): https://www.satipanya.org.uk/wp-content/uploads/20
  [296/883] SKIP (exists): https://www.satipanya.org.uk/wp-content/uploads/20
  [297/883] SKIP (exists): https://www.satipanya.org.uk/wp-content/uploads/20
  [298/883] SKIP (exists): https://www.satipanya.org.uk/wp-content/uploads/20
  [299/883] SKIP (exists): Refuges and Precepts with Metta
  [300/883] SKIP (exists): Video
  [301/883] SKIP (exists): Video
  [302/883] SKIP (exists): Video
  [303/883] SKIP (exists): Video
  [304/883] SKIP (exists): Video
  [305/883] SKIP (exists): Video
  [306/883] SKIP (exists): Video
  [307/883] SKIP (exists): Video
  [308/883] SKIP (exists): 2022 Dec 11 To Love or To Be Loved. That is the qu
  [309/883] SKIP (exists): Love and Relationship.
  [310/883] SKIP (exists): Forgiveness is fundamental to purify the heart. Re
  [311/883] SKIP (exists): The introduction
  [312/883] SKIP (exists): Karaniya Metta Sutta
  [313/883] SKIP (exists): Video
  [314/883] SKIP (exists): We often hear about suffering and the end of suffe
  [315/883] SKIP (exists): 2024 Jan. 21 The importance of Tranquillity Passad
  [316/883] SKIP (exists): Patient Forebearance
  [317/883] SKIP (exists): Equanimity
  [318/883] SKIP (exists): Sympathy, Empathy and Compassion
  [319/883] SKIP (exists): 2023 June 11 Fear and Courage.
  [320/883] SKIP (exists): Apologies! I tried to cover too much ground. Howev
  [321/883] SKIP (exists): 2023 Oct 01 'Good Friendship, Companionship, Good 
  [322/883] SKIP (exists): 2021 Gratitude, Generosity and Renunciation
  [323/883] SKIP (exists): 2022 Jul 17 Need, Sufficiency and Greed -
  [324/883] SKIP (exists): 2025 Apr 06 Renunciation.
  [325/883] SKIP (exists): Video
  [326/883] SKIP (exists): Video
  [327/883] SKIP (exists): The Buddha and War
  [328/883] SKIP (exists): 2025 May 04 The Buddha as a Teacher.
  [329/883] SKIP (exists): 2025 June 08 What was the Buddha's great disovery?
  [330/883] SKIP (exists): Video
  [331/883] SKIP (exists): Video
  [332/883] SKIP (exists): 2024 April.24 Contemplating the Unpleasantness of 
  [333/883] SKIP (exists): 2024 June 23 The Unattractive Nature of the Body
  [334/883] SKIP (exists): I own my actions. I inherit the results of my acti
  [335/883] SKIP (exists): Karma and Rebirth
  [336/883] SKIP (exists): 2023 Nov 26 The Five Regular Contemplations.
  [337/883] SKIP (exists): 2022 Nov 06 The Contemplation of Death.
  [338/883] SKIP (exists): The Eight Worldly Winds
  [339/883] SKIP (exists): The Paradox of Fear
  [340/883] SKIP (exists): 2025 Jan 12 Dukkha - the Buddha grounds his teachi
  [341/883] SKIP (exists): 2024 Feb. 25 The crucial role of Desire and Intent
  [342/883] SKIP (exists): 2024 July 14 The Four Great Elements
  [343/883] SKIP (exists): 2024 August 18 The Specific Law of Conditionality
  [344/883] SKIP (exists): 2024 September 15 The Dangers of Indulgence
  [345/883] SKIP (exists): 2023 Jan. 08 The Four Bases of Power :
  [346/883] SKIP (exists): Video
  [347/883] SKIP (exists): 2023 Oct 29 The Spiral Path
  [348/883] SKIP (exists): 2021 Four Noble Truths
  [349/883] SKIP (exists): Dukkha (Unsatisfactoriness and Sila (Morality and 
  [350/883] SKIP (exists): Dependent Origination, the Role of desire and the 
  [351/883] SKIP (exists): 2022 Oct 09 Identity and Not-Self.
  [352/883] SKIP (exists): Video
  [353/883] SKIP (exists): Right Livelihood
  [354/883] SKIP (exists): 2022 Sep 11 Rest for Autumn.
  [355/883] SKIP (exists): Bahiya of the Bark Cloth
  [356/883] SKIP (exists): 2023 March 05
  [357/883] SKIP (exists): ,
  [358/883] SKIP (exists): 2022 Aug 14 Climate Emergency and the Role of the 
  [359/883] SKIP (exists): Non-Violence v. Pacifism
  [360/883] SKIP (exists): 2022 Apr 17 Noliberalism and Mindfulness
  [361/883] SKIP (exists): 2022 Jun 19 Social Conditionng or Karma - Our soci
  [362/883] SKIP (exists): Buddha Day Address : His Training : The Fetters
  [363/883] SKIP (exists): ood Friendhship, Good Companionship, Good Comrades
  [364/883] SKIP (exists): Dependent Origination Revisited
  [365/883] SKIP (exists): Karma- Specific, Conditionality the Five Laws, eth
  [366/883] SKIP (exists): No more ideologies!
  [367/883] SKIP (exists): The Mahasi Technique and What We Need to Understan
  [368/883] SKIP (exists): Dependent Orignation and how all other importnant 
  [369/883] SKIP (exists): The Axial Age and the Momentous Discovery of the B
  [370/883] SKIP (exists): Dependent Orgination is based on Not-Knowing and I
  [371/883] SKIP (exists): Khanda, the Agregates, as Person and Sati, Awarene
  [372/883] SKIP (exists): Misunderstanding re. the Self, Karma and transcend
  [373/883] SKIP (exists): Q&A Kamma / FreeWill , Metta/attachment, Momentary
  [374/883] SKIP (exists): Q&A Emotions: Awareness/Delusion:Insight : Masculi
  [375/883] SKIP (exists): Angulimala A Monologue 00.54.49 21.9 MB
  [376/883] SKIP (exists): Talk read by Therese Caherty
  [377/883] SKIP (exists): Vipassana Instructions
  [378/883] SKIP (exists): The First Noble truth - Impermanence and Unsatisfa
  [379/883] SKIP (exists): The First noble truth - Not-Self and Unsatisfactor
  [380/883] SKIP (exists): The Second Noble Truth - The Cause of Unsatisfacto
  [381/883] SKIP (exists): The Third Noble Truth - The End of Unsatisfactorin
  [382/883] SKIP (exists): The Fourth Noble Truth - The Path Leading to the E
  [383/883] SKIP (exists): Introduction to the Mahasi Meditation Practice - r
  [384/883] SKIP (exists): Hindrances and Factors of Enlightenment - read by 
  [385/883] SKIP (exists): 1st, 2nd & 3rd Noble Truths: Dukkha, its Cause & C
  [386/883] SKIP (exists): 4th Noble Truth: Eightfold Path in Daily Life - re
  [387/883] SKIP (exists): The Hindrances - read by Finola O'Siochru
  [388/883] SKIP (exists): The Factors of Enlightenment - read by Finola O'Si
  [389/883] SKIP (exists): First Noble Truth: There is Dukkha - read by Finol
  [390/883] SKIP (exists): Second and Third Nobe Truths: Cause and Cessation 
  [391/883] SKIP (exists): Fourth Noble Truth: The Path to the End of Dukkha 
  [392/883] SKIP (exists): Foundations for Mindfulness (Satipatthana Sutta) -
  [393/883] SKIP (exists): Attachment: The Five Khanda - read by Finola O'Sio
  [394/883] SKIP (exists): Divine Abiding: a. Equanimity - read by Biddy O'Co
  [395/883] SKIP (exists): Divine Abiding: b. Goodwill, Metta - read by Biddy
  [396/883] SKIP (exists): Divine Abiding, c. Compassion - read by Biddy O'Co
  [397/883] SKIP (exists): Divine Abiding, d. Appreciative Joy, Mudita - read
  [398/883] SKIP (exists): Sense Contact - The Six Sense Spheres - read by Fi
  [399/883] SKIP (exists): Spiritual Faculties - read by Finola O'Siochru
  [400/883] SKIP (exists): Mindfulness of Breathing - read by Finola O'Siochr
  [401/883] SKIP (exists): Destruction of Craving a. Tracing back to the orig
  [402/883] SKIP (exists): Destruction of Craving b. Examining each link in t
  [403/883] SKIP (exists): Two Kinds of Thought - read by Finola O'Siochru
  [404/883] SKIP (exists): Removal of Distracting Thoughts - read by Finola O
  [405/883] SKIP (exists): In the Seeing, only the seeing ... (Bahiya Sutta) 
  [406/883] SKIP (exists): Greed, Hatred and Delusion as Foundations for Mind
  [407/883] SKIP (exists): Exalted, Unexalted and other Mindstates as Foundat
  [408/883] SKIP (exists): Building a Raft to Cross the Floods of Sensuality 
  [409/883] SKIP (exists): Building a Raft to Cross the Floods of Becoming an
  [410/883] SKIP (exists): Beset by Perceptions (Honeyball Sutta)
  [411/883] SKIP (exists): The Buddha's Death (Parinibbana Sutta)
  [412/883] SKIP (exists): Méditation Guidée: Debout et Assise
  [413/883] SKIP (exists): Meditation Guidee Detaillee
  [414/883] SKIP (exists): Méditation Guidée Debout et Assise
  [415/883] SKIP (exists): Trois compréhensions nécessaires
  [416/883] SKIP (exists): Méditation Debout
  [417/883] SKIP (exists): Méditation Assise
  [418/883] SKIP (exists): La conscience juste, les obstacles comme chemin ve
  [419/883] SKIP (exists): How we use the self and what does it mean for not-
  [420/883] SKIP (exists): The Hindrances
  [421/883] SKIP (exists): Non-soi
  [422/883] SKIP (exists): La Libre Volunté
  [423/883] SKIP (exists): Le Dhamma dans la vie quotidienne ordinaire.
  [424/883] SKIP (exists): Scientisme Romatisme Bouddhisme
  [425/883] SKIP (no transcript): Is the Buddha a materialist?
  [426/883] SKIP (no transcript): z0000002
  [427/883] SKIP (exists): Une tentative de comprendre le non-soi.
  [428/883] SKIP (exists): Retour à l'essentiel.
  [429/883] SKIP (exists): Bonheur
  [430/883] SKIP (exists): L'Esprit Concevoir et les Empêches
  [431/883] SKIP (no transcript): Dependent Origination et Kamma
  [432/883] SKIP (exists): Metta Bhavana Bienveillance (15 min)(Lausanne Oct 
  [433/883] SKIP (exists): Nous causons de la souffrance pour nous meme.(Laus
  [434/883] SKIP (exists): Le Kamma de la Liberation(Lausanne Oct 2010)
  [435/883] SKIP (exists): Les Bases de Vipassana.
  [436/883] SKIP (exists): Progres et d'autres sujets.
  [437/883] SKIP (exists): Questions and des Questions Plus.
  [438/883] SKIP (exists): Dependant Origination (Belgium Jan 2006)
  [439/883] SKIP (exists): The Purpose of Meditation (Belgium Jan 2006)
  [440/883] SKIP (exists): Why the Present Moment is So Important (Geneva May
  [441/883] SKIP (exists): Q&A Concerning States of Mind - Sankhara (Geneva M
  [442/883] SKIP (exists): Concerning Buddhist Psychology (Geneva May 2006)
  [443/883] SKIP (exists): Concerning Metta and Other Questions (Geneva May 2
  [444/883] SKIP (exists): Le Methode de Mahasi Vipassana (Lausanne Oct 2009)
  [445/883] SKIP (exists): Les Empeches de Vipassana (Lausanne Oct 2009)
  [446/883] SKIP (exists): Les Facteurs de Liberation (Lausanne Oct 2009)
  [447/883] SKIP (exists): Psychologie de Buddha (Lausanne Oct 2009)
  [448/883] SKIP (exists): Entering the Course
  [449/883] SKIP (exists): The Mahasi Method
  [450/883] SKIP (exists): The Joyful Aspects of Meditation
  [451/883] SKIP (exists): The Wheel of Dependent Origination
  [452/883] SKIP (exists): The Perfections
  [453/883] SKIP (exists): Karma
  [454/883] SKIP (exists): Evening Metta Chant and Instructions
  [455/883] SKIP (exists): Morning Chant
  [456/883] SKIP (exists): Meditazione in Piedi e Seduta
  [457/883] SKIP (exists): Meditazione guidata dettagliata :sometimes use 'sa
  [458/883] SKIP (exists): Mahasi Instructions and Metta Chant
  [459/883] SKIP (exists): The Hindrances
  [460/883] SKIP (exists): Factors of Enlightenment
  [461/883] SKIP (exists): Dependent Origination
  [462/883] SKIP (exists): Kamma
  [463/883] SKIP (exists): Metta Guidata
  [464/883] SKIP (exists): c. corpo med guidata
  [465/883] SKIP (exists): Intro. Guarig. corpo med guidata
  [466/883] SKIP (exists): Basics for Insight Meditation 01
  [467/883] SKIP (exists): 70th Birthday Bhante Bodhidhamma's Life story
  [468/883] SKIP (exists): Talk Starting Inaugural Lockdown Evening Meditatio
  [469/883] SKIP (exists): 02 First Three Noble Truths
  [470/883] SKIP (exists): 01 MN9 Discourse on Right View  Wholesome and Unwh
  [471/883] SKIP (exists): Evening Lockdown Meditation
  [472/883] SKIP (exists): 03 Coronavirus and the Contemplation of Death
  [473/883] SKIP (exists): 04 Contemplation of Death : Living more awake
  [474/883] SKIP (exists): 05 Contemplation of Death again!
  [475/883] SKIP (exists): 06 Renunciation and Buddha's First Occasion to Tea
  [476/883] SKIP (exists): 07 Setting the Wheel of the Dhamma in Motion
  [477/883] SKIP (exists): 08 Mindfulness at work And Right View Right Attitu
  [478/883] SKIP (exists): 09 Right Speech, Action and Livelihood
  [479/883] SKIP (exists): 10 Grief
  [480/883] SKIP (exists): 11 The Nutriments: Food, Contact, Volition and Con
  [481/883] SKIP (exists): 12 The Investigation of Eating
  [482/883] SKIP (exists): 13 Discourse on the Taints MN 2 : Overcome by seei
  [483/883] SKIP (exists): 14 Not-self Revisited The story of Sati MN38
  [484/883] SKIP (exists): 16. Investigating Not-self - The Pratice
  [485/883] SKIP (exists): 17 Questions  See Description
  [486/883] SKIP (exists): 18 Overcoming the Taints by Restraint
  [487/883] SKIP (exists): 19 Overcoming the Taints by Using
  [488/883] SKIP (exists): 20 Overcoming the Taints by Endurance
  [489/883] SKIP (exists): 21a Overcoming the Taints by Removing 1
  [490/883] SKIP (exists): 21b Overcoming the Taints by Removing 2
  [491/883] SKIP (exists): 22 Overcoming the Taints by Developing
  [492/883] SKIP (exists): 23 The Ten Fetters
  [493/883] SKIP (exists): 24 Society
  [494/883] SKIP (exists): 25 Reflections for an Harmonious Society
  [495/883] SKIP (exists): 26 More Reflections
  [496/883] SKIP (exists): 27 What makes a Society Strong?
  [497/883] SKIP (exists): 28 The Six Sense Bases MN137
  [498/883] SKIP (exists): 29 Senses Bases Cont.
  [499/883] SKIP (exists): Metta, Forgiveness and Determination Practice
  [500/883] SKIP (exists): 01 Reiki with Bryan Lester
  [501/883] SKIP (exists): Some Pointers for Metta
  [502/883] SKIP (exists): Bodycare Practice - Metta towards the Body.
  [503/883] SKIP (exists): 02 Reiki with Bryan
  [504/883] SKIP (exists): Body as Meditation Object
  [505/883] SKIP (exists): The Basics of Insight Meditation 03
  [506/883] SKIP (exists): 03 Reiki with Bryan
  [507/883] SKIP (exists): 33 Kalama Sutta AN 3.65
  [508/883] SKIP (exists): 35 Canki Sutta MN95
  [509/883] SKIP (exists): 34 Kalama Discourse cont.
  [510/883] SKIP (exists): 36 Canki Sutta cont.
  [511/883] SKIP (exists): 37 Shorter Discourse on Gosinga
  [512/883] SKIP (exists): Gaia Standing and Sitting Guided Meditation
  [513/883] SKIP (exists): 38 Discourse on the Establishment of Awareness Sat
  [514/883] SKIP (exists): 31b The Body
  [515/883] SKIP (exists): 39 Discourse on the Establishment of Awareness Sat
  [516/883] SKIP (exists): 40 Discourse on the Establishment of Awareness Sat
  [517/883] SKIP (exists): 41 Discourse on the Establishment of Awareness Sat
  [518/883] SKIP (exists): 42 Discourse on the Establishment of Awareness Sat
  [519/883] SKIP (exists): 43 Discourse on the Establishment of Awareness Sat
  [520/883] SKIP (exists): 44 The Relay of Chariots MN24
  [521/883] SKIP (exists): 45 The Relay of Chariots MN24
  [522/883] SKIP (exists): 50 Dog Ascetic Discourse MN57
  [523/883] SKIP (exists): Gratitude Generosity Renunciation
  [524/883] SKIP (exists): Spanish Introduction - Refuges and Precepts, Stand
  [525/883] SKIP (exists): Saddha Confidence and Trust
  [526/883] SKIP (exists): Dhp 188 - 192 The Role of Confidence.
  [527/883] SKIP (exists): Dhp 153   154 The Buddha's Victory Verses
  [528/883] SKIP (exists): Dhp 4 Hatred is not overcome with hatred!
  [529/883] SKIP (exists): Dhp 21 - 23
  [530/883] SKIP (exists): Dhp Chapter 3 - verses 33 & 34 The Unruly Mind
  [531/883] SKIP (exists): Dhp 01 02  Mind is the forerunner
  [532/883] SKIP (exists): Dhp No4 Hatred is not pacified by hatred
  [533/883] SKIP (exists): Dhp 256 157  Judgmental v Judicious
  [534/883] SKIP (exists): Dhp 46 How to view the Body
  [535/883] SKIP (exists): The Four Noble Truths
  [536/883] SKIP (exists): The NIne Qualities of the Buddha
  [537/883] SKIP (exists): Dhp 360 362 Restraint
  [538/883] SKIP (exists): Dhp 90 The Arahant
  [539/883] SKIP (exists): Vita Quotidiana
  [540/883] SKIP (exists): Dukkha Unsatifactoriness and Sila Morality and Eth
  [541/883] SKIP (exists): Dependent Origination and the Role of Desire and t
  [542/883] SKIP (exists): Kamma and Rebirth
  [543/883] SKIP (exists): Gratitude Generosity and Renunciation
  [544/883] SKIP (exists): Facets of a Love
  [545/883] SKIP (exists): Apamado DHP 22 23 24
  [546/883] SKIP (exists): Ageing
  [547/883] SKIP (exists): Dhp 152 153 The Inner Critic
  [548/883] SKIP (exists): Sympathy Empathy and Compassion
  [549/883] SKIP (exists): DHP 314-317 From the Chapter on Hell
  [550/883] SKIP (exists): Non-Violence is not Pacificism
  [551/883] SKIP (exists): Neoliberalism and Mindfulness
  [552/883] SKIP (exists): The Buddha and War.
  [553/883] SKIP (exists): Need Sufficiency and Greed
  [554/883] SKIP (exists): Social Conditioning or Karma
  [555/883] SKIP (exists): Climate Emergency
  [556/883] SKIP (exists): Reset for Autumn
  [557/883] SKIP (exists): Identity and Not-Self
  [558/883] SKIP (exists): The Contemplation of Death
  [559/883] SKIP (exists): To Love or To Be Loved. That is the question.
  [560/883] SKIP (exists): The Bases of Success
  [561/883] SKIP (exists): Bahiya of the Bark Cloth
  [562/883] SKIP (exists): The Discourse on Bahiya of the Bark Cloth Ud.1.10
  [563/883] SKIP (exists): Joy
  [564/883] SKIP (exists): Is the Buddha and athiest?
  [565/883] SKIP (exists): Fear and Courage
  [566/883] SKIP (exists): Patience
  [567/883] SKIP (exists): Equanimity - The most important of all virtues.
  [568/883] SKIP (exists): Compassion and its subtle enemies.
  [569/883] SKIP (exists): Good Friendship, Good Companionship, Good Comradsh
  [570/883] SKIP (exists): The Five Constant Contemplations
  [571/883] SKIP (exists): Retreat Start Standing and Walking Meditation
  [572/883] SKIP (exists): The Discourse Developing Loving Kindness
  [573/883] SKIP (exists): The Importance of Tranquillity
  [574/883] SKIP (exists): The Crucial Importance of Desire and Intention.
  [575/883] SKIP (exists): Satipanya Opening Ceremony 30th June 2007
  [576/883] SKIP (exists): Ceremony to Bless the Stupa   June 26th 2011   Pt 
  [577/883] SKIP (exists): Ceremony to Bless the Stupa   June 26th 2011   Pt 
  [578/883] SKIP (exists): Ceremony to Bless the Stupa   June 26th 2011   Pt 
  [579/883] SKIP (exists): 15. The Discourse on Not-self SN22.6.59
  [580/883] SKIP (exists): Upali is converted by the Buddha MN56
  [581/883] SKIP (exists): Contemplating the Unpleasantness of the Body: Why 
  [582/883] SKIP (exists): The Buddha's Alter Ego
  [583/883] SKIP (exists): The Unattractive Nature of the Body
  [584/883] SKIP (exists): The Four Great Elements
  [585/883] SKIP (exists): The Specific Law of Conditionality
  [586/883] SKIP (exists): The Dangers of Indulgence
  [587/883] SKIP (exists): Reflections and Contemplative Practice of Kamma
  [588/883] SKIP (exists): Forgiveness
  [589/883] SKIP (exists): The Basics of Insight Meditation 02
  [590/883] SKIP (exists): Dukkha - Basic Premise of the Buddhadhamma
  [591/883] SKIP (exists): Non-Violence is not Pacifism
  [592/883] SKIP (exists): The Eight Worldly Conditions
  [593/883] SKIP (exists): The Paradox of Fear
  [594/883] SKIP (exists): Renunciation : The Path to Liberation
  [595/883] SKIP (exists): The Buddha as a Teacher The Discourse on Malunkyap
  [596/883] SKIP (exists): What was the Great Discovery by the Buddha
  [597/883] SKIP (exists): Where do the elements cease without remainder?
  [598/883] SKIP (exists): Extinguishing the Housebuilder
  [599/883] SKIP (exists): Hope Aspiration Expectation
  [600/883] SKIP (exists): Topics of Discussion
  [601/883] SKIP (exists): Practising the Five Remembrances
  [602/883] SKIP (exists): Revsing the Basics
  [603/883] SKIP (exists): The Necessity of Joy
  [604/883] SKIP (exists): Polarisation
  [605/883] SKIP (exists): Dullness and Lethargy
  [606/883] SKIP (exists): Adhitthana Determination
  [607/883] SKIP (exists): The Four Clingings
  [608/883] SKIP (exists): The Buddha's Use of Similes
  [609/883] SKIP (exists): Restraint
  [610/883] SKIP (exists): Refuges  and Precepts
  [611/883] SKIP (exists): Puja: Chantings
  [612/883] SKIP (exists): Recommended Reading for Beginners
  [613/883] SKIP (exists): in PDF format
  [614/883] SKIP (no transcript): in MS Word format
  [615/883] SKIP (exists): Neoliberalism and BuddhaDhamma
  [616/883] SKIP (exists): Investigative Eating
  [617/883] SKIP (exists): Reflections on the Teaching and Practice of Not-se
  [618/883] SKIP (exists): Vipassana as taught by the Mahasi Sayadaw of Burma
  [619/883] SKIP (exists): Is Armed Intervention Ever Justified?
  [620/883] SKIP (exists): Free will: is it available or useful?
  [621/883] SKIP (exists): Could I be a fundamentalist, even a terrorist?
  [622/883] SKIP (exists): Perfection, Elitism and Excellence
  [623/883] SKIP (exists): What benefit is there in becoming a temporary mona
  [624/883] SKIP (exists): The ‘Unlucky’ Death of a Two Year Old Boy
  [625/883] SKIP (exists): Expectation, Aspiration and Hope
  [626/883] SKIP (exists): Assisted Suicide (PDF document)
  [627/883] SKIP (exists): Vipassana, Therapy and Medicinal Drugs (PDF docume
  [628/883] SKIP (exists): Conditionality and Kamma(PDF document)
  [629/883] SKIP (exists): Affectionate Awareness.
  [630/883] SKIP (exists): Climate Crisis A Personal Reflection
  [631/883] SKIP (exists): The First Noble Truth of Suffering -- Dukkha
  [632/883] SKIP (exists): The First Noble Truth of Suffering -- The Five Agg
  [633/883] SKIP (exists): The First Noble Truth of Suffering -- The Three Ch
  [634/883] SKIP (exists): The Second Noble Truth -- Desire
  [635/883] SKIP (exists): The Second Noble Truth -- The Wheel of Dependent O
  [636/883] SKIP (exists): The Second Noble Truth -- Kamma Vipaka
  [637/883] SKIP (exists): The Fourth Noble Truth -- Morality
  [638/883] SKIP (exists): The Fourth Noble Truth -- Perfections
  [639/883] SKIP (exists): The Fourth Noble Truth -- Right Understanding
  [640/883] SKIP (exists): The Fourth Noble Truth -- Mental Development
  [641/883] SKIP (exists): Meditation in Ordinary Daily Life
  [642/883] SKIP (exists): Meditation in Ordinary Daily Life
  [643/883] SKIP (exists): Buddha Day Evening with Italy
  [644/883] SKIP (exists): Text,
  [645/883] SKIP (exists): Satipanya Porridge
  [646/883] SKIP (exists): The "Ouch" that hurt.
  [647/883] SKIP (exists): Coming down to earth
  [648/883] SKIP (exists): Extending the limits of good-will
  [649/883] SKIP (exists): Metta for a Cold Heart
  [650/883] SKIP (exists): The Fourth Noble Truth
  [651/883] SKIP (exists): Struggling with Anatta
  [652/883] SKIP (exists): Temporary Ordination
  [653/883] SKIP (exists): Retreating and Re-engaging
  [654/883] SKIP (exists): Homeward Bound
  [655/883] SKIP (exists): All in the Mind
  [656/883] SKIP (exists): Summer meadows
  [657/883] SKIP (exists): As Winter Approaches
  [658/883] SKIP (exists): 2020 Lockdown Christmas
  [659/883] SKIP (exists): Exiting Lockdown
  [660/883] SKIP (exists): Mindfulness meets metta
  [661/883] SKIP (exists): Everyday Mindfulness
  [662/883] SKIP (exists): Healing the Mind-Body Relationship
  [663/883] SKIP (exists): Nibanna is Close at Hand!
  [664/883] SKIP (exists): Greeting the Devadutta
  [665/883] SKIP (exists): Laryngectomy
  [666/883] SKIP (exists): Stumbling towards Gratitude
  [667/883] SKIP (exists): Mid-winter Darkness
  [668/883] SKIP (exists): Teaching with an Electro-larynx: The Oval Age-Old 
  [669/883] SKIP (exists): a paper describing six ethical maxims
  [670/883] SKIP (exists): Full Catastrophe Ethics
  [671/883] SKIP (exists): First Maxim: Work Hard to Grasp the Imensity
  [672/883] SKIP (exists): Second Maxim: Cultivate Radical Hope
  [673/883] SKIP (exists): Third Maxim: Draw a line in the Sand - b. Working 
  [674/883] SKIP (exists): Fourth Maxim: Appreciate the Amazing and Unique Up
  [675/883] SKIP (exists): Fifth Maxim: Train the Mind and Body
  [676/883] SKIP (exists): At the end of the day (1)
  [677/883] SKIP (exists): At the end of the day. (2)
  [678/883] SKIP (exists): At the end of the day.
  [679/883] SKIP (exists): Upon Awakening.
  [680/883] SKIP (exists): Morning Meditation (One of Four) : Ritual
  [681/883] SKIP (exists): Morning Meditation : Default Position: Abiding in 
  [682/883] SKIP (exists): Morning Meditation : Vipassana – 1. Developing a s
  [683/883] SKIP (exists): Morning Meditation : Vipassana 2. – Developing Ins
  [684/883] SKIP (exists): Morning Meditation : Metta : Developing Goodwill –
  [685/883] SKIP (exists): Discourse on Metta
  [686/883] SKIP (exists): Morning Meditation: Developing Goodwill and Forgiv
  [687/883] SKIP (exists): Morning Meditation : Resolution
  [688/883] SKIP (exists): Developing the Perfection of Determination
  [689/883] SKIP (exists): Breakfast at last!
  [690/883] SKIP (exists): Traveling to and from work.
  [691/883] SKIP (exists): Back Home
  [692/883] SKIP (exists): Relations, Friends, Acquaintances and Spiritual Co
  [693/883] SKIP (exists): Contemplating Relations, Friends, Acquaintances an
  [694/883] SKIP (exists): Intimate Relationships: The Erotic, the Romantic a
  [695/883] SKIP (exists): Celibacy
  [696/883] SKIP (exists): When does love become control?
  [697/883] SKIP (exists): Work
  [698/883] SKIP (exists): Success and Failure : Trial and Error
  [699/883] SKIP (exists): Creating Space (1)
  [700/883] SKIP (exists): Creating Space (2)
  [701/883] SKIP (exists): Creating Space (3)
  [702/883] SKIP (exists): The Limits of Power and Mission Creep
  [703/883] SKIP (exists): Not an Emotion
  [704/883] SKIP (exists): Relationships
  [705/883] SKIP (exists): Being Good rather than Being Good At
  [706/883] SKIP (exists): What’s wrong with a bit of attachment!
  [707/883] SKIP (exists): Sacrifice : the more we give, the greater the retu
  [708/883] SKIP (exists): Not what we believe, but how we live.
  [709/883] SKIP (exists): Towards the Greatest Happiness.
  [710/883] SKIP (exists): New Year Resolution
  [711/883] SKIP (exists): Neighbourly ‘Sounds’
  [712/883] SKIP (exists): Sickness
  [713/883] SKIP (exists): The Tough Nut
  [714/883] SKIP (exists): Impulsive or Spontaneous.
  [715/883] SKIP (exists): Joy!
  [716/883] SKIP (exists): Thankyou
  [717/883] SKIP (exists): Need, Sufficiency and Greed.
  [718/883] SKIP (exists): What values govern our lives?
  [719/883] SKIP (exists): Values in mine own eyes.
  [720/883] SKIP (exists): Living in the Now : Planning for the Future
  [721/883] SKIP (exists): Music
  [722/883] SKIP (exists): Time
  [723/883] SKIP (exists): Our Daily Breaks.
  [724/883] SKIP (exists): On the Virtue of Visiting a Cemetery
  [725/883] SKIP (exists): Pity, Sorrow and Compassion
  [726/883] SKIP (exists): Why are we asked to observe - impermanence.
  [727/883] SKIP (exists): Sublimation
  [728/883] SKIP (exists): Righteous Anger : Plain Anger
  [729/883] SKIP (exists): A Pet’s Endgame
  [730/883] SKIP (exists): Downers.
  [731/883] SKIP (exists): Discipline : Self-discipline
  [732/883] SKIP (exists): Fairness and Equality
  [733/883] SKIP (exists): Unforgivingness
  [734/883] SKIP (exists): My body is Mother Earth
  [735/883] SKIP (exists): Dealing with Intense Emotions and Moods in Ordinar
  [736/883] SKIP (exists): How much pain, physical or mental should we suffer
  [737/883] SKIP (exists): Judging or Judgemental?
  [738/883] SKIP (exists): The absurd and the Sublime : A Mid-summer Contempl
  [739/883] SKIP (exists): If there is no self, who bears the karma?
  [740/883] SKIP (exists): Overwhelmed by All the Violence in the World?
  [741/883] SKIP (exists): Legal : Moral : Ethical
  [742/883] SKIP (exists): The Consumer in Us All.
  [743/883] SKIP (exists): Barriers or Boundaries
  [744/883] SKIP (exists): Isolation, Loneliness and Solitude
  [745/883] SKIP (exists): Envy, Jealousy and Appreciative Joy
  [746/883] SKIP (exists): Unwholesome Karmic Results as Fate.
  [747/883] SKIP (exists): Ideology leads to strife.
  [748/883] SKIP (exists): The Sacred: It’s Meaning and the Role of Free Spee
  [749/883] SKIP (exists): Awareness, Compassion and Wisdom
  [750/883] SKIP (exists): To become or not to become.
  [751/883] SKIP (exists): Appamāda : Diligent
  [752/883] SKIP (exists): Aim and Objective in Present Time
  [753/883] SKIP (exists): Money and Power
  [754/883] SKIP (exists): Passive Aggression
  [755/883] SKIP (exists): In what way should Buddhadhamma affect our politic
  [756/883] SKIP (exists): Practice makes perfect.*
  [757/883] SKIP (exists): Right Speech
  [758/883] SKIP (exists): Equanimity
  [759/883] SKIP (exists): Shame
  [760/883] SKIP (exists): Guilt
  [761/883] SKIP (exists): Gratitude Generosity Renunciation
  [762/883] SKIP (exists): Excitement Boredom Contentment
  [763/883] SKIP (exists): Silence
  [764/883] SKIP (exists): Courage, Fortitude and Resilience
  [765/883] SKIP (exists): One of the Hindrances is Sceptical Doubt.
  [766/883] SKIP (exists): Scientism meets Buddhism (Buddhadhamma?)
  [767/883] SKIP (exists): What is our basic disposition to life?
  [768/883] SKIP (exists): Fear!
  [769/883] SKIP (exists): Beauty.
  [770/883] SKIP (exists): The Wisdom of Uncertainty
  [771/883] SKIP (exists): Patience
  [772/883] SKIP (exists): Overcoming the Corruptions of Generosity
  [773/883] SKIP (exists): The World is in a terrible state.
  [774/883] SKIP (exists): The Treasure of Things
  [775/883] SKIP (exists): Equanimity Carl
  [776/883] SKIP (exists): The years where do they go. New Year Encouragement
  [777/883] SKIP (exists): Understand and See things as they really are
  [778/883] SKIP (exists): Constant Curiosity Carl
  [779/883] SKIP (exists): Kamma Noirin
  [780/883] SKIP (exists): Progress
  [781/883] SKIP (exists): Who Decides? Carl
  [782/883] SKIP (exists): Delusion, caring for illusion.
  [783/883] SKIP (exists): The world is not in a good place.
  [784/883] SKIP (exists): Happy New Year
  [785/883] SKIP (exists): Sickness
  [786/883] SKIP (exists): Yearning for a Better World
  [787/883] SKIP (exists): Balancing Lay and Spiritual Life
  [788/883] SKIP (exists): Wildflower Wisdom
  [789/883] SKIP (exists): Dealing with the Stories that Make Us Suffer
  [790/883] SKIP (exists): The Wisdom and Virtues of Insecurity
  [791/883] SKIP (exists): As Winter Approaches
  [792/883] SKIP (exists): Guidelines For a New Year's Resolution
  [793/883] SKIP (exists): Coronavirus : Messenger from the Gods
  [794/883] SKIP (exists): Quench all Resentments.
  [795/883] SKIP (exists): Exiting Lockdown
  [796/883] SKIP (exists): Committing to the Path
  [797/883] SKIP (exists): Beauty
  [798/883] SKIP (exists): Motivation for Practice
  [799/883] SKIP (exists): All in the Mind
  [800/883] SKIP (exists): Perfection, Elitism and Excellence.
  [801/883] SKIP (exists): Material World
  [802/883] SKIP (exists): Inner Voices
  [803/883] SKIP (exists): Full Catastrophe Ethics
  [804/883] SKIP (exists): On Learning how to be with Climate and Social Brea
  [805/883] SKIP (exists): Living in the here and now. Bhante Bodhidhamma
  [806/883] SKIP (exists): Being Human Bhante Bodhidhamma
  [807/883] SKIP (exists): Sympathy Empathy Compassion Bhante Bodhidhamma
  [808/883] SKIP (exists): Non-Violence is not Pacificism Bhante Bodhidhamma
  [809/883] SKIP (exists): Neoliberalism and Buddhadhamma Bhante Bodhidhamma
  [810/883] SKIP (exists): Dullness and Lethargy: Our Two Very Good Friends C
  [811/883] SKIP (exists): Preparing for Climate Change - First Ethical Maxim
  [812/883] SKIP (exists): Red Lines, Sila - Third Ethical Maxim Noirin Sheah
  [813/883] SKIP (exists): Radical Hope, Saddha - Second Ethical Maxim Noirin
  [814/883] SKIP (exists): New Year Resolutions and the Third Maxim  Noirin S
  [815/883] SKIP (exists): 4th Maxim (i) : Opportunity Knocks  Noirin Sheahan
  [816/883] SKIP (exists): 4th Maxim (ii) : Spiral to Freedom  Noirin Sheahan
  [817/883] SKIP (exists): Fourth Maxim (iii) : Path to Transcendence  Noirin
  [818/883] SKIP (exists): Equanimity : The Most Important Virtue Bhante Bodh
  [819/883] SKIP (exists): The Danger of Nihilism  Bhante Bodhidhamma
  [820/883] SKIP (exists): Neo-Fascism  Bhante Bodhidhamma
  [821/883] SKIP (exists): The Gift of Joy Mudita Bhante Bodhidhamma
  [822/883] SKIP (exists): ‘We just follow circumstance.’  Bhante Bodhidhamma
  [823/883] SKIP (exists): To Love or To Be Loved. That is the Question.  Bha
  [824/883] SKIP (exists): Samsara : doomed to suffer over and over again? Bh
  [825/883] SKIP (exists): Compassion : To Care  Bhante Bodhidhamma
  [826/883] SKIP (exists): Compassion : A Path of Liberation  Bhante Bodhidha
  [827/883] SKIP (exists): Fifth Maxim: Develop the Body and Mind  Noirin She
  [828/883] SKIP (exists): The Buddha’s Alter Ego : The World Conquering Mona
  [829/883] SKIP (exists): There is a Body: Exploring the Mind-Body Relations
  [830/883] SKIP (exists): Self-love and Self-Acceptance  Bhante Bodhidhamma
  [831/883] SKIP (exists): The Crucial Role of Desire and Intention.  Bhante 
  [832/883] SKIP (exists): Mindfulness meets Metta Noirin Sheahan
  [833/883] SKIP (exists): Surely meditation shouldn't feel like this?  Noiri
  [834/883] SKIP (exists): The Fire Sermon
  [835/883] SKIP (exists): Why spend a week or more on retreat?
  [836/883] SKIP (exists): Nibanna is Close at Hand!
  [837/883] SKIP (exists): AI 'Art'
  [838/883] SKIP (exists): A Field of Barley
  [839/883] SKIP (exists): War!
  [840/883] SKIP (exists): The Enlightenment and its Demise.
  [841/883] SKIP (exists): The Enlightenment and Possible Salvation.
  [842/883] SKIP (exists): Sixth Maxim: Act for the Future Generations of All
  [843/883] SKIP (exists): Cultivating Metta for Future Generations.
  [844/883] SKIP (exists): Detailed Guided Meditation
  [845/883] SKIP (exists): Starting a Retreat
  [846/883] SKIP (exists): Abiding in the Present Moment Developing Equanimit
  [847/883] SKIP (exists): Detailed Guided Meditation
  [848/883] SKIP (exists): Assisted Meditation
  [849/883] SKIP (exists): Heartcare Metta Meditation
  [850/883] SKIP (exists): Bodycare Meditation
  [851/883] SKIP (exists): Eating meditation
  [852/883] SKIP (exists): Morning Chant with Refuges and Precepts
  [853/883] SKIP (exists): Evening Metta Chant
  [854/883] SKIP (exists): The Technique
  [855/883] SKIP (exists): The Hindrances
  [856/883] SKIP (exists): The Factors of Enlightenment
  [857/883] SKIP (exists): The Pleasure Syndrome dukkha
  [858/883] SKIP (exists): The Characteristic of Impermanence
  [859/883] SKIP (exists): Anatta Not self
  [860/883] SKIP (exists): Living Life according to the Dhamma
  [861/883] SKIP (exists): Mahasi Talk
  [862/883] SKIP (exists): Vedana Feeling
  [863/883] SKIP (exists): Is Awareness Enough
  [864/883] SKIP (exists): Eroticism Romance Love Distraction and Boredom
  [865/883] SKIP (exists): The Perfections Turned Inward
  [866/883] SKIP (exists): Faith
  [867/883] SKIP (exists): Revising the principles of vipassana
  [868/883] SKIP (exists): Fear
  [869/883] SKIP (exists): Foregiveness
  [870/883] SKIP (exists): The Gratification, the Danger and the Escape
  [871/883] SKIP (exists): Karma
  [872/883] SKIP (exists): Rebirth
  [873/883] SKIP (exists): The Illimitables
  [874/883] SKIP (exists): The Ten Fetters
  [875/883] SKIP (exists): The Awakening
  [876/883] SKIP (exists): The Years of Teaching and Parinibbana
  [877/883] SKIP (exists): Ethical Behaviour and the Awakening are one
  [878/883] SKIP (exists): The Buddha as Exemplar and Archetype
  [879/883] SKIP (exists): Meditation and Ordinary Daily Life
  [880/883] SKIP (exists): Free Will
  [881/883] SKIP (exists): Karma Specific Conditionality the Five Laws ethica
  [882/883] SKIP (exists): Right Livelihood
  [883/883] SKIP (exists): Chi Gong min guidance

  Beautified: 0 episodes (0 API calls)
  Tokens: 0 in + 0 out
  Estimated cost: $0.00
  Saved to: /home/freedomfighter/code/traduction/satipanya-podcast/articles/

  ✓ Pass 6: Beautifying transcripts done (0m00s)

============================================================
  Pass 6a: Scraping essays
============================================================

============================================================
PASS 1: Scraping text sources
============================================================

── Satipanya — Bhante's Essays ──
  Fetching https://www.satipanya.org.uk/essay/...
  Found 33 items from /essay/
  Fetching https://www.satipanya.org.uk/essay/daily-life-care/...
  Found 1 items from /essay/daily-life-care/
  SKIP (exists): S01E01_Refuges_and_Precepts
  SKIP (exists): S01E02_Puja_Chantings
  SKIP (exists): S01E03_Recommended_Reading_for_Beginners
  SKIP (exists): S01E04_in_PDF_format
    ↓ in MS Word format (138 KB)
  ✗ S01E05_in_MS_Word_format — no text extracted
  SKIP (exists): S02E01_Neoliberalism_and_BuddhaDhamma
  SKIP (exists): S02E02_Investigative_Eating
  SKIP (exists): S02E03_Reflections_on_the_Teaching_and_Practice_of_Not-self
  SKIP (exists): S02E04_Vipassana_as_taught_by_the_Mahasi_Sayadaw_of_Burma
  SKIP (exists): S02E05_Is_Armed_Intervention_Ever_Justified
  SKIP (exists): S02E06_Free_will_is_it_available_or_useful
  SKIP (exists): S02E07_Could_I_be_a_fundamentalist_even_a_terrorist
  SKIP (exists): S02E08_Perfection_Elitism_and_Excellence
  SKIP (exists): S02E09_What_benefit_is_there_in_becoming_a_temporary_monastic
  SKIP (exists): S02E10_The_Unlucky_Death_of_a_Two_Year_Old_Boy
  SKIP (exists): S02E11_Expectation_Aspiration_and_Hope
  SKIP (exists): S02E12_Assisted_Suicide_PDF_document
  SKIP (exists): S02E13_Vipassana_Therapy_and_Medicinal_Drugs_PDF_document
  SKIP (exists): S02E14_Conditionality_and_KammaPDF_document
  SKIP (exists): S02E15_Affectionate_Awareness
  SKIP (exists): S02E16_Climate_Crisis_A_Personal_Reflection
  SKIP (exists): S03E01_The_First_Noble_Truth_of_Suffering_--_Dukkha
  SKIP (exists): S03E02_The_First_Noble_Truth_of_Suffering_--_The_Five_Aggregates
  SKIP (exists): S03E03_The_First_Noble_Truth_of_Suffering_--_The_Three_Characteristics
  SKIP (exists): S03E04_The_Second_Noble_Truth_--_Desire
  SKIP (exists): S03E05_The_Second_Noble_Truth_--_The_Wheel_of_Dependent_Origination
  SKIP (exists): S03E06_The_Second_Noble_Truth_--_Kamma_Vipaka
  SKIP (exists): S03E07_The_Fourth_Noble_Truth_--_Morality
  SKIP (exists): S03E08_The_Fourth_Noble_Truth_--_Perfections
  SKIP (exists): S03E09_The_Fourth_Noble_Truth_--_Right_Understanding
  SKIP (exists): S03E10_The_Fourth_Noble_Truth_--_Mental_Development
  SKIP (exists): S03E11_Meditation_in_Ordinary_Daily_Life
  SKIP (exists): S04E01_Meditation_in_Ordinary_Daily_Life
  SKIP (exists): S05E01_Buddha_Day_Evening_with_Italy
  Total: 34 items, 33 with text

── Satipanya — Noirin's Essays ──
  Fetching https://www.satipanya.org.uk/noirins-teachings/...
  Found 32 items from /noirins-teachings/
  SKIP (exists): S01E01_Text
  SKIP (exists): S01E02_Satipanya_Porridge
  SKIP (exists): S01E03_The_Ouch_that_hurt
  SKIP (exists): S01E04_Coming_down_to_earth
  SKIP (exists): S01E05_Extending_the_limits_of_good-will
  SKIP (exists): S01E06_Metta_for_a_Cold_Heart
  SKIP (exists): S01E07_The_Fourth_Noble_Truth
  SKIP (exists): S01E08_Struggling_with_Anatta
  SKIP (exists): S01E09_Temporary_Ordination
  SKIP (exists): S01E10_Retreating_and_Re-engaging
  SKIP (exists): S01E11_Homeward_Bound
  SKIP (exists): S01E12_All_in_the_Mind
  SKIP (exists): S01E13_Summer_meadows
  SKIP (exists): S01E14_As_Winter_Approaches
  SKIP (exists): S01E15_2020_Lockdown_Christmas
  SKIP (exists): S01E16_Exiting_Lockdown
  SKIP (exists): S01E17_Mindfulness_meets_metta
  SKIP (exists): S01E18_Everyday_Mindfulness
  SKIP (exists): S01E19_Healing_the_Mind-Body_Relationship
  SKIP (exists): S01E20_Nibanna_is_Close_at_Hand
  SKIP (exists): S02E01_Greeting_the_Devadutta
  SKIP (exists): S02E02_Laryngectomy
  SKIP (exists): S02E03_Stumbling_towards_Gratitude
  SKIP (exists): S02E04_Mid-winter_Darkness
  SKIP (exists): S02E05_Teaching_with_an_Electro-larynx_The_Oval_Age-Old_Bath
  SKIP (exists): S03E01_a_paper_describing_six_ethical_maxims
  SKIP (exists): S03E02_Full_Catastrophe_Ethics
  SKIP (exists): S03E03_First_Maxim_Work_Hard_to_Grasp_the_Imensity
  SKIP (exists): S03E04_Second_Maxim_Cultivate_Radical_Hope
  SKIP (exists): S03E05_Third_Maxim_Draw_a_line_in_the_Sand_-_b_Working_mindfully_with_red_lines
  SKIP (exists): S03E06_Fourth_Maxim_Appreciate_the_Amazing_and_Unique_Upportunity_-_a_From_Suffering_to
  SKIP (exists): S03E07_Fifth_Maxim_Train_the_Mind_and_Body
  Total: 32 items, 32 with text

── Satipanya — Tips of the Day ──
  Fetching https://www.satipanya.org.uk/tip-o-the-day/...
  Found 168 items from /tip-o-the-day/
  SKIP (exists): S01E01_At_the_end_of_the_day_1
  SKIP (exists): S01E02_At_the_end_of_the_day_2
  SKIP (exists): S01E03_At_the_end_of_the_day
  SKIP (exists): S01E04_Upon_Awakening
  SKIP (exists): S01E05_Morning_Meditation_One_of_Four_Ritual
  SKIP (exists): S01E06_Morning_Meditation_Default_Position_Abiding_in_Calm_Open_Attentiveness
  SKIP (exists): S01E07_Morning_Meditation_Vipassana_1_Developing_a_steady_attention
  SKIP (exists): S01E08_Morning_Meditation_Vipassana_2_Developing_Insight
  SKIP (exists): S01E09_Morning_Meditation_Metta_Developing_Goodwill_the_Theory
  SKIP (exists): S01E10_Discourse_on_Metta
  SKIP (exists): S01E11_Morning_Meditation_Developing_Goodwill_and_Forgiveness_the_Exercise
  SKIP (exists): S01E12_Morning_Meditation_Resolution
  SKIP (exists): S01E13_Developing_the_Perfection_of_Determination
  SKIP (exists): S01E14_Breakfast_at_last
  SKIP (exists): S01E15_Traveling_to_and_from_work
  SKIP (exists): S01E16_Back_Home
  SKIP (exists): S02E01_Relations_Friends_Acquaintances_and_Spiritual_Companions
  SKIP (exists): S02E02_Contemplating_Relations_Friends_Acquaintances_and_Spiritual_Companions
  SKIP (exists): S02E03_Intimate_Relationships_The_Erotic_the_Romantic_and_Love
  SKIP (exists): S02E04_Celibacy
  SKIP (exists): S02E05_When_does_love_become_control
  SKIP (exists): S03E01_Work
  SKIP (exists): S03E02_Success_and_Failure_Trial_and_Error
  SKIP (exists): S03E03_Creating_Space_1
  SKIP (exists): S03E04_Creating_Space_2
  SKIP (exists): S03E05_Creating_Space_3
  SKIP (exists): S03E06_The_Limits_of_Power_and_Mission_Creep
  SKIP (exists): S04E01_Not_an_Emotion
  SKIP (exists): S04E02_Relationships
  SKIP (exists): S04E03_Being_Good_rather_than_Being_Good_At
  SKIP (exists): S04E04_Whats_wrong_with_a_bit_of_attachment
  SKIP (exists): S04E05_Sacrifice_the_more_we_give_the_greater_the_return
  SKIP (exists): S04E06_Not_what_we_believe_but_how_we_live
  SKIP (exists): S04E07_Towards_the_Greatest_Happiness
  SKIP (exists): S05E01_New_Year_Resolution
  SKIP (exists): S05E02_Neighbourly_Sounds
  SKIP (exists): S05E03_Sickness
  SKIP (exists): S05E04_The_Tough_Nut
  SKIP (exists): S05E05_Impulsive_or_Spontaneous
  SKIP (exists): S05E06_Joy
  SKIP (exists): S05E07_Thankyou
  SKIP (exists): S05E08_Need_Sufficiency_and_Greed
  SKIP (exists): S05E09_What_values_govern_our_lives
  SKIP (exists): S05E10_Values_in_mine_own_eyes
  SKIP (exists): S05E11_Living_in_the_Now_Planning_for_the_Future
  SKIP (exists): S05E12_Music
  SKIP (exists): S05E13_Time
  SKIP (exists): S05E14_Our_Daily_Breaks
  SKIP (exists): S05E15_On_the_Virtue_of_Visiting_a_Cemetery
  SKIP (exists): S05E16_Pity_Sorrow_and_Compassion
  SKIP (exists): S05E17_Why_are_we_asked_to_observe_-_impermanence
  SKIP (exists): S05E18_Sublimation
  SKIP (exists): S05E19_Righteous_Anger_Plain_Anger
  SKIP (exists): S05E20_A_Pets_Endgame
  SKIP (exists): S05E21_Downers
  SKIP (exists): S05E22_Discipline_Self-discipline
  SKIP (exists): S05E23_Fairness_and_Equality
  SKIP (exists): S05E24_Unforgivingness
  SKIP (exists): S05E25_My_body_is_Mother_Earth
  SKIP (exists): S05E26_Dealing_with_Intense_Emotions_and_Moods_in_Ordinary_Daily_Life
  SKIP (exists): S05E27_How_much_pain_physical_or_mental_should_we_suffer
  SKIP (exists): S05E28_Judging_or_Judgemental
  SKIP (exists): S05E29_The_absurd_and_the_Sublime_A_Mid-summer_Contemplation
  SKIP (exists): S05E30_If_there_is_no_self_who_bears_the_karma
  SKIP (exists): S05E31_Overwhelmed_by_All_the_Violence_in_the_World
  SKIP (exists): S05E32_Legal_Moral_Ethical
  SKIP (exists): S05E33_The_Consumer_in_Us_All
  SKIP (exists): S05E34_Barriers_or_Boundaries
  SKIP (exists): S05E35_Isolation_Loneliness_and_Solitude
  SKIP (exists): S05E36_Envy_Jealousy_and_Appreciative_Joy
  SKIP (exists): S05E37_Unwholesome_Karmic_Results_as_Fate
  SKIP (exists): S05E38_Ideology_leads_to_strife
  SKIP (exists): S05E39_The_Sacred_Its_Meaning_and_the_Role_of_Free_Speech
  SKIP (exists): S05E40_Awareness_Compassion_and_Wisdom
  SKIP (exists): S05E41_To_become_or_not_to_become
  SKIP (exists): S05E42_Appamāda_Diligent
  SKIP (exists): S05E43_Aim_and_Objective_in_Present_Time
  SKIP (exists): S05E44_Money_and_Power
  SKIP (exists): S05E45_Passive_Aggression
  SKIP (exists): S05E46_In_what_way_should_Buddhadhamma_affect_our_politics
  SKIP (exists): S05E47_Practice_makes_perfect
  SKIP (exists): S05E48_Right_Speech
  SKIP (exists): S05E49_Equanimity
  SKIP (exists): S05E50_Shame
  SKIP (exists): S05E51_Guilt
  SKIP (exists): S05E52_Gratitude_Generosity_Renunciation
  SKIP (exists): S05E53_Excitement_Boredom_Contentment
  SKIP (exists): S05E54_Silence
  SKIP (exists): S05E55_Courage_Fortitude_and_Resilience
  SKIP (exists): S05E56_One_of_the_Hindrances_is_Sceptical_Doubt
  SKIP (exists): S05E57_Scientism_meets_Buddhism_Buddhadhamma
  SKIP (exists): S05E58_What_is_our_basic_disposition_to_life
  SKIP (exists): S05E59_Fear
  SKIP (exists): S05E60_Beauty
  SKIP (exists): S05E61_The_Wisdom_of_Uncertainty
  SKIP (exists): S05E62_Patience
  SKIP (exists): S05E63_Overcoming_the_Corruptions_of_Generosity
  SKIP (exists): S05E64_The_World_is_in_a_terrible_state
  SKIP (exists): S05E65_The_Treasure_of_Things
  SKIP (exists): S05E66_Equanimity_Carl
  SKIP (exists): S05E67_The_years_where_do_they_go_New_Year_Encouragement_Noirin
  SKIP (exists): S05E68_Understand_and_See_things_as_they_really_are
  SKIP (exists): S05E69_Constant_Curiosity_Carl
  SKIP (exists): S05E70_Kamma_Noirin
  SKIP (exists): S05E71_Progress
  SKIP (exists): S05E72_Who_Decides_Carl
  SKIP (exists): S05E73_Delusion_caring_for_illusion
  SKIP (exists): S05E74_The_world_is_not_in_a_good_place
  SKIP (exists): S05E75_Happy_New_Year
  SKIP (exists): S05E76_Sickness
  SKIP (exists): S05E77_Yearning_for_a_Better_World
  SKIP (exists): S05E78_Balancing_Lay_and_Spiritual_Life
  SKIP (exists): S05E79_Wildflower_Wisdom
  SKIP (exists): S05E80_Dealing_with_the_Stories_that_Make_Us_Suffer
  SKIP (exists): S05E81_The_Wisdom_and_Virtues_of_Insecurity
  SKIP (exists): S05E82_As_Winter_Approaches
  SKIP (exists): S05E83_Guidelines_For_a_New_Years_Resolution
  SKIP (exists): S05E84_Coronavirus_Messenger_from_the_Gods
  SKIP (exists): S05E85_Quench_all_Resentments
  SKIP (exists): S05E86_Exiting_Lockdown
  SKIP (exists): S05E87_Committing_to_the_Path
  SKIP (exists): S05E88_Beauty
  SKIP (exists): S05E89_Motivation_for_Practice
  SKIP (exists): S05E90_All_in_the_Mind
  SKIP (exists): S05E91_Perfection_Elitism_and_Excellence
  SKIP (exists): S05E92_Material_World
  SKIP (exists): S05E93_Inner_Voices
  SKIP (exists): S05E94_Full_Catastrophe_Ethics
  SKIP (exists): S05E95_On_Learning_how_to_be_with_Climate_and_Social_Breakdown
  SKIP (exists): S05E96_Living_in_the_here_and_now_Bhante_Bodhidhamma
  SKIP (exists): S05E97_Being_Human_Bhante_Bodhidhamma
  SKIP (exists): S05E98_Sympathy_Empathy_Compassion_Bhante_Bodhidhamma
  SKIP (exists): S05E99_Non-Violence_is_not_Pacificism_Bhante_Bodhidhamma
  SKIP (exists): S05E100_Neoliberalism_and_Buddhadhamma_Bhante_Bodhidhamma
  SKIP (exists): S05E101_Dullness_and_Lethargy_Our_Two_Very_Good_Friends_Carl_Fooks
  SKIP (exists): S05E102_Preparing_for_Climate_Change_-_First_Ethical_Maxim_Noirin_Sheahan
  SKIP (exists): S05E103_Red_Lines_Sila_-_Third_Ethical_Maxim_Noirin_Sheahan
  SKIP (exists): S05E104_Radical_Hope_Saddha_-_Second_Ethical_Maxim_Noirin_Sheahan
  SKIP (exists): S05E105_New_Year_Resolutions_and_the_Third_Maxim_Noirin_Sheahan
  SKIP (exists): S05E106_4th_Maxim_i_Opportunity_Knocks_Noirin_Sheahan
  SKIP (exists): S05E107_4th_Maxim_ii_Spiral_to_Freedom_Noirin_Sheahan
  SKIP (exists): S05E108_Fourth_Maxim_iii_Path_to_Transcendence_Noirin_Sheahan
  SKIP (exists): S05E109_Equanimity_The_Most_Important_Virtue_Bhante_Bodhidhamma
  SKIP (exists): S05E110_The_Danger_of_Nihilism_Bhante_Bodhidhamma
  SKIP (exists): S05E111_Neo-Fascism_Bhante_Bodhidhamma
  SKIP (exists): S05E112_The_Gift_of_Joy_Mudita_Bhante_Bodhidhamma
  SKIP (exists): S05E113_We_just_follow_circumstance_Bhante_Bodhidhamma
  SKIP (exists): S05E114_To_Love_or_To_Be_Loved_That_is_the_Question_Bhante_Bodhidhamma
  SKIP (exists): S05E115_Samsara_doomed_to_suffer_over_and_over_again_Bhante_Bodhidhamma
  SKIP (exists): S05E116_Compassion_To_Care_Bhante_Bodhidhamma
  SKIP (exists): S05E117_Compassion_A_Path_of_Liberation_Bhante_Bodhidhamma
  SKIP (exists): S05E118_Fifth_Maxim_Develop_the_Body_and_Mind_Noirin_Sheahan
  SKIP (exists): S05E119_The_Buddhas_Alter_Ego_The_World_Conquering_Monarch_Bhante_Bodhidhamma
  SKIP (exists): S05E120_There_is_a_Body_Exploring_the_Mind-Body_Relationship_Noirin_Sheahan
  SKIP (exists): S05E121_Self-love_and_Self-Acceptance_Bhante_Bodhidhamma
  SKIP (exists): S05E122_The_Crucial_Role_of_Desire_and_Intention_Bhante_Bodhidhamma
  SKIP (exists): S05E123_Mindfulness_meets_Metta_Noirin_Sheahan
  SKIP (exists): S05E124_Surely_meditation_shouldnt_feel_like_this_Noirin_Sheahan
  SKIP (exists): S05E125_The_Fire_Sermon
  SKIP (exists): S05E126_Why_spend_a_week_or_more_on_retreat
  SKIP (exists): S05E127_Nibanna_is_Close_at_Hand
  SKIP (exists): S05E128_AI_Art
  SKIP (exists): S05E129_A_Field_of_Barley
  SKIP (exists): S05E130_War
  SKIP (exists): S05E131_The_Enlightenment_and_its_Demise
  SKIP (exists): S05E132_The_Enlightenment_and_Possible_Salvation
  SKIP (exists): S05E133_Sixth_Maxim_Act_for_the_Future_Generations_of_All_Species
  SKIP (exists): S05E134_Cultivating_Metta_for_Future_Generations
  Total: 168 items, 168 with text

✓ Text catalog saved: /home/freedomfighter/code/traduction/satipanya-podcast/text_catalog.json

  ✓ Pass 6a: Scraping essays done (0m10s)

============================================================
  Pass 6b: Describing essays
============================================================

============================================================
PASS 2: Generating descriptions with Claude
============================================================
  [1/234] SKIP (exists): Refuges  and Precepts
  [2/234] SKIP (exists): Puja: Chantings
  [3/234] SKIP (exists): Recommended Reading for Beginners
  [4/234] SKIP (exists): in PDF format
  [5/234] SKIP (no text): in MS Word format
  [6/234] SKIP (exists): Neoliberalism and BuddhaDhamma
  [7/234] SKIP (exists): Investigative Eating
  [8/234] SKIP (exists): Reflections on the Teaching and Practice of Not-se
  [9/234] SKIP (exists): Vipassana as taught by the Mahasi Sayadaw of Burma
  [10/234] SKIP (exists): Is Armed Intervention Ever Justified?
  [11/234] SKIP (exists): Free will: is it available or useful?
  [12/234] SKIP (exists): Could I be a fundamentalist, even a terrorist?
  [13/234] SKIP (exists): Perfection, Elitism and Excellence
  [14/234] SKIP (exists): What benefit is there in becoming a temporary mona
  [15/234] SKIP (exists): The ‘Unlucky’ Death of a Two Year Old Boy
  [16/234] SKIP (exists): Expectation, Aspiration and Hope
  [17/234] SKIP (exists): Assisted Suicide (PDF document)
  [18/234] SKIP (exists): Vipassana, Therapy and Medicinal Drugs (PDF docume
  [19/234] SKIP (exists): Conditionality and Kamma(PDF document)
  [20/234] SKIP (exists): Affectionate Awareness.
  [21/234] SKIP (exists): Climate Crisis A Personal Reflection
  [22/234] SKIP (exists): The First Noble Truth of Suffering -- Dukkha
  [23/234] SKIP (exists): The First Noble Truth of Suffering -- The Five Agg
  [24/234] SKIP (exists): The First Noble Truth of Suffering -- The Three Ch
  [25/234] SKIP (exists): The Second Noble Truth -- Desire
  [26/234] SKIP (exists): The Second Noble Truth -- The Wheel of Dependent O
  [27/234] SKIP (exists): The Second Noble Truth -- Kamma Vipaka
  [28/234] SKIP (exists): The Fourth Noble Truth -- Morality
  [29/234] SKIP (exists): The Fourth Noble Truth -- Perfections
  [30/234] SKIP (exists): The Fourth Noble Truth -- Right Understanding
  [31/234] SKIP (exists): The Fourth Noble Truth -- Mental Development
  [32/234] SKIP (exists): Meditation in Ordinary Daily Life
  [33/234] SKIP (exists): Meditation in Ordinary Daily Life
  [34/234] SKIP (exists): Buddha Day Evening with Italy
  [35/234] SKIP (exists): Text,
  [36/234] SKIP (exists): Satipanya Porridge
  [37/234] SKIP (exists): The "Ouch" that hurt.
  [38/234] SKIP (exists): Coming down to earth
  [39/234] SKIP (exists): Extending the limits of good-will
  [40/234] SKIP (exists): Metta for a Cold Heart
  [41/234] SKIP (exists): The Fourth Noble Truth
  [42/234] SKIP (exists): Struggling with Anatta
  [43/234] SKIP (exists): Temporary Ordination
  [44/234] SKIP (exists): Retreating and Re-engaging
  [45/234] SKIP (exists): Homeward Bound
  [46/234] SKIP (exists): All in the Mind
  [47/234] SKIP (exists): Summer meadows
  [48/234] SKIP (exists): As Winter Approaches
  [49/234] SKIP (exists): 2020 Lockdown Christmas
  [50/234] SKIP (exists): Exiting Lockdown
  [51/234] SKIP (exists): Mindfulness meets metta
  [52/234] SKIP (exists): Everyday Mindfulness
  [53/234] SKIP (exists): Healing the Mind-Body Relationship
  [54/234] SKIP (exists): Nibanna is Close at Hand!
  [55/234] SKIP (exists): Greeting the Devadutta
  [56/234] SKIP (exists): Laryngectomy
  [57/234] SKIP (exists): Stumbling towards Gratitude
  [58/234] SKIP (exists): Mid-winter Darkness
  [59/234] SKIP (exists): Teaching with an Electro-larynx: The Oval Age-Old 
  [60/234] SKIP (exists): a paper describing six ethical maxims
  [61/234] SKIP (exists): Full Catastrophe Ethics
  [62/234] SKIP (exists): First Maxim: Work Hard to Grasp the Imensity
  [63/234] SKIP (exists): Second Maxim: Cultivate Radical Hope
  [64/234] SKIP (exists): Third Maxim: Draw a line in the Sand - b. Working 
  [65/234] SKIP (exists): Fourth Maxim: Appreciate the Amazing and Unique Up
  [66/234] SKIP (exists): Fifth Maxim: Train the Mind and Body
  [67/234] SKIP (exists): At the end of the day (1)
  [68/234] SKIP (exists): At the end of the day. (2)
  [69/234] SKIP (exists): At the end of the day.
  [70/234] SKIP (exists): Upon Awakening.
  [71/234] SKIP (exists): Morning Meditation (One of Four) : Ritual
  [72/234] SKIP (exists): Morning Meditation : Default Position: Abiding in 
  [73/234] SKIP (exists): Morning Meditation : Vipassana – 1. Developing a s
  [74/234] SKIP (exists): Morning Meditation : Vipassana 2. – Developing Ins
  [75/234] SKIP (exists): Morning Meditation : Metta : Developing Goodwill –
  [76/234] SKIP (exists): Discourse on Metta
  [77/234] SKIP (exists): Morning Meditation: Developing Goodwill and Forgiv
  [78/234] SKIP (exists): Morning Meditation : Resolution
  [79/234] SKIP (exists): Developing the Perfection of Determination
  [80/234] SKIP (exists): Breakfast at last!
  [81/234] SKIP (exists): Traveling to and from work.
  [82/234] SKIP (exists): Back Home
  [83/234] SKIP (exists): Relations, Friends, Acquaintances and Spiritual Co
  [84/234] SKIP (exists): Contemplating Relations, Friends, Acquaintances an
  [85/234] SKIP (exists): Intimate Relationships: The Erotic, the Romantic a
  [86/234] SKIP (exists): Celibacy
  [87/234] SKIP (exists): When does love become control?
  [88/234] SKIP (exists): Work
  [89/234] SKIP (exists): Success and Failure : Trial and Error
  [90/234] SKIP (exists): Creating Space (1)
  [91/234] SKIP (exists): Creating Space (2)
  [92/234] SKIP (exists): Creating Space (3)
  [93/234] SKIP (exists): The Limits of Power and Mission Creep
  [94/234] SKIP (exists): Not an Emotion
  [95/234] SKIP (exists): Relationships
  [96/234] SKIP (exists): Being Good rather than Being Good At
  [97/234] SKIP (exists): What’s wrong with a bit of attachment!
  [98/234] SKIP (exists): Sacrifice : the more we give, the greater the retu
  [99/234] SKIP (exists): Not what we believe, but how we live.
  [100/234] SKIP (exists): Towards the Greatest Happiness.
  [101/234] SKIP (exists): New Year Resolution
  [102/234] SKIP (exists): Neighbourly ‘Sounds’
  [103/234] SKIP (exists): Sickness
  [104/234] SKIP (exists): The Tough Nut
  [105/234] SKIP (exists): Impulsive or Spontaneous.
  [106/234] SKIP (exists): Joy!
  [107/234] SKIP (exists): Thankyou
  [108/234] SKIP (exists): Need, Sufficiency and Greed.
  [109/234] SKIP (exists): What values govern our lives?
  [110/234] SKIP (exists): Values in mine own eyes.
  [111/234] SKIP (exists): Living in the Now : Planning for the Future
  [112/234] SKIP (exists): Music
  [113/234] SKIP (exists): Time
  [114/234] SKIP (exists): Our Daily Breaks.
  [115/234] SKIP (exists): On the Virtue of Visiting a Cemetery
  [116/234] SKIP (exists): Pity, Sorrow and Compassion
  [117/234] SKIP (exists): Why are we asked to observe - impermanence.
  [118/234] SKIP (exists): Sublimation
  [119/234] SKIP (exists): Righteous Anger : Plain Anger
  [120/234] SKIP (exists): A Pet’s Endgame
  [121/234] SKIP (exists): Downers.
  [122/234] SKIP (exists): Discipline : Self-discipline
  [123/234] SKIP (exists): Fairness and Equality
  [124/234] SKIP (exists): Unforgivingness
  [125/234] SKIP (exists): My body is Mother Earth
  [126/234] SKIP (exists): Dealing with Intense Emotions and Moods in Ordinar
  [127/234] SKIP (exists): How much pain, physical or mental should we suffer
  [128/234] SKIP (exists): Judging or Judgemental?
  [129/234] SKIP (exists): The absurd and the Sublime : A Mid-summer Contempl
  [130/234] SKIP (exists): If there is no self, who bears the karma?
  [131/234] SKIP (exists): Overwhelmed by All the Violence in the World?
  [132/234] SKIP (exists): Legal : Moral : Ethical
  [133/234] SKIP (exists): The Consumer in Us All.
  [134/234] SKIP (exists): Barriers or Boundaries
  [135/234] SKIP (exists): Isolation, Loneliness and Solitude
  [136/234] SKIP (exists): Envy, Jealousy and Appreciative Joy
  [137/234] SKIP (exists): Unwholesome Karmic Results as Fate.
  [138/234] SKIP (exists): Ideology leads to strife.
  [139/234] SKIP (exists): The Sacred: It’s Meaning and the Role of Free Spee
  [140/234] SKIP (exists): Awareness, Compassion and Wisdom
  [141/234] SKIP (exists): To become or not to become.
  [142/234] SKIP (exists): Appamāda : Diligent
  [143/234] SKIP (exists): Aim and Objective in Present Time
  [144/234] SKIP (exists): Money and Power
  [145/234] SKIP (exists): Passive Aggression
  [146/234] SKIP (exists): In what way should Buddhadhamma affect our politic
  [147/234] SKIP (exists): Practice makes perfect.*
  [148/234] SKIP (exists): Right Speech
  [149/234] SKIP (exists): Equanimity
  [150/234] SKIP (exists): Shame
  [151/234] SKIP (exists): Guilt
  [152/234] SKIP (exists): Gratitude Generosity Renunciation
  [153/234] SKIP (exists): Excitement Boredom Contentment
  [154/234] SKIP (exists): Silence
  [155/234] SKIP (exists): Courage, Fortitude and Resilience
  [156/234] SKIP (exists): One of the Hindrances is Sceptical Doubt.
  [157/234] SKIP (exists): Scientism meets Buddhism (Buddhadhamma?)
  [158/234] SKIP (exists): What is our basic disposition to life?
  [159/234] SKIP (exists): Fear!
  [160/234] SKIP (exists): Beauty.
  [161/234] SKIP (exists): The Wisdom of Uncertainty
  [162/234] SKIP (exists): Patience
  [163/234] SKIP (exists): Overcoming the Corruptions of Generosity
  [164/234] SKIP (exists): The World is in a terrible state.
  [165/234] SKIP (exists): The Treasure of Things
  [166/234] SKIP (exists): Equanimity Carl
  [167/234] SKIP (exists): The years where do they go. New Year Encouragement
  [168/234] SKIP (exists): Understand and See things as they really are
  [169/234] SKIP (exists): Constant Curiosity Carl
  [170/234] SKIP (exists): Kamma Noirin
  [171/234] SKIP (exists): Progress
  [172/234] SKIP (exists): Who Decides? Carl
  [173/234] SKIP (exists): Delusion, caring for illusion.
  [174/234] SKIP (exists): The world is not in a good place.
  [175/234] SKIP (exists): Happy New Year
  [176/234] SKIP (exists): Sickness
  [177/234] SKIP (exists): Yearning for a Better World
  [178/234] SKIP (exists): Balancing Lay and Spiritual Life
  [179/234] SKIP (exists): Wildflower Wisdom
  [180/234] SKIP (exists): Dealing with the Stories that Make Us Suffer
  [181/234] SKIP (exists): The Wisdom and Virtues of Insecurity
  [182/234] SKIP (exists): As Winter Approaches
  [183/234] SKIP (exists): Guidelines For a New Year's Resolution
  [184/234] SKIP (exists): Coronavirus : Messenger from the Gods
  [185/234] SKIP (exists): Quench all Resentments.
  [186/234] SKIP (exists): Exiting Lockdown
  [187/234] SKIP (exists): Committing to the Path
  [188/234] SKIP (exists): Beauty
  [189/234] SKIP (exists): Motivation for Practice
  [190/234] SKIP (exists): All in the Mind
  [191/234] SKIP (exists): Perfection, Elitism and Excellence.
  [192/234] SKIP (exists): Material World
  [193/234] SKIP (exists): Inner Voices
  [194/234] SKIP (exists): Full Catastrophe Ethics
  [195/234] SKIP (exists): On Learning how to be with Climate and Social Brea
  [196/234] SKIP (exists): Living in the here and now. Bhante Bodhidhamma
  [197/234] SKIP (exists): Being Human Bhante Bodhidhamma
  [198/234] SKIP (exists): Sympathy Empathy Compassion Bhante Bodhidhamma
  [199/234] SKIP (exists): Non-Violence is not Pacificism Bhante Bodhidhamma
  [200/234] SKIP (exists): Neoliberalism and Buddhadhamma Bhante Bodhidhamma
  [201/234] SKIP (exists): Dullness and Lethargy: Our Two Very Good Friends C
  [202/234] SKIP (exists): Preparing for Climate Change - First Ethical Maxim
  [203/234] SKIP (exists): Red Lines, Sila - Third Ethical Maxim Noirin Sheah
  [204/234] SKIP (exists): Radical Hope, Saddha - Second Ethical Maxim Noirin
  [205/234] SKIP (exists): New Year Resolutions and the Third Maxim  Noirin S
  [206/234] SKIP (exists): 4th Maxim (i) : Opportunity Knocks  Noirin Sheahan
  [207/234] SKIP (exists): 4th Maxim (ii) : Spiral to Freedom  Noirin Sheahan
  [208/234] SKIP (exists): Fourth Maxim (iii) : Path to Transcendence  Noirin
  [209/234] SKIP (exists): Equanimity : The Most Important Virtue Bhante Bodh
  [210/234] SKIP (exists): The Danger of Nihilism  Bhante Bodhidhamma
  [211/234] SKIP (exists): Neo-Fascism  Bhante Bodhidhamma
  [212/234] SKIP (exists): The Gift of Joy Mudita Bhante Bodhidhamma
  [213/234] SKIP (exists): ‘We just follow circumstance.’  Bhante Bodhidhamma
  [214/234] SKIP (exists): To Love or To Be Loved. That is the Question.  Bha
  [215/234] SKIP (exists): Samsara : doomed to suffer over and over again? Bh
  [216/234] SKIP (exists): Compassion : To Care  Bhante Bodhidhamma
  [217/234] SKIP (exists): Compassion : A Path of Liberation  Bhante Bodhidha
  [218/234] SKIP (exists): Fifth Maxim: Develop the Body and Mind  Noirin She
  [219/234] SKIP (exists): The Buddha’s Alter Ego : The World Conquering Mona
  [220/234] SKIP (exists): There is a Body: Exploring the Mind-Body Relations
  [221/234] SKIP (exists): Self-love and Self-Acceptance  Bhante Bodhidhamma
  [222/234] SKIP (exists): The Crucial Role of Desire and Intention.  Bhante 
  [223/234] SKIP (exists): Mindfulness meets Metta Noirin Sheahan
  [224/234] SKIP (exists): Surely meditation shouldn't feel like this?  Noiri
  [225/234] SKIP (exists): The Fire Sermon
  [226/234] SKIP (exists): Why spend a week or more on retreat?
  [227/234] SKIP (exists): Nibanna is Close at Hand!
  [228/234] SKIP (exists): AI 'Art'
  [229/234] SKIP (exists): A Field of Barley
  [230/234] SKIP (exists): War!
  [231/234] SKIP (exists): The Enlightenment and its Demise.
  [232/234] SKIP (exists): The Enlightenment and Possible Salvation.
  [233/234] SKIP (exists): Sixth Maxim: Act for the Future Generations of All
  [234/234] SKIP (exists): Cultivating Metta for Future Generations.

✓ Descriptions generated: 0 API calls

  ✓ Pass 6b: Describing essays done (0m00s)

============================================================
  Pass 6c: Scoring literary quality
============================================================

Épisodes à scorer : 639
[1/639] guided_meditations S01E01 — Introducing Vipassana Insight Meditation... ✓ 28/100 — This is predominantly a guided meditation with highly repeti
[2/639] guided_meditations S01E02 — Vipassana Guidelines... ✓ 52/100 — This instructional meditation guide has a clear, logical str
[3/639] guided_meditations S01E03 — 45 minute Detailed Guided Meditation... ✓ 52/100 — The talk demonstrates decent structure and some effective an
[4/639] guided_meditations S01E04 — 45 minute Assisted Meditation... ✓ 18/100 — This is a repetitive guided meditation with minimal literary
[5/639] guided_meditations S01E05 — 30 minute Bodycare Meditation... ✓ 28/100 — This is primarily a guided meditation with highly repetitive
[6/639] guided_meditations S01E06 — 30 minute Heartcare Meditation... ✓ 22/100 — This is primarily a guided meditation with highly repetitive
[7/639] guided_meditations S01E07 — Abiding in the Present Moment Developing Equanimity... ✓ 32/100 — This is primarily a guided meditation with repetitive instru
[8/639] guided_meditations S01E08 — Just Metta... ✓ 18/100 — This is almost entirely a guided metta meditation with repet
[9/639] guided_meditations S01E09 — Investigative Eating... ✓ 62/100 — The talk demonstrates genuine pedagogical clarity and some v
[10/639] guided_meditations S01E10 — Mahasi Sayadaw Introductory Talk... ✓ 42/100 — This is a competent but largely procedural instructional tra
[11/639] guided_meditations S02E01 — Why Chant... ✓ 18/100 — This is essentially a pronunciation guide and chanting instr
[12/639] guided_meditations S02E02 — Morning Chant... ✓ 12/100 — This is predominantly a chanting/liturgical recitation in Pa
[13/639] guided_meditations S02E03 — Evening Chant... ✓ 12/100 — This transcript consists almost entirely of Pali chanting wi
[14/639] guided_meditations S02E04 — Refuges and Precepts... ✓ 12/100 — This transcript consists almost entirely of Pali chanting of
[15/639] guided_meditations S02E05 — Evening Metta Chant... ✓ 12/100 — This is essentially pure Pali metta chanting with minimal sp
[16/639] guided_meditations S02E06 — Metta Discourse... ✓ 42/100 — This is a recitation of the Metta Sutta (Karaniya Metta Sutt
[17/639] dhammabytes S01E01 — 01 Views about Spiritual Paths... ✓ 52/100 — The talk has an engaging central metaphor (the mountain/five
[18/639] dhammabytes S01E02 — 02 Discourse to the Kalamas... ✓ 52/100 — The talk has a clear thematic structure built around the Kal
[19/639] dhammabytes S01E03 — 03 Desire the Root of Suffering... ✓ 58/100 — The talk demonstrates solid pedagogical structure and some g
[20/639] dhammabytes S01E04 — 04 How to Test the Buddha... ✓ 42/100 — The talk offers a decent, sincere exposition of a Pali sutta
[21/639] dhammabytes S02E01 — 01 Introducing the Buddha... ✓ 52/100 — The talk has genuine warmth, some effective illustrations (t
[22/639] dhammabytes S02E02 — 02 The Birth of the Buddha... ✓ 52/100 — The talk has genuine warmth, interesting contextual digressi
[23/639] dhammabytes S02E03 — 03 The Bodhisatta Leaves Home... ✓ 48/100 — The talk demonstrates genuine insight and reasonable structu
[24/639] dhammabytes S02E04 — 04 The Essence of the Awakening... ✓ 52/100 — The talk demonstrates solid structural organization around d
[25/639] dhammabytes S03E01 — Anusaya - Latent Tendencies... ✓ 52/100 — The talk demonstrates competent organization and some genuin
[26/639] dhammabytes S03E02 — Asava-Taints, Ogha-Floods, Yoga-Yokes... ✓ 32/100 — The talk is loosely structured and informative in intent but
[27/639] dhammabytes S03E03 — Buddha... ✓ 52/100 — The talk has a clear organizational structure (walking throu
[28/639] dhammabytes S03E04 — Dukkha - A Hard Place... ✓ 62/100 — The talk demonstrates solid structural organization around t
[29/639] dhammabytes S03E05 — Hetu - The Unwholesome Roots... ✓ 62/100 — The talk demonstrates genuine insight and some effective ill
[30/639] dhammabytes S03E06 — Panya - Wisdom and Intuitive Intelligence... ✓ 62/100 — The talk demonstrates genuine insight and some effective ana
[31/639] dhammabytes S03E07 — Puja - Devotional Attention... ✓ 52/100 — The talk has genuine warmth and some vivid illustrations (th
[32/639] dhammabytes S03E08 — Samyojana - The first three Fetters... ✓ 52/100 — The talk has a clear pedagogical structure and some effectiv
[33/639] dhammabytes S03E09 — Samyojana - The last seven Fetters... ✓ 58/100 — The talk has a clear structural framework built around the t
[34/639] dhammabytes S03E10 — Sati - Knowing... ✓ 62/100 — The talk demonstrates genuine depth of insight and uses effe
[35/639] dhammabytes S03E11 — Sati in Daily Life... ✓ 62/100 — The talk has genuine insight and some effective illustration
[36/639] dhammabytes S03E12 — Sila - Good Conduct... ✓ 52/100 — The talk has a clear thematic thread (sila as ethical traini
[37/639] dhammabytes S04E01 — 01. Dana Generosity... ✓ 42/100 — The talk has a conversational warmth and some useful illustr
[38/639] dhammabytes S04E02 — 02. Sila Virtuous Conduct... ✓ 42/100 — The talk has a clear enough structural arc through the prece
[39/639] dhammabytes S04E03 — 03. Nekkhamma Renunciation... ✓ 62/100 — The talk demonstrates solid structural progression from the 
[40/639] dhammabytes S04E04 — 04. Panya Intuitive Intelligence and Wisdom... ✓ 62/100 — The talk demonstrates genuine intellectual depth with effect
[41/639] dhammabytes S04E05 — 05. Viriya Effort... ✓ 52/100 — The talk has a warm, accessible tone with some effective ill
[42/639] dhammabytes S04E06 — 06. Khanti Patience... ✓ 42/100 — The talk has a clear central theme and some effective illust
[43/639] dhammabytes S04E07 — 07. Sacca Honesty... ✓ 42/100 — The talk has a conversational, anecdote-driven warmth and oc
[44/639] dhammabytes S04E08 — 08. Adhitthana Resolution.... ✓ 52/100 — 
[45/639] dhammabytes S05E01 — Metta - Love... ✓ 58/100 — The talk has a clear conceptual arc moving from vipassana to
[46/639] dhammabytes S05E02 — Karuna - Compassion... ✓ 52/100 — The talk has a clear enough structure around compassion's en
[47/639] dhammabytes S05E03 — Mudita - Pure Joy... ✓ 42/100 — The talk has a warm, conversational tone and touches on genu
[48/639] dhammabytes S05E04 — Upekkha - Equanimity... ✓ 52/100 — The talk has genuine warmth and some effective illustrative 
[49/639] dhammabytes S06E01 — Buddha as Refuge... ✓ 52/100 — The talk has a clear organizational spine (walking through t
[50/639] dhammabytes S06E02 — Dhamma as Refuge... ✓ 52/100 — The talk has a clear organizational structure built around t
[51/639] dhammabytes S06E03 — Sangha as Refuge... ✓ 52/100 — The talk has a clear pedagogical structure working through t
[52/639] dhammabytes S07E01 — Khandha The Aggregates... ✓ 62/100 — The talk demonstrates genuine pedagogical clarity and uses s
[53/639] dhammabytes S07E02 — Rupa Corporeality... ✓ 52/100 — The talk has genuine insight and some effective illustration
[54/639] dhammabytes S07E03 — Vedana Feeling... ✓ 42/100 — The talk has a clear pedagogical structure as it methodicall
[55/639] dhammabytes S07E04 — Sanya Perception & Vedana Feeling... ✓ 42/100 — The talk has a reasonable pedagogical structure explaining B
[56/639] dhammabytes S07E05 — Sankhara Volitional Conditioning... ✓ 42/100 — The talk offers a reasonably clear pedagogical structure wal
[57/639] dhammabytes S07E06 — Summing up... ✓ 52/100 — The talk has a clear pedagogical structure summarizing Buddh
[58/639] dhammabytes S08E01 — 1. Avijja - not-knowing... ✓ 52/100 — The talk has a clear and well-structured arc moving from avi
[59/639] dhammabytes S08E02 — 2. Nama Rupa Body Mind... ✓ 62/100 — The talk demonstrates reasonable clarity and some effective 
[60/639] dhammabytes S08E03 — 3. Salayatana Vedana Phasa Six senses Contact Feeling... ✓ 42/100 — The talk has genuine philosophical depth and some effective 
[61/639] dhammabytes S08E04 — 4. Tanha Upadana Bhava Craving Grasping Becoming... ✓ 42/100 — The talk has a clear doctrinal structure explaining tanha-up
[62/639] dhammabytes S08E05 — 5. paticca samuppada dependent origination to samsara... ✓ 52/100 — The talk offers a reasonably clear structural overview of de
[63/639] dhammabytes S08E06 — 6. Another model of Dependent Orgination... ✓ 62/100 — The talk demonstrates solid structural clarity in walking th
[64/639] dhammabytes S09E01 — 1. Indulgence... ✓ 52/100 — The talk has genuine intellectual substance and some effecti
[65/639] dhammabytes S09E02 — 2. Self-Mortification... ✓ 52/100 — The talk has a warm, conversational quality and some effecti
[66/639] dhammabytes S09E03 — 3. The First Noble Truth of Suffering... ✓ 52/100 — The talk demonstrates clear structural organization around t
[67/639] dhammabytes S09E04 — 4. Second Noble Truth:The Cause of Suffering... ✓ 58/100 — The talk demonstrates genuine insight and some effective ill
[68/639] dhammabytes S09E05 — 5. The Third Noble Truth:The End of Suffering... ✓ 52/100 — The talk demonstrates genuine philosophical depth and some e
[69/639] dhammabytes S09E06 — 6. The Fourth Noble Truth The Eightfold Path... ✓ 52/100 — The talk has genuine depth of insight and some effective ill
[70/639] dhammabytes S09E07 — 7. The Buddha's Enlightenment becomes universal... ✓ 62/100 — The talk demonstrates genuine warmth, accessible explanation
[71/639] dhammabytes S10E01 — 1 Not-self - Control... ✓ 52/100 — The talk has a clear pedagogical structure built around the 
[72/639] dhammabytes S10E02 — 2 Not-self - Impermanence and Suffering... ✓ 42/100 — The talk has genuine explanatory depth and some effective il
[73/639] dhammabytes S10E03 — 3 Not-self - Recap and Metaphors... ✓ 62/100 — The talk demonstrates genuine warmth, solid structural organ
[74/639] dhammabytes S11E01 — 01. Sickness Ageing and Death... ✓ 62/100 — The talk demonstrates genuine warmth, good storytelling inst
[75/639] dhammabytes S11E02 — 02. Divine Messengers... ✓ 62/100 — The talk demonstrates genuine warmth, clear narrative struct
[76/639] dhammabytes S11E03 — 03. The Two Darts... ✓ 62/100 — The talk demonstrates solid structural clarity using the two
[77/639] dhammabytes S11E04 — 04. The Eight Worldy Conditions... ✓ 52/100 — The talk has a warm, conversational charm with some effectiv
[78/639] dhammabytes S11E05 — 05. Clinging causes Anxiety plus... ✓ 38/100 — The talk has a coherent central theme (clinging causes agita
[79/639] dhammabytes S11E06 — 06. Mahakassapa Explains the Cause of Conflict... ✓ 52/100 — The talk has genuine warmth and occasional effective illustr
[80/639] dhammabytes S11E07 — 07. Envy and Niggardliness the Cause of Conflict... ✓ 52/100 — The talk has a clear structural backbone (following the sutt
[81/639] dhammabytes S11E08 — 08. Detailed Sequence Leading to Conflict... ✓ 52/100 — The talk has genuine charm and accessibility through its ext
[82/639] dhammabytes S11E09 — 09. Power... ✓ 52/100 — The talk has genuine insight and some effective comparisons 
[83/639] dhammabytes S11E10 — 10. Samsara Onward Going... ✓ 52/100 — The talk has genuine warmth, decent analogical richness (the
[84/639] dhammabytes S11E11 — 11. Rounds of Becoming... ✓ 52/100 — The talk has genuine warmth, some effective use of the scrip
[85/639] dhammabytes S11E12 — 12. Short Review of the Human Condition... ✓ 42/100 — This review/summary talk has a warm, conversational tone and
[86/639] dhammabytes S12E01 — 1. Righteous Governement and Righteous Ruler... ✓ 42/100 — The talk has a warm, conversational sincerity and occasional
[87/639] dhammabytes S12E02 — 2. The Ruler... ✓ 42/100 — The talk has an interesting subject and some engaging moment
[88/639] dhammabytes S12E03 — 3. The Six Directions Ritual as useless or meaningful... ✓ 52/100 — The talk has genuine warmth, good illustrative anecdotes (th
[89/639] dhammabytes S12E04 — 4. Parents and Chidren... ✓ 42/100 — The talk has a warm, conversational tone with some effective
[90/639] dhammabytes S12E05 — 5. Husbands and Wives... ✓ 42/100 — The talk has a pleasant, conversational warmth and some char
[91/639] dhammabytes S12E06 — 6. What makes for a Good Life... ✓ 52/100 — The talk has a clear structural backbone (following the sutt
[92/639] dhammabytes S12E07 — 7. Use of wealth for Happiness... ✓ 42/100 — The talk has a warm, conversational tone with some effective
[93/639] dhammabytes S12E08 — 8. Virtues of a Good Spouse... ✓ 52/100 — The talk has a warm, conversational tone with occasional fla
[94/639] foundation_course S01E01 — The First Noble Truth - Dukkha Dukkha... ✓ 68/100 — This well-structured foundational dharma talk demonstrates g
[95/639] foundation_course S01E02 — The First Noble Truth - Conditioned States... ✓ 62/100 — The talk demonstrates solid structure and effective use of c
[96/639] foundation_course S01E03 — The First Noble Truth - The Three Characteristics... ✓ 72/100 — This is a well-structured, intellectually engaging dharma ta
[97/639] foundation_course S01E04 — The Second Noble Truth - The Cause of Suffering - Desire... ✓ 62/100 — The talk demonstrates solid structural organization with cle
[98/639] foundation_course S01E05 — The Second Noble Truth - The Wheel of Dependent Origination... ✓ 72/100 — This is a well-structured, clearly argued dharma talk with e
[99/639] foundation_course S01E06 — The Second Noble Truth - Kamma... ✓ 62/100 — The talk is well-structured with a clear logical progression
[100/639] foundation_course S01E07 — The Fourth Noble Truth - Morality - Sila... ✓ 62/100 — The talk demonstrates solid organizational structure (using 
[101/639] foundation_course S01E08 — The Fourth Noble Truth - Positive Morality - Parami... ✓ 72/100 — This is a well-structured, engaging dharma talk with clear l
[102/639] foundation_course S01E09 — The Fourth Noble Truth - Right Understanding... ✓ 62/100 — The talk demonstrates solid organizational structure with cl
[103/639] foundation_course S01E10 — The Fourth Noble Truth - Mental Development - Samadhi... ✓ 62/100 — This is a well-structured, clearly argued dharma talk with e
[104/639] foundation_course S02E01 — Moods, Emotions and Feelings... ✓ 72/100 — This is a well-structured, intellectually engaging dharma ta
[105/639] foundation_course S02E02 — Guilt - Real and Unreal... ✓ 72/100 — This is a well-structured, logically progressing dharma talk
[106/639] foundation_course S02E03 — The End of Guilt... ✓ 72/100 — This is a well-structured and genuinely insightful dharma ta
[107/639] foundation_course S02E04 — Right Intention... ✓ 72/100 — This is a well-structured, intellectually substantive dharma
[108/639] foundation_course S02E05 — The Divine Abodes... ✓ 72/100 — This talk demonstrates solid literary quality with a well-or
[109/639] foundation_course S02E06 — Faith or Belief... ✓ 72/100 — This is a well-structured, intellectually substantive dharma
[110/639] foundation_course S02E07 — Wheel of Dependent Origination... ✓ 72/100 — The talk demonstrates strong structural organization, vivid 
[111/639] foundation_course S02E08 — Kamma... ✓ 72/100 — This is a well-structured, intellectually substantive dharma
[112/639] foundation_course S02E09 — The Sangha... ✓ 58/100 — The talk is well-organized and informationally rich, coverin
[113/639] foundation_course S02E10 — The Four Paths and the Four Fruits... ✓ 62/100 — The talk is well-structured and covers its subject matter wi
[114/639] foundation_course S02E11 — The Noble Silence... ✓ 78/100 — This is a well-structured, substantive dharma talk with vivi
[115/639] dharma_talks S01E01 — Why Meditate... ✓ 62/100 — The talk demonstrates genuine depth of insight and engaging 
[116/639] dharma_talks S01E02 — The Mahasi Method... ✓ 62/100 — The talk has genuine warmth, useful analogies (the bird in t
[117/639] dharma_talks S01E03 — Starting a Personal Retreat... ✓ 72/100 — This dharma talk demonstrates substantial literary merit thr
[118/639] dharma_talks S01E04 — Faith... ✓ 62/100 — The talk demonstrates solid thematic structure and genuine d
[119/639] dharma_talks S01E05 — Ritual in Spiritual Practice... ✓ 62/100 — The talk demonstrates genuine insight, warm storytelling (th
[120/639] dharma_talks S01E06 — Is Awareness Enough... ✓ 62/100 — This is a substantive and well-informed dharma talk with gen
[121/639] dharma_talks S01E07 — Developing the Spiritual Faculties... ✓ 62/100 — The talk demonstrates genuine warmth, organizational structu
[122/639] dharma_talks S01E08 — Spiritual Faculties and Factors of Enlightenment... ✓ 72/100 — This is a substantive and engaging dharma talk with genuine 
[123/639] dharma_talks S01E09 — The Hindrances... ✓ 62/100 — The talk demonstrates genuine insight and good structural or
[124/639] dharma_talks S01E10 — The Buddha and the Hindrances... ✓ 62/100 — The talk demonstrates genuine depth of insight and some effe
[125/639] dharma_talks S01E11 — Dullness, Lethargy, Restlessness and Pain... ✓ 62/100 — 
[126/639] dharma_talks S01E12 — Eroticism, Romance, Love, Distraction and Boredom... ✓ 62/100 — The talk demonstrates genuine wit, vivid analogies (sublimat
[127/639] dharma_talks S01E13 — The Ten Fetters... ✓ 62/100 — The talk demonstrates genuine pedagogical clarity and warmth
[128/639] dharma_talks S01E14 — Vedana Feeling... ✓ 62/100 — The talk demonstrates genuine depth of insight and effective
[129/639] dharma_talks S01E15 — Fear... ✓ 62/100 — The talk demonstrates genuine depth and several vivid analog
[130/639] dharma_talks S01E16 — Foregiveness... ✓ 62/100 — The talk demonstrates solid structural organization moving f
[131/639] dharma_talks S01E17 — The Illimitables... ✓ 62/100 — The talk demonstrates genuine depth of insight and uses effe
[132/639] dharma_talks S01E18 — The Perfections Turned Inward... ✓ 62/100 — The talk demonstrates genuine warmth, good use of illustrati
[133/639] dharma_talks S02E01 — Survey of Theravada Buddhism... ✓ 62/100 — This is a substantive, well-structured survey talk with genu
[134/639] dharma_talks S02E02 — Impermanence and Not-self... ✓ 62/100 — The talk demonstrates genuine philosophical depth and occasi
[135/639] dharma_talks S02E03 — Ethical Behaviour and the Awakening are one... ✓ 62/100 — The talk demonstrates genuine depth of insight and engages e
[136/639] dharma_talks S02E04 — Wheel of Dependent Origination... ✓ 72/100 — This is a genuinely engaging and well-structured dharma talk
[137/639] dharma_talks S02E05 — Free Will... ✓ 72/100 — This talk demonstrates genuine literary merit through its we
[138/639] dharma_talks S02E06 — Kamma... ✓ 62/100 — The talk demonstrates genuine depth of insight and some effe
[139/639] dharma_talks S02E07 — Rebirth... ✓ 62/100 — The talk demonstrates reasonable organization through its Q&
[140/639] dharma_talks S02E08 — Premodern, Modern, Postmodernism And Buddhism... ✓ 62/100 — The talk demonstrates genuine intellectual ambition and occa
[141/639] dharma_talks S02E09 — The Buddha as Exemplar and Archetype... ✓ 62/100 — The talk demonstrates genuine warmth, narrative engagement, 
[142/639] dharma_talks S02E10 — Buddhist View of Christ's Teaching... ✓ 62/100 — The talk demonstrates genuine rhetorical skill and narrative
[143/639] dharma_talks S02E11 — Just War... ✓ 62/100 — The talk demonstrates genuine intellectual depth and good na
[144/639] dharma_talks S02E12 — The Gratification, the Danger and the Escape... ✓ 62/100 — The talk demonstrates genuine depth of insight and effective
[145/639] dharma_talks S03E01 — Bodhisatta Before Taking Human Birth... ✓ 62/100 — The talk demonstrates genuine intellectual engagement, vivid
[146/639] dharma_talks S03E02 — Bodhisatta's Birth to Renunciation... ✓ 62/100 — The talk demonstrates genuine warmth, cultural breadth, and 
[147/639] dharma_talks S03E03 — Bodhisatta's Training to the Awakening... ✓ 62/100 — The talk demonstrates genuine warmth, decent narrative struc
[148/639] dharma_talks S03E04 — The Awakening... ✓ 72/100 — 
[149/639] dharma_talks S03E05 — The Years of Teaching and Parinibbana... ✓ 62/100 — This is a warm, humanizing, and well-structured dharma talk 
[150/639] dharma_talks S04E01 — Meditation and Daily Life... ✓ 62/100 — This is a warm, conversational dharma talk with genuine dept
[151/639] dharma_talks S04E02 — Meditation and the Weekly Group... ✓ 62/100 — The talk demonstrates genuine depth of insight and effective
[152/639] dharma_talks S04E03 — The Eightfold Path and Daily Life... ✓ 62/100 — The talk demonstrates genuine depth of insight and engaging 
[153/639] dharma_talks S04E04 — Right Livelihood... ✓ 52/100 — The talk has genuine warmth, useful anecdotes (the cherry-fa
[154/639] dharma_talks S05E01 — 1. Starting a Retreat... ✓ 42/100 — The talk has warm, accessible instruction and occasional mom
[155/639] dharma_talks S05E02 — Starting a Retreat... ✓ 42/100 — The talk has genuine moments of insight and some graceful ph
[156/639] dharma_talks S05E03 — A Detailed Guided Meditation... ✓ 52/100 — The talk demonstrates solid structural progression from post
[157/639] dharma_talks S05E04 — Investigative Eating Meditation - an explanation.... ✓ 72/100 — This talk demonstrates genuine literary merit through vivid 
[158/639] dharma_talks S05E05 — 2. The Mahasi Technique... ✓ 62/100 — This is a warm, personable dharma talk with genuine depth an
[159/639] dharma_talks S05E06 — Basics of Insight Meditation 02 2025Video... ✓ 62/100 — The talk demonstrates genuine depth of insight and engaging 
[160/639] dharma_talks S05E07 — Basics of Insight Meditation 04 2026Video... ✓ 62/100 — The talk demonstrates genuine depth of insight and engaging 
[161/639] dharma_talks S05E08 — 4. The Hindrances The Psychotherapy of Vipassana... ✓ 62/100 — This is a competent and occasionally insightful dharma talk 
[162/639] dharma_talks S05E09 — 5. Right Awareness Intro.to Vipassana... ✓ 72/100 — The talk demonstrates genuine literary merit through vivid a
[163/639] dharma_talks S05E10 — 6. The Seven Factors of Awakening... ✓ 62/100 — The talk demonstrates genuine warmth, good use of illustrati
[164/639] dharma_talks S05E11 — 7. The Ethical Psychology of the Buddha (Dependent Origination)... ✓ 72/100 — This is a genuinely engaging and intellectually rich dharma 
[165/639] dharma_talks S05E12 — 8. The Law of Kamma... ✓ 52/100 — The talk demonstrates genuine depth of insight and some effe
[166/639] dharma_talks S05E13 — 8. Living Life according to the Dhamma... ✓ 42/100 — The talk has genuine warmth, some vivid anecdotes (Mother Te
[167/639] dharma_talks S05E14 — Guided Metta... ✓ 28/100 — This is primarily a guided meditation with heavily repetitiv
[168/639] dharma_talks S05E15 — Guided Bodycare... ✓ 28/100 — This is primarily a guided meditation with highly repetitive
[169/639] dharma_talks S06E01 — Developing the Factors of Enlightenment... ✓ 62/100 — The talk demonstrates genuine depth of insight and effective
[170/639] dharma_talks S06E02 — Exploring Dukkha... ✓ 68/100 — The talk demonstrates genuine rhetorical skill with vivid an
[171/639] dharma_talks S06E03 — Question & Answer Session... ✓ 52/100 — This Q&A transcript shows a knowledgeable and occasionally i
[172/639] dharma_talks S06E04 — Revising the Principles of Meditation... ✓ 62/100 — The talk demonstrates genuine depth of insight and several v
[173/639] dharma_talks S06E05 — The Hindrances... ✓ 62/100 — The talk demonstrates genuine depth of insight and several e
[174/639] dharma_talks S07E01 — Practice into Daily Life (Xmas 2006)... ✓ 62/100 — This is a warm, engaging dharma talk with good structural sc
[175/639] dharma_talks S07E02 — New Year Reflections... ✓ 52/100 — 
[176/639] dharma_talks S08E01 — Q&A Resistance Rebirth and Moral Justice What suffers Mindfulness Apps Spiritual Attainments.To play the media you will need to either update your browser to a recent version or update yourFlash plugin... ✓ 62/100 — This Q&A dharma talk demonstrates genuine depth of insight, 
[177/639] dharma_talks S09E01 — 01 The Body - The Buddha's World View and the role of Materiality (rupa).To play the media you will need to either update your browser to a recent version or update yourFlash plugin... ✓ 72/100 — The talk demonstrates genuine depth of insight and effective
[178/639] dharma_talks S09E02 — 02 The Body - Kayagasati Sutta MN131.To play the media you will need to either update your browser to a recent version or update yourFlash plugin... ✓ 52/100 — The talk has genuine warmth, occasional vivid illustrations 
[179/639] dharma_talks S09E03 — Feeling (vedana).To play the media you will need to either update your browser to a recent version or update yourFlash plugin... ✓ 52/100 — 
[180/639] dharma_talks S09E04 — Dependent Origination leading to awakening in ordinary Daily life..To play the media you will need to either update your browser to a recent version or update yourFlash plugin... ✓ 58/100 — The talk demonstrates reasonable structure following a diagr
[181/639] dharma_talks S09E05 — .To play the media you will need to either update your browser to a recent version or update yourFlash pluginDiscourse on the Highest Blessings... ✓ 52/100 — The talk demonstrates genuine philosophical depth and some e
[182/639] dharma_talks S09E06 — .To play the media you will need to either update your browser to a recent version or update yourFlash plugin... ✓ 52/100 — The talk has a clear structural spine (following the Mangala
[183/639] dharma_talks S09E07 — Ethics, Not-self and Liberation.To play the media you will need to either update your browser to a recent version or update yourFlash plugin... ✓ 68/100 — This is a substantive, wide-ranging dharma talk with genuine
[184/639] dharma_talks S09E08 — Roads to Power.To play the media you will need to either update your browser to a recent version or update yourFlash plugin... ✓ 42/100 — The talk has a warm, conversational style with occasional vi
[185/639] dharma_talks S09E09 — New Year address on the qualities needed to succeed : The Roads to Success..To play the media you will need to either update your browser to a recent version or update yourFlash plugin... ✓ 52/100 — The talk has genuine warmth, occasional vivid illustrations 
[186/639] dharma_talks S09E10 — The First Discourse on Turning the Wheel of the Dhamma..To play the media you will need to either update your browser to a recent version or update yourFlash plugin... ✓ 52/100 — The talk demonstrates genuine depth of knowledge and occasio
[187/639] dharma_talks S09E11 — Scientism : Romanticism : Psychotherapy - and Buddhadhamma.To play the media you will need to either update your browser to a recent version or update yourFlash pluginThere is a lot on the web if you google - scientism.Some books I found especially useful:Scientism. A Word we Need By John Crowburn SJ. Especially useful to people like me who know virtually nothing about science. Though pitched towards Roman Catholics, I did not find it biased when compared to other books I read.Yval N.Hararitwo books:SapiensandHomo Deusretell the whole human story and where we may be heading. Fascinating and again for the general reader. It through this work I finally under stood this mysterious word - algorithm.Romanticism by Thanissaro Bhikkhuis... ✓ 62/100 — This is a substantive and intellectually engaged dharma talk
[188/639] dharma_talks S09E12 — Kamma, Rebirth and Transcendence : A top down view of the Buddhadhamma..To play the media you will need to either update your browser to a recent version or update yourFlash pluginTwenty Cases Suggestive of Reincarnation - Ian Stevenson... ✓ 58/100 — The talk demonstrates genuine philosophical depth and reason
[189/639] dharma_talks S09E13 — The Discourse to the Kalama : Discernment, the Ethical Life and Fake News.To play the media you will need to either update your browser to a recent version or update yourFlash plugin... ✓ 52/100 — The talk demonstrates genuine intellectual engagement and re
[190/639] dharma_talks S10E01 — Buddha Day Address: What was the mindset of the Bodhisatta when he left his family and what made him carry on?.To play the media you will need to either update your browser to a recent version or update yourFlash plugin... ✓ 62/100 — The talk shows genuine depth of insight and engages effectiv
[191/639] dharma_talks S10E02 — Spiritual progress - stop trying!.To play the media you will need to either update your browser to a recent version or update yourFlash plugin... ✓ 72/100 — This New Year dharma talk demonstrates genuine depth and sol
[192/639] dharma_talks S10E04 — The Need for Sangha. community and Q's about Ordinary Daily Life..To play the media you will need to either update your browser to a recent version or update yourFlash plugin... ✓ 52/100 — The talk has genuine warmth, occasional vivid illustrations 
[193/639] dharma_talks S11E01 — Mae Chee Kaew and Resolutions..To play the media you will need to either update your browser to a recent version or update yourFlash plugin... ✓ 62/100 — The talk demonstrates genuine depth of Buddhist insight and 
[194/639] dharma_talks S11E02 — The Three Characteristics..To play the media you will need to either update your browser to a recent version or update yourFlash plugin... ✓ 68/100 — The talk demonstrates genuine depth of insight and engaging 
[195/639] dharma_talks S11E03 — Buddha Day Address May 2015..To play the media you will need to either update your browser to a recent version or update yourFlash plugin... ✓ 72/100 — This is a well-structured, intellectually substantive dharma
[196/639] dharma_talks S11E04 — Deconstruction..To play the media you will need to either update your browser to a recent version or update yourFlash plugin... ✓ 72/100 — This transcript of a dharma talk demonstrates genuine depth 
[197/639] dharma_talks S11E05 — Love and All That..To play the media you will need to either update your browser to a recent version or update yourFlash plugin... ✓ 62/100 — The talk demonstrates genuine warmth, engaging storytelling 
[198/639] dharma_talks S11E06 — Ethics Not-self and Liberation.To play the media you will need to either update your browser to a recent version or update yourFlash plugin... ✓ 62/100 — This is a wide-ranging, intellectually ambitious dharma talk
[199/639] dharma_talks S12E01 — Contol and loss of Power..To play the media you will need to either update your browser to a recent version or update yourFlash plugin... ✓ 62/100 — The talk demonstrates genuine insight and engaging use of me
[200/639] dharma_talks S12E02 — Q&A Detachment Engagement Motivation Devotion..To play the media you will need to either update your browser to a recent version or update yourFlash plugin... ✓ 52/100 — This Q&A dharma talk shows genuine depth of insight and some
[201/639] dharma_talks S12E03 — Basics for Meditation..To play the media you will need to either update your browser to a recent version or update yourFlash plugin... ✓ 62/100 — The talk demonstrates genuine depth of insight and some vivi
[202/639] dharma_talks S12E04 — Kamma Revisited..To play the media you will need to either update your browser to a recent version or update yourFlash plugin... ✓ 62/100 — The talk demonstrates solid structural organization around t
[203/639] dharma_talks S12E05 — Daily Life Reinforced..To play the media you will need to either update your browser to a recent version or update yourFlash plugin... ✓ 62/100 — This is a reasonably well-structured dharma talk with genuin
[204/639] dharma_talks S12E06 — Refinement,Sublimation and the Eightfold Path..To play the media you will need to either update your browser to a recent version or update yourFlash plugin... ✓ 62/100 — This is a warm, intellectually engaged dharma talk with genu
[205/639] dharma_talks S12E07 — No Inherent Being..To play the media you will need to either update your browser to a recent version or update yourFlash plugin... ✓ 52/100 — The talk shows genuine depth of insight and some effective u
[206/639] dharma_talks S12E08 — Kamma and Free Will..To play the media you will need to either update your browser to a recent version or update yourFlash plugin... ✓ 62/100 — This is a warm, personable, and well-structured dharma talk 
[207/639] dharma_talks S12E09 — Comments on a Statement by Mae Chee Kaew..To play the media you will need to either update your browser to a recent version or update yourFlash plugin... ✓ 62/100 — The talk demonstrates genuine depth of insight and engages t
[208/639] dharma_talks S12E10 — Reiki 10 06 2015..To play the media you will need to either update your browser to a recent version or update yourFlash plugin... ✓ 12/100 — This is primarily a guided Reiki session with repetitive ins
[209/639] dharma_talks S12E11 — Intro Talk to Bodycare.To play the media you will need to either update your browser to a recent version or update yourFlash plugin... ✓ 62/100 — This is a genuinely engaging and well-structured dharma talk
[210/639] dharma_talks S12E12 — Dependent Origination and the Quality of Right Awareness..To play the media you will need to either update your browser to a recent version or update yourFlash plugin... ✓ 62/100 — This is a substantive and intellectually engaged dharma talk
[211/639] dharma_talks S12E13 — Talk at the Re-opening of the Golden Buddha Centre in Totnes..To play the media you will need to either update your browser to a recent version or update yourFlash plugin... ✓ 62/100 — This is a genuinely engaging and substantive dharma talk wit
[212/639] dharma_talks S12E14 — The Prognosis is Very Good..To play the media you will need to either update your browser to a recent version or update yourFlash plugin... ✓ 62/100 — This talk demonstrates genuine depth of insight and competen
[213/639] dharma_talks S13E01 — Importance of Resolution plus.To play the media you will need to either update your browser to a recent version or update yourFlash plugin... ✓ 62/100 — This is a competent and substantively rich dharma talk with 
[214/639] dharma_talks S13E02 — Christmas Talk re the Path.To play the media you will need to either update your browser to a recent version or update yourFlash plugin... ✓ 62/100 — The talk demonstrates genuine warmth, intellectual range, an
[215/639] dharma_talks S13E03 — Right Relationship.To play the media you will need to either update your browser to a recent version or update yourFlash plugin... ✓ 62/100 — The talk demonstrates genuine warmth, good use of illustrati
[216/639] dharma_talks S13E04 — How to critique the Dhamma and Buddha.To play the media you will need to either update your browser to a recent version or update yourFlash plugin... ✓ 52/100 — The talk demonstrates reasonable organizational structure ar
[217/639] dharma_talks S13E05 — An Attempt to Understand the teaching of Not-Self.To play the media you will need to either update your browser to a recent version or update yourFlash plugin... ✓ 62/100 — The talk demonstrates genuine depth of insight and some effe
[218/639] dharma_talks S13E06 — Talk to the European Teachers Meeting How I came to establish a non-community..To play the media you will need to either update your browser to a recent version or update yourFlash plugin... ✓ 42/100 — The talk has genuine charm and self-deprecating humor with s
[219/639] dharma_talks S14E01 — Happiness.To play the media you will need to either update your browser to a recent version or update yourFlash pluginClick for handout:Towards Well-Being... ✓ 62/100 — 
[220/639] dharma_talks S14E02 — The Body and the Discourse on How to Establish Right Awareness..To play the media you will need to either update your browser to a recent version or update yourFlash plugin... ✓ 62/100 — The talk demonstrates genuine depth of insight and reasonabl
[221/639] dharma_talks S14E03 — Q.&A session: Family Distractions : Selfish to Meditate : Negative Emotions : Suffering on Identification.To play the media you will need to either update your browser to a recent version or update yourFlash plugin... ✓ 52/100 — The talk shows genuine warmth, practical wisdom, and some me
[222/639] dharma_talks S14E04 — Mindfulness : Time.To play the media you will need to either update your browser to a recent version or update yourFlash plugin... ✓ 62/100 — 
[223/639] dharma_talks S14E05 — Monks : Daily Life : Not-Self.To play the media you will need to either update your browser to a recent version or update yourFlash plugin... ✓ 52/100 — The talk has genuine warmth, occasional vivid anecdotes (the
[224/639] dharma_talks S14E06 — Retreats : Attachment : Children and Suffering.To play the media you will need to either update your browser to a recent version or update yourFlash plugin... ✓ 32/100 — This is a loosely structured, conversational Q&A session wit
[225/639] dharma_talks S15E01 — New Year Revision of Buddhadhamma Theory and Practice.To play the media you will need to either update your browser to a recent version or update yourFlash plugin... ✓ 62/100 — This is a substantive and reasonably well-structured dharma 
[226/639] dharma_talks S15E02 — Hope to Inspire.To play the media you will need to either update your browser to a recent version or update yourFlash plugin... ✓ 62/100 — The talk demonstrates genuine depth of insight and several v
[227/639] dharma_talks S15E03 — Talk at Opening of centre in Ghent.To play the media you will need to either update your browser to a recent version or update yourFlash plugin... ✓ 52/100 — The talk has genuine warmth, some effective storytelling (th
[228/639] dharma_talks S15E04 — The Problem of Identity..To play the media you will need to either update your browser to a recent version or update yourFlash plugin... ✓ 62/100 — The talk demonstrates genuine depth of insight and some effe
[229/639] dharma_talks S15E05 — The body as Meditative Object..To play the media you will need to either update your browser to a recent version or update yourFlash pluginThe talk above has the last few minutes missing, but makes the main points.... ✓ 62/100 — The talk demonstrates genuine depth of insight and uses some
[230/639] dharma_talks S16E01 — 1. Starting a Retreat.To play the media you will need to either update your browser to a recent version or update yourFlash plugin... ✓ 28/100 — The talk is conversational and occasionally charming but lar
[231/639] dharma_talks S16E02 — The Principles and Problems of Vipassana.To play the media you will need to either update your browser to a recent version or update yourFlash plugin... ✓ 72/100 — This is a genuinely engaging and well-structured dharma talk
[232/639] dharma_talks S16E03 — Not-Self Indulgence and all.To play the media you will need to either update your browser to a recent version or update yourFlash plugin... ✓ 62/100 — The talk demonstrates genuine depth of insight and solid str
[233/639] dharma_talks S16E04 — Impulsive or Spontaneous.To play the media you will need to either update your browser to a recent version or update yourFlash plugin... ✓ 72/100 — This talk demonstrates genuine literary merit through vivid 
[234/639] dharma_talks S16E05 — The Body and the Three Characteristics.To play the media you will need to either update your browser to a recent version or update yourFlash plugin... ✓ 62/100 — The talk demonstrates genuine depth of insight and effective
[235/639] dharma_talks S16E06 — Why noting without stop.To play the media you will need to either update your browser to a recent version or update yourFlash plugin... ✓ 62/100 — The talk has a coherent pedagogical structure and employs a 
[236/639] dharma_talks S16E07 — Why we need a technique.To play the media you will need to either update your browser to a recent version or update yourFlash plugin... ✓ 62/100 — The talk demonstrates genuine insight and uses some vivid il
[237/639] dharma_talks S16E08 — Subliminal Inclinations, Defilements and Hindrances.To play the media you will need to either update your browser to a recent version or update yourFlash plugin... ✓ 62/100 — This is a competent, engaging dharma talk with genuine warmt
[238/639] dharma_talks S16E09 — Questions and Answers A Dolly Mixture.To play the media you will need to either update your browser to a recent version or update yourFlash plugin... ✓ 52/100 — This Q&A dharma talk shows genuine warmth, occasional vivid 
[239/639] dharma_talks S16E10 — Importance of Metta 24 min.To play the media you will need to either update your browser to a recent version or update yourFlash pluginThese two talks on Kamma are much the same but have a different ending or emphasis.May be worth listening to both after an interval of time between.... ✓ 42/100 — The talk opens with a reasonably clear and engaging explanat
[240/639] dharma_talks S16E11 — The Kamma of Liberation.To play the media you will need to either update your browser to a recent version or update yourFlash plugin... ✓ 62/100 — The talk demonstrates genuine depth of insight and engaging 
[241/639] dharma_talks S16E12 — The Karma Concerning Liberation.To play the media you will need to either update your browser to a recent version or update yourFlash plugin... ✓ 72/100 — This dharma talk demonstrates genuine rhetorical skill, effe
[242/639] dharma_talks S17E01 — Dignity and the Qualities of a Ruler.To play the media you will need to either update your browser to a recent version or update yourFlash plugin... ✓ 62/100 — The talk demonstrates genuine warmth, some vivid illustrativ
[243/639] dharma_talks S17E02 — Practice in Ordinary Daily Life.To play the media you will need to either update your browser to a recent version or update yourFlash plugin... ✓ 62/100 — The talk demonstrates genuine depth of insight and is reason
[244/639] dharma_talks S17E03 — Samatha-Vipassana.To play the media you will need to either update your browser to a recent version or update yourFlash plugin... ✓ 72/100 — This is a substantively rich and engagingly structured dharm
[245/639] dharma_talks S17E04 — Vipassana and or Therapy.To play the media you will need to either update your browser to a recent version or update yourFlash plugin... ✓ 62/100 — This is a genuinely engaging dharma talk with strong storyte
[246/639] dharma_talks S17E05 — Buddha Day Address with Refuges and Precepts.To play the media you will need to either update your browser to a recent version or update yourFlash plugin... ✓ 42/100 — The talk contains some genuinely thoughtful passages with de
[247/639] dharma_talks S17E06 — Daily Rythms; Fetters, Hindrances and Inclinations; Rebirth.To play the media you will need to either update your browser to a recent version or update yourFlash plugin... ✓ 52/100 — The talk demonstrates genuine depth of Buddhist insight and 
[248/639] dharma_talks S17E07 — Metta, Applied and Sustained Thought, Buddhamind.To play the media you will need to either update your browser to a recent version or update yourFlash plugin... ✓ 72/100 — 
[249/639] dharma_talks S17E08 — Equanimity - Foundation of all Virtue.To play the media you will need to either update your browser to a recent version or update yourFlash plugin... ✓ 62/100 — The talk demonstrates genuine insight and conversational war
[250/639] dharma_talks S17E09 — The Mahasi Method.To play the media you will need to either update your browser to a recent version or update yourFlash plugin... ✓ 62/100 — The talk demonstrates genuine warmth, good use of illustrati
[251/639] dharma_talks S17E10 — The Sufferings of the Pleasure Syndrome.To play the media you will need to either update your browser to a recent version or update yourFlash plugin... ✓ 62/100 — This is a competent and engaging dharma talk with genuine wa
[252/639] dharma_talks S17E11 — There is no separation between vipassana and ordinary daily life.To play the media you will need to either update your browser to a recent version or update yourFlash plugin... ✓ 62/100 — This is a warmly engaging, well-structured dharma talk with 
[253/639] dharma_talks S17E12 — Q & A Rebirth Identification Emotions etc..To play the media you will need to either update your browser to a recent version or update yourFlash plugin... ✓ 52/100 — This Q&A dharma talk shows genuine depth of insight and some
[254/639] dharma_talks S17E13 — Why didn't the Buddha return to lay life.To play the media you will need to either update your browser to a recent version or update yourFlash plugin... ✓ 62/100 — This is a warm, wide-ranging dharma talk with genuine wisdom
[255/639] dharma_talks S17E14 — Revising the principles of vipassana.To play the media you will need to either update your browser to a recent version or update yourFlash plugin... ✓ 68/100 — 
[256/639] dharma_talks S17E15 — Dukkha Unsatisfactoriness et al.To play the media you will need to either update your browser to a recent version or update yourFlash plugin... ✓ 72/100 — This is a substantively rich and well-structured dharma talk
[257/639] dharma_talks S17E16 — Encouragement October 09.To play the media you will need to either update your browser to a recent version or update yourFlash plugin... ✓ 62/100 — This is a substantive and well-structured dharma talk with g
[258/639] dharma_talks S17E17 — The practice and the pitfalls of metta, goodwill practice.To play the media you will need to either update your browser to a recent version or update yourFlash plugin... ✓ 62/100 — The talk demonstrates solid structural organization, warm pe
[259/639] dharma_talks S18E01 — How Vipassana relates to Daily Life.To play the media you will need to either update your browser to a recent version or update yourFlash plugin... ✓ 62/100 — This is a warm, engaging dharma talk with genuine insight, e
[260/639] dharma_talks S18E02 — Samatha and - or Vipassana.To play the media you will need to either update your browser to a recent version or update yourFlash plugin... ✓ 62/100 — The talk demonstrates genuine depth of insight and engaging 
[261/639] dharma_talks S18E03 — Metta: Developing Goodwill.To play the media you will need to either update your browser to a recent version or update yourFlash plugin... ✓ 62/100 — The talk demonstrates genuine depth of insight and conversat
[262/639] dharma_talks S18E04 — Karma, Dependent Origination, Virtue and Liberation.To play the media you will need to either update your browser to a recent version or update yourFlash plugin... ✓ 62/100 — The talk demonstrates genuine depth of insight and warm, acc
[263/639] dharma_talks S18E05 — Enthusiam and other questions.To play the media you will need to either update your browser to a recent version or update yourFlash plugin... ✓ 62/100 — The talk demonstrates genuine depth of insight and engaging 
[264/639] dharma_talks S18E06 — Faith and the Spiritual Life.To play the media you will need to either update your browser to a recent version or update yourFlash plugin... ✓ 62/100 — The talk demonstrates genuine warmth, solid thematic coheren
[265/639] dharma_talks S18E07 — Revising the principles of vipassana.To play the media you will need to either update your browser to a recent version or update yourFlash plugin... ✓ 62/100 — 
[266/639] dharma_talks S18E08 — The Buddha's Quest - A Public Talk.To play the media you will need to either update your browser to a recent version or update yourFlash plugin... ✓ 62/100 — The talk demonstrates genuine narrative engagement and moder
[267/639] dharma_talks S18E09 — The problem lies in the looking.To play the media you will need to either update your browser to a recent version or update yourFlash plugin... ✓ 62/100 — The talk demonstrates genuine depth of insight and effective
[268/639] dharma_talks S18E10 — There is no reason for being!.To play the media you will need to either update your browser to a recent version or update yourFlash plugin... ✓ 72/100 — This is a genuinely engaging dharma talk with a memorable fr
[269/639] dharma_talks S18E11 — Towards a whole life practice.To play the media you will need to either update your browser to a recent version or update yourFlash plugin... ✓ 62/100 — The talk demonstrates solid structure, genuine wisdom, and e
[270/639] dharma_talks S19E01 — https://www.satipanya.org.uk/wp-content/uploads/2020/04/Evening-Lockdown-Meditation.mp4... ✓ 28/100 — The talk consists predominantly of chanting, ritualistic rec
[271/639] dharma_talks S19E02 — https://www.satipanya.org.uk/wp-content/uploads/2020/04/01-MN9-Discourse-on-Right-View-Wholesome-and-Unwholesome-Kamma.mp4... ✓ 42/100 — The talk has a warm, conversational tone with some interesti
[272/639] dharma_talks S19E03 — https://www.satipanya.org.uk/wp-content/uploads/2020/04/02-First-Three-Noble-Truths.mp4... ✓ 42/100 — The talk has a warm, conversational style with some effectiv
[273/639] dharma_talks S19E04 — https://www.satipanya.org.uk/wp-content/uploads/2020/04/03-Coronavirus-and-the-Contemplation-of-Death.mp4... ✓ 32/100 — The talk is largely rambling and poorly structured, moving b
[274/639] dharma_talks S19E05 — https://www.satipanya.org.uk/wp-content/uploads/2020/04/04-Contemplation-of-Death-Living-more-awake.mp4... ✓ 38/100 — The talk has some genuine moments of insight around the deat
[275/639] dharma_talks S19E06 — https://www.satipanya.org.uk/wp-content/uploads/2020/04/05-Contemplation-of-Death-again.mp4... ✓ 38/100 — The talk has a warm, conversational tone with occasional viv
[276/639] dharma_talks S19E07 — https://www.satipanya.org.uk/wp-content/uploads/2020/04/06-Renunciation-and-Buddhas-First-Occasion-to-Teach.mp4... ✓ 42/100 — The talk has genuine warmth and occasional moments of insigh
[277/639] dharma_talks S19E08 — https://www.satipanya.org.uk/wp-content/uploads/2020/04/07-Setting-the-Wheel-of-the-Dhamma-in-Motion.mp4... ✓ 62/100 — The talk demonstrates solid structural organization and genu
[278/639] dharma_talks S19E09 — https://www.satipanya.org.uk/wp-content/uploads/2020/04/08-Mindfulness-at-work-And-Right-View-Right-Attitude.mp4... ✓ 42/100 — The talk has a conversational, accessible quality with some 
[279/639] dharma_talks S19E10 — https://www.satipanya.org.uk/wp-content/uploads/2020/04/09-Right-Speech-Action-and-Livelihood.mp4... ✓ 52/100 — The talk has a reasonably clear structural spine following t
[280/639] dharma_talks S19E11 — https://www.satipanya.org.uk/wp-content/uploads/2020/04/10-Grief-1.mp4... ✓ 52/100 — The talk has genuine warmth and some effective moments—the J
[281/639] dharma_talks S19E12 — https://www.satipanya.org.uk/wp-content/uploads/2020/04/11-The-Nutriments-Food-Contact-Volition-and-Consciousness-1.mp4... ✓ 62/100 — The talk demonstrates genuine depth and some effective use o
[282/639] dharma_talks S19E13 — https://www.satipanya.org.uk/wp-content/uploads/2020/04/12-The-Investigation-of-Eating-1.mp4... ✓ 42/100 — The talk has a clear central theme (eating meditation and th
[283/639] dharma_talks S19E14 — https://www.satipanya.org.uk/wp-content/uploads/2020/04/13-Discourse-on-the-Taints-MN-2-Overcome-by-seeing-1.mp4... ✓ 42/100 — The talk has a discernible structure following the sutta tex
[284/639] dharma_talks S19E15 — https://www.satipanya.org.uk/wp-content/uploads/2020/04/14-Not-self-Revisited-The-story-of-Sati-MN38-1.mp4... ✓ 52/100 — The talk has genuine warmth, some effective storytelling (th
[285/639] dharma_talks S19E16 — https://www.satipanya.org.uk/wp-content/uploads/2020/04/15.-The-Discourse-on-Not-self-SN22.6.59.mp4... ✓ 42/100 — The talk has a warm, accessible tone and some effective illu
[286/639] dharma_talks S19E17 — https://www.satipanya.org.uk/wp-content/uploads/2020/04/16.-Investigating-Not-self-The-Pratice.mp4... ✓ 52/100 — The talk demonstrates genuine depth of insight and uses some
[287/639] dharma_talks S19E18 — https://www.satipanya.org.uk/wp-content/uploads/2020/04/17-Questions-See-Description.mp4... ✓ 42/100 — The talk has a warm, conversational tone and occasional mome
[288/639] dharma_talks S19E19 — https://www.satipanya.org.uk/wp-content/uploads/2020/04/18-Overcoming-the-Taints-by-Restraint.mp4... ✓ 52/100 — The talk has a coherent thematic structure around sense rest
[289/639] dharma_talks S19E20 — https://www.satipanya.org.uk/wp-content/uploads/2020/04/19-Overcoming-the-Taints-by-Using.mp4... ✓ 38/100 — The talk has a warm, conversational tone and some practical 
[290/639] dharma_talks S19E21 — https://www.satipanya.org.uk/wp-content/uploads/2020/04/20-Overcoming-the-Taints-by-Endurance.mp4... ✓ 52/100 — 
[291/639] dharma_talks S19E22 — https://www.satipanya.org.uk/wp-content/uploads/2020/04/23-The-Ten-Fetters.mp4... ✓ 42/100 — The talk has a reasonable pedagogical structure and occasion
[292/639] dharma_talks S20E01 — Refuges and Precepts with Metta... ✓ 18/100 — This transcript consists almost entirely of Pali chanting/re
[293/639] dharma_talks S21E01 — Video... ✓ 42/100 — The talk has a clear enough topic (dullness and lethargy as 
[294/639] dharma_talks S21E02 — Video... ✓ 52/100 — The talk demonstrates genuine insight and reasonable structu
[295/639] dharma_talks S21E03 — Video... ✓ 42/100 — The talk has genuine warmth and occasional vivid touches (th
[296/639] dharma_talks S21E04 — Video... ✓ 32/100 — This transcript is a loosely structured, conversational teac
[297/639] dharma_talks S21E05 — Video... ✓ 34/100 — The talk is conversational and occasionally insightful in it
[298/639] dharma_talks S21E06 — Video... ✓ 34/100 — The talk has a warm, genuine tone and some moments of insigh
[299/639] dharma_talks S21E07 — Video... ✓ 42/100 — The talk has a warm, conversational tone with occasional fla
[300/639] dharma_talks S21E08 — Video... ✓ 34/100 — The talk is a loosely structured guided contemplation sessio
[301/639] dharma_talks S22E01 — 2022 Dec 11 To Love or To Be Loved. That is the question!... ✓ 62/100 — The talk shows genuine warmth, reasonable structure, and eff
[302/639] dharma_talks S22E02 — Love and Relationship.... ✓ 42/100 — The talk has a warm, conversational tone and some genuinely 
[303/639] dharma_talks S22E03 — Forgiveness is fundamental to purify the heart. Resentment is a poison. Guilt, shame and remorse can be healed. We owe it to ourselves to be able to ask for forgiveness and make amends, to forgive without revenger and to forgive ourselves.Video... ✓ 31/100 — This is primarily a guided meditation with repetitive instru
[304/639] dharma_talks S22E04 — The introduction... ✓ 42/100 — The talk has a clear thematic structure around forgiveness w
[305/639] dharma_talks S22E05 — Karaniya Metta Sutta... ✓ 52/100 — The talk has genuine warmth, reasonable structure following 
[306/639] dharma_talks S23E01 — Video... ✓ 52/100 — The talk has a reasonably clear structure following the sutt
[307/639] dharma_talks S23E02 — We often hear about suffering and the end of suffering. We practice metta. But what about joy? How do we increase our joy? And what are the dangers?Video... ✓ 52/100 — The talk has genuine warmth, charming anecdotes (the ascetic
[308/639] dharma_talks S23E03 — 2024 Jan. 21 The importance of Tranquillity Passaddhi:... ✓ 42/100 — The talk has a clear topical focus and some genuine insight 
[309/639] dharma_talks S23E04 — Patient Forebearance... ✓ 52/100 — The talk has a clear thematic structure with five well-organ
[310/639] dharma_talks S23E05 — Equanimity... ✓ 52/100 — The talk demonstrates reasonable structural organization acr
[311/639] dharma_talks S23E06 — Sympathy, Empathy and Compassion... ✓ 52/100 — The talk has a clear thematic structure and some engaging mo
[312/639] dharma_talks S23E07 — 2023 June 11 Fear and Courage.... ✓ 52/100 — The talk has a clear thematic framework (six types of fear/c
[313/639] dharma_talks S23E08 — Apologies! I tried to cover too much ground. However tit will appear as a Tip on the Newsbyte.Video... ✓ 42/100 — The talk has a genuine personal anecdote and some thoughtful
[314/639] dharma_talks S23E09 — 2023 Oct 01 'Good Friendship, Companionship, Good Comradeship is the Whole of the Spiritual Life.'... ✓ 52/100 — The talk has genuine warmth and some interesting conceptual 
[315/639] dharma_talks S23E10 — 2021 Gratitude, Generosity and Renunciation... ✓ 52/100 — The talk has a warm, accessible structure with a clear thema
[316/639] dharma_talks S23E11 — 2022 Jul 17 Need, Sufficiency and Greed -... ✓ 42/100 — The talk has a clear thematic structure around need/sufficie
[317/639] dharma_talks S23E12 — 2025 Apr 06 Renunciation.... ✓ 67/100 — The talk demonstrates solid structure, genuine warmth, and e
[318/639] dharma_talks S23E13 — Video... ✓ 62/100 — The talk demonstrates solid intellectual structure and genui
[319/639] dharma_talks S24E01 — Video... ✓ 38/100 — The talk has a clear structural framework (nine qualities of
[320/639] dharma_talks S24E02 — The Buddha and War... ✓ 38/100 — The talk has an interesting thematic focus and some memorabl
[321/639] dharma_talks S24E03 — 2025 May 04 The Buddha as a Teacher.... ✓ 42/100 — The talk has a clear structure built around an illustrative 
[322/639] dharma_talks S25E01 — 2025 June 08 What was the Buddha's great disovery?... ✓ 62/100 — The talk demonstrates genuine depth of insight and effective
[323/639] dharma_talks S25E02 — Video... ✓ 52/100 — The talk has a reasonably clear narrative structure built ar
[324/639] dharma_talks S25E03 — Video... ✓ 72/100 — The talk demonstrates genuine literary merit through well-ch
[325/639] dharma_talks S26E01 — 2024 April.24 Contemplating the Unpleasantness of the Body.... ✓ 42/100 — The talk has a clear central purpose and some engaging momen
[326/639] dharma_talks S26E02 — 2024 June 23 The Unattractive Nature of the Body... ✓ 38/100 — The talk has a warm, accessible tone and includes some effec
[327/639] dharma_talks S26E03 — I own my actions. I inherit the results of my actions. I am born of my actions. I form relations through my actions. I live dependent on my actions. Whatever I do for good or for ill, I shall inherit the results.VideoKarma and Rebirth... ✓ 42/100 — The talk has a clear thematic structure organized around the
[328/639] dharma_talks S26E04 — Karma and Rebirth... ✓ 42/100 — The talk has a clear topical framework (five laws, karma, re
[329/639] dharma_talks S26E05 — 2023 Nov 26 The Five Regular Contemplations.... ✓ 52/100 — The talk has a clear organizational structure following the 
[330/639] dharma_talks S26E06 — 2022 Nov 06 The Contemplation of Death.... ✓ 62/100 — The talk demonstrates genuine structural coherence and some 
[331/639] dharma_talks S26E07 — The Eight Worldly Winds... ✓ 52/100 — The talk has a clear thematic structure around the eight wor
[332/639] dharma_talks S27E01 — The Paradox of Fear... ✓ 42/100 — The talk has a clear enough thematic arc (from unwholesome t
[333/639] dharma_talks S27E02 — 2025 Jan 12 Dukkha - the Buddha grounds his teaching on this word... ✓ 62/100 — The talk demonstrates solid organizational structure built a
[334/639] dharma_talks S27E03 — 2024 Feb. 25 The crucial role of Desire and Intention.... ✓ 62/100 — The talk demonstrates solid structural organization around t
[335/639] dharma_talks S27E04 — 2024 July 14 The Four Great Elements... ✓ 52/100 — The talk has a clear educational structure and some effectiv
[336/639] dharma_talks S27E05 — 2024 August 18 The Specific Law of Conditionality... ✓ 58/100 — The talk demonstrates genuine intellectual depth and good st
[337/639] dharma_talks S27E06 — 2024 September 15 The Dangers of Indulgence... ✓ 52/100 — The talk has a clear thematic structure with five well-organ
[338/639] dharma_talks S27E07 — 2023 Jan. 08 The Four Bases of Power :... ✓ 42/100 — The talk has a clear enough structure around the four bases 
[339/639] dharma_talks S27E08 — Video... ✓ 62/100 — The talk demonstrates solid structural logic—tracing the spi
[340/639] dharma_talks S27E09 — 2023 Oct 29 The Spiral Path... ✓ 72/100 — This is a well-structured, genuinely insightful dharma talk 
[341/639] dharma_talks S27E10 — 2021 Four Noble Truths... ✓ 58/100 — The talk has genuine warmth and some vivid moments—the Sayad
[342/639] dharma_talks S27E11 — Dukkha (Unsatisfactoriness and Sila (Morality and Ethics) -... ✓ 48/100 — The talk has a clear thematic structure moving through dukkh
[343/639] dharma_talks S27E12 — Dependent Origination, the Role of desire and the only Choice.... ✓ 52/100 — The talk demonstrates a reasonably clear structure walking t
[344/639] dharma_talks S27E13 — 2022 Oct 09 Identity and Not-Self.... ✓ 72/100 — This is a well-structured dharma talk with genuine literary 
[345/639] dharma_talks S28E01 — Video... ✓ 42/100 — The talk has a conversational warmth and some engaging anecd
[346/639] dharma_talks S28E02 — Right Livelihood... ✓ 42/100 — The talk has a conversational warmth and occasional flashes 
[347/639] dharma_talks S28E03 — 2022 Sep 11 Rest for Autumn.... ✓ 34/100 — The talk is a loosely structured, conversational sequence of
[348/639] dharma_talks S29E01 — Bahiya of the Bark Cloth... ✓ 42/100 — The talk has an engaging conversational tone and some genuin
[349/639] dharma_talks S29E02 — 2023 March 05... ✓ 62/100 — The talk demonstrates solid structural organization around a
[350/639] dharma_talks S29E03 — ,... ✓ 58/100 — The talk demonstrates solid structural organization around a
[351/639] dharma_talks S30E01 — 2022 Aug 14 Climate Emergency and the Role of the Dhamma Video... ✓ 32/100 — The talk is loosely structured and conversational with some 
[352/639] dharma_talks S30E02 — Non-Violence v. Pacifism... ✓ 52/100 — 
[353/639] dharma_talks S30E03 — 2022 Apr 17 Noliberalism and Mindfulness... ✓ 52/100 — The talk has a clear thematic arc connecting neoliberalism t
[354/639] dharma_talks S30E04 — 2022 Jun 19 Social Conditionng or Karma - Our social conditioning is a given, but even so we have to take responsibility for it and cleanse it any unwholesomeness.... ✓ 52/100 — The talk has genuine warmth and some vivid personal anecdote
[355/639] dharma_talks S31E01 — Buddha Day Address : His Training : The Fetters... ✓ 62/100 — The talk demonstrates genuine depth of insight and effective
[356/639] dharma_talks S31E02 — ood Friendhship, Good Companionship, Good Comradeship - Ubuntu... ✓ 52/100 — The talk has genuine warmth, some effective illustrations (U
[357/639] dharma_talks S31E03 — Dependent Origination Revisited... ✓ 62/100 — The talk demonstrates genuine insight and some effective ill
[358/639] dharma_talks S31E04 — Karma- Specific, Conditionality the Five Laws, ethical behaviour, social karma-Neoliberalism.... ✓ 62/100 — The talk demonstrates genuine intellectual range and occasio
[359/639] dharma_talks S31E05 — No more ideologies!... ✓ 62/100 — The talk demonstrates genuine intellectual breadth—weaving p
[360/639] dharma_talks S31E06 — The Mahasi Technique and What We Need to Understand to Practice Vipassana.... ✓ 72/100 — The talk demonstrates genuine literary quality through vivid
[361/639] dharma_talks S31E07 — Dependent Orignation and how all other importnant teachings are included.... ✓ 62/100 — The talk demonstrates genuine depth of insight and good stru
[362/639] dharma_talks S31E08 — The Axial Age and the Momentous Discovery of the Buddha... ✓ 62/100 — The talk demonstrates genuine breadth of insight and engagin
[363/639] dharma_talks S31E09 — Dependent Orgination is based on Not-Knowing and Innocence... ✓ 62/100 — The talk demonstrates genuine depth of insight and builds lo
[364/639] dharma_talks S31E10 — Khanda, the Agregates, as Person and Sati, Awareness... ✓ 72/100 — This is a substantive and well-organized dharma talk with ge
[365/639] dharma_talks S31E11 — Misunderstanding re. the Self, Karma and transcendence... ✓ 62/100 — This dharma talk demonstrates genuine depth of insight and e
[366/639] dharma_talks S31E12 — Q&A Kamma / FreeWill , Metta/attachment, Momentary Concentration (khanika samadhi)... ✓ 52/100 — This Q&A dharma talk demonstrates genuine warmth, some effec
[367/639] dharma_talks S31E13 — Q&A Emotions: Awareness/Delusion:Insight : Masculine/Feminine : Sense-of-Self : Porridge-itself-has-no-taste.... ✓ 62/100 — This Q&A dharma talk demonstrates genuine depth of insight a
[368/639] dharma_talks S32E01 — Angulimala A Monologue 00.54.49 21.9 MB... ✓ 82/100 — This is a remarkably accomplished dramatic monologue that de
[369/639] noirins_teachings S01E01 — Talk read by Therese Caherty... ✓ 62/100 — This autobiographical dharma talk is warmly engaging and str
[370/639] noirins_teachings S02E01 — Vipassana Instructions... ✓ 42/100 — This is a competent but largely functional guided meditation
[371/639] noirins_teachings S03E01 — The First Noble truth - Impermanence and Unsatisfactoriness... ✓ 62/100 — The talk has genuine warmth and a memorable personal anecdot
[372/639] noirins_teachings S03E02 — The First noble truth - Not-Self and Unsatisfactoriness... ✓ 62/100 — The talk demonstrates genuine depth of insight and uses effe
[373/639] noirins_teachings S03E03 — The Second Noble Truth - The Cause of Unsatisfactoriness... ✓ 62/100 — The talk demonstrates solid structural organization around t
[374/639] noirins_teachings S03E04 — The Third Noble Truth - The End of Unsatisfactoriness... ✓ 62/100 — The talk demonstrates genuine insight and employs some effec
[375/639] noirins_teachings S03E05 — The Fourth Noble Truth - The Path Leading to the End of Unsatisfactoriness... ✓ 62/100 — The talk demonstrates solid structural clarity in systematic
[376/639] noirins_teachings S04E01 — Introduction to the Mahasi Meditation Practice - read by Finola O'Siochru... ✓ 72/100 — This is a well-structured, engaging dharma talk with genuine
[377/639] noirins_teachings S04E02 — Hindrances and Factors of Enlightenment - read by Marie Caroll... ✓ 72/100 — This is a well-structured, genuinely engaging dharma talk wi
[378/639] noirins_teachings S04E03 — 1st, 2nd & 3rd Noble Truths: Dukkha, its Cause & Cessation - r... ✓ 72/100 — This is a well-structured, thoughtful dharma talk with genui
[379/639] noirins_teachings S04E04 — 4th Noble Truth: Eightfold Path in Daily Life - read by Therese Caherty... ✓ 62/100 — This is a well-structured, clearly organized dharma talk wit
[380/639] noirins_teachings S05E01 — The Hindrances - read by Finola O'Siochru... ✓ 72/100 — This is a well-structured, richly illustrated dharma talk th
[381/639] noirins_teachings S05E02 — The Factors of Enlightenment - read by Finola O'Siochru... ✓ 72/100 — This is a well-structured, thoughtful dharma talk with a mem
[382/639] noirins_teachings S05E03 — First Noble Truth: There is Dukkha - read by Finola O'Siochru... ✓ 72/100 — This is a thoughtful, well-structured dharma talk with genui
[383/639] noirins_teachings S05E04 — Second and Third Nobe Truths: Cause and Cessation of Dukkh - read by Finola O'Siochru... ✓ 72/100 — This is a well-structured, analytically rich dharma talk tha
[384/639] noirins_teachings S05E05 — Fourth Noble Truth: The Path to the End of Dukkha - read by Finola O'Siochru... ✓ 72/100 — This is a well-structured, clearly organized dharma talk wit
[385/639] noirins_teachings S05E06 — Foundations for Mindfulness (Satipatthana Sutta) - read by Finola O'Siochru... ✓ 72/100 — This is a well-structured, engaging dharma talk with genuine
[386/639] noirins_teachings S05E07 — Attachment: The Five Khanda - read by Finola O'Siochru... ✓ 78/100 — This is a well-structured, intellectually substantive dharma
[387/639] noirins_teachings S05E08 — Divine Abiding: a. Equanimity - read by Biddy O'Connell... ✓ 72/100 — This talk demonstrates genuine structural coherence, thought
[388/639] noirins_teachings S05E09 — Divine Abiding: b. Goodwill, Metta - read by Biddy O'Connell... ✓ 72/100 — This is a thoughtful, well-structured dharma talk with genui
[389/639] noirins_teachings S05E10 — Divine Abiding, c. Compassion - read by Biddy O'Connell... ✓ 72/100 — This is a well-structured, intellectually substantive dharma
[390/639] noirins_teachings S05E11 — Divine Abiding, d. Appreciative Joy, Mudita - read by Therese Caherty... ✓ 72/100 — This is a well-structured, thoughtful dharma talk with clear
[391/639] noirins_teachings S05E12 — Sense Contact - The Six Sense Spheres - read by Finola O'Siochru... ✓ 72/100 — This talk demonstrates strong structural organization, rich 
[392/639] noirins_teachings S05E13 — Spiritual Faculties - read by Finola O'Siochru... ✓ 72/100 — This is a well-structured, thoughtful dharma talk with stron
[393/639] noirins_teachings S05E14 — Mindfulness of Breathing - read by Finola O'Siochru... ✓ 68/100 — This is a well-structured and thoughtful dharma talk with ge
[394/639] noirins_teachings S05E15 — Destruction of Craving a. Tracing back to the origin of Dukkha... ✓ 72/100 — This is a thoughtful, well-structured dharma talk with genui
[395/639] noirins_teachings S05E16 — Destruction of Craving b. Examining each link in the chain... ✓ 72/100 — This is a well-structured, intellectually substantive dharma
[396/639] noirins_teachings S05E17 — Two Kinds of Thought - read by Finola O'Siochru... ✓ 72/100 — This is a well-structured, engaging dharma talk with vivid p
[397/639] noirins_teachings S05E18 — Removal of Distracting Thoughts - read by Finola O'Siochru... ✓ 72/100 — This is a well-structured, personally grounded dharma talk w
[398/639] noirins_teachings S05E19 — In the Seeing, only the seeing ... (Bahiya Sutta) - read by Finola O'Siochru... ✓ 72/100 — This is a well-structured and thoughtful dharma talk with ge
[399/639] noirins_teachings S05E20 — Greed, Hatred and Delusion as Foundations for Mindfulness... ✓ 72/100 — This is a well-structured, intellectually substantive dharma
[400/639] noirins_teachings S05E21 — Exalted, Unexalted and other Mindstates as Foundations for Mindfulness... ✓ 72/100 — This is a well-structured, intellectually substantive dharma
[401/639] noirins_teachings S05E22 — Building a Raft to Cross the Floods of Sensuality and Views... ✓ 74/100 — This talk demonstrates strong literary merit through a well-
[402/639] noirins_teachings S05E23 — Building a Raft to Cross the Floods of Becoming and Ignorance... ✓ 78/100 — This talk demonstrates strong literary merit through its sus
[403/639] noirins_teachings S05E24 — Beset by Perceptions (Honeyball Sutta)... ✓ 72/100 — This is a well-structured, intellectually substantive dharma
[404/639] noirins_teachings S05E25 — The Buddha's Death (Parinibbana Sutta)... ✓ 72/100 — This is a well-structured, intellectually engaged dharma tal
[405/639] international_talks S01E01 — Méditation Guidée: Debout et Assise... ✓ 28/100 — This is a guided meditation transcript with highly repetitiv
[406/639] international_talks S01E02 — Meditation Guidee Detaillee... ✓ 32/100 — This is primarily a detailed guided meditation with repetiti
[407/639] international_talks S01E03 — Méditation Guidée Debout et Assise... ✓ 32/100 — This is primarily a guided meditation with repetitive instru
[408/639] international_talks S01E04 — Trois compréhensions nécessaires... ✓ 52/100 — The talk has a coherent three-part structure and uses some e
[409/639] international_talks S01E05 — Méditation Debout... ✓ 28/100 — This is primarily a guided meditation with repetitive instru
[410/639] international_talks S01E06 — Méditation Assise... ✓ 32/100 — This is primarily a guided meditation with repetitive instru
[411/639] international_talks S02E01 — La conscience juste, les obstacles comme chemin vers la libération et les trois caractéristiques.... ✓ 52/100 — This bilingual dharma talk (English/French) demonstrates dec
[412/639] international_talks S02E02 — How we use the self and what does it mean for not-self.... ✓ 42/100 — The talk covers genuinely interesting dharmic territory—the 
[413/639] international_talks S03E01 — The Hindrances... ✓ 42/100 — This bilingual (French/English) dharma talk on the five hind
[414/639] international_talks S03E02 — Non-soi... ✓ 42/100 — The talk covers substantive Buddhist doctrine (anatta, the k
[415/639] international_talks S04E01 — La Libre Volunté... ✓ 52/100 — The talk shows genuine philosophical engagement and some eff
[416/639] international_talks S05E01 — Le Dhamma dans la vie quotidienne ordinaire.... ✓ 52/100 — The talk has a recognizable structure moving from dukkha's t
[417/639] international_talks S05E02 — Scientisme Romatisme Bouddhisme... ✓ 52/100 — The talk demonstrates genuine intellectual ambition in compa
[418/639] international_talks S07E01 — Une tentative de comprendre le non-soi.... ✓ 52/100 — This French dharma talk demonstrates genuine philosophical d
[419/639] international_talks S07E02 — Retour à l'essentiel.... ✓ 38/100 — The talk has genuine philosophical substance and some effect
[420/639] international_talks S08E01 — Bonheur... ✓ 52/100 — The talk has a genuinely thoughtful structure comparing Chri
[421/639] international_talks S08E02 — L'Esprit Concevoir et les Empêches... ✓ 48/100 — This bilingual (French/English) dharma talk has genuine warm
[422/639] international_talks S09E01 — Metta Bhavana Bienveillance (15 min)(Lausanne Oct 2010)... ✓ 28/100 — This is primarily a guided metta meditation with repetitive 
[423/639] international_talks S09E02 — Nous causons de la souffrance pour nous meme.(Lausanne Oct 2010)... ✓ 52/100 — This bilingual French-English dharma talk demonstrates reaso
[424/639] international_talks S09E03 — Le Kamma de la Liberation(Lausanne Oct 2010)... ✓ 52/100 — The talk demonstrates genuine philosophical depth and some e
[425/639] international_talks S10E01 — Les Bases de Vipassana.... ✓ 52/100 — This French-language dharma talk has genuine structural cohe
[426/639] international_talks S10E02 — Progres et d'autres sujets.... ✓ 42/100 — The talk covers substantive Buddhist themes (equanimity, non
[427/639] international_talks S10E03 — Questions and des Questions Plus.... ✓ 42/100 — The talk demonstrates genuine depth of insight and some effe
[428/639] international_talks S10E04 — Dependant Origination (Belgium Jan 2006)... ✓ 42/100 — This bilingual (French/English) dharma talk offers a compete
[429/639] international_talks S10E05 — The Purpose of Meditation (Belgium Jan 2006)... ✓ 42/100 — This French-language dharma talk has a coherent conceptual f
[430/639] international_talks S10E06 — Why the Present Moment is So Important (Geneva May 2006)... ✓ 42/100 — The talk presents coherent Buddhist concepts (impermanence, 
[431/639] international_talks S10E07 — Q&A Concerning States of Mind - Sankhara (Geneva May 2006)... ✓ 32/100 — This heavily French-language Q&A transcript suffers from sig
[432/639] international_talks S10E08 — Concerning Buddhist Psychology (Geneva May 2006)... ✓ 42/100 — The talk shows genuine philosophical depth and uses some eff
[433/639] international_talks S10E09 — Concerning Metta and Other Questions (Geneva May 2006)... ✓ 28/100 — This transcript of a bilingual Q&A dharma session suffers fr
[434/639] international_talks S10E10 — Le Methode de Mahasi Vipassana (Lausanne Oct 2009)... ✓ 52/100 — The talk demonstrates genuine insight and some vivid illustr
[435/639] international_talks S10E11 — Les Empeches de Vipassana (Lausanne Oct 2009)... ✓ 62/100 — This French dharma talk on the five hindrances demonstrates 
[436/639] international_talks S10E12 — Les Facteurs de Liberation (Lausanne Oct 2009)... ✓ 52/100 — The talk demonstrates genuine depth of insight and some effe
[437/639] international_talks S10E13 — Psychologie de Buddha (Lausanne Oct 2009)... ✓ 52/100 — This bilingual (French/English) dharma talk demonstrates dec
[438/639] international_talks S11E01 — Entering the Course... ✓ 18/100 — The transcript is a heavily fragmented, repetitive Czech-lan
[439/639] international_talks S11E02 — The Mahasi Method... ✓ 32/100 — The talk contains some genuine dharmic insights (the discuss
[440/639] international_talks S11E03 — The Joyful Aspects of Meditation... ✓ 32/100 — The talk has some genuine philosophical content and occasion
[441/639] international_talks S11E04 — The Wheel of Dependent Origination... ✓ 38/100 — The talk covers meaningful Buddhist psychological content wi
[442/639] international_talks S11E05 — The Perfections... ✓ 42/100 — The talk has a clear thematic focus on the Perfections (pāra
[443/639] international_talks S11E06 — Karma... ✓ 28/100 — This transcript is a partially bilingual (Czech/English) dha
[444/639] international_talks S11E07 — Evening Metta Chant and Instructions... ✓ 18/100 — This transcript consists primarily of Pali chanting, multili
[445/639] international_talks S11E08 — Morning Chant... ✓ 12/100 — This transcript consists almost entirely of Pali chanting wi
[446/639] international_talks S12E01 — Meditazione in Piedi e Seduta... ✓ 28/100 — This is primarily a bilingual (Italian/English) guided medit
[447/639] international_talks S12E02 — Meditazione guidata dettagliata :sometimes use 'save as'... ✓ 42/100 — This is a competently structured guided meditation transcrip
[448/639] international_talks S12E03 — Mahasi Instructions and Metta Chant... ✓ 42/100 — The talk has genuine philosophical depth and some effective 
[449/639] international_talks S12E04 — The Hindrances... ✓ 42/100 — The talk contains genuine insight and some effective illustr
[450/639] international_talks S12E05 — Factors of Enlightenment... ✓ 42/100 — The talk has genuine warmth and some effective illustrations
[451/639] international_talks S12E06 — Dependent Origination... ✓ 42/100 — The talk demonstrates genuine depth of Buddhist insight and 
[452/639] international_talks S12E07 — Kamma... ✓ 42/100 — The talk demonstrates genuine philosophical depth in explain
[453/639] international_talks S12E08 — Metta Guidata... ✓ 18/100 — This is primarily a guided metta meditation with repetitive 
[454/639] international_talks S12E09 — c. corpo med guidata... ✓ 28/100 — This is primarily a guided body-scan meditation with repetit
[455/639] international_talks S12E10 — Intro. Guarig. corpo med guidata... ✓ 18/100 — This is primarily a guided meditation with repetitive instru
[456/639] youtube_channel S01E01 — Basics for Insight Meditation 01... ✓ 72/100 — The talk demonstrates genuine rhetorical skill, vivid illust
[457/639] youtube_channel S01E02 — 70th Birthday Bhante Bodhidhamma's Life story... ✓ 62/100 — This autobiographical dharma talk demonstrates genuine warmt
[458/639] youtube_channel S01E03 — Talk Starting Inaugural Lockdown Evening Meditations 29/03/20... ✓ 28/100 — This inaugural lockdown talk is largely conversational and l
[459/639] youtube_channel S01E04 — 02 First Three Noble Truths... ✓ 42/100 — The talk demonstrates genuine insight into Buddhist teaching
[460/639] youtube_channel S01E05 — 01 MN9 Discourse on Right View  Wholesome and Unwholesome Kamma... ✓ 42/100 — The talk has genuine warmth and occasional vivid moments (th
[461/639] youtube_channel S01E06 — Evening Lockdown Meditation... ✓ 28/100 — The talk consists predominantly of chanted Pali liturgy, rep
[462/639] youtube_channel S01E07 — 03 Coronavirus and the Contemplation of Death... ✓ 32/100 — The talk is largely rambling and discursive, moving haphazar
[463/639] youtube_channel S01E08 — 04 Contemplation of Death : Living more awake... ✓ 42/100 — The talk has moments of genuine insight and some effective u
[464/639] youtube_channel S01E09 — 05 Contemplation of Death again!... ✓ 38/100 — The talk has some engaging moments—a vivid reader email, occ
[465/639] youtube_channel S01E10 — 06 Renunciation and Buddha's First Occasion to Teach... ✓ 42/100 — The talk has moments of genuine insight and some engaging st
[466/639] youtube_channel S01E11 — 07 Setting the Wheel of the Dhamma in Motion... ✓ 62/100 — The talk demonstrates genuine depth of insight and uses some
[467/639] youtube_channel S01E12 — 08 Mindfulness at work And Right View Right Attitude... ✓ 42/100 — The talk has a conversational, accessible style with occasio
[468/639] youtube_channel S01E13 — 09 Right Speech, Action and Livelihood... ✓ 52/100 — The talk has a reasonably clear structure following the Eigh
[469/639] youtube_channel S01E14 — 10 Grief... ✓ 52/100 — The talk has genuine warmth and some effective moments—the J
[470/639] youtube_channel S01E15 — 11 The Nutriments: Food, Contact, Volition and Consciousness... ✓ 52/100 — The talk demonstrates genuine structural coherence in workin
[471/639] youtube_channel S01E16 — 12 The Investigation of Eating... ✓ 52/100 — 
[472/639] youtube_channel S01E17 — 13 Discourse on the Taints MN 2 : Overcome by seeing... ✓ 52/100 — The talk demonstrates genuine depth of insight and effective
[473/639] youtube_channel S01E18 — 14 Not-self Revisited The story of Sati MN38... ✓ 52/100 — The talk demonstrates genuine insight and decent narrative e
[474/639] youtube_channel S01E19 — 16. Investigating Not-self - The Pratice... ✓ 62/100 — The talk demonstrates genuine depth and some vivid illustrat
[475/639] youtube_channel S01E20 — 17 Questions  See Description... ✓ 52/100 — The talk has genuine warmth, some effective analogies (the w
[476/639] youtube_channel S01E21 — 18 Overcoming the Taints by Restraint... ✓ 52/100 — The talk has a coherent structure built around sense restrai
[477/639] youtube_channel S01E22 — 19 Overcoming the Taints by Using... ✓ 38/100 — The talk has a warm, conversational tone and some practical 
[478/639] youtube_channel S01E23 — 20 Overcoming the Taints by Endurance... ✓ 52/100 — The talk has genuine warmth, good narrative engagement throu
[479/639] youtube_channel S01E24 — 21a Overcoming the Taints by Removing 1... ✓ 42/100 — The talk has a clear enough organizational structure followi
[480/639] youtube_channel S01E25 — 21b Overcoming the Taints by Removing 2... ✓ 52/100 — The talk demonstrates genuine warmth and some effective use 
[481/639] youtube_channel S01E26 — 22 Overcoming the Taints by Developing... ✓ 52/100 — The talk has genuine warmth and some effective analogies (th
[482/639] youtube_channel S01E27 — 23 The Ten Fetters... ✓ 42/100 — The talk has a clear pedagogical structure walking through t
[483/639] youtube_channel S01E28 — 24 Society... ✓ 52/100 — 
[484/639] youtube_channel S01E29 — 25 Reflections for an Harmonious Society... ✓ 42/100 — The talk has genuine warmth and occasional moments of insigh
[485/639] youtube_channel S01E30 — 26 More Reflections... ✓ 38/100 — The talk is loosely structured and conversational with occas
[486/639] youtube_channel S01E31 — 27 What makes a Society Strong?... ✓ 38/100 — The talk has an interesting historical core (the Vajji princ
[487/639] youtube_channel S01E32 — 28 The Six Sense Bases MN137... ✓ 52/100 — The talk demonstrates decent pedagogical structure and some 
[488/639] youtube_channel S01E33 — 29 Senses Bases Cont.... ✓ 42/100 — The talk offers a competent but unpolished exposition of Bud
[489/639] youtube_channel S01E34 — Metta, Forgiveness and Determination Practice... ✓ 38/100 — This is a largely instructional guided meditation with some 
[490/639] youtube_channel S01E35 — 01 Reiki with Bryan Lester... ✓ 28/100 — This rambling, largely unstructured talk on Reiki techniques
[491/639] youtube_channel S01E36 — Some Pointers for Metta... ✓ 42/100 — The talk has a warm, conversational tone with occasional gen
[492/639] youtube_channel S01E37 — Bodycare Practice - Metta towards the Body.... ✓ 38/100 — The talk has a recognizable structure moving from body conte
[493/639] youtube_channel S01E38 — 02 Reiki with Bryan... ✓ 22/100 — This is a rambling, loosely structured guided Reiki session 
[494/639] youtube_channel S01E39 — Body as Meditation Object... ✓ 52/100 — The talk has genuine warmth, occasional vivid passages (the 
[495/639] youtube_channel S01E40 — The Basics of Insight Meditation 03... ✓ 52/100 — The talk demonstrates genuine insight and uses some effectiv
[496/639] youtube_channel S01E41 — 03 Reiki with Bryan... ✓ 22/100 — This transcript is largely a loosely structured, conversatio
[497/639] youtube_channel S01E42 — 33 Kalama Sutta AN 3.65... ✓ 42/100 — The talk shows intellectual ambition in connecting a contemp
[498/639] youtube_channel S01E43 — 35 Canki Sutta MN95... ✓ 42/100 — The talk offers genuine insight and an engaging anecdote (th
[499/639] youtube_channel S01E44 — 34 Kalama Discourse cont.... ✓ 38/100 — The talk has an informal, meandering structure with occasion
[500/639] youtube_channel S01E45 — 36 Canki Sutta cont.... ✓ 42/100 — The talk has a clear enough structural backbone (following t
[501/639] youtube_channel S01E46 — 37 Shorter Discourse on Gosinga... ✓ 42/100 — The talk has warmth and some engaging personal anecdotes (vi
[502/639] youtube_channel S01E47 — Gaia Standing and Sitting Guided Meditation... ✓ 32/100 — This is primarily a guided meditation with repetitive instru
[503/639] youtube_channel S01E48 — 38 Discourse on the Establishment of Awareness Satipatthana  Sutta MN10... ✓ 42/100 — The talk has genuine depth and occasional vivid moments (the
[504/639] youtube_channel S01E49 — 31b The Body... ✓ 52/100 — The talk has genuine depth and some vivid illustrations (the
[505/639] youtube_channel S01E50 — 39 Discourse on the Establishment of Awareness Satipatthana  Sutta MN10... ✓ 42/100 — The talk has a warm, conversational tone with occasional mom
[506/639] youtube_channel S01E51 — 40 Discourse on the Establishment of Awareness Satipatthana  Sutta MN10... ✓ 42/100 — The talk has genuine warmth and some effective illustrative 
[507/639] youtube_channel S01E52 — 41 Discourse on the Establishment of Awareness Satipatthana  Sutta MN10... ✓ 38/100 — The talk has occasional moments of genuine insight and some 
[508/639] youtube_channel S01E53 — 42 Discourse on the Establishment of Awareness Satipatthana  Sutta MN10... ✓ 42/100 — The talk has a clear enough thematic structure following the
[509/639] youtube_channel S01E54 — 43 Discourse on the Establishment of Awareness Satipatthana  Sutta MN10... ✓ 42/100 — The talk is a competent but unremarkable exegetical reading 
[510/639] youtube_channel S01E55 — 44 The Relay of Chariots MN24... ✓ 52/100 — The talk demonstrates genuine warmth and narrative engagemen
[511/639] youtube_channel S01E56 — 45 The Relay of Chariots MN24... ✓ 52/100 — The talk demonstrates genuine depth of Buddhist knowledge an
[512/639] youtube_channel S01E57 — 50 Dog Ascetic Discourse MN57... ✓ 42/100 — The talk offers an engaging and occasionally witty exegesis 
[513/639] youtube_channel S01E58 — Gratitude Generosity Renunciation... ✓ 52/100 — The talk has a warm, conversational charm and decent structu
[514/639] youtube_channel S01E59 — Spanish Introduction - Refuges and Precepts, Standing ans Sitting Meditation... ✓ 32/100 — This is primarily a bilingual guided meditation with repetit
[515/639] youtube_channel S01E60 — Saddha Confidence and Trust... ✓ 42/100 — The talk has a clear topical focus on saddha and makes reaso
[516/639] youtube_channel S01E61 — Dhp 188 - 192 The Role of Confidence.... ✓ 42/100 — The talk has a warm, conversational quality with some engagi
[517/639] youtube_channel S01E62 — Dhp 153   154 The Buddha's Victory Verses... ✓ 52/100 — The talk demonstrates genuine insight and uses two effective
[518/639] youtube_channel S01E63 — Dhp 4 Hatred is not overcome with hatred!... ✓ 52/100 — The talk has a warm, conversational tone with some effective
[519/639] youtube_channel S01E64 — Dhp 21 - 23... ✓ 42/100 — The talk has a clear thematic focus on diligence with some i
[520/639] youtube_channel S01E65 — Dhp Chapter 3 - verses 33 & 34 The Unruly Mind... ✓ 42/100 — The talk has a clear thematic structure around two Dhammapad
[521/639] youtube_channel S01E66 — Dhp 01 02  Mind is the forerunner... ✓ 58/100 — The talk demonstrates solid structure and genuine insight—mo
[522/639] youtube_channel S01E67 — Dhp No4 Hatred is not pacified by hatred... ✓ 42/100 — The talk has a warm, conversational quality and makes decent
[523/639] youtube_channel S01E68 — Dhp 256 157  Judgmental v Judicious... ✓ 42/100 — The talk has a clear central theme (judgmental vs. judicious
[524/639] youtube_channel S01E69 — Dhp 46 How to view the Body... ✓ 52/100 — The talk has a clear thematic structure built around the ver
[525/639] youtube_channel S01E70 — The Four Noble Truths... ✓ 62/100 — The talk has genuine warmth, some effective illustrations (t
[526/639] youtube_channel S01E71 — The NIne Qualities of the Buddha... ✓ 42/100 — The talk has a clear organizational structure (moving throug
[527/639] youtube_channel S01E72 — Dhp 360 362 Restraint... ✓ 52/100 — The talk has a warm, conversational tone with some engaging 
[528/639] youtube_channel S01E73 — Dhp 90 The Arahant... ✓ 52/100 — The talk has a warm, conversational quality with some vivid 
[529/639] youtube_channel S01E74 — Vita Quotidiana... ✓ 52/100 — The talk has a warm, conversational quality with occasional 
[530/639] youtube_channel S01E75 — Dukkha Unsatifactoriness and Sila Morality and Ethics... ✓ 42/100 — The talk has a clear thematic framework moving through dukkh
[531/639] youtube_channel S01E76 — Dependent Origination and the Role of Desire and the Only Choice... ✓ 52/100 — The talk demonstrates genuine insight and uses some effectiv
[532/639] youtube_channel S01E77 — Kamma and Rebirth... ✓ 42/100 — The talk has a recognizable structure covering karma's five 
[533/639] youtube_channel S01E78 — Gratitude Generosity and Renunciation... ✓ 42/100 — The talk has a clear thematic arc connecting gratitude, gene
[534/639] youtube_channel S01E79 — Facets of a Love... ✓ 42/100 — The talk has a warm, conversational tone with a few genuinel
[535/639] youtube_channel S01E80 — Apamado DHP 22 23 24... ✓ 38/100 — The talk has a friendly, conversational quality with some us
[536/639] youtube_channel S01E81 — Ageing... ✓ 52/100 — The talk has genuine warmth, a charming personal voice, and 
[537/639] youtube_channel S01E82 — Dhp 152 153 The Inner Critic... ✓ 42/100 — The talk has a warm, conversational tone with some effective
[538/639] youtube_channel S01E83 — Sympathy Empathy and Compassion... ✓ 62/100 — The talk has an engaging, conversational quality with some e
[539/639] youtube_channel S01E84 — DHP 314-317 From the Chapter on Hell... ✓ 42/100 — The talk has moments of genuine insight—particularly the clo
[540/639] youtube_channel S01E85 — Non-Violence is not Pacificism... ✓ 52/100 — The talk has genuine intellectual substance and some effecti
[541/639] youtube_channel S01E86 — Neoliberalism and Mindfulness... ✓ 52/100 — The talk shows genuine intellectual engagement and some effe
[542/639] youtube_channel S01E87 — The Buddha and War.... ✓ 52/100 — The talk has a clear thematic structure built around three B
[543/639] youtube_channel S01E88 — Need Sufficiency and Greed... ✓ 38/100 — The talk has a clear enough thematic thread (need vs. suffic
[544/639] youtube_channel S01E89 — Social Conditioning or Karma... ✓ 42/100 — The talk has a thoughtful central argument distinguishing so
[545/639] youtube_channel S01E90 — Climate Emergency... ✓ 34/100 — The talk is loosely structured and conversational, touching 
[546/639] youtube_channel S01E91 — Reset for Autumn... ✓ 32/100 — This talk is a loosely structured, conversational series of 
[547/639] youtube_channel S01E92 — Identity and Not-Self... ✓ 72/100 — This talk demonstrates genuine literary merit through vivid,
[548/639] youtube_channel S01E93 — The Contemplation of Death... ✓ 62/100 — The talk demonstrates genuine warmth, wit, and occasional el
[549/639] youtube_channel S01E94 — To Love or To Be Loved. That is the question.... ✓ 62/100 — The talk demonstrates genuine intellectual engagement, drawi
[550/639] youtube_channel S01E95 — The Bases of Success... ✓ 42/100 — The talk has a clear enough structure and some engaging pers
[551/639] youtube_channel S01E96 — Bahiya of the Bark Cloth... ✓ 42/100 — The talk has an engaging narrative hook and some interesting
[552/639] youtube_channel S01E97 — The Discourse on Bahiya of the Bark Cloth Ud.1.10... ✓ 62/100 — The talk demonstrates genuine depth of insight and warm narr
[553/639] youtube_channel S01E98 — Joy... ✓ 52/100 — The talk has genuine warmth, engaging anecdotes (the ascetic
[554/639] youtube_channel S01E99 — Is the Buddha and athiest?... ✓ 42/100 — The talk addresses an intellectually rich topic with some in
[555/639] youtube_channel S01E100 — Fear and Courage... ✓ 52/100 — The talk has a clear six-part organizational framework and o
[556/639] youtube_channel S01E101 — Patience... ✓ 52/100 — The talk has a clear thematic structure and some effective u
[557/639] youtube_channel S01E102 — Equanimity - The most important of all virtues.... ✓ 52/100 — The talk has a coherent thematic structure and some genuine 
[558/639] youtube_channel S01E103 — Compassion and its subtle enemies.... ✓ 52/100 — The talk has genuine warmth and some effective personal anec
[559/639] youtube_channel S01E104 — Good Friendship, Good Companionship, Good Comradship is the whole of the Spiritual Life... ✓ 52/100 — The talk has a warm, conversational tone with some interesti
[560/639] youtube_channel S01E105 — The Five Constant Contemplations... ✓ 42/100 — The talk has a clear thematic structure around the five cont
[561/639] youtube_channel S01E106 — Retreat Start Standing and Walking Meditation... ✓ 32/100 — This is primarily a guided meditation instruction transcript
[562/639] youtube_channel S01E107 — The Discourse Developing Loving Kindness... ✓ 52/100 — The talk has genuine warmth and some memorable moments—the H
[563/639] youtube_channel S01E108 — The Importance of Tranquillity... ✓ 42/100 — The talk has a warm, conversational sincerity and covers its
[564/639] youtube_channel S01E109 — The Crucial Importance of Desire and Intention.... ✓ 62/100 — The talk demonstrates solid pedagogical structure with clear
[565/639] youtube_channel S01E110 — Satipanya Opening Ceremony 30th June 2007... ✓ 22/100 — The transcript is predominantly ceremonial chanting, adminis
[566/639] youtube_channel S01E111 — Ceremony to Bless the Stupa   June 26th 2011   Pt 1... ✓ 12/100 — This transcript consists almost entirely of Pali/Sanskrit ch
[567/639] youtube_channel S01E112 — Ceremony to Bless the Stupa   June 26th 2011   Pt 2... ✓ 18/100 — This transcript is almost entirely composed of Pali chanting
[568/639] youtube_channel S01E113 — Ceremony to Bless the Stupa   June 26th 2011   Pt 3... ✓ 28/100 — This is largely a ceremonial occasion transcript consisting 
[569/639] youtube_channel S01E114 — 15. The Discourse on Not-self SN22.6.59... ✓ 42/100 — The talk demonstrates genuine warmth and some effective anal
[570/639] youtube_channel S01E115 — Upali is converted by the Buddha MN56... ✓ 52/100 — The talk has a clear narrative arc built around the Upali su
[571/639] youtube_channel S01E116 — Contemplating the Unpleasantness of the Body: Why and How.... ✓ 42/100 — The talk has a clear thematic structure and some engaging st
[572/639] youtube_channel S01E117 — The Buddha's Alter Ego... ✓ 32/100 — The talk is loosely structured and reads more like an improv
[573/639] youtube_channel S01E118 — The Unattractive Nature of the Body... ✓ 38/100 — The talk has a clear three-part structure and includes some 
[574/639] youtube_channel S01E119 — The Four Great Elements... ✓ 52/100 — The talk has a clear organizational structure moving from hi
[575/639] youtube_channel S01E120 — The Specific Law of Conditionality... ✓ 52/100 — The talk demonstrates genuine intellectual engagement with B
[576/639] youtube_channel S01E121 — The Dangers of Indulgence... ✓ 62/100 — The talk demonstrates genuine warmth and reasonable structur
[577/639] youtube_channel S01E122 — Reflections and Contemplative Practice of Kamma... ✓ 52/100 — The talk has a clear thematic structure around the five kamm
[578/639] youtube_channel S01E123 — Forgiveness... ✓ 42/100 — The talk has a clear enough thematic structure and some effe
[579/639] youtube_channel S01E124 — The Basics of Insight Meditation 02... ✓ 52/100 — The talk demonstrates genuine insight and some engaging stor
[580/639] youtube_channel S01E125 — Dukkha - Basic Premise of the Buddhadhamma... ✓ 52/100 — The talk has a solid organizational backbone following the F
[581/639] youtube_channel S01E126 — Non-Violence is not Pacifism... ✓ 52/100 — The talk has an engaging, conversational quality with intere
[582/639] youtube_channel S01E127 — The Eight Worldly Conditions... ✓ 42/100 — The talk has a clear structural framework built around the e
[583/639] youtube_channel S01E128 — The Paradox of Fear... ✓ 42/100 — The talk has a reasonable structure moving from definitions 
[584/639] youtube_channel S01E129 — Renunciation : The Path to Liberation... ✓ 62/100 — The talk demonstrates genuine warmth, practical wisdom, and 
[585/639] youtube_channel S01E130 — The Buddha as a Teacher The Discourse on Malunkyaputta... ✓ 42/100 — The talk has a clear pedagogical structure and uses the well
[586/639] youtube_channel S01E131 — What was the Great Discovery by the Buddha... ✓ 62/100 — The talk demonstrates genuine insight and makes good use of 
[587/639] youtube_channel S01E132 — Where do the elements cease without remainder?... ✓ 52/100 — The talk demonstrates genuine depth of insight and uses an e
[588/639] youtube_channel S01E133 — Extinguishing the Housebuilder... ✓ 72/100 — The talk demonstrates genuine literary merit through its wel
[589/639] youtube_channel S01E134 — Hope Aspiration Expectation... ✓ 52/100 — The talk demonstrates genuine insight and reasonable themati
[590/639] youtube_channel S01E135 — Topics of Discussion... ✓ 42/100 — The talk offers a reasonably structured walk-through of a Bu
[591/639] youtube_channel S01E136 — Practising the Five Remembrances... ✓ 28/100 — The talk is a loosely structured, conversational dharma sess
[592/639] youtube_channel S01E137 — Revsing the Basics... ✓ 52/100 — The talk demonstrates genuine insight and some vivid moments
[593/639] youtube_channel S01E138 — The Necessity of Joy... ✓ 52/100 — The talk has genuine warmth, some vivid touches (the marzipa
[594/639] youtube_channel S01E139 — Polarisation... ✓ 52/100 — The talk demonstrates genuine intellectual depth and compete
[595/639] youtube_channel S01E140 — Dullness and Lethargy... ✓ 38/100 — The talk has a clear topic and some useful content with occa
[596/639] youtube_channel S01E141 — Adhitthana Determination... ✓ 52/100 — The talk has a clear thematic structure built around the par
[597/639] youtube_channel S01E142 — The Four Clingings... ✓ 52/100 — The talk has a clear, well-organized structure built around 
[598/639] youtube_channel S01E143 — The Buddha's Use of Similes... ✓ 62/100 — The talk has genuine warmth, good structural organization ar
[599/639] youtube_channel S01E144 — Restraint... ✓ 52/100 — The talk has a clear thematic structure and some effective i
[600/639] retreat_talks S01E01 — Detailed Guided Meditation... ✓ 52/100 — The talk is well-organized and contains some genuinely evoca
[601/639] retreat_talks S01E02 — Starting a Retreat... ✓ 52/100 — The talk has a warm, accessible pedagogical clarity and some
[602/639] retreat_talks S01E03 — Abiding in the Present Moment Developing Equanimity... ✓ 52/100 — The talk has a coherent thematic arc moving from guided body
[603/639] retreat_talks S01E04 — Detailed Guided Meditation... ✓ 52/100 — This guided meditation transcript demonstrates competent str
[604/639] retreat_talks S01E05 — Assisted Meditation... ✓ 28/100 — This is a functional guided meditation script with clear, se
[605/639] retreat_talks S01E06 — Heartcare Metta Meditation... ✓ 28/100 — This is primarily a guided metta meditation with heavily rep
[606/639] retreat_talks S01E07 — Bodycare Meditation... ✓ 32/100 — This is primarily a guided meditation with highly repetitive
[607/639] retreat_talks S02E01 — Eating meditation... ✓ 52/100 — The talk has genuine insight and some effective illustration
[608/639] retreat_talks S02E02 — Morning Chant with Refuges and Precepts... ✓ 12/100 — This is almost entirely Pali chanting with minimal spoken En
[609/639] retreat_talks S02E03 — Evening Metta Chant... ✓ 12/100 — This is almost entirely Pali chanting text (metta recitation
[610/639] retreat_talks S03E01 — The Technique... ✓ 72/100 — The talk demonstrates solid organizational structure, a good
[611/639] retreat_talks S03E02 — The Hindrances... ✓ 72/100 — This is a well-structured, substantive dharma talk with vivi
[612/639] retreat_talks S03E03 — The Factors of Enlightenment... ✓ 72/100 — This talk demonstrates solid structural organization, moving
[613/639] retreat_talks S03E04 — The Pleasure Syndrome dukkha... ✓ 78/100 — This is a well-structured, intellectually engaging dharma ta
[614/639] retreat_talks S03E05 — The Characteristic of Impermanence... ✓ 78/100 — This is a richly structured and eloquent dharma talk that bu
[615/639] retreat_talks S03E06 — Anatta Not self... ✓ 72/100 — This is a well-structured, intellectually substantive dharma
[616/639] retreat_talks S03E07 — Living Life according to the Dhamma... ✓ 62/100 — The talk has genuine warmth, good narrative engagement throu
[617/639] retreat_talks S03E08 — Mahasi Talk... ✓ 52/100 — This is a competent, clearly structured instructional dharma
[618/639] retreat_talks S03E09 — Vedana Feeling... ✓ 72/100 — This talk demonstrates genuine intellectual depth and good s
[619/639] retreat_talks S03E10 — Is Awareness Enough... ✓ 72/100 — This talk demonstrates solid organizational structure, effec
[620/639] retreat_talks S03E11 — Eroticism Romance Love Distraction and Boredom... ✓ 62/100 — The talk demonstrates genuine insight, engaging storytelling
[621/639] retreat_talks S03E12 — The Perfections Turned Inward... ✓ 72/100 — The talk demonstrates genuine rhetorical skill, vivid anecdo
[622/639] retreat_talks S03E13 — Faith... ✓ 72/100 — This is a well-structured, substantive dharma talk with genu
[623/639] retreat_talks S03E14 — Revising the principles of vipassana... ✓ 72/100 — The talk demonstrates solid structural progression from dukk
[624/639] retreat_talks S03E15 — Fear... ✓ 72/100 — This talk demonstrates genuine insight and conversational wa
[625/639] retreat_talks S03E16 — Foregiveness... ✓ 72/100 — This talk demonstrates solid structural organization, effect
[626/639] retreat_talks S03E17 — The Gratification, the Danger and the Escape... ✓ 72/100 — This is a substantive and well-structured dharma talk with g
[627/639] retreat_talks S03E18 — Karma... ✓ 78/100 — This is a richly structured and intellectually substantive d
[628/639] retreat_talks S03E19 — Rebirth... ✓ 62/100 — The talk is well-structured around clear questions, uses som
[629/639] retreat_talks S03E20 — The Illimitables... ✓ 72/100 — This talk demonstrates solid literary quality with vivid met
[630/639] retreat_talks S04E01 — The Ten Fetters... ✓ 72/100 — The talk demonstrates genuine teaching skill with multiple v
[631/639] retreat_talks S04E02 — The Awakening... ✓ 72/100 — This is a well-structured, intellectually substantive dharma
[632/639] retreat_talks S04E03 — The Years of Teaching and Parinibbana... ✓ 62/100 — The talk displays genuine warmth, narrative richness through
[633/639] retreat_talks S04E04 — Ethical Behaviour and the Awakening are one... ✓ 62/100 — The talk demonstrates genuine depth of insight and engaging 
[634/639] retreat_talks S04E05 — The Buddha as Exemplar and Archetype... ✓ 72/100 — This dharma talk demonstrates genuine narrative engagement a
[635/639] retreat_talks S04E06 — Meditation and Ordinary Daily Life... ✓ 72/100 — The talk demonstrates genuine literary quality through vivid
[636/639] retreat_talks S04E07 — Free Will... ✓ 68/100 — The talk demonstrates genuine depth of insight, good use of 
[637/639] retreat_talks S04E08 — Karma Specific Conditionality the Five Laws ethical behaviour social karma Neoliberalism... ✓ 62/100 — The talk demonstrates solid structural ambition—moving from 
[638/639] retreat_talks S04E09 — Right Livelihood... ✓ 72/100 — This talk demonstrates solid rhetorical structure, engaging 
[639/639] retreat_talks S04E10 — Chi Gong min guidance... ✓ 8/100 — This is purely a guided movement/chi gong instruction transc

Terminé : 639 scorés, 0 erreurs
Catalogue sauvegardé dans /home/freedomfighter/code/traduction/satipanya-podcast/catalog.json

  ✓ Pass 6c: Scoring literary quality done (54m13s)

============================================================
  Pass 6d: Merging text catalog
============================================================

============================================================
PASS 4: Merging into catalog.json
============================================================
  ✓ Updated bhante_essays: 34 episodes
  ✓ Updated noirin_essays: 32 episodes
  ✓ Updated tips_of_the_day: 168 episodes

✓ Catalog saved: /home/freedomfighter/code/traduction/satipanya-podcast/catalog.json

  ✓ Pass 6d: Merging text catalog done (0m00s)

============================================================
  Pass 7: Building books (PDF + EPUB)
============================================================

============================================================
Building Satipanya book collection (PDF + EPUB + DOCX)
============================================================

  Guided Meditations...
    ✓ PDF: 7 chapters, 0.5 MB
    ✓ EPUB: 7 chapters, 0.0 MB
    ✓ DOCX: 7 chapters, 0.1 MB

  A Foundation Course in Buddhism...
    ✓ PDF: 21 chapters, 1.8 MB
    ✓ EPUB: 21 chapters, 0.2 MB
    ✓ DOCX: 21 chapters, 0.2 MB

  DhammaBytes...
    ✓ PDF: 41 chapters, 3.0 MB
    ✓ EPUB: 41 chapters, 0.2 MB
    ✓ DOCX: 41 chapters, 0.2 MB

  Dharma Talks...
    ✓ PDF: 254 chapters, 23.7 MB
    ✓ EPUB: 254 chapters, 2.6 MB
    ✓ DOCX: 254 chapters, 2.3 MB

  Noirin's Teachings...
    ✓ PDF: 36 chapters, 3.5 MB
    ✓ EPUB: 36 chapters, 0.4 MB
    ✓ DOCX: 36 chapters, 0.4 MB

  International Talks...
    ✓ PDF: 51 chapters, 4.1 MB
    ✓ EPUB: 51 chapters, 0.4 MB
    ✓ DOCX: 51 chapters, 0.3 MB

  YouTube Talks...
    ✓ PDF: 144 chapters, 11.4 MB
    ✓ EPUB: 144 chapters, 0.9 MB
    ✓ DOCX: 144 chapters, 0.8 MB

  Bhante's Essays...
    ✓ PDF: 33 chapters, 2.7 MB
    ✓ EPUB: 33 chapters, 0.2 MB
    ✓ DOCX: 33 chapters, 0.2 MB

  Noirin's Essays...
    ✓ PDF: 32 chapters, 2.2 MB
    ✓ EPUB: 32 chapters, 0.1 MB
    ✓ DOCX: 32 chapters, 0.1 MB

  Tips of the Day...
    ✓ PDF: 168 chapters, 11.1 MB
    ✓ EPUB: 168 chapters, 0.4 MB
    ✓ DOCX: 168 chapters, 0.3 MB

  Retreat Talks...
    ✓ PDF: 40 chapters, 3.7 MB
    ✓ EPUB: 40 chapters, 0.4 MB
    ✓ DOCX: 40 chapters, 0.4 MB

  Selected Talks...
    ✓ PDF: 120 chapters, 9.4 MB
    ✓ EPUB: 120 chapters, 0.7 MB
    ✓ DOCX: 120 chapters, 0.7 MB

============================================================
Books output: /home/freedomfighter/code/traduction/satipanya-podcast/site/books/
============================================================

  ✓ Pass 7: Building books (PDF + EPUB) done (3m30s)

============================================================
  Pass 8: Building website + PDFs
============================================================

Font MPDFAA+NotoSerif is missing the following glyphs: '🙂' (\U0001f642)
Font MPDFAA+NotoSerif is missing the following glyphs: '😉' (\U0001f609), '🤨' (\U0001f928), '🤯' (\U0001f92f), '🤔' (\U0001f914)
============================================================
Building Satipanya Dharma Library static site
============================================================
  ✓ style.css
  ✓ covers/ (8 images)
  ✓ favicon.png + apple-touch-icon.png
  ✓ 11 RSS feeds (*.xml)
  ✓ selected/ (120 talks)
  ✓ index.html
  ✓ dharma-talks/ (index + 254 episodes, 254 PDFs/EPUBs/DOCXs)
  ✓ youtube-talks/ (index + 144 episodes, 144 PDFs/EPUBs/DOCXs)
  ✓ noirins-teachings/ (index + 36 episodes, 36 PDFs/EPUBs/DOCXs)
  ✓ dhammabytes/ (index + 41 episodes, 41 PDFs/EPUBs/DOCXs)
  ✓ guided-meditations/ (index + 7 episodes, 7 PDFs/EPUBs/DOCXs)
  ✓ foundation-course/ (index + 21 episodes, 21 PDFs/EPUBs/DOCXs)
  ✓ international-talks/ (index + 51 episodes, 51 PDFs/EPUBs/DOCXs)
  ✓ bhante-essays/ (index + 33 episodes, 33 PDFs/EPUBs/DOCXs)
  ✓ noirin-essays/ (index + 32 episodes, 32 PDFs/EPUBs/DOCXs)
  ✓ tips-of-the-day/ (index + 168 episodes, 168 PDFs/EPUBs/DOCXs)
  ✓ retreat-talks/ (index + 40 episodes, 40 PDFs/EPUBs/DOCXs)
  ✓ search-index.json (827 entries, 3375 KB)
  ✓ search.html
  ✓ topics/ (1186 topics, index 1848 KB)

============================================================
Site built: 827 episode pages, 827 PDFs, 6 feed pages
Output: /home/freedomfighter/code/traduction/satipanya-podcast/site/
============================================================

  ✓ Pass 8: Building website + PDFs done (1m50s)

╔══════════════════════════════════════════════════════════╗
║                    Update complete                      ║
╚══════════════════════════════════════════════════════════╝
