============================================================
PASS 1: Building catalog from satipanya.org.uk
============================================================

[1/18] /audio-video/ → guided_meditations
  Fetching https://www.satipanya.org.uk/audio-video/ ...
  ERROR fetching page: HTTPSConnectionPool(host='www.satipanya.org.uk', port=443): Read timed out. (read timeout=30)

[2/18] /chanting/ → guided_meditations
  Fetching https://www.satipanya.org.uk/chanting/ ...
  ERROR fetching page: HTTPSConnectionPool(host='www.satipanya.org.uk', port=443): Read timed out. (read timeout=30)

[3/18] /audio-video/dhammabytes/ → dhammabytes
  Fetching https://www.satipanya.org.uk/audio-video/dhammabytes/ ...
  ERROR fetching page: HTTPSConnectionPool(host='www.satipanya.org.uk', port=443): Read timed out. (read timeout=30)

[4/18] /audio-video/a-foundation-course-in-buddhism/ → foundation_course
  Fetching https://www.satipanya.org.uk/audio-video/a-foundation-course-in-buddhism/ ...
  Found 10 audio links
  Season: "Part 1 — The Four Noble Truths" (10 episodes)

[5/18] /audio-video/a-foundation-course-in-buddhism-part-2/ → foundation_course
  Fetching https://www.satipanya.org.uk/audio-video/a-foundation-course-in-buddhism-part-2/ ...
  Found 11 audio links
  Season: "Part 2 — Deepening Understanding" (11 episodes)

[6/18] /audio-video/a-collection-of-talks/ → dharma_talks
  Fetching https://www.satipanya.org.uk/audio-video/a-collection-of-talks/ ...
  Found 45 audio links
  Season: "On Practice" (22 episodes)
  Season: "Reflections" (14 episodes)
  Season: "On the Buddha" (5 episodes)
  Season: "Daily Life" (4 episodes)

[7/18] /audio-video/gaia-house-retreat-2011/ → dharma_talks
  Fetching https://www.satipanya.org.uk/audio-video/gaia-house-retreat-2011/ ...
  Found 16 audio links
  Season: "Gaia House Retreat 2011" (16 episodes)

[8/18] /audio-video/christmas-at-sharpham-2005/ → dharma_talks
  Fetching https://www.satipanya.org.uk/audio-video/christmas-at-sharpham-2005/ ...
  Found 5 audio links
  Season: "Christmas at Sharpham 2005" (5 episodes)

[9/18] /christmas-and-new-year-20067/ → dharma_talks
  Fetching https://www.satipanya.org.uk/christmas-and-new-year-20067/ ...
  Found 2 audio links
  Season: "Christmas & New Year 2006/7" (2 episodes)

[10/18] /audio-video/recent-talks/ → dharma_talks
  Fetching https://www.satipanya.org.uk/audio-video/recent-talks/ ...
  Found 102 audio links
  DEDUP: skipping 2. Right Awareness Intro.to Vipassana.To play the ...
  DEDUP: skipping 3. The Mahasi Technique.To play the media you will...
  DEDUP: skipping 4. The Hindrances The Psychotherapy of Vipassana.T...
  DEDUP: skipping 5. The Seven Factors of Awakening.To play the medi...
  DEDUP: skipping 6. The Ethical Psychology of the Buddha.To play th...
  DEDUP: skipping 7. The Law of Kamma.To play the media you will nee...
  DEDUP: skipping 8. Living Life according to the Dhamma.To play the...
  Season: "2019" (1 episodes)
  Season: "Miscellaneous" (6 episodes)
  Season: "2018" (7 episodes)
  Season: "2016" (4 episodes)
  Season: "2015" (6 episodes)
  Season: "2014" (14 episodes)
  Season: "2013" (6 episodes)
  Season: "2012" (6 episodes)
  Season: "2011" (5 episodes)
  Season: "Gaia House Retreat 2011" (12 episodes)
  Season: "2009" (17 episodes)
  Season: "2008" (11 episodes)

[11/18] /coronavirus-lockdown-talks-and-meditation/ → dharma_talks
  Fetching https://www.satipanya.org.uk/coronavirus-lockdown-talks-and-meditation/ ...
  Found 22 audio links
  Season: "Coronavirus Lockdown 2020" (22 episodes)

[12/18] /full-moon-observance-day/ → dharma_talks
  Fetching https://www.satipanya.org.uk/full-moon-observance-day/ ...
  Found 63 audio links
  Season: "Refuges and Precepts with Metta" (1 episodes)
  Season: "Most Recent" (8 episodes)
  Season: "Metta" (5 episodes)
  Season: "The Perfections Parami and other Virtues" (13 episodes)
  Season: "The Buddha" (3 episodes)
  Season: "Nibbana" (3 episodes)
  Season: "Contemplations" (7 episodes)
  Season: "Various Teachings" (13 episodes)
  Season: "Ordinary Daily Life" (3 episodes)
  Season: "Various People" (3 episodes)
  Season: "Current Topics" (4 episodes)

[13/18] /recent-courses-2021/ → dharma_talks
  Fetching https://www.satipanya.org.uk/recent-courses-2021/ ...
  Found 13 audio links
  Season: "Recent Courses 2020–2023" (13 episodes)

[14/18] /audio-video/encouragements/ → dharma_talks
  Fetching https://www.satipanya.org.uk/audio-video/encouragements/ ...
  Found 1 audio links
  Season: "Dramatisations" (1 episodes)

[15/18] /noirins-teachings/ → noirins_teachings
  Fetching https://www.satipanya.org.uk/noirins-teachings/ ...
  Found 39 audio links
  DEDUP: skipping 2022 Oct 09 Identity and Not-Self....
  DEDUP: skipping Video...
  DEDUP: skipping 2023 Oct 29 The Spiral Path...
  Season: "70th Birthday Reflection" (1 episodes)
  Season: "Meditation Guidance" (1 episodes)
  Season: "Talks a. Pre-laryngectomy Recordings" (5 episodes)
  Season: "Short Retreat (5 days)" (4 episodes)
  Season: "Retreat Talks - b. Longer Retreats, up to 4 Weeks" (25 episodes)

[16/18] /audio-video/talks-with-an-accompanying-french-translation/ → international_talks
  Fetching https://www.satipanya.org.uk/audio-video/talks-with-an-accompanying-french-translation/ ...
  Found 36 audio links
  Season: "Weekend Retraite pour Terre d'Éveil Octobre 2020" (6 episodes)
  Season: "2023" (2 episodes)
  Season: "2021" (2 episodes)
  Season: "2019" (1 episodes)
  Season: "2017" (2 episodes)
  Season: "Lausanne 2016 October" (2 episodes)
  Season: "Lausanne 2013 October" (2 episodes)
  Season: "Lausanne and Paris 2012 Oct" (3 episodes)
  Season: "Lausanne 2010 Oct" (3 episodes)
  Season: "Paris and Lausanne 2010 Oct" (13 episodes)

[17/18] /audio-video/talks-with-an-accompanying-czech-translation/ → international_talks
  Fetching https://www.satipanya.org.uk/audio-video/talks-with-an-accompanying-czech-translation/ ...
  Found 8 audio links
  Season: "Talks in Czech" (8 episodes)

[18/18] /audio-video/talks-with-an-accompanying-italian-translation/ → international_talks
  Fetching https://www.satipanya.org.uk/audio-video/talks-with-an-accompanying-italian-translation/ ...
  Found 10 audio links
  Season: "Talks in Italian" (10 episodes)

  Fetching YouTube channel metadata via yt-dlp...
  Found 144 YouTube videos
  [dharma_talks] Absorbed 6 'Miscellaneous' episodes into '2018'

  Merge: 517 existing episodes preserved, 0 new episodes detected

============================================================
CATALOG SUMMARY
============================================================

  Satipanya — Guided Meditations
    0 seasons, 0 episodes

  Satipanya — DhammaBytes
    0 seasons, 0 episodes

  Satipanya — A Foundation Course in Buddhism
    2 seasons, 21 episodes
      S01: Part 1 — The Four Noble Truths (10 ep)
      S02: Part 2 — Deepening Understanding (11 ep)

  Satipanya — Dharma Talks
    32 seasons, 262 episodes
      S01: On Practice (22 ep)
      S02: Reflections (14 ep)
      S03: On the Buddha (5 ep)
      S04: Daily Life (4 ep)
      S05: Gaia House Retreat 2011 (16 ep)
      S06: Christmas at Sharpham 2005 (5 ep)
      S07: Christmas & New Year 2006/7 (2 ep)
      S08: 2019 (1 ep)
      S09: 2018 (13 ep)
      S10: 2016 (4 ep)
      S11: 2015 (6 ep)
      S12: 2014 (14 ep)
      S13: 2013 (6 ep)
      S14: 2012 (6 ep)
      S15: 2011 (5 ep)
      S16: Gaia House Retreat 2011 (12 ep)
      S17: 2009 (17 ep)
      S18: 2008 (11 ep)
      S19: Coronavirus Lockdown 2020 (22 ep)
      S20: Refuges and Precepts with Metta (1 ep)
      S21: Most Recent (8 ep)
      S22: Metta (5 ep)
      S23: The Perfections Parami and other Virtues (13 ep)
      S24: The Buddha (3 ep)
      S25: Nibbana (3 ep)
      S26: Contemplations (7 ep)
      S27: Various Teachings (13 ep)
      S28: Ordinary Daily Life (3 ep)
      S29: Various People (3 ep)
      S30: Current Topics (4 ep)
      S31: Recent Courses 2020–2023 (13 ep)
      S32: Dramatisations (1 ep)

  Satipanya — Noirin's Teachings
    5 seasons, 36 episodes
      S01: 70th Birthday Reflection (1 ep)
      S02: Meditation Guidance (1 ep)
      S03: Talks a. Pre-laryngectomy Recordings (5 ep)
      S04: Short Retreat (5 days) (4 ep)
      S05: Retreat Talks - b. Longer Retreats, up to 4 Weeks (25 ep)

  Satipanya — International Talks
    12 seasons, 54 episodes
      S01: Weekend Retraite pour Terre d'Éveil Octobre 2020 (6 ep)
      S02: 2023 (2 ep)
      S03: 2021 (2 ep)
      S04: 2019 (1 ep)
      S05: 2017 (2 ep)
      S06: Lausanne 2016 October (2 ep)
      S07: Lausanne 2013 October (2 ep)
      S08: Lausanne and Paris 2012 Oct (3 ep)
      S09: Lausanne 2010 Oct (3 ep)
      S10: Paris and Lausanne 2010 Oct (13 ep)
      S11: Talks in Czech (8 ep)
      S12: Talks in Italian (10 ep)

  Satipanya — YouTube Talks
    1 seasons, 144 episodes
      S01: YouTube Talks (144 ep)

  Satipanya — Bhante's Essays
    5 seasons, 34 episodes
      S01: Introductory Resources (5 ep)
      S02: Essays by Bhante Bodhidhamma (16 ep)
      S03: Introductory essays (11 ep)
      S04: Meditation in Daily Life (1 ep)
      S05: Satipanya (1 ep)

  Satipanya — Noirin's Essays
    3 seasons, 32 episodes
      S01: Short Essays (20 ep)
      S02: Post-Surgery Essays (5 ep)
      S03: Climate Change Essays (7 ep)

  Satipanya — Tips of the Day
    5 seasons, 168 episodes
      S01: Daily Life Practice (16 ep)
      S02: Relationships (5 ep)
      S03: Work (6 ep)
      S04: Seeking True Happiness (7 ep)
      S05: Miscellaneous (134 ep)

  Satipanya — Retreat Talks
    4 seasons, 40 episodes
      S01: Guided Meditations (7 ep)
      S02: Daily Practice (3 ep)
      S03: Evening Retreat Talks (20 ep)
      S04: Special Topics (10 ep)

  TOTAL: 517 episodes across 7 feeds
  Saved to: /home/freedomfighter/code/traduction/satipanya-podcast/catalog.json
============================================================
PASS 1: Scanning local MP3 files
============================================================
  Found 40 MP3 files

  Satipanya — Retreat Talks
    S01: Guided Meditations (7 episodes)
    S02: Daily Practice (3 episodes)
    S03: Evening Retreat Talks (20 episodes)
    S04: Special Topics (10 episodes)

  TOTAL: 40 episodes
  Saved to: /home/freedomfighter/code/traduction/satipanya-podcast/retreat_catalog.json
============================================================
PASS 2: Probing local files for duration & size
============================================================

  Probed: 0, Skipped (already done): 40
============================================================
PASS 2: Probing remote files for duration & size
============================================================
  [1/752] The Seven Factors of Awakening...
    ffprobe stderr: [mp3 @ 0x587b85536800] Failed to read frame size: Could not seek to 1390.
https://www.satipanya.org.uk/audio/collection/
    retry 1/1, wait 3s...
    ffprobe stderr: [mp3 @ 0x61f528138800] Failed to read frame size: Could not seek to 1390.
https://www.satipanya.org.uk/audio/collection/
    FAILED (size=367)
  [2/752] Faith...
    ffprobe stderr: [mp3 @ 0x6259ff143800] Failed to read frame size: Could not seek to 1365.
https://www.satipanya.org.uk/audio/collection/
    retry 1/1, wait 3s...
    ffprobe stderr: [mp3 @ 0x5b32e8ead800] Failed to read frame size: Could not seek to 1365.
https://www.satipanya.org.uk/audio/collection/
    FAILED (size=342)
  [3/752] Taking the Refuges...
    ffprobe stderr: [mp3 @ 0x61490f8f7800] Failed to read frame size: Could not seek to 1393.
https://www.satipanya.org.uk/audio/collection/
    retry 1/1, wait 3s...
    ffprobe stderr: [mp3 @ 0x61b088ab9800] Failed to read frame size: Could not seek to 1393.
https://www.satipanya.org.uk/audio/collection/
    FAILED (size=370)
  [4/752] Equanimity...
    ffprobe stderr: [mp3 @ 0x607cc40ba800] Failed to read frame size: Could not seek to 1384.
https://www.satipanya.org.uk/audio/collection/
    retry 1/1, wait 3s...
    ffprobe stderr: [mp3 @ 0x5c32ad164800] Failed to read frame size: Could not seek to 1384.
https://www.satipanya.org.uk/audio/collection/
    FAILED (size=361)
  [5/740] Towards Contentment and Happiness...
    ffprobe stderr: [mp3 @ 0x64a333320800] Failed to read frame size: Could not seek to 1393.
https://www.satipanya.org.uk/audio/collection/
    retry 1/1, wait 3s...
    ffprobe stderr: [mp3 @ 0x585092bd0800] Failed to read frame size: Could not seek to 1393.
https://www.satipanya.org.uk/audio/collection/
    FAILED (size=370)
  [6/740] The Pursuit of Happiness...
    ffprobe stderr: [mp3 @ 0x56e660e4e800] Failed to read frame size: Could not seek to 1399.
https://www.satipanya.org.uk/audio/collection/
    retry 1/1, wait 3s...
    ffprobe stderr: [mp3 @ 0x5ca1925fd800] Failed to read frame size: Could not seek to 1399.
https://www.satipanya.org.uk/audio/collection/
    FAILED (size=376)
  [7/692] What is vedana and where does it fit in?.To play t...
    ffprobe stderr: https://www.satipanya.org.uk/wp-content/uploads/2019/12/What-is-vedana-and-where-does-it-fit-in.mp3: Server returned 404
    retry 1/1, wait 3s...
    ffprobe stderr: https://www.satipanya.org.uk/wp-content/uploads/2019/12/What-is-vedana-and-where-does-it-fit-in.mp3: Server returned 404
    FAILED (size=0)
  [8/591] Video...
    1185s, 27.1 MB
  [9/591] Video...
    1219s, 27.9 MB
  [10/468] Is the Buddha a materialist?...
    ffprobe stderr: https://www.satipanya.org.uk/audio-video/talks-with-an-accompanying-french-translation/z0000005.mp3: Server returned 401
    retry 1/1, wait 3s...
    ffprobe stderr: https://www.satipanya.org.uk/audio-video/talks-with-an-accompanying-french-translation/z0000005.mp3: Server returned 401
    FAILED (size=0)
  [11/468] z0000002...
    ffprobe stderr: https://www.satipanya.org.uk/audio-video/recent-talks/z0000002.mp3: Server returned 4XX Client Error, but not one of 40{
    retry 1/1, wait 3s...
    ffprobe stderr: https://www.satipanya.org.uk/audio-video/recent-talks/z0000002.mp3: Server returned 4XX Client Error, but not one of 40{
    FAILED (size=0)
  [12/464] Dependent Origination et Kamma...
    ffprobe stderr: https://www.satipanya.org.uk/audio/french/ Origination Dependent et Kamma.mp3: Server returned 4XX Client Error, but not
    retry 1/1, wait 3s...
    ffprobe stderr: https://www.satipanya.org.uk/audio/french/ Origination Dependent et Kamma.mp3: Server returned 4XX Client Error, but not
    FAILED (size=0)
  [13/288] The Buddha's Use of Similes...
    1220s, 0.0 MB
  [14/288] Restraint...
    1186s, 0.0 MB
  [15/288] Refuges  and Precepts...
    ffprobe stderr: https://www.satipanya.org.uk/wp-content/uploads/2015/09/Refuges-and-Precepts.pdf: Server returned 4XX Client Error, but 
    retry 1/1, wait 3s...
    ffprobe stderr: https://www.satipanya.org.uk/wp-content/uploads/2015/09/Refuges-and-Precepts.pdf: Server returned 4XX Client Error, but 
    FAILED (size=0)
  [16/288] Puja: Chantings...
    ffprobe stderr: https://www.satipanya.org.uk/wp-content/uploads/2015/09/chant_am.pdf: Invalid data found when processing input
    retry 1/1, wait 3s...
    ffprobe stderr: https://www.satipanya.org.uk/wp-content/uploads/2015/09/chant_am.pdf: Invalid data found when processing input
    FAILED (size=189002)
  [17/288] Recommended Reading for Beginners...
    ffprobe stderr: https://www.satipanya.org.uk/wp-content/uploads/2015/09/essays_reading.pdf: Invalid data found when processing input
    retry 1/1, wait 3s...
    ffprobe stderr: https://www.satipanya.org.uk/wp-content/uploads/2015/09/essays_reading.pdf: Invalid data found when processing input
    FAILED (size=110321)
  [18/288] in PDF format...
    ffprobe stderr: https://www.satipanya.org.uk/wp-content/uploads/2015/09/daily_life.pdf: Invalid data found when processing input
    retry 1/1, wait 3s...
    ffprobe stderr: https://www.satipanya.org.uk/wp-content/uploads/2015/09/daily_life.pdf: Invalid data found when processing input
    FAILED (size=334526)
  [19/288] in MS Word format...
    ffprobe stderr: https://www.satipanya.org.uk/wp-content/uploads/2015/09/daily_life.doc: Invalid data found when processing input
    retry 1/1, wait 3s...
    ffprobe stderr: https://www.satipanya.org.uk/wp-content/uploads/2015/09/daily_life.doc: Invalid data found when processing input
    FAILED (size=141824)
  [20/288] Neoliberalism and BuddhaDhamma...
    ffprobe stderr: https://www.satipanya.org.uk/wp-content/uploads/2022/05/Neoliberalism-and-Buddhadhamma-Tip-June-2022.pdf: Invalid data f
    retry 1/1, wait 3s...
    ffprobe stderr: https://www.satipanya.org.uk/wp-content/uploads/2022/05/Neoliberalism-and-Buddhadhamma-Tip-June-2022.pdf: Invalid data f
    FAILED (size=546928)
  [21/288] Investigative Eating...
    ffprobe stderr: https://www.satipanya.org.uk/wp-content/uploads/2022/05/Investigative-Eating-Meditation.pdf: Invalid data found when pro
    retry 1/1, wait 3s...
    ffprobe stderr: https://www.satipanya.org.uk/wp-content/uploads/2022/05/Investigative-Eating-Meditation.pdf: Invalid data found when pro
    FAILED (size=305915)
  [22/288] Reflections on the Teaching and Practice of Not-se...
    ffprobe stderr: https://www.satipanya.org.uk/wp-content/uploads/2015/09/Reflections-on-the-Teaching-and-Practice-of-Not-self.pdf: Invali
    retry 1/1, wait 3s...
    ffprobe stderr: https://www.satipanya.org.uk/wp-content/uploads/2015/09/Reflections-on-the-Teaching-and-Practice-of-Not-self.pdf: Invali
    FAILED (size=130787)
  [23/288] Vipassana as taught by the Mahasi Sayadaw of Burma...
    ffprobe stderr: https://www.satipanya.org.uk/wp-content/uploads/2015/09/essay_mahasi.pdf: Invalid data found when processing input
    retry 1/1, wait 3s...
    ffprobe stderr: https://www.satipanya.org.uk/wp-content/uploads/2015/09/essay_mahasi.pdf: Invalid data found when processing input
    FAILED (size=198314)
  [24/288] Is Armed Intervention Ever Justified?...
    ffprobe stderr: https://www.satipanya.org.uk/wp-content/uploads/2015/09/essay_armed.pdf: Invalid data found when processing input
    retry 1/1, wait 3s...
    ffprobe stderr: https://www.satipanya.org.uk/wp-content/uploads/2015/09/essay_armed.pdf: Invalid data found when processing input
    FAILED (size=300169)
  [25/288] Free will: is it available or useful?...
    ffprobe stderr: https://www.satipanya.org.uk/wp-content/uploads/2015/09/essay_freewill.pdf: Invalid data found when processing input
    retry 1/1, wait 3s...
    ffprobe stderr: https://www.satipanya.org.uk/wp-content/uploads/2015/09/essay_freewill.pdf: Invalid data found when processing input
    FAILED (size=202130)
  [26/288] Could I be a fundamentalist, even a terrorist?...
    ffprobe stderr: https://www.satipanya.org.uk/wp-content/uploads/2015/09/essay_Fundamentalism.pdf: Invalid data found when processing inp
    retry 1/1, wait 3s...
    ffprobe stderr: https://www.satipanya.org.uk/wp-content/uploads/2015/09/essay_Fundamentalism.pdf: Invalid data found when processing inp
    FAILED (size=49156)
  [27/288] Perfection, Elitism and Excellence...
    ffprobe stderr: https://www.satipanya.org.uk/wp-content/uploads/2015/09/essay_excellence.pdf: Invalid data found when processing input
    retry 1/1, wait 3s...
    ffprobe stderr: https://www.satipanya.org.uk/wp-content/uploads/2015/09/essay_excellence.pdf: Invalid data found when processing input
    FAILED (size=111659)
  [28/288] What benefit is there in becoming a temporary mona...
    ffprobe stderr: https://www.satipanya.org.uk/wp-content/uploads/2015/09/essay_monastic.pdf: Invalid data found when processing input
    retry 1/1, wait 3s...
    ffprobe stderr: https://www.satipanya.org.uk/wp-content/uploads/2015/09/essay_monastic.pdf: Invalid data found when processing input
    FAILED (size=41731)
  [29/288] The ‘Unlucky’ Death of a Two Year Old Boy...
    ffprobe stderr: https://www.satipanya.org.uk/wp-content/uploads/2015/09/essay_death.pdf: Invalid data found when processing input
    retry 1/1, wait 3s...
    ffprobe stderr: https://www.satipanya.org.uk/wp-content/uploads/2015/09/essay_death.pdf: Invalid data found when processing input
    FAILED (size=60109)
  [30/288] Expectation, Aspiration and Hope...
    ffprobe stderr: https://www.satipanya.org.uk/wp-content/uploads/2015/09/essays_expectation.pdf: Invalid data found when processing input
    retry 1/1, wait 3s...
    ffprobe stderr: https://www.satipanya.org.uk/wp-content/uploads/2015/09/essays_expectation.pdf: Invalid data found when processing input
    FAILED (size=52919)
  [31/288] Assisted Suicide (PDF document)...
    ffprobe stderr: https://www.satipanya.org.uk/wp-content/uploads/2015/09/Assisted-Suicide1.pdf: Invalid data found when processing input
    retry 1/1, wait 3s...
    ffprobe stderr: https://www.satipanya.org.uk/wp-content/uploads/2015/09/Assisted-Suicide1.pdf: Invalid data found when processing input
    FAILED (size=131291)
  [32/288] Vipassana, Therapy and Medicinal Drugs (PDF docume...
    ffprobe stderr: https://www.satipanya.org.uk/wp-content/uploads/2015/09/Vipassana-Therapy-and-Medicinal-Drugs.pdf: Invalid data found wh
    retry 1/1, wait 3s...
    ffprobe stderr: https://www.satipanya.org.uk/wp-content/uploads/2015/09/Vipassana-Therapy-and-Medicinal-Drugs.pdf: Invalid data found wh
    FAILED (size=64499)
  [33/288] Conditionality and Kamma(PDF document)...
    ffprobe stderr: https://www.satipanya.org.uk/wp-content/uploads/2015/09/Conditionality_and_Kamma.pdf: Invalid data found when processing
    retry 1/1, wait 3s...
    ffprobe stderr: https://www.satipanya.org.uk/wp-content/uploads/2015/09/Conditionality_and_Kamma.pdf: Invalid data found when processing
    FAILED (size=56479)
  [34/288] Affectionate Awareness....
    ffprobe stderr: https://www.satipanya.org.uk/wp-content/uploads/2015/09/Affectionate-Awareness.pdf: Invalid data found when processing i
    retry 1/1, wait 3s...
    ffprobe stderr: https://www.satipanya.org.uk/wp-content/uploads/2015/09/Affectionate-Awareness.pdf: Invalid data found when processing i
    FAILED (size=25079)
  [35/288] Climate Crisis A Personal Reflection...
    ffprobe stderr: https://www.satipanya.org.uk/wp-content/uploads/2020/01/Climate-Crisis-A-Personal-Reflection.pdf: Invalid data found whe
    retry 1/1, wait 3s...
    ffprobe stderr: https://www.satipanya.org.uk/wp-content/uploads/2020/01/Climate-Crisis-A-Personal-Reflection.pdf: Invalid data found whe
    FAILED (size=184672)
  [36/288] The First Noble Truth of Suffering -- Dukkha...
    ffprobe stderr: https://www.satipanya.org.uk/wp-content/uploads/2015/09/essays_dukkha.pdf: Invalid data found when processing input
    retry 1/1, wait 3s...
    ffprobe stderr: https://www.satipanya.org.uk/wp-content/uploads/2015/09/essays_dukkha.pdf: Invalid data found when processing input
    FAILED (size=219073)
  [37/288] The First Noble Truth of Suffering -- The Five Agg...
    ffprobe stderr: https://www.satipanya.org.uk/wp-content/uploads/2015/09/essays_aggregates.pdf: Invalid data found when processing input
    retry 1/1, wait 3s...
    ffprobe stderr: https://www.satipanya.org.uk/wp-content/uploads/2015/09/essays_aggregates.pdf: Invalid data found when processing input
    FAILED (size=220992)
  [38/288] The First Noble Truth of Suffering -- The Three Ch...
    ffprobe stderr: https://www.satipanya.org.uk/wp-content/uploads/2015/09/essays_characteristics.pdf: Invalid data found when processing i
    retry 1/1, wait 3s...
    ffprobe stderr: https://www.satipanya.org.uk/wp-content/uploads/2015/09/essays_characteristics.pdf: Invalid data found when processing i
    FAILED (size=198006)
  [39/288] The Second Noble Truth -- Desire...
    ffprobe stderr: https://www.satipanya.org.uk/wp-content/uploads/2015/09/essays_desire.pdf: Invalid data found when processing input
    retry 1/1, wait 3s...
    ffprobe stderr: https://www.satipanya.org.uk/wp-content/uploads/2015/09/essays_desire.pdf: Invalid data found when processing input
    FAILED (size=216007)
  [40/288] The Second Noble Truth -- The Wheel of Dependent O...
    ffprobe stderr: https://www.satipanya.org.uk/wp-content/uploads/2015/09/essays_wheel.pdf: Invalid data found when processing input
    retry 1/1, wait 3s...
    ffprobe stderr: https://www.satipanya.org.uk/wp-content/uploads/2015/09/essays_wheel.pdf: Invalid data found when processing input
    FAILED (size=222884)
  [41/288] The Second Noble Truth -- Kamma Vipaka...
    ffprobe stderr: https://www.satipanya.org.uk/wp-content/uploads/2015/09/essays_kamma.pdf: Invalid data found when processing input
    retry 1/1, wait 3s...
    ffprobe stderr: https://www.satipanya.org.uk/wp-content/uploads/2015/09/essays_kamma.pdf: Invalid data found when processing input
    FAILED (size=215887)
  [42/288] The Fourth Noble Truth -- Morality...
    ffprobe stderr: https://www.satipanya.org.uk/wp-content/uploads/2015/09/essays_morality.pdf: Invalid data found when processing input
    retry 1/1, wait 3s...
    ffprobe stderr: https://www.satipanya.org.uk/wp-content/uploads/2015/09/essays_morality.pdf: Invalid data found when processing input
    FAILED (size=187123)
  [43/288] The Fourth Noble Truth -- Perfections...
    ffprobe stderr: https://www.satipanya.org.uk/wp-content/uploads/2015/09/essay_perfections.pdf: Invalid data found when processing input
    retry 1/1, wait 3s...
    ffprobe stderr: https://www.satipanya.org.uk/wp-content/uploads/2015/09/essay_perfections.pdf: Invalid data found when processing input
    FAILED (size=229724)
  [44/288] The Fourth Noble Truth -- Right Understanding...
    ffprobe stderr: https://www.satipanya.org.uk/wp-content/uploads/2015/09/essays_understanding.pdf: Invalid data found when processing inp
    retry 1/1, wait 3s...
    ffprobe stderr: https://www.satipanya.org.uk/wp-content/uploads/2015/09/essays_understanding.pdf: Invalid data found when processing inp
    FAILED (size=223517)
  [45/288] The Fourth Noble Truth -- Mental Development...
    ffprobe stderr: https://www.satipanya.org.uk/wp-content/uploads/2015/09/essays_mental.pdf: Invalid data found when processing input
    retry 1/1, wait 3s...
    ffprobe stderr: https://www.satipanya.org.uk/wp-content/uploads/2015/09/essays_mental.pdf: Invalid data found when processing input
    FAILED (size=215718)
  [46/288] Meditation in Ordinary Daily Life...
    ffprobe stderr: https://www.satipanya.org.uk/wp-content/uploads/2015/09/essay_dailylife.pdf: Invalid data found when processing input
    retry 1/1, wait 3s...
    ffprobe stderr: https://www.satipanya.org.uk/wp-content/uploads/2015/09/essay_dailylife.pdf: Invalid data found when processing input
    FAILED (size=317587)
  [47/288] Meditation in Ordinary Daily Life...
    ffprobe stderr: https://www.satipanya.org.uk/wp-content/uploads/2017/03/Meditation-in-Ordinary-Daily-Life.pdf: Invalid data found when p
    retry 1/1, wait 3s...
    ffprobe stderr: https://www.satipanya.org.uk/wp-content/uploads/2017/03/Meditation-in-Ordinary-Daily-Life.pdf: Invalid data found when p
    FAILED (size=416636)
  [48/288] Buddha Day Evening with Italy...
    ffprobe stderr: https://www.satipanya.org.uk/wp-content/uploads/2020/05/Buddha-Day-Evening-with-Italy-1.docx: Invalid data found when pr
    retry 1/1, wait 3s...
    ffprobe stderr: https://www.satipanya.org.uk/wp-content/uploads/2020/05/Buddha-Day-Evening-with-Italy-1.docx: Invalid data found when pr
    FAILED (size=26033)
  [49/288] Text,...
    ffprobe stderr: https://www.satipanya.org.uk/wp-content/uploads/2025/06/Three-score-years-and-ten.docx: Invalid data found when processi
    retry 1/1, wait 3s...
    ffprobe stderr: https://www.satipanya.org.uk/wp-content/uploads/2025/06/Three-score-years-and-ten.docx: Invalid data found when processi
    FAILED (size=31088)
  [50/288] Satipanya Porridge...
    ffprobe stderr: https://www.satipanya.org.uk/wp-content/uploads/2015/09/1.-Porridge.pdf: Invalid data found when processing input
    retry 1/1, wait 3s...
    ffprobe stderr: https://www.satipanya.org.uk/wp-content/uploads/2015/09/1.-Porridge.pdf: Invalid data found when processing input
    FAILED (size=44492)
  [checkpoint saved at 50]
  [51/288] The "Ouch" that hurt....
    ffprobe stderr: https://www.satipanya.org.uk/wp-content/uploads/2015/09/2-Ouch.pdf: Invalid data found when processing input
    retry 1/1, wait 3s...
    ffprobe stderr: https://www.satipanya.org.uk/wp-content/uploads/2015/09/2-Ouch.pdf: Invalid data found when processing input
    FAILED (size=64637)
  [52/288] Coming down to earth...
    ffprobe stderr: https://www.satipanya.org.uk/wp-content/uploads/2015/09/3-Earth.pdf: Invalid data found when processing input
    retry 1/1, wait 3s...
    ffprobe stderr: https://www.satipanya.org.uk/wp-content/uploads/2015/09/3-Earth.pdf: Invalid data found when processing input
    FAILED (size=108466)
  [53/288] Extending the limits of good-will...
    ffprobe stderr: https://www.satipanya.org.uk/wp-content/uploads/2015/09/4-Extending-the-limits-of-goodwill.pdf: Invalid data found when 
    retry 1/1, wait 3s...
    ffprobe stderr: https://www.satipanya.org.uk/wp-content/uploads/2015/09/4-Extending-the-limits-of-goodwill.pdf: Invalid data found when 
    FAILED (size=109007)
  [54/288] Metta for a Cold Heart...
    ffprobe stderr: https://www.satipanya.org.uk/wp-content/uploads/2015/09/5-Metta-for-a-Cold-Heart.pdf: Invalid data found when processing
    retry 1/1, wait 3s...
    ffprobe stderr: https://www.satipanya.org.uk/wp-content/uploads/2015/09/5-Metta-for-a-Cold-Heart.pdf: Invalid data found when processing
    FAILED (size=108617)
  [55/288] The Fourth Noble Truth...
    ffprobe stderr: https://www.satipanya.org.uk/wp-content/uploads/2015/09/6-Fourth-Noble-Truth.pdf: Invalid data found when processing inp
    retry 1/1, wait 3s...
    ffprobe stderr: https://www.satipanya.org.uk/wp-content/uploads/2015/09/6-Fourth-Noble-Truth.pdf: Invalid data found when processing inp
    FAILED (size=203454)
  [56/288] Struggling with Anatta...
    ffprobe stderr: https://www.satipanya.org.uk/wp-content/uploads/2015/09/7-Struggling-with-Anatta.pdf: Invalid data found when processing
    retry 1/1, wait 3s...
    ffprobe stderr: https://www.satipanya.org.uk/wp-content/uploads/2015/09/7-Struggling-with-Anatta.pdf: Invalid data found when processing
    FAILED (size=71622)
  [57/288] Temporary Ordination...
    ffprobe stderr: https://www.satipanya.org.uk/wp-content/uploads/2015/09/8-Temporary-Ordination.pdf: Invalid data found when processing i
    retry 1/1, wait 3s...
    ffprobe stderr: https://www.satipanya.org.uk/wp-content/uploads/2015/09/8-Temporary-Ordination.pdf: Invalid data found when processing i
    FAILED (size=37938)
  [58/288] Retreating and Re-engaging...
    ffprobe stderr: https://www.satipanya.org.uk/wp-content/uploads/2015/09/9-Retreating-and-Re-engaging.pdf: Invalid data found when proces
    retry 1/1, wait 3s...
    ffprobe stderr: https://www.satipanya.org.uk/wp-content/uploads/2015/09/9-Retreating-and-Re-engaging.pdf: Invalid data found when proces
    FAILED (size=82989)
  [59/288] Homeward Bound...
    ffprobe stderr: https://www.dropbox.com/scl/fi/8nguj34pzuyrf3c81sg19/Homeward-Bound.pdf?rlkey=jloegrr5cqbnanjjqyunn5r6j&dl=0: Invalid da
    retry 1/1, wait 3s...
    ffprobe stderr: https://www.dropbox.com/scl/fi/8nguj34pzuyrf3c81sg19/Homeward-Bound.pdf?rlkey=jloegrr5cqbnanjjqyunn5r6j&dl=0: Invalid da
    FAILED (size=0)
  [60/288] All in the Mind...
    ffprobe stderr: https://www.dropbox.com/scl/fi/ptq3drjwnbyywgtwe8m9j/May-21-Tip-Its-all-in-the-mind-BD.pdf?rlkey=epfdzr1q3r3ytx3lpmju8as
    retry 1/1, wait 3s...
    ffprobe stderr: https://www.dropbox.com/scl/fi/ptq3drjwnbyywgtwe8m9j/May-21-Tip-Its-all-in-the-mind-BD.pdf?rlkey=epfdzr1q3r3ytx3lpmju8as
    FAILED (size=0)
  [61/288] Summer meadows...
    ffprobe stderr: https://www.dropbox.com/scl/fi/kldc5al181ou54aq7dgfm/Summer-meadows.pdf?rlkey=jypgezgvnub0mvqexopjct3mf&dl=0: Invalid da
    retry 1/1, wait 3s...
    ffprobe stderr: https://www.dropbox.com/scl/fi/kldc5al181ou54aq7dgfm/Summer-meadows.pdf?rlkey=jypgezgvnub0mvqexopjct3mf&dl=0: Invalid da
    FAILED (size=0)
  [62/288] As Winter Approaches...
    ffprobe stderr: https://www.dropbox.com/scl/fi/mdqu4o4xj2d87fr73j13t/As-Winter-Approaches.pdf?rlkey=ecwxpy1ha5e0p9499p5bfzw4n&dl=0: Inva
    retry 1/1, wait 3s...
    ffprobe stderr: https://www.dropbox.com/scl/fi/mdqu4o4xj2d87fr73j13t/As-Winter-Approaches.pdf?rlkey=ecwxpy1ha5e0p9499p5bfzw4n&dl=0: Inva
    FAILED (size=0)
  [63/288] 2020 Lockdown Christmas...
    ffprobe stderr: https://www.dropbox.com/scl/fi/lpri872vi9eek73g8wccn/december-tip-20.pdf?rlkey=qtd04tfwjhmnh8tky0a774awl&dl=0: Invalid d
    retry 1/1, wait 3s...
    ffprobe stderr: https://www.dropbox.com/scl/fi/lpri872vi9eek73g8wccn/december-tip-20.pdf?rlkey=qtd04tfwjhmnh8tky0a774awl&dl=0: Invalid d
    FAILED (size=0)
  [64/288] Exiting Lockdown...
    ffprobe stderr: https://www.dropbox.com/scl/fi/m6mvz6ojqr6uo4x7jb1eg/Exiting-Lockdown.pdf?rlkey=cds7ukbu8wypm55twws37vgeg&dl=0: Invalid 
    retry 1/1, wait 3s...
    ffprobe stderr: https://www.dropbox.com/scl/fi/m6mvz6ojqr6uo4x7jb1eg/Exiting-Lockdown.pdf?rlkey=cds7ukbu8wypm55twws37vgeg&dl=0: Invalid 
    FAILED (size=0)
  [65/288] Mindfulness meets metta...
    ffprobe stderr: https://www.satipanya.org.uk/wp-content/uploads/2025/06/A-different-approach-to-Metta.docx: Invalid data found when proc
    retry 1/1, wait 3s...
    ffprobe stderr: https://www.satipanya.org.uk/wp-content/uploads/2025/06/A-different-approach-to-Metta.docx: Invalid data found when proc
    FAILED (size=14679)
  [66/288] Everyday Mindfulness...
    ffprobe stderr: https://www.satipanya.org.uk/wp-content/uploads/2025/06/Full-Awareness.docx: Invalid data found when processing input
    retry 1/1, wait 3s...
    ffprobe stderr: https://www.satipanya.org.uk/wp-content/uploads/2025/06/Full-Awareness.docx: Invalid data found when processing input
    FAILED (size=15724)
  [67/288] Healing the Mind-Body Relationship...
    ffprobe stderr: https://www.satipanya.org.uk/wp-content/uploads/2025/06/There-is-a-Body.docx: Invalid data found when processing input
    retry 1/1, wait 3s...
    ffprobe stderr: https://www.satipanya.org.uk/wp-content/uploads/2025/06/There-is-a-Body.docx: Invalid data found when processing input
    FAILED (size=15293)
  [68/288] Nibanna is Close at Hand!...
    ffprobe stderr: https://www.satipanya.org.uk/wp-content/uploads/2025/06/Nibanna-close-at-hand.docx: Invalid data found when processing i
    retry 1/1, wait 3s...
    ffprobe stderr: https://www.satipanya.org.uk/wp-content/uploads/2025/06/Nibanna-close-at-hand.docx: Invalid data found when processing i
    FAILED (size=17862)
  [69/288] Greeting the Devadutta...
    ffprobe stderr: https://www.satipanya.org.uk/wp-content/uploads/2015/09/Greeting-the-Devadutta.pdf: Invalid data found when processing i
    retry 1/1, wait 3s...
    ffprobe stderr: https://www.satipanya.org.uk/wp-content/uploads/2015/09/Greeting-the-Devadutta.pdf: Invalid data found when processing i
    FAILED (size=46202)
  [70/288] Laryngectomy...
    ffprobe stderr: https://www.satipanya.org.uk/wp-content/uploads/2015/09/Laryngectomy.pdf: Invalid data found when processing input
    retry 1/1, wait 3s...
    ffprobe stderr: https://www.satipanya.org.uk/wp-content/uploads/2015/09/Laryngectomy.pdf: Invalid data found when processing input
    FAILED (size=99283)
  [71/288] Stumbling towards Gratitude...
    ffprobe stderr: https://www.satipanya.org.uk/wp-content/uploads/2015/09/Stumbling-towards-Gratitude.pdf: Invalid data found when process
    retry 1/1, wait 3s...
    ffprobe stderr: https://www.satipanya.org.uk/wp-content/uploads/2015/09/Stumbling-towards-Gratitude.pdf: Invalid data found when process
    FAILED (size=51000)
  [72/288] Mid-winter Darkness...
    ffprobe stderr: https://www.satipanya.org.uk/wp-content/uploads/2015/09/Mid-winter-Darkness.pdf: Invalid data found when processing inpu
    retry 1/1, wait 3s...
    ffprobe stderr: https://www.satipanya.org.uk/wp-content/uploads/2015/09/Mid-winter-Darkness.pdf: Invalid data found when processing inpu
    FAILED (size=76687)
  [73/288] Teaching with an Electro-larynx: The Oval Age-Old ...
    ffprobe stderr: https://www.satipanya.org.uk/wp-content/uploads/2015/11/Tteaching-post-laryngectomy5.pdf: Invalid data found when proces
    retry 1/1, wait 3s...
    ffprobe stderr: https://www.satipanya.org.uk/wp-content/uploads/2015/11/Tteaching-post-laryngectomy5.pdf: Invalid data found when proces
    FAILED (size=353986)
  [74/288] a paper describing six ethical maxims...
    ffprobe stderr: https://media2-production.mightynetworks.com/asset/39337730/Schenck_-_Ethical_Maxims.pdf: Invalid data found when proces
    retry 1/1, wait 3s...
    ffprobe stderr: https://media2-production.mightynetworks.com/asset/39337730/Schenck_-_Ethical_Maxims.pdf: Invalid data found when proces
    FAILED (size=342674)
  [75/288] Full Catastrophe Ethics...
    ffprobe stderr: https://www.dropbox.com/scl/fi/rozoinvtfbrtrw3az027d/Ethics-in-the-Face-of-Catastrophe.pdf?rlkey=w6nwsi6o67ege7u69uimb9z
    retry 1/1, wait 3s...
    ffprobe stderr: https://www.dropbox.com/scl/fi/rozoinvtfbrtrw3az027d/Ethics-in-the-Face-of-Catastrophe.pdf?rlkey=w6nwsi6o67ege7u69uimb9z
    FAILED (size=0)
  [76/288] First Maxim: Work Hard to Grasp the Imensity...
    ffprobe stderr: https://www.dropbox.com/scl/fi/xiavig5kj1t672mnc6c8j/First-Maxim-Work-Hard-to-Grasp-the-Immensity.pdf?rlkey=8m26ygf6zkh8
    retry 1/1, wait 3s...
    ffprobe stderr: https://www.dropbox.com/scl/fi/xiavig5kj1t672mnc6c8j/First-Maxim-Work-Hard-to-Grasp-the-Immensity.pdf?rlkey=8m26ygf6zkh8
    FAILED (size=0)
  [77/288] Second Maxim: Cultivate Radical Hope...
    ffprobe stderr: https://www.dropbox.com/scl/fi/bmvg3gh1kxgvtm9yj0700/2nd-maxim-cultivate-radical-hope.pdf?rlkey=tuvxthgflkrbw1pnqq7s1ykc
    retry 1/1, wait 3s...
    ffprobe stderr: https://www.dropbox.com/scl/fi/bmvg3gh1kxgvtm9yj0700/2nd-maxim-cultivate-radical-hope.pdf?rlkey=tuvxthgflkrbw1pnqq7s1ykc
    FAILED (size=0)
  [78/288] Third Maxim: Draw a line in the Sand - b. Working ...
    ffprobe stderr: https://www.dropbox.com/scl/fi/acbsl9qa1i9vtp0thutop/3rd-maxim-red-lines-2-BD.pdf?rlkey=takcr56pzw30ny7dsrlm8gm9o&dl=0: 
    retry 1/1, wait 3s...
    ffprobe stderr: https://www.dropbox.com/scl/fi/acbsl9qa1i9vtp0thutop/3rd-maxim-red-lines-2-BD.pdf?rlkey=takcr56pzw30ny7dsrlm8gm9o&dl=0: 
    FAILED (size=0)
  [79/288] Fourth Maxim: Appreciate the Amazing and Unique Up...
    ffprobe stderr: https://www.dropbox.com/scl/fi/oidghyuejtmwasn1pkg6q/4th-maxim-Opportunity-Part-1.pdf?rlkey=u02qg8w8o2fkwytzosfyvxoc9&dl
    retry 1/1, wait 3s...
    ffprobe stderr: https://www.dropbox.com/scl/fi/oidghyuejtmwasn1pkg6q/4th-maxim-Opportunity-Part-1.pdf?rlkey=u02qg8w8o2fkwytzosfyvxoc9&dl
    FAILED (size=0)
  [80/288] Fifth Maxim: Train the Mind and Body...
    ffprobe stderr: https://www.satipanya.org.uk/wp-content/uploads/2025/06/5th-maxim-Develop-the-Body-and-Mind.docx: Invalid data found whe
    retry 1/1, wait 3s...
    ffprobe stderr: https://www.satipanya.org.uk/wp-content/uploads/2025/06/5th-maxim-Develop-the-Body-and-Mind.docx: Invalid data found whe
    FAILED (size=21429)
  [81/288] At the end of the day (1)...
    ffprobe stderr: https://www.satipanya.org.uk/tip-o-the-day/#anchor0: Invalid data found when processing input
    retry 1/1, wait 3s...
    ffprobe stderr: https://www.satipanya.org.uk/tip-o-the-day/#anchor0: Invalid data found when processing input
    FAILED (size=0)
  [82/288] At the end of the day. (2)...
    ffprobe stderr: https://www.satipanya.org.uk/tip-o-the-day/#anchor1: Invalid data found when processing input
    retry 1/1, wait 3s...
    ffprobe stderr: https://www.satipanya.org.uk/tip-o-the-day/#anchor1: Invalid data found when processing input
    FAILED (size=0)
  [83/288] At the end of the day....
    ffprobe stderr: https://www.satipanya.org.uk/tip-o-the-day/#anchor2: Invalid data found when processing input
    retry 1/1, wait 3s...
    ffprobe stderr: https://www.satipanya.org.uk/tip-o-the-day/#anchor2: Invalid data found when processing input
    FAILED (size=0)
  [84/288] Upon Awakening....
    ffprobe stderr: https://www.satipanya.org.uk/tip-o-the-day/#anchor3: Invalid data found when processing input
    retry 1/1, wait 3s...
    ffprobe stderr: https://www.satipanya.org.uk/tip-o-the-day/#anchor3: Invalid data found when processing input
    FAILED (size=0)
  [85/288] Morning Meditation (One of Four) : Ritual...
    ffprobe stderr: https://www.satipanya.org.uk/tip-o-the-day/#anchor4: Invalid data found when processing input
    retry 1/1, wait 3s...
    ffprobe stderr: https://www.satipanya.org.uk/tip-o-the-day/#anchor4: Invalid data found when processing input
    FAILED (size=0)
  [86/288] Morning Meditation : Default Position: Abiding in ...
    ffprobe stderr: https://www.satipanya.org.uk/tip-o-the-day/#anchor5: Invalid data found when processing input
    retry 1/1, wait 3s...
    ffprobe stderr: https://www.satipanya.org.uk/tip-o-the-day/#anchor5: Invalid data found when processing input
    FAILED (size=0)
  [87/288] Morning Meditation : Vipassana – 1. Developing a s...
    ffprobe stderr: https://www.satipanya.org.uk/tip-o-the-day/#anchor6: Invalid data found when processing input
    retry 1/1, wait 3s...
    ffprobe stderr: https://www.satipanya.org.uk/tip-o-the-day/#anchor6: Invalid data found when processing input
    FAILED (size=0)
  [88/288] Morning Meditation : Vipassana 2. – Developing Ins...
    ffprobe stderr: https://www.satipanya.org.uk/tip-o-the-day/#anchor7: Invalid data found when processing input
    retry 1/1, wait 3s...
    ffprobe stderr: https://www.satipanya.org.uk/tip-o-the-day/#anchor7: Invalid data found when processing input
    FAILED (size=0)
  [89/288] Morning Meditation : Metta : Developing Goodwill –...
    ffprobe stderr: https://www.satipanya.org.uk/tip-o-the-day/#anchor8: Invalid data found when processing input
    retry 1/1, wait 3s...
    ffprobe stderr: https://www.satipanya.org.uk/tip-o-the-day/#anchor8: Invalid data found when processing input
    FAILED (size=0)
  [90/288] Discourse on Metta...
    ffprobe stderr: https://www.satipanya.org.uk/tip-o-the-day/#anchor9: Invalid data found when processing input
    retry 1/1, wait 3s...
    ffprobe stderr: https://www.satipanya.org.uk/tip-o-the-day/#anchor9: Invalid data found when processing input
    FAILED (size=0)
  [91/288] Morning Meditation: Developing Goodwill and Forgiv...
    ffprobe stderr: https://www.satipanya.org.uk/tip-o-the-day/#anchor10: Invalid data found when processing input
    retry 1/1, wait 3s...
    ffprobe stderr: https://www.satipanya.org.uk/tip-o-the-day/#anchor10: Invalid data found when processing input
    FAILED (size=0)
  [92/288] Morning Meditation : Resolution...
    ffprobe stderr: https://www.satipanya.org.uk/tip-o-the-day/#anchor11: Invalid data found when processing input
    retry 1/1, wait 3s...
    ffprobe stderr: https://www.satipanya.org.uk/tip-o-the-day/#anchor11: Invalid data found when processing input
    FAILED (size=0)
  [93/288] Developing the Perfection of Determination...
    ffprobe stderr: https://www.satipanya.org.uk/tip-o-the-day/#anchor12: Invalid data found when processing input
    retry 1/1, wait 3s...
    ffprobe stderr: https://www.satipanya.org.uk/tip-o-the-day/#anchor12: Invalid data found when processing input
    FAILED (size=0)
  [94/288] Breakfast at last!...
    ffprobe stderr: https://www.satipanya.org.uk/tip-o-the-day/#anchor13: Invalid data found when processing input
    retry 1/1, wait 3s...
    ffprobe stderr: https://www.satipanya.org.uk/tip-o-the-day/#anchor13: Invalid data found when processing input
    FAILED (size=0)
  [95/288] Traveling to and from work....
    ffprobe stderr: https://www.satipanya.org.uk/tip-o-the-day/#anchor14: Invalid data found when processing input
    retry 1/1, wait 3s...
    ffprobe stderr: https://www.satipanya.org.uk/tip-o-the-day/#anchor14: Invalid data found when processing input
    FAILED (size=0)
  [96/288] Back Home...
    ffprobe stderr: https://www.satipanya.org.uk/tip-o-the-day/#anchor15: Invalid data found when processing input
    retry 1/1, wait 3s...
    ffprobe stderr: https://www.satipanya.org.uk/tip-o-the-day/#anchor15: Invalid data found when processing input
    FAILED (size=0)
  [97/288] Relations, Friends, Acquaintances and Spiritual Co...
    ffprobe stderr: https://www.satipanya.org.uk/tip-o-the-day/#anchor16: Invalid data found when processing input
    retry 1/1, wait 3s...
    ffprobe stderr: https://www.satipanya.org.uk/tip-o-the-day/#anchor16: Invalid data found when processing input
    FAILED (size=0)
  [98/288] Contemplating Relations, Friends, Acquaintances an...
    ffprobe stderr: https://www.satipanya.org.uk/tip-o-the-day/#anchor17: Invalid data found when processing input
    retry 1/1, wait 3s...
    ffprobe stderr: https://www.satipanya.org.uk/tip-o-the-day/#anchor17: Invalid data found when processing input
    FAILED (size=0)
  [99/288] Intimate Relationships: The Erotic, the Romantic a...
    ffprobe stderr: https://www.satipanya.org.uk/tip-o-the-day/#anchor18: Invalid data found when processing input
    retry 1/1, wait 3s...
    ffprobe stderr: https://www.satipanya.org.uk/tip-o-the-day/#anchor18: Invalid data found when processing input
    FAILED (size=0)
  [100/288] Celibacy...
    ffprobe stderr: https://www.satipanya.org.uk/tip-o-the-day/#anchor19: Invalid data found when processing input
    retry 1/1, wait 3s...
    ffprobe stderr: https://www.satipanya.org.uk/tip-o-the-day/#anchor19: Invalid data found when processing input
    FAILED (size=0)
  [checkpoint saved at 100]
  [101/288] When does love become control?...
    ffprobe stderr: https://www.satipanya.org.uk/tip-o-the-day/#anchor20: Invalid data found when processing input
    retry 1/1, wait 3s...
    ffprobe stderr: https://www.satipanya.org.uk/tip-o-the-day/#anchor20: Invalid data found when processing input
    FAILED (size=0)
  [102/288] Work...
    ffprobe stderr: https://www.satipanya.org.uk/tip-o-the-day/#anchor21: Invalid data found when processing input
    retry 1/1, wait 3s...
    ffprobe stderr: https://www.satipanya.org.uk/tip-o-the-day/#anchor21: Invalid data found when processing input
    FAILED (size=0)
  [103/288] Success and Failure : Trial and Error...
    ffprobe stderr: https://www.satipanya.org.uk/tip-o-the-day/#anchor22: Invalid data found when processing input
    retry 1/1, wait 3s...
    ffprobe stderr: https://www.satipanya.org.uk/tip-o-the-day/#anchor22: Invalid data found when processing input
    FAILED (size=0)
  [104/288] Creating Space (1)...
    ffprobe stderr: https://www.satipanya.org.uk/tip-o-the-day/#anchor23: Invalid data found when processing input
    retry 1/1, wait 3s...
    ffprobe stderr: https://www.satipanya.org.uk/tip-o-the-day/#anchor23: Invalid data found when processing input
    FAILED (size=0)
  [105/288] Creating Space (2)...
    ffprobe stderr: https://www.satipanya.org.uk/tip-o-the-day/#anchor24: Invalid data found when processing input
    retry 1/1, wait 3s...
    ffprobe stderr: https://www.satipanya.org.uk/tip-o-the-day/#anchor24: Invalid data found when processing input
    FAILED (size=0)
  [106/288] Creating Space (3)...
    ffprobe stderr: https://www.satipanya.org.uk/tip-o-the-day/#anchor25: Invalid data found when processing input
    retry 1/1, wait 3s...
    ffprobe stderr: https://www.satipanya.org.uk/tip-o-the-day/#anchor25: Invalid data found when processing input
    FAILED (size=0)
  [107/288] The Limits of Power and Mission Creep...
    ffprobe stderr: https://www.satipanya.org.uk/tip-o-the-day/#anchor26: Invalid data found when processing input
    retry 1/1, wait 3s...
    ffprobe stderr: https://www.satipanya.org.uk/tip-o-the-day/#anchor26: Invalid data found when processing input
    FAILED (size=0)
  [108/288] Not an Emotion...
    ffprobe stderr: https://www.satipanya.org.uk/tip-o-the-day/#anchor27: Invalid data found when processing input
    retry 1/1, wait 3s...
    ffprobe stderr: https://www.satipanya.org.uk/tip-o-the-day/#anchor27: Invalid data found when processing input
    FAILED (size=0)
  [109/288] Relationships...
    ffprobe stderr: https://www.satipanya.org.uk/tip-o-the-day/#anchor28: Invalid data found when processing input
    retry 1/1, wait 3s...
    ffprobe stderr: https://www.satipanya.org.uk/tip-o-the-day/#anchor28: Invalid data found when processing input
    FAILED (size=0)
  [110/288] Being Good rather than Being Good At...
    ffprobe stderr: https://www.satipanya.org.uk/tip-o-the-day/#anchor29: Invalid data found when processing input
    retry 1/1, wait 3s...
    ffprobe stderr: https://www.satipanya.org.uk/tip-o-the-day/#anchor29: Invalid data found when processing input
    FAILED (size=0)
  [111/288] What’s wrong with a bit of attachment!...
    ffprobe stderr: https://www.satipanya.org.uk/tip-o-the-day/#anchor30: Invalid data found when processing input
    retry 1/1, wait 3s...
    ffprobe stderr: https://www.satipanya.org.uk/tip-o-the-day/#anchor30: Invalid data found when processing input
    FAILED (size=0)
  [112/288] Sacrifice : the more we give, the greater the retu...
    ffprobe stderr: https://www.satipanya.org.uk/tip-o-the-day/#anchor31: Invalid data found when processing input
    retry 1/1, wait 3s...
    ffprobe stderr: https://www.satipanya.org.uk/tip-o-the-day/#anchor31: Invalid data found when processing input
    FAILED (size=0)
  [113/288] Not what we believe, but how we live....
    ffprobe stderr: https://www.satipanya.org.uk/tip-o-the-day/#anchor32: Invalid data found when processing input
    retry 1/1, wait 3s...
    ffprobe stderr: https://www.satipanya.org.uk/tip-o-the-day/#anchor32: Invalid data found when processing input
    FAILED (size=0)
  [114/288] Towards the Greatest Happiness....
    ffprobe stderr: https://www.satipanya.org.uk/tip-o-the-day/#anchor33: Invalid data found when processing input
    retry 1/1, wait 3s...
    ffprobe stderr: https://www.satipanya.org.uk/tip-o-the-day/#anchor33: Invalid data found when processing input
    FAILED (size=0)
  [115/288] New Year Resolution...
    ffprobe stderr: https://www.satipanya.org.uk/tip-o-the-day/#anchor34: Invalid data found when processing input
    retry 1/1, wait 3s...
    ffprobe stderr: https://www.satipanya.org.uk/tip-o-the-day/#anchor34: Invalid data found when processing input
    FAILED (size=0)
  [116/288] Neighbourly ‘Sounds’...
    ffprobe stderr: https://www.satipanya.org.uk/tip-o-the-day/#anchor35: Invalid data found when processing input
    retry 1/1, wait 3s...
    ffprobe stderr: https://www.satipanya.org.uk/tip-o-the-day/#anchor35: Invalid data found when processing input
    FAILED (size=0)
  [117/288] Sickness...
    ffprobe stderr: https://www.satipanya.org.uk/tip-o-the-day/#anchor36: Invalid data found when processing input
    retry 1/1, wait 3s...
    ffprobe stderr: https://www.satipanya.org.uk/tip-o-the-day/#anchor36: Invalid data found when processing input
    FAILED (size=0)
  [118/288] The Tough Nut...
    ffprobe stderr: https://www.satipanya.org.uk/tip-o-the-day/#anchor37: Invalid data found when processing input
    retry 1/1, wait 3s...
    ffprobe stderr: https://www.satipanya.org.uk/tip-o-the-day/#anchor37: Invalid data found when processing input
    FAILED (size=0)
  [119/288] Impulsive or Spontaneous....
    ffprobe stderr: https://www.satipanya.org.uk/tip-o-the-day/#anchor38: Invalid data found when processing input
    retry 1/1, wait 3s...
    ffprobe stderr: https://www.satipanya.org.uk/tip-o-the-day/#anchor38: Invalid data found when processing input
    FAILED (size=0)
  [120/288] Joy!...
    ffprobe stderr: https://www.satipanya.org.uk/tip-o-the-day/#anchor39: Invalid data found when processing input
    retry 1/1, wait 3s...
    ffprobe stderr: https://www.satipanya.org.uk/tip-o-the-day/#anchor39: Invalid data found when processing input
    FAILED (size=0)
  [121/288] Thankyou...
    ffprobe stderr: https://www.satipanya.org.uk/tip-o-the-day/#anchor40: Invalid data found when processing input
    retry 1/1, wait 3s...
    ffprobe stderr: https://www.satipanya.org.uk/tip-o-the-day/#anchor40: Invalid data found when processing input
    FAILED (size=0)
  [122/288] Need, Sufficiency and Greed....
    ffprobe stderr: https://www.satipanya.org.uk/tip-o-the-day/#anchor41: Invalid data found when processing input
    retry 1/1, wait 3s...
    ffprobe stderr: https://www.satipanya.org.uk/tip-o-the-day/#anchor41: Invalid data found when processing input
    FAILED (size=0)
  [123/288] What values govern our lives?...
    ffprobe stderr: https://www.satipanya.org.uk/tip-o-the-day/#anchor42: Invalid data found when processing input
    retry 1/1, wait 3s...
    ffprobe stderr: https://www.satipanya.org.uk/tip-o-the-day/#anchor42: Invalid data found when processing input
    FAILED (size=0)
  [124/288] Values in mine own eyes....
    ffprobe stderr: https://www.satipanya.org.uk/tip-o-the-day/#anchor43: Invalid data found when processing input
    retry 1/1, wait 3s...
    ffprobe stderr: https://www.satipanya.org.uk/tip-o-the-day/#anchor43: Invalid data found when processing input
    FAILED (size=0)
  [125/288] Living in the Now : Planning for the Future...
    ffprobe stderr: https://www.satipanya.org.uk/tip-o-the-day/#anchor44: Invalid data found when processing input
    retry 1/1, wait 3s...
    ffprobe stderr: https://www.satipanya.org.uk/tip-o-the-day/#anchor44: Invalid data found when processing input
    FAILED (size=0)
  [126/288] Music...
    ffprobe stderr: https://www.satipanya.org.uk/tip-o-the-day/#anchor45: Invalid data found when processing input
    retry 1/1, wait 3s...
    ffprobe stderr: https://www.satipanya.org.uk/tip-o-the-day/#anchor45: Invalid data found when processing input
    FAILED (size=0)
  [127/288] Time...
    ffprobe stderr: https://www.satipanya.org.uk/tip-o-the-day/#anchor46: Invalid data found when processing input
    retry 1/1, wait 3s...
    ffprobe stderr: https://www.satipanya.org.uk/tip-o-the-day/#anchor46: Invalid data found when processing input
    FAILED (size=0)
  [128/288] Our Daily Breaks....
    ffprobe stderr: https://www.satipanya.org.uk/tip-o-the-day/#anchor47: Invalid data found when processing input
    retry 1/1, wait 3s...
    ffprobe stderr: https://www.satipanya.org.uk/tip-o-the-day/#anchor47: Invalid data found when processing input
    FAILED (size=0)
  [129/288] On the Virtue of Visiting a Cemetery...
    ffprobe stderr: https://www.satipanya.org.uk/tip-o-the-day/#anchor48: Invalid data found when processing input
    retry 1/1, wait 3s...
    ffprobe stderr: https://www.satipanya.org.uk/tip-o-the-day/#anchor48: Invalid data found when processing input
    FAILED (size=0)
  [130/288] Pity, Sorrow and Compassion...
    ffprobe stderr: https://www.satipanya.org.uk/tip-o-the-day/#anchor49: Invalid data found when processing input
    retry 1/1, wait 3s...
    ffprobe stderr: https://www.satipanya.org.uk/tip-o-the-day/#anchor49: Invalid data found when processing input
    FAILED (size=0)
  [131/288] Why are we asked to observe - impermanence....
    ffprobe stderr: https://www.satipanya.org.uk/tip-o-the-day/#anchor50: Invalid data found when processing input
    retry 1/1, wait 3s...
    ffprobe stderr: https://www.satipanya.org.uk/tip-o-the-day/#anchor50: Invalid data found when processing input
    FAILED (size=0)
  [132/288] Sublimation...
    ffprobe stderr: https://www.satipanya.org.uk/tip-o-the-day/#anchor51: Invalid data found when processing input
    retry 1/1, wait 3s...
    ffprobe stderr: https://www.satipanya.org.uk/tip-o-the-day/#anchor51: Invalid data found when processing input
    FAILED (size=0)
  [133/288] Righteous Anger : Plain Anger...
    ffprobe stderr: https://www.satipanya.org.uk/tip-o-the-day/#anchor52: Invalid data found when processing input
    retry 1/1, wait 3s...
    ffprobe stderr: https://www.satipanya.org.uk/tip-o-the-day/#anchor52: Invalid data found when processing input
    FAILED (size=0)
  [134/288] A Pet’s Endgame...
    ffprobe stderr: https://www.satipanya.org.uk/tip-o-the-day/#anchor53: Invalid data found when processing input
    retry 1/1, wait 3s...
    ffprobe stderr: https://www.satipanya.org.uk/tip-o-the-day/#anchor53: Invalid data found when processing input
    FAILED (size=0)
  [135/288] Downers....
    ffprobe stderr: https://www.satipanya.org.uk/tip-o-the-day/#anchor54: Invalid data found when processing input
    retry 1/1, wait 3s...
    ffprobe stderr: https://www.satipanya.org.uk/tip-o-the-day/#anchor54: Invalid data found when processing input
    FAILED (size=0)
  [136/288] Discipline : Self-discipline...
    ffprobe stderr: https://www.satipanya.org.uk/tip-o-the-day/#anchor55: Invalid data found when processing input
    retry 1/1, wait 3s...
    ffprobe stderr: https://www.satipanya.org.uk/tip-o-the-day/#anchor55: Invalid data found when processing input
    FAILED (size=0)
  [137/288] Fairness and Equality...
    ffprobe stderr: https://www.satipanya.org.uk/tip-o-the-day/#anchor56: Invalid data found when processing input
    retry 1/1, wait 3s...
    ffprobe stderr: https://www.satipanya.org.uk/tip-o-the-day/#anchor56: Invalid data found when processing input
    FAILED (size=0)
  [138/288] Unforgivingness...
    ffprobe stderr: https://www.satipanya.org.uk/tip-o-the-day/#anchor57: Invalid data found when processing input
    retry 1/1, wait 3s...
    ffprobe stderr: https://www.satipanya.org.uk/tip-o-the-day/#anchor57: Invalid data found when processing input
    FAILED (size=0)
  [139/288] My body is Mother Earth...
    ffprobe stderr: https://www.satipanya.org.uk/tip-o-the-day/#anchor58: Invalid data found when processing input
    retry 1/1, wait 3s...
    ffprobe stderr: https://www.satipanya.org.uk/tip-o-the-day/#anchor58: Invalid data found when processing input
    FAILED (size=0)
  [140/288] Dealing with Intense Emotions and Moods in Ordinar...
    ffprobe stderr: https://www.satipanya.org.uk/tip-o-the-day/#anchor59: Invalid data found when processing input
    retry 1/1, wait 3s...
    ffprobe stderr: https://www.satipanya.org.uk/tip-o-the-day/#anchor59: Invalid data found when processing input
    FAILED (size=0)
  [141/288] How much pain, physical or mental should we suffer...
    ffprobe stderr: https://www.satipanya.org.uk/tip-o-the-day/#anchor60: Invalid data found when processing input
    retry 1/1, wait 3s...
    ffprobe stderr: https://www.satipanya.org.uk/tip-o-the-day/#anchor60: Invalid data found when processing input
    FAILED (size=0)
  [142/288] Judging or Judgemental?...
    ffprobe stderr: https://www.satipanya.org.uk/tip-o-the-day/#anchor61: Invalid data found when processing input
    retry 1/1, wait 3s...
    ffprobe stderr: https://www.satipanya.org.uk/tip-o-the-day/#anchor61: Invalid data found when processing input
    FAILED (size=0)
  [143/288] The absurd and the Sublime : A Mid-summer Contempl...
    ffprobe stderr: https://www.satipanya.org.uk/tip-o-the-day/#anchor62: Invalid data found when processing input
    retry 1/1, wait 3s...
    ffprobe stderr: https://www.satipanya.org.uk/tip-o-the-day/#anchor62: Invalid data found when processing input
    FAILED (size=0)
  [144/288] If there is no self, who bears the karma?...
    ffprobe stderr: https://www.satipanya.org.uk/tip-o-the-day/#anchor63: Invalid data found when processing input
    retry 1/1, wait 3s...
    ffprobe stderr: https://www.satipanya.org.uk/tip-o-the-day/#anchor63: Invalid data found when processing input
    FAILED (size=0)
  [145/288] Overwhelmed by All the Violence in the World?...
    ffprobe stderr: https://www.satipanya.org.uk/tip-o-the-day/#anchor64: Invalid data found when processing input
    retry 1/1, wait 3s...
    ffprobe stderr: https://www.satipanya.org.uk/tip-o-the-day/#anchor64: Invalid data found when processing input
    FAILED (size=0)
  [146/288] Legal : Moral : Ethical...
    ffprobe stderr: https://www.satipanya.org.uk/tip-o-the-day/#anchor65: Invalid data found when processing input
    retry 1/1, wait 3s...
    ffprobe stderr: https://www.satipanya.org.uk/tip-o-the-day/#anchor65: Invalid data found when processing input
    FAILED (size=0)
  [147/288] The Consumer in Us All....
    ffprobe stderr: https://www.satipanya.org.uk/tip-o-the-day/#anchor66: Invalid data found when processing input
    retry 1/1, wait 3s...
    ffprobe stderr: https://www.satipanya.org.uk/tip-o-the-day/#anchor66: Invalid data found when processing input
    FAILED (size=0)
  [148/288] Barriers or Boundaries...
    ffprobe stderr: https://www.satipanya.org.uk/tip-o-the-day/#anchor67: Invalid data found when processing input
    retry 1/1, wait 3s...
    ffprobe stderr: https://www.satipanya.org.uk/tip-o-the-day/#anchor67: Invalid data found when processing input
    FAILED (size=0)
  [149/288] Isolation, Loneliness and Solitude...
    ffprobe stderr: https://www.satipanya.org.uk/tip-o-the-day/#anchor68: Invalid data found when processing input
    retry 1/1, wait 3s...
    ffprobe stderr: https://www.satipanya.org.uk/tip-o-the-day/#anchor68: Invalid data found when processing input
    FAILED (size=0)
  [150/288] Envy, Jealousy and Appreciative Joy...
    ffprobe stderr: https://www.satipanya.org.uk/tip-o-the-day/#anchor69: Invalid data found when processing input
    retry 1/1, wait 3s...
    ffprobe stderr: https://www.satipanya.org.uk/tip-o-the-day/#anchor69: Invalid data found when processing input
    FAILED (size=0)
  [checkpoint saved at 150]
  [151/288] Unwholesome Karmic Results as Fate....
    ffprobe stderr: https://www.satipanya.org.uk/tip-o-the-day/#anchor70: Invalid data found when processing input
    retry 1/1, wait 3s...
    ffprobe stderr: https://www.satipanya.org.uk/tip-o-the-day/#anchor70: Invalid data found when processing input
    FAILED (size=0)
  [152/288] Ideology leads to strife....
    ffprobe stderr: https://www.satipanya.org.uk/tip-o-the-day/#anchor71: Invalid data found when processing input
    retry 1/1, wait 3s...
    ffprobe stderr: https://www.satipanya.org.uk/tip-o-the-day/#anchor71: Invalid data found when processing input
    FAILED (size=0)
  [153/288] The Sacred: It’s Meaning and the Role of Free Spee...
    ffprobe stderr: https://www.satipanya.org.uk/tip-o-the-day/#anchor72: Invalid data found when processing input
    retry 1/1, wait 3s...
    ffprobe stderr: https://www.satipanya.org.uk/tip-o-the-day/#anchor72: Invalid data found when processing input
    FAILED (size=0)
  [154/288] Awareness, Compassion and Wisdom...
    ffprobe stderr: https://www.satipanya.org.uk/tip-o-the-day/#anchor73: Invalid data found when processing input
    retry 1/1, wait 3s...
    ffprobe stderr: https://www.satipanya.org.uk/tip-o-the-day/#anchor73: Invalid data found when processing input
    FAILED (size=0)
  [155/288] To become or not to become....
    ffprobe stderr: https://www.satipanya.org.uk/tip-o-the-day/#anchor74: Invalid data found when processing input
    retry 1/1, wait 3s...
    ffprobe stderr: https://www.satipanya.org.uk/tip-o-the-day/#anchor74: Invalid data found when processing input
    FAILED (size=0)
  [156/288] Appamāda : Diligent...
    ffprobe stderr: https://www.satipanya.org.uk/tip-o-the-day/#anchor75: Invalid data found when processing input
    retry 1/1, wait 3s...
    ffprobe stderr: https://www.satipanya.org.uk/tip-o-the-day/#anchor75: Invalid data found when processing input
    FAILED (size=0)
  [157/288] Aim and Objective in Present Time...
    ffprobe stderr: https://www.satipanya.org.uk/tip-o-the-day/#anchor76: Invalid data found when processing input
    retry 1/1, wait 3s...
    ffprobe stderr: https://www.satipanya.org.uk/tip-o-the-day/#anchor76: Invalid data found when processing input
    FAILED (size=0)
  [158/288] Money and Power...
    ffprobe stderr: https://www.satipanya.org.uk/tip-o-the-day/#anchor77: Invalid data found when processing input
    retry 1/1, wait 3s...
    ffprobe stderr: https://www.satipanya.org.uk/tip-o-the-day/#anchor77: Invalid data found when processing input
    FAILED (size=0)
  [159/288] Passive Aggression...
    ffprobe stderr: https://www.satipanya.org.uk/tip-o-the-day/#anchor78: Invalid data found when processing input
    retry 1/1, wait 3s...
    ffprobe stderr: https://www.satipanya.org.uk/tip-o-the-day/#anchor78: Invalid data found when processing input
    FAILED (size=0)
  [160/288] In what way should Buddhadhamma affect our politic...
    ffprobe stderr: https://www.satipanya.org.uk/tip-o-the-day/#anchor79: Invalid data found when processing input
    retry 1/1, wait 3s...
    ffprobe stderr: https://www.satipanya.org.uk/tip-o-the-day/#anchor79: Invalid data found when processing input
    FAILED (size=0)
  [161/288] Practice makes perfect.*...
    ffprobe stderr: https://www.satipanya.org.uk/tip-o-the-day/#anchor80: Invalid data found when processing input
    retry 1/1, wait 3s...
    ffprobe stderr: https://www.satipanya.org.uk/tip-o-the-day/#anchor80: Invalid data found when processing input
    FAILED (size=0)
  [162/288] Right Speech...
    ffprobe stderr: https://www.satipanya.org.uk/tip-o-the-day/#anchor81: Invalid data found when processing input
    retry 1/1, wait 3s...
    ffprobe stderr: https://www.satipanya.org.uk/tip-o-the-day/#anchor81: Invalid data found when processing input
    FAILED (size=0)
  [163/288] Equanimity...
    ffprobe stderr: https://www.satipanya.org.uk/tip-o-the-day/#anchor82: Invalid data found when processing input
    retry 1/1, wait 3s...
    ffprobe stderr: https://www.satipanya.org.uk/tip-o-the-day/#anchor82: Invalid data found when processing input
    FAILED (size=0)
  [164/288] Shame...
    ffprobe stderr: https://www.satipanya.org.uk/tip-o-the-day/#anchor83: Invalid data found when processing input
    retry 1/1, wait 3s...
    ffprobe stderr: https://www.satipanya.org.uk/tip-o-the-day/#anchor83: Invalid data found when processing input
    FAILED (size=0)
  [165/288] Guilt...
    ffprobe stderr: https://www.satipanya.org.uk/tip-o-the-day/#anchor84: Invalid data found when processing input
    retry 1/1, wait 3s...
    ffprobe stderr: https://www.satipanya.org.uk/tip-o-the-day/#anchor84: Invalid data found when processing input
    FAILED (size=0)
  [166/288] Gratitude Generosity Renunciation...
    ffprobe stderr: https://www.satipanya.org.uk/tip-o-the-day/#anchor85: Invalid data found when processing input
    retry 1/1, wait 3s...
    ffprobe stderr: https://www.satipanya.org.uk/tip-o-the-day/#anchor85: Invalid data found when processing input
    FAILED (size=0)
  [167/288] Excitement Boredom Contentment...
    ffprobe stderr: https://www.satipanya.org.uk/tip-o-the-day/#anchor86: Invalid data found when processing input
    retry 1/1, wait 3s...
    ffprobe stderr: https://www.satipanya.org.uk/tip-o-the-day/#anchor86: Invalid data found when processing input
    FAILED (size=0)
  [168/288] Silence...
    ffprobe stderr: https://www.satipanya.org.uk/tip-o-the-day/#anchor87: Invalid data found when processing input
    retry 1/1, wait 3s...
    ffprobe stderr: https://www.satipanya.org.uk/tip-o-the-day/#anchor87: Invalid data found when processing input
    FAILED (size=0)
  [169/288] Courage, Fortitude and Resilience...
    ffprobe stderr: https://www.satipanya.org.uk/tip-o-the-day/#anchor88: Invalid data found when processing input
    retry 1/1, wait 3s...
    ffprobe stderr: https://www.satipanya.org.uk/tip-o-the-day/#anchor88: Invalid data found when processing input
    FAILED (size=0)
  [170/288] One of the Hindrances is Sceptical Doubt....
    ffprobe stderr: https://www.satipanya.org.uk/tip-o-the-day/#anchor89: Invalid data found when processing input
    retry 1/1, wait 3s...
    ffprobe stderr: https://www.satipanya.org.uk/tip-o-the-day/#anchor89: Invalid data found when processing input
    FAILED (size=0)
  [171/288] Scientism meets Buddhism (Buddhadhamma?)...
    ffprobe stderr: https://www.satipanya.org.uk/tip-o-the-day/#anchor90: Invalid data found when processing input
    retry 1/1, wait 3s...
    ffprobe stderr: https://www.satipanya.org.uk/tip-o-the-day/#anchor90: Invalid data found when processing input
    FAILED (size=0)
  [172/288] What is our basic disposition to life?...
    ffprobe stderr: https://www.satipanya.org.uk/tip-o-the-day/#anchor91: Invalid data found when processing input
    retry 1/1, wait 3s...
    ffprobe stderr: https://www.satipanya.org.uk/tip-o-the-day/#anchor91: Invalid data found when processing input
    FAILED (size=0)
  [173/288] Fear!...
    ffprobe stderr: https://www.satipanya.org.uk/tip-o-the-day/#anchor92: Invalid data found when processing input
    retry 1/1, wait 3s...
    ffprobe stderr: https://www.satipanya.org.uk/tip-o-the-day/#anchor92: Invalid data found when processing input
    FAILED (size=0)
  [174/288] Beauty....
    ffprobe stderr: https://www.satipanya.org.uk/tip-o-the-day/#anchor93: Invalid data found when processing input
    retry 1/1, wait 3s...
    ffprobe stderr: https://www.satipanya.org.uk/tip-o-the-day/#anchor93: Invalid data found when processing input
    FAILED (size=0)
  [175/288] The Wisdom of Uncertainty...
    ffprobe stderr: https://www.satipanya.org.uk/tip-o-the-day/#anchor94: Invalid data found when processing input
    retry 1/1, wait 3s...
    ffprobe stderr: https://www.satipanya.org.uk/tip-o-the-day/#anchor94: Invalid data found when processing input
    FAILED (size=0)
  [176/288] Patience...
    ffprobe stderr: https://www.satipanya.org.uk/tip-o-the-day/#anchor95: Invalid data found when processing input
    retry 1/1, wait 3s...
    ffprobe stderr: https://www.satipanya.org.uk/tip-o-the-day/#anchor95: Invalid data found when processing input
    FAILED (size=0)
  [177/288] Overcoming the Corruptions of Generosity...
    ffprobe stderr: https://www.satipanya.org.uk/tip-o-the-day/#anchor96: Invalid data found when processing input
    retry 1/1, wait 3s...
    ffprobe stderr: https://www.satipanya.org.uk/tip-o-the-day/#anchor96: Invalid data found when processing input
    FAILED (size=0)
  [178/288] The World is in a terrible state....
    ffprobe stderr: https://www.satipanya.org.uk/tip-o-the-day/#anchor97: Invalid data found when processing input
    retry 1/1, wait 3s...
    ffprobe stderr: https://www.satipanya.org.uk/tip-o-the-day/#anchor97: Invalid data found when processing input
    FAILED (size=0)
  [179/288] The Treasure of Things...
    ffprobe stderr: https://www.satipanya.org.uk/tip-o-the-day/#anchor98: Invalid data found when processing input
    retry 1/1, wait 3s...
    ffprobe stderr: https://www.satipanya.org.uk/tip-o-the-day/#anchor98: Invalid data found when processing input
    FAILED (size=0)
  [180/288] Equanimity Carl...
    ffprobe stderr: https://www.satipanya.org.uk/tip-o-the-day/#anchor99: Invalid data found when processing input
    retry 1/1, wait 3s...
    ffprobe stderr: https://www.satipanya.org.uk/tip-o-the-day/#anchor99: Invalid data found when processing input
    FAILED (size=0)
  [181/288] The years where do they go. New Year Encouragement...
    ffprobe stderr: https://www.satipanya.org.uk/tip-o-the-day/#anchor100: Invalid data found when processing input
    retry 1/1, wait 3s...
    ffprobe stderr: https://www.satipanya.org.uk/tip-o-the-day/#anchor100: Invalid data found when processing input
    FAILED (size=0)
  [182/288] Understand and See things as they really are...
    ffprobe stderr: https://www.satipanya.org.uk/tip-o-the-day/#anchor101: Invalid data found when processing input
    retry 1/1, wait 3s...
    ffprobe stderr: https://www.satipanya.org.uk/tip-o-the-day/#anchor101: Invalid data found when processing input
    FAILED (size=0)
  [183/288] Constant Curiosity Carl...
    ffprobe stderr: https://www.satipanya.org.uk/tip-o-the-day/#anchor102: Invalid data found when processing input
    retry 1/1, wait 3s...
    ffprobe stderr: https://www.satipanya.org.uk/tip-o-the-day/#anchor102: Invalid data found when processing input
    FAILED (size=0)
  [184/288] Kamma Noirin...
    ffprobe stderr: https://www.satipanya.org.uk/tip-o-the-day/#anchor103: Invalid data found when processing input
    retry 1/1, wait 3s...
    ffprobe stderr: https://www.satipanya.org.uk/tip-o-the-day/#anchor103: Invalid data found when processing input
    FAILED (size=0)
  [185/288] Progress...
    ffprobe stderr: https://www.satipanya.org.uk/tip-o-the-day/#anchor104: Invalid data found when processing input
    retry 1/1, wait 3s...
    ffprobe stderr: https://www.satipanya.org.uk/tip-o-the-day/#anchor104: Invalid data found when processing input
    FAILED (size=0)
  [186/288] Who Decides? Carl...
    ffprobe stderr: https://www.satipanya.org.uk/tip-o-the-day/#anchor105: Invalid data found when processing input
    retry 1/1, wait 3s...
    ffprobe stderr: https://www.satipanya.org.uk/tip-o-the-day/#anchor105: Invalid data found when processing input
    FAILED (size=0)
  [187/288] Delusion, caring for illusion....
    ffprobe stderr: https://www.satipanya.org.uk/tip-o-the-day/#anchor106: Invalid data found when processing input
    retry 1/1, wait 3s...
    ffprobe stderr: https://www.satipanya.org.uk/tip-o-the-day/#anchor106: Invalid data found when processing input
    FAILED (size=0)
  [188/288] The world is not in a good place....
    ffprobe stderr: https://www.satipanya.org.uk/tip-o-the-day/#anchor107: Invalid data found when processing input
    retry 1/1, wait 3s...
    ffprobe stderr: https://www.satipanya.org.uk/tip-o-the-day/#anchor107: Invalid data found when processing input
    FAILED (size=0)
  [189/288] Happy New Year...
    ffprobe stderr: https://www.satipanya.org.uk/tip-o-the-day/#anchor108: Invalid data found when processing input
    retry 1/1, wait 3s...
    ffprobe stderr: https://www.satipanya.org.uk/tip-o-the-day/#anchor108: Invalid data found when processing input
    FAILED (size=0)
  [190/288] Sickness...
    ffprobe stderr: https://www.satipanya.org.uk/tip-o-the-day/#anchor109: Invalid data found when processing input
    retry 1/1, wait 3s...
    ffprobe stderr: https://www.satipanya.org.uk/tip-o-the-day/#anchor109: Invalid data found when processing input
    FAILED (size=0)
  [191/288] Yearning for a Better World...
    ffprobe stderr: https://www.satipanya.org.uk/tip-o-the-day/#anchor110: Invalid data found when processing input
    retry 1/1, wait 3s...
    ffprobe stderr: https://www.satipanya.org.uk/tip-o-the-day/#anchor110: Invalid data found when processing input
    FAILED (size=0)
  [192/288] Balancing Lay and Spiritual Life...
    ffprobe stderr: https://www.satipanya.org.uk/tip-o-the-day/#anchor111: Invalid data found when processing input
    retry 1/1, wait 3s...
    ffprobe stderr: https://www.satipanya.org.uk/tip-o-the-day/#anchor111: Invalid data found when processing input
    FAILED (size=0)
  [193/288] Wildflower Wisdom...
    ffprobe stderr: https://www.satipanya.org.uk/tip-o-the-day/#anchor112: Invalid data found when processing input
    retry 1/1, wait 3s...
    ffprobe stderr: https://www.satipanya.org.uk/tip-o-the-day/#anchor112: Invalid data found when processing input
    FAILED (size=0)
  [194/288] Dealing with the Stories that Make Us Suffer...
    ffprobe stderr: https://www.satipanya.org.uk/tip-o-the-day/#anchor113: Invalid data found when processing input
    retry 1/1, wait 3s...
    ffprobe stderr: https://www.satipanya.org.uk/tip-o-the-day/#anchor113: Invalid data found when processing input
    FAILED (size=0)
  [195/288] The Wisdom and Virtues of Insecurity...
    ffprobe stderr: https://www.satipanya.org.uk/tip-o-the-day/#anchor114: Invalid data found when processing input
    retry 1/1, wait 3s...
    ffprobe stderr: https://www.satipanya.org.uk/tip-o-the-day/#anchor114: Invalid data found when processing input
    FAILED (size=0)
  [196/288] As Winter Approaches...
    ffprobe stderr: https://www.satipanya.org.uk/tip-o-the-day/#anchor115: Invalid data found when processing input
    retry 1/1, wait 3s...
    ffprobe stderr: https://www.satipanya.org.uk/tip-o-the-day/#anchor115: Invalid data found when processing input
    FAILED (size=0)
  [197/288] Guidelines For a New Year's Resolution...
    ffprobe stderr: https://www.satipanya.org.uk/tip-o-the-day/#anchor116: Invalid data found when processing input
    retry 1/1, wait 3s...
    ffprobe stderr: https://www.satipanya.org.uk/tip-o-the-day/#anchor116: Invalid data found when processing input
    FAILED (size=0)
  [198/288] Coronavirus : Messenger from the Gods...
    ffprobe stderr: https://www.satipanya.org.uk/tip-o-the-day/#anchor117: Invalid data found when processing input
    retry 1/1, wait 3s...
    ffprobe stderr: https://www.satipanya.org.uk/tip-o-the-day/#anchor117: Invalid data found when processing input
    FAILED (size=0)
  [199/288] Quench all Resentments....
    ffprobe stderr: https://www.satipanya.org.uk/tip-o-the-day/#anchor118: Invalid data found when processing input
    retry 1/1, wait 3s...
    ffprobe stderr: https://www.satipanya.org.uk/tip-o-the-day/#anchor118: Invalid data found when processing input
    FAILED (size=0)
  [200/288] Exiting Lockdown...
    ffprobe stderr: https://www.satipanya.org.uk/tip-o-the-day/#anchor119: Invalid data found when processing input
    retry 1/1, wait 3s...
    ffprobe stderr: https://www.satipanya.org.uk/tip-o-the-day/#anchor119: Invalid data found when processing input
    FAILED (size=0)
  [checkpoint saved at 200]
  [201/288] Committing to the Path...
    ffprobe stderr: https://www.satipanya.org.uk/tip-o-the-day/#anchor120: Invalid data found when processing input
    retry 1/1, wait 3s...
    ffprobe stderr: https://www.satipanya.org.uk/tip-o-the-day/#anchor120: Invalid data found when processing input
    FAILED (size=0)
  [202/288] Beauty...
    ffprobe stderr: https://www.satipanya.org.uk/tip-o-the-day/#anchor121: Invalid data found when processing input
    retry 1/1, wait 3s...
    ffprobe stderr: https://www.satipanya.org.uk/tip-o-the-day/#anchor121: Invalid data found when processing input
    FAILED (size=0)
  [203/288] Motivation for Practice...
    ffprobe stderr: https://www.satipanya.org.uk/tip-o-the-day/#anchor123: Invalid data found when processing input
    retry 1/1, wait 3s...
    ffprobe stderr: https://www.satipanya.org.uk/tip-o-the-day/#anchor123: Invalid data found when processing input
    FAILED (size=0)
  [204/288] All in the Mind...
    ffprobe stderr: https://www.satipanya.org.uk/tip-o-the-day/#anchor124: Invalid data found when processing input
    retry 1/1, wait 3s...
    ffprobe stderr: https://www.satipanya.org.uk/tip-o-the-day/#anchor124: Invalid data found when processing input
    FAILED (size=0)
  [205/288] Perfection, Elitism and Excellence....
    ffprobe stderr: https://www.satipanya.org.uk/tip-o-the-day/#anchor125: Invalid data found when processing input
    retry 1/1, wait 3s...
    ffprobe stderr: https://www.satipanya.org.uk/tip-o-the-day/#anchor125: Invalid data found when processing input
    FAILED (size=0)
  [206/288] Material World...
    ffprobe stderr: https://www.satipanya.org.uk/tip-o-the-day/#anchor126: Invalid data found when processing input
    retry 1/1, wait 3s...
    ffprobe stderr: https://www.satipanya.org.uk/tip-o-the-day/#anchor126: Invalid data found when processing input
    FAILED (size=0)
  [207/288] Inner Voices...
    ffprobe stderr: https://www.satipanya.org.uk/tip-o-the-day/#anchor127: Invalid data found when processing input
    retry 1/1, wait 3s...
    ffprobe stderr: https://www.satipanya.org.uk/tip-o-the-day/#anchor127: Invalid data found when processing input
    FAILED (size=0)
  [208/288] Full Catastrophe Ethics...
    ffprobe stderr: https://www.satipanya.org.uk/tip-o-the-day/#anchor128: Invalid data found when processing input
    retry 1/1, wait 3s...
    ffprobe stderr: https://www.satipanya.org.uk/tip-o-the-day/#anchor128: Invalid data found when processing input
    FAILED (size=0)
  [209/288] On Learning how to be with Climate and Social Brea...
    ffprobe stderr: https://www.satipanya.org.uk/tip-o-the-day/#anchor129: Invalid data found when processing input
    retry 1/1, wait 3s...
    ffprobe stderr: https://www.satipanya.org.uk/tip-o-the-day/#anchor129: Invalid data found when processing input
    FAILED (size=0)
  [210/288] Living in the here and now. Bhante Bodhidhamma...
    ffprobe stderr: https://www.satipanya.org.uk/tip-o-the-day/#anchor130: Invalid data found when processing input
    retry 1/1, wait 3s...
    ffprobe stderr: https://www.satipanya.org.uk/tip-o-the-day/#anchor130: Invalid data found when processing input
    FAILED (size=0)
  [211/288] Being Human Bhante Bodhidhamma...
    ffprobe stderr: https://www.satipanya.org.uk/tip-o-the-day/#anchor131: Invalid data found when processing input
    retry 1/1, wait 3s...
    ffprobe stderr: https://www.satipanya.org.uk/tip-o-the-day/#anchor131: Invalid data found when processing input
    FAILED (size=0)
  [212/288] Sympathy Empathy Compassion Bhante Bodhidhamma...
    ffprobe stderr: https://www.satipanya.org.uk/tip-o-the-day/#anchor132: Invalid data found when processing input
    retry 1/1, wait 3s...
    ffprobe stderr: https://www.satipanya.org.uk/tip-o-the-day/#anchor132: Invalid data found when processing input
    FAILED (size=0)
  [213/288] Non-Violence is not Pacificism Bhante Bodhidhamma...
    ffprobe stderr: https://www.satipanya.org.uk/tip-o-the-day/#anchor133: Invalid data found when processing input
    retry 1/1, wait 3s...
    ffprobe stderr: https://www.satipanya.org.uk/tip-o-the-day/#anchor133: Invalid data found when processing input
    FAILED (size=0)
  [214/288] Neoliberalism and Buddhadhamma Bhante Bodhidhamma...
    ffprobe stderr: https://www.satipanya.org.uk/tip-o-the-day/#anchor134: Invalid data found when processing input
    retry 1/1, wait 3s...
    ffprobe stderr: https://www.satipanya.org.uk/tip-o-the-day/#anchor134: Invalid data found when processing input
    FAILED (size=0)
  [215/288] Dullness and Lethargy: Our Two Very Good Friends C...
    ffprobe stderr: https://www.satipanya.org.uk/tip-o-the-day/#anchor135: Invalid data found when processing input
    retry 1/1, wait 3s...
    ffprobe stderr: https://www.satipanya.org.uk/tip-o-the-day/#anchor135: Invalid data found when processing input
    FAILED (size=0)
  [216/288] Preparing for Climate Change - First Ethical Maxim...
    ffprobe stderr: https://www.satipanya.org.uk/tip-o-the-day/#anchor136: Invalid data found when processing input
    retry 1/1, wait 3s...
    ffprobe stderr: https://www.satipanya.org.uk/tip-o-the-day/#anchor136: Invalid data found when processing input
    FAILED (size=0)
  [217/288] Red Lines, Sila - Third Ethical Maxim Noirin Sheah...
    ffprobe stderr: https://www.satipanya.org.uk/tip-o-the-day/#anchor137: Invalid data found when processing input
    retry 1/1, wait 3s...
    ffprobe stderr: https://www.satipanya.org.uk/tip-o-the-day/#anchor137: Invalid data found when processing input
    FAILED (size=0)
  [218/288] Radical Hope, Saddha - Second Ethical Maxim Noirin...
    ffprobe stderr: https://www.satipanya.org.uk/tip-o-the-day/#anchor138: Invalid data found when processing input
    retry 1/1, wait 3s...
    ffprobe stderr: https://www.satipanya.org.uk/tip-o-the-day/#anchor138: Invalid data found when processing input
    FAILED (size=0)
  [219/288] New Year Resolutions and the Third Maxim  Noirin S...
    ffprobe stderr: https://www.satipanya.org.uk/tip-o-the-day/#anchor139: Invalid data found when processing input
    retry 1/1, wait 3s...
    ffprobe stderr: https://www.satipanya.org.uk/tip-o-the-day/#anchor139: Invalid data found when processing input
    FAILED (size=0)
  [220/288] 4th Maxim (i) : Opportunity Knocks  Noirin Sheahan...
    ffprobe stderr: https://www.satipanya.org.uk/tip-o-the-day/#anchor140: Invalid data found when processing input
    retry 1/1, wait 3s...
    ffprobe stderr: https://www.satipanya.org.uk/tip-o-the-day/#anchor140: Invalid data found when processing input
    FAILED (size=0)
  [221/288] 4th Maxim (ii) : Spiral to Freedom  Noirin Sheahan...
    ffprobe stderr: https://www.satipanya.org.uk/tip-o-the-day/#anchor141: Invalid data found when processing input
    retry 1/1, wait 3s...
    ffprobe stderr: https://www.satipanya.org.uk/tip-o-the-day/#anchor141: Invalid data found when processing input
    FAILED (size=0)
  [222/288] Fourth Maxim (iii) : Path to Transcendence  Noirin...
    ffprobe stderr: https://www.satipanya.org.uk/tip-o-the-day/#anchor142: Invalid data found when processing input
    retry 1/1, wait 3s...
    ffprobe stderr: https://www.satipanya.org.uk/tip-o-the-day/#anchor142: Invalid data found when processing input
    FAILED (size=0)
  [223/288] Equanimity : The Most Important Virtue Bhante Bodh...
    ffprobe stderr: https://www.satipanya.org.uk/tip-o-the-day/#anchor143: Invalid data found when processing input
    retry 1/1, wait 3s...
    ffprobe stderr: https://www.satipanya.org.uk/tip-o-the-day/#anchor143: Invalid data found when processing input
    FAILED (size=0)
  [224/288] The Danger of Nihilism  Bhante Bodhidhamma...
    ffprobe stderr: https://www.satipanya.org.uk/tip-o-the-day/#anchor144: Invalid data found when processing input
    retry 1/1, wait 3s...
    ffprobe stderr: https://www.satipanya.org.uk/tip-o-the-day/#anchor144: Invalid data found when processing input
    FAILED (size=0)
  [225/288] Neo-Fascism  Bhante Bodhidhamma...
    ffprobe stderr: https://www.satipanya.org.uk/tip-o-the-day/#anchor145: Invalid data found when processing input
    retry 1/1, wait 3s...
    ffprobe stderr: https://www.satipanya.org.uk/tip-o-the-day/#anchor145: Invalid data found when processing input
    FAILED (size=0)
  [226/288] The Gift of Joy Mudita Bhante Bodhidhamma...
    ffprobe stderr: https://www.satipanya.org.uk/tip-o-the-day/#anchor146: Invalid data found when processing input
    retry 1/1, wait 3s...
    ffprobe stderr: https://www.satipanya.org.uk/tip-o-the-day/#anchor146: Invalid data found when processing input
    FAILED (size=0)
  [227/288] ‘We just follow circumstance.’  Bhante Bodhidhamma...
    ffprobe stderr: https://www.satipanya.org.uk/tip-o-the-day/#anchor147: Invalid data found when processing input
    retry 1/1, wait 3s...
    ffprobe stderr: https://www.satipanya.org.uk/tip-o-the-day/#anchor147: Invalid data found when processing input
    FAILED (size=0)
  [228/288] To Love or To Be Loved. That is the Question.  Bha...
    ffprobe stderr: https://www.satipanya.org.uk/tip-o-the-day/#anchor148: Invalid data found when processing input
    retry 1/1, wait 3s...
    ffprobe stderr: https://www.satipanya.org.uk/tip-o-the-day/#anchor148: Invalid data found when processing input
    FAILED (size=0)
  [229/288] Samsara : doomed to suffer over and over again? Bh...
    ffprobe stderr: https://www.satipanya.org.uk/tip-o-the-day/#anchor149: Invalid data found when processing input
    retry 1/1, wait 3s...
    ffprobe stderr: https://www.satipanya.org.uk/tip-o-the-day/#anchor149: Invalid data found when processing input
    FAILED (size=0)
  [230/288] Compassion : To Care  Bhante Bodhidhamma...
    ffprobe stderr: https://www.satipanya.org.uk/tip-o-the-day/#anchor150: Invalid data found when processing input
    retry 1/1, wait 3s...
    ffprobe stderr: https://www.satipanya.org.uk/tip-o-the-day/#anchor150: Invalid data found when processing input
    FAILED (size=0)
  [231/288] Compassion : A Path of Liberation  Bhante Bodhidha...
    ffprobe stderr: https://www.satipanya.org.uk/tip-o-the-day/#anchor151: Invalid data found when processing input
    retry 1/1, wait 3s...
    ffprobe stderr: https://www.satipanya.org.uk/tip-o-the-day/#anchor151: Invalid data found when processing input
    FAILED (size=0)
  [232/288] Fifth Maxim: Develop the Body and Mind  Noirin She...
    ffprobe stderr: https://www.satipanya.org.uk/tip-o-the-day/#anchor152: Invalid data found when processing input
    retry 1/1, wait 3s...
    ffprobe stderr: https://www.satipanya.org.uk/tip-o-the-day/#anchor152: Invalid data found when processing input
    FAILED (size=0)
  [233/288] The Buddha’s Alter Ego : The World Conquering Mona...
    ffprobe stderr: https://www.satipanya.org.uk/tip-o-the-day/#anchor153: Invalid data found when processing input
    retry 1/1, wait 3s...
    ffprobe stderr: https://www.satipanya.org.uk/tip-o-the-day/#anchor153: Invalid data found when processing input
    FAILED (size=0)
  [234/288] There is a Body: Exploring the Mind-Body Relations...
    ffprobe stderr: https://www.satipanya.org.uk/tip-o-the-day/#anchor154: Invalid data found when processing input
    retry 1/1, wait 3s...
    ffprobe stderr: https://www.satipanya.org.uk/tip-o-the-day/#anchor154: Invalid data found when processing input
    FAILED (size=0)
  [235/288] Self-love and Self-Acceptance  Bhante Bodhidhamma...
    ffprobe stderr: https://www.satipanya.org.uk/tip-o-the-day/#anchor155: Invalid data found when processing input
    retry 1/1, wait 3s...
    ffprobe stderr: https://www.satipanya.org.uk/tip-o-the-day/#anchor155: Invalid data found when processing input
    FAILED (size=0)
  [236/288] The Crucial Role of Desire and Intention.  Bhante ...
    ffprobe stderr: https://www.satipanya.org.uk/tip-o-the-day/#anchor156: Invalid data found when processing input
    retry 1/1, wait 3s...
    ffprobe stderr: https://www.satipanya.org.uk/tip-o-the-day/#anchor156: Invalid data found when processing input
    FAILED (size=0)
  [237/288] Mindfulness meets Metta Noirin Sheahan...
    ffprobe stderr: https://www.satipanya.org.uk/tip-o-the-day/#anchor157: Invalid data found when processing input
    retry 1/1, wait 3s...
    ffprobe stderr: https://www.satipanya.org.uk/tip-o-the-day/#anchor157: Invalid data found when processing input
    FAILED (size=0)
  [238/288] Surely meditation shouldn't feel like this?  Noiri...
    ffprobe stderr: https://www.satipanya.org.uk/tip-o-the-day/#anchor158: Invalid data found when processing input
    retry 1/1, wait 3s...
    ffprobe stderr: https://www.satipanya.org.uk/tip-o-the-day/#anchor158: Invalid data found when processing input
    FAILED (size=0)
  [239/288] The Fire Sermon...
    ffprobe stderr: https://www.satipanya.org.uk/tip-o-the-day/#anchor159: Invalid data found when processing input
    retry 1/1, wait 3s...
    ffprobe stderr: https://www.satipanya.org.uk/tip-o-the-day/#anchor159: Invalid data found when processing input
    FAILED (size=0)
  [240/288] Why spend a week or more on retreat?...
    ffprobe stderr: https://www.satipanya.org.uk/tip-o-the-day/#anchor160: Invalid data found when processing input
    retry 1/1, wait 3s...
    ffprobe stderr: https://www.satipanya.org.uk/tip-o-the-day/#anchor160: Invalid data found when processing input
    FAILED (size=0)
  [241/288] Nibanna is Close at Hand!...
    ffprobe stderr: https://www.satipanya.org.uk/tip-o-the-day/#anchor161: Invalid data found when processing input
    retry 1/1, wait 3s...
    ffprobe stderr: https://www.satipanya.org.uk/tip-o-the-day/#anchor161: Invalid data found when processing input
    FAILED (size=0)
  [242/288] AI 'Art'...
    ffprobe stderr: https://www.satipanya.org.uk/tip-o-the-day/#anchor162: Invalid data found when processing input
    retry 1/1, wait 3s...
    ffprobe stderr: https://www.satipanya.org.uk/tip-o-the-day/#anchor162: Invalid data found when processing input
    FAILED (size=0)
  [243/288] A Field of Barley...
    ffprobe stderr: https://www.satipanya.org.uk/tip-o-the-day/#anchor163: Invalid data found when processing input
    retry 1/1, wait 3s...
    ffprobe stderr: https://www.satipanya.org.uk/tip-o-the-day/#anchor163: Invalid data found when processing input
    FAILED (size=0)
  [244/288] War!...
    ffprobe stderr: https://www.satipanya.org.uk/tip-o-the-day/#anchor164: Invalid data found when processing input
    retry 1/1, wait 3s...
    ffprobe stderr: https://www.satipanya.org.uk/tip-o-the-day/#anchor164: Invalid data found when processing input
    FAILED (size=0)
  [245/288] The Enlightenment and its Demise....
    ffprobe stderr: https://www.satipanya.org.uk/tip-o-the-day/#anchor165: Invalid data found when processing input
    retry 1/1, wait 3s...
    ffprobe stderr: https://www.satipanya.org.uk/tip-o-the-day/#anchor165: Invalid data found when processing input
    FAILED (size=0)
  [246/288] The Enlightenment and Possible Salvation....
    ffprobe stderr: https://www.satipanya.org.uk/tip-o-the-day/#anchor166: Invalid data found when processing input
    retry 1/1, wait 3s...
    ffprobe stderr: https://www.satipanya.org.uk/tip-o-the-day/#anchor166: Invalid data found when processing input
    FAILED (size=0)
  [247/288] Sixth Maxim: Act for the Future Generations of All...
    ffprobe stderr: https://www.satipanya.org.uk/tip-o-the-day/#anchor167: Invalid data found when processing input
    retry 1/1, wait 3s...
    ffprobe stderr: https://www.satipanya.org.uk/tip-o-the-day/#anchor167: Invalid data found when processing input
    FAILED (size=0)
  [248/288] Cultivating Metta for Future Generations....
    ffprobe stderr: https://www.satipanya.org.uk/tip-o-the-day/#anchor168: Invalid data found when processing input
    retry 1/1, wait 3s...
    ffprobe stderr: https://www.satipanya.org.uk/tip-o-the-day/#anchor168: Invalid data found when processing input
    FAILED (size=0)

  Probed: 547/791 episodes have duration
  Saved to: /home/freedomfighter/code/traduction/satipanya-podcast/catalog.json
/home/freedomfighter/miniconda3/envs/interview/lib/python3.11/site-packages/pyannote/audio/core/io.py:47: UserWarning: 
torchcodec is not installed correctly so built-in audio decoding will fail. Solutions are:
* use audio preloaded in-memory as a {'waveform': (channel, time) torch.Tensor, 'sample_rate': int} dictionary;
* fix torchcodec installation. Error message was:

Could not load libtorchcodec. Likely causes:
          1. FFmpeg is not properly installed in your environment. We support
             versions 4, 5, 6, 7, and 8, and we attempt to load libtorchcodec
             for each of those versions. Errors for versions not installed on
             your system are expected; only the error for your installed FFmpeg
             version is relevant. On Windows, ensure you've installed the
             "full-shared" version which ships DLLs.
          2. The PyTorch version (2.6.0+cu124) is not compatible with
             this version of TorchCodec. Refer to the version compatibility
             table:
             https://github.com/pytorch/torchcodec?tab=readme-ov-file#installing-torchcodec.
          3. Another runtime dependency; see exceptions below.

        The following exceptions were raised as we tried to load libtorchcodec:
        
[start of libtorchcodec loading traceback]
FFmpeg version 8:
Traceback (most recent call last):
  File "/home/freedomfighter/miniconda3/envs/interview/lib/python3.11/site-packages/torchcodec/_core/ops.py", line 57, in load_torchcodec_shared_libraries
    torch.ops.load_library(core_library_path)
  File "/home/freedomfighter/miniconda3/envs/interview/lib/python3.11/site-packages/torch/_ops.py", line 1357, in load_library
    ctypes.CDLL(path)
  File "/home/freedomfighter/miniconda3/envs/interview/lib/python3.11/ctypes/__init__.py", line 376, in __init__
    self._handle = _dlopen(self._name, mode)
                   ^^^^^^^^^^^^^^^^^^^^^^^^^
OSError: libavutil.so.60: cannot open shared object file: No such file or directory

FFmpeg version 7:
Traceback (most recent call last):
  File "/home/freedomfighter/miniconda3/envs/interview/lib/python3.11/site-packages/torchcodec/_core/ops.py", line 57, in load_torchcodec_shared_libraries
    torch.ops.load_library(core_library_path)
  File "/home/freedomfighter/miniconda3/envs/interview/lib/python3.11/site-packages/torch/_ops.py", line 1357, in load_library
    ctypes.CDLL(path)
  File "/home/freedomfighter/miniconda3/envs/interview/lib/python3.11/ctypes/__init__.py", line 376, in __init__
    self._handle = _dlopen(self._name, mode)
                   ^^^^^^^^^^^^^^^^^^^^^^^^^
OSError: libavutil.so.59: cannot open shared object file: No such file or directory

FFmpeg version 6:
Traceback (most recent call last):
  File "/home/freedomfighter/miniconda3/envs/interview/lib/python3.11/site-packages/torchcodec/_core/ops.py", line 57, in load_torchcodec_shared_libraries
    torch.ops.load_library(core_library_path)
  File "/home/freedomfighter/miniconda3/envs/interview/lib/python3.11/site-packages/torch/_ops.py", line 1357, in load_library
    ctypes.CDLL(path)
  File "/home/freedomfighter/miniconda3/envs/interview/lib/python3.11/ctypes/__init__.py", line 376, in __init__
    self._handle = _dlopen(self._name, mode)
                   ^^^^^^^^^^^^^^^^^^^^^^^^^
OSError: /home/freedomfighter/miniconda3/envs/interview/lib/python3.11/site-packages/torchcodec/libtorchcodec_core6.so: undefined symbol: _ZN3c1013MessageLogger6streamB5cxx11Ev

FFmpeg version 5:
Traceback (most recent call last):
  File "/home/freedomfighter/miniconda3/envs/interview/lib/python3.11/site-packages/torchcodec/_core/ops.py", line 57, in load_torchcodec_shared_libraries
    torch.ops.load_library(core_library_path)
  File "/home/freedomfighter/miniconda3/envs/interview/lib/python3.11/site-packages/torch/_ops.py", line 1357, in load_library
    ctypes.CDLL(path)
  File "/home/freedomfighter/miniconda3/envs/interview/lib/python3.11/ctypes/__init__.py", line 376, in __init__
    self._handle = _dlopen(self._name, mode)
                   ^^^^^^^^^^^^^^^^^^^^^^^^^
OSError: libavutil.so.57: cannot open shared object file: No such file or directory

FFmpeg version 4:
Traceback (most recent call last):
  File "/home/freedomfighter/miniconda3/envs/interview/lib/python3.11/site-packages/torchcodec/_core/ops.py", line 57, in load_torchcodec_shared_libraries
    torch.ops.load_library(core_library_path)
  File "/home/freedomfighter/miniconda3/envs/interview/lib/python3.11/site-packages/torch/_ops.py", line 1357, in load_library
    ctypes.CDLL(path)
  File "/home/freedomfighter/miniconda3/envs/interview/lib/python3.11/ctypes/__init__.py", line 376, in __init__
    self._handle = _dlopen(self._name, mode)
                   ^^^^^^^^^^^^^^^^^^^^^^^^^
OSError: libavutil.so.56: cannot open shared object file: No such file or directory
[end of libtorchcodec loading traceback].
  warnings.warn(
============================================================
PASS 3: Transcribing with WhisperX
============================================================
  Device: cuda, compute: float16
  Loading WhisperX model (large-v3)...
2026-07-26 22:57:39 - whisperx.asr - INFO - No language specified, language will be detected for each audio file (increases inference time)
2026-07-26 22:57:39 - whisperx.vads.pyannote - INFO - Performing voice activity detection using Pyannote...
Lightning automatically upgraded your loaded checkpoint from v1.5.4 to v2.6.1. To apply the upgrade to your files permanently, run `python -m lightning.pytorch.utilities.upgrade_checkpoint ../../../miniconda3/envs/interview/lib/python3.11/site-packages/whisperx/assets/pytorch_model.bin`
/home/freedomfighter/miniconda3/envs/interview/lib/python3.11/site-packages/pyannote/audio/utils/reproducibility.py:74: ReproducibilityWarning: TensorFloat-32 (TF32) has been disabled as it might lead to reproducibility issues and lower accuracy.
It can be re-enabled by calling
   >>> import torch
   >>> torch.backends.cuda.matmul.allow_tf32 = True
   >>> torch.backends.cudnn.allow_tf32 = True
See https://github.com/pyannote/pyannote-audio/issues/1370 for more details.

  warnings.warn(
  [1/791] SKIP (exists): The First Noble Truth - Dukkha Dukkha
  [2/791] SKIP (exists): The First Noble Truth - Conditioned States
  [3/791] SKIP (exists): The First Noble Truth - The Three Characteristics
  [4/791] SKIP (exists): The Second Noble Truth - The Cause of Suffering - 
  [5/791] SKIP (exists): The Second Noble Truth - The Wheel of Dependent Or
  [6/791] SKIP (exists): The Second Noble Truth - Kamma
  [7/791] SKIP (exists): The Fourth Noble Truth - Morality - Sila
  [8/791] SKIP (exists): The Fourth Noble Truth - Positive Morality - Param
  [9/791] SKIP (exists): The Fourth Noble Truth - Right Understanding
  [10/791] SKIP (exists): The Fourth Noble Truth - Mental Development - Sama
  [11/791] SKIP (exists): Moods, Emotions and Feelings
  [12/791] SKIP (exists): Guilt - Real and Unreal
  [13/791] SKIP (exists): The End of Guilt
  [14/791] SKIP (exists): Right Intention
  [15/791] SKIP (exists): The Divine Abodes
  [16/791] SKIP (exists): Faith or Belief
  [17/791] SKIP (exists): Wheel of Dependent Origination
  [18/791] SKIP (exists): Kamma
  [19/791] SKIP (exists): The Sangha
  [20/791] SKIP (exists): The Four Paths and the Four Fruits
  [21/791] SKIP (exists): The Noble Silence
  [22/791] SKIP (exists): Why Meditate
  [23/791] SKIP (exists): The Mahasi Method
  [24/791] SKIP (exists): Starting a Personal Retreat
  [25/791] SKIP (exists): Faith
  [26/791] SKIP (exists): Ritual in Spiritual Practice
  [27/791] SKIP (exists): Is Awareness Enough
  [28/791] SKIP (exists): Developing the Spiritual Faculties
  [29/791] SKIP (exists): Spiritual Faculties and Factors of Enlightenment
  [30/791] SKIP (exists): The Hindrances
  [31/791] SKIP (exists): The Buddha and the Hindrances
  [32/791] SKIP (exists): Dullness, Lethargy, Restlessness and Pain
  [33/791] SKIP (exists): Eroticism, Romance, Love, Distraction and Boredom
  [34/791] SKIP (exists): The Ten Fetters
  [35/791] SKIP (exists): Vedana Feeling
  [36/791] SKIP (exists): Fear
  [37/791] SKIP (exists): Foregiveness
  [38/791] SKIP (exists): The Illimitables
  [39/791] SKIP (exists): The Perfections Turned Inward
  [40/791] SKIP (no duration): The Seven Factors of Awakening
  [41/791] SKIP (no duration): Faith
  [42/791] SKIP (no duration): Taking the Refuges
  [43/791] SKIP (no duration): Equanimity
  [44/791] SKIP (exists): Survey of Theravada Buddhism
  [45/791] SKIP (exists): Impermanence and Not-self
  [46/791] SKIP (exists): Ethical Behaviour and the Awakening are one
  [47/791] SKIP (exists): Wheel of Dependent Origination
  [48/791] SKIP (exists): Free Will
  [49/791] SKIP (exists): Kamma
  [50/791] SKIP (exists): Rebirth
  [51/791] SKIP (exists): Premodern, Modern, Postmodernism And Buddhism
  [52/791] SKIP (exists): The Buddha as Exemplar and Archetype
  [53/791] SKIP (exists): Buddhist View of Christ's Teaching
  [54/791] SKIP (exists): Just War
  [55/791] SKIP (exists): The Gratification, the Danger and the Escape
  [56/791] SKIP (no duration): Towards Contentment and Happiness
  [57/791] SKIP (no duration): The Pursuit of Happiness
  [58/791] SKIP (exists): Bodhisatta Before Taking Human Birth
  [59/791] SKIP (exists): Bodhisatta's Birth to Renunciation
  [60/791] SKIP (exists): Bodhisatta's Training to the Awakening
  [61/791] SKIP (exists): The Awakening
  [62/791] SKIP (exists): The Years of Teaching and Parinibbana
  [63/791] SKIP (exists): Meditation and Daily Life
  [64/791] SKIP (exists): Meditation and the Weekly Group
  [65/791] SKIP (exists): The Eightfold Path and Daily Life
  [66/791] SKIP (exists): Right Livelihood
  [67/791] SKIP (exists): 1. Starting a Retreat
  [68/791] SKIP (exists): Starting a Retreat
  [69/791] SKIP (exists): A Detailed Guided Meditation
  [70/791] SKIP (exists): Investigative Eating Meditation - an explanation.
  [71/791] Investigative Eating the practice...
    OK: 124 segments, en
  [72/791] 2. The Mahasi Technique...
    OK: 393 segments, en
  [73/791] Basics of Insight Meditation 02 2025Video...
    OK: 355 segments, en
  [74/791] Basics of Insight Meditation 04 2026Video...
    Download retry 1: curl: (18) transfer closed with 14626915 bytes remaining to read
    OK: 288 segments, en
  [75/791] 4. The Hindrances The Psychotherapy of Vipassana...
    OK: 533 segments, en
  [76/791] 5. Right Awareness Intro.to Vipassana...
    OK: 190 segments, en
  [77/791] 6. The Seven Factors of Awakening...
    OK: 279 segments, en
  [78/791] 7. The Ethical Psychology of the Buddha (Dependent...
    OK: 296 segments, en
  [79/791] 8. The Law of Kamma...
    OK: 287 segments, en
  [80/791] 8. Living Life according to the Dhamma...
    OK: 371 segments, en
  [81/791] Guided Metta...
    OK: 165 segments, en
  [82/791] Guided Bodycare...
    OK: 182 segments, en
  [83/791] SKIP (exists): Developing the Factors of Enlightenment
  [84/791] SKIP (exists): Exploring Dukkha
  [85/791] SKIP (exists): Question & Answer Session
  [86/791] SKIP (exists): Revising the Principles of Meditation
  [87/791] SKIP (exists): The Hindrances
  [88/791] SKIP (exists): Practice into Daily Life (Xmas 2006)
  [89/791] SKIP (exists): New Year Reflections
  [90/791] SKIP (exists): Q&A Resistance Rebirth and Moral Justice What suff
  [91/791] SKIP (exists): 01 The Body - The Buddha's World View and the role
  [92/791] SKIP (exists): 02 The Body - Kayagasati Sutta MN131.To play the m
  [93/791] SKIP (exists): Feeling (vedana).To play the media you will need t
  [94/791] SKIP (exists): Dependent Origination leading to awakening in ordi
  [95/791] SKIP (exists): .To play the media you will need to either update 
  [96/791] SKIP (exists): .To play the media you will need to either update 
  [97/791] SKIP (exists): Ethics, Not-self and Liberation.To play the media 
  [98/791] SKIP (exists): Roads to Power.To play the media you will need to 
  [99/791] SKIP (exists): New Year address on the qualities needed to succee
  [100/791] SKIP (exists): The First Discourse on Turning the Wheel of the Dh
  [101/791] SKIP (exists): Scientism : Romanticism : Psychotherapy - and Budd
  [102/791] SKIP (exists): Kamma, Rebirth and Transcendence : A top down view
  [103/791] SKIP (exists): The Discourse to the Kalama : Discernment, the Eth
  [104/791] SKIP (exists): Buddha Day Address: What was the mindset of the Bo
  [105/791] SKIP (exists): Spiritual progress - stop trying!.To play the medi
  [106/791] SKIP (no duration): What is vedana and where does it fit in?.To play t
  [107/791] SKIP (exists): The Need for Sangha. community and Q's about Ordin
  [108/791] SKIP (exists): Mae Chee Kaew and Resolutions..To play the media y
  [109/791] SKIP (exists): The Three Characteristics..To play the media you w
  [110/791] SKIP (exists): Buddha Day Address May 2015..To play the media you
  [111/791] SKIP (exists): Deconstruction..To play the media you will need to
  [112/791] SKIP (exists): Love and All That..To play the media you will need
  [113/791] SKIP (exists): Ethics Not-self and Liberation.To play the media y
  [114/791] SKIP (exists): Contol and loss of Power..To play the media you wi
  [115/791] SKIP (exists): Q&A Detachment Engagement Motivation Devotion..To 
  [116/791] SKIP (exists): Basics for Meditation..To play the media you will 
  [117/791] SKIP (exists): Kamma Revisited..To play the media you will need t
  [118/791] SKIP (exists): Daily Life Reinforced..To play the media you will 
  [119/791] SKIP (exists): Refinement,Sublimation and the Eightfold Path..To 
  [120/791] SKIP (exists): No Inherent Being..To play the media you will need
  [121/791] SKIP (exists): Kamma and Free Will..To play the media you will ne
  [122/791] SKIP (exists): Comments on a Statement by Mae Chee Kaew..To play 
  [123/791] SKIP (exists): Reiki 10 06 2015..To play the media you will need 
  [124/791] SKIP (exists): Intro Talk to Bodycare.To play the media you will 
  [125/791] SKIP (exists): Dependent Origination and the Quality of Right Awa
  [126/791] SKIP (exists): Talk at the Re-opening of the Golden Buddha Centre
  [127/791] SKIP (exists): The Prognosis is Very Good..To play the media you 
  [128/791] SKIP (exists): Importance of Resolution plus.To play the media yo
  [129/791] SKIP (exists): Christmas Talk re the Path.To play the media you w
  [130/791] SKIP (exists): Right Relationship.To play the media you will need
  [131/791] SKIP (exists): How to critique the Dhamma and Buddha.To play the 
  [132/791] SKIP (exists): An Attempt to Understand the teaching of Not-Self.
  [133/791] SKIP (exists): Talk to the European Teachers Meeting How I came t
  [134/791] SKIP (exists): Happiness.To play the media you will need to eithe
  [135/791] SKIP (exists): The Body and the Discourse on How to Establish Rig
  [136/791] SKIP (exists): Q.&A session: Family Distractions : Selfish to Med
  [137/791] SKIP (exists): Mindfulness : Time.To play the media you will need
  [138/791] SKIP (exists): Monks : Daily Life : Not-Self.To play the media yo
  [139/791] SKIP (exists): Retreats : Attachment : Children and Suffering.To 
  [140/791] SKIP (exists): New Year Revision of Buddhadhamma Theory and Pract
  [141/791] SKIP (exists): Hope to Inspire.To play the media you will need to
  [142/791] SKIP (exists): Talk at Opening of centre in Ghent.To play the med
  [143/791] SKIP (exists): The Problem of Identity..To play the media you wil
  [144/791] SKIP (exists): The body as Meditative Object..To play the media y
  [145/791] SKIP (exists): 1. Starting a Retreat.To play the media you will n
  [146/791] SKIP (exists): The Principles and Problems of Vipassana.To play t
  [147/791] SKIP (exists): Not-Self Indulgence and all.To play the media you 
  [148/791] SKIP (exists): Impulsive or Spontaneous.To play the media you wil
  [149/791] SKIP (exists): The Body and the Three Characteristics.To play the
  [150/791] SKIP (exists): Why noting without stop.To play the media you will
  [151/791] SKIP (exists): Why we need a technique.To play the media you will
  [152/791] SKIP (exists): Subliminal Inclinations, Defilements and Hindrance
  [153/791] SKIP (exists): Questions and Answers A Dolly Mixture.To play the 
  [154/791] SKIP (exists): Importance of Metta 24 min.To play the media you w
  [155/791] SKIP (exists): The Kamma of Liberation.To play the media you will
  [156/791] SKIP (exists): The Karma Concerning Liberation.To play the media 
  [157/791] SKIP (exists): Dignity and the Qualities of a Ruler.To play the m
  [158/791] SKIP (exists): Practice in Ordinary Daily Life.To play the media 
  [159/791] SKIP (exists): Samatha-Vipassana.To play the media you will need 
  [160/791] SKIP (exists): Vipassana and or Therapy.To play the media you wil
  [161/791] SKIP (exists): Buddha Day Address with Refuges and Precepts.To pl
  [162/791] SKIP (exists): Daily Rythms; Fetters, Hindrances and Inclinations
  [163/791] SKIP (exists): Metta, Applied and Sustained Thought, Buddhamind.T
  [164/791] SKIP (exists): Equanimity - Foundation of all Virtue.To play the 
  [165/791] SKIP (exists): The Mahasi Method.To play the media you will need 
  [166/791] SKIP (exists): The Sufferings of the Pleasure Syndrome.To play th
  [167/791] SKIP (exists): There is no separation between vipassana and ordin
  [168/791] SKIP (exists): Q & A Rebirth Identification Emotions etc..To play
  [169/791] SKIP (exists): Why didn't the Buddha return to lay life.To play t
  [170/791] SKIP (exists): Revising the principles of vipassana.To play the m
  [171/791] SKIP (exists): Dukkha Unsatisfactoriness et al.To play the media 
  [172/791] SKIP (exists): Encouragement October 09.To play the media you wil
  [173/791] SKIP (exists): The practice and the pitfalls of metta, goodwill p
  [174/791] SKIP (exists): How Vipassana relates to Daily Life.To play the me
  [175/791] SKIP (exists): Samatha and - or Vipassana.To play the media you w
  [176/791] SKIP (exists): Metta: Developing Goodwill.To play the media you w
  [177/791] SKIP (exists): Karma, Dependent Origination, Virtue and Liberatio
  [178/791] SKIP (exists): Enthusiam and other questions.To play the media yo
  [179/791] SKIP (exists): Faith and the Spiritual Life.To play the media you
  [180/791] SKIP (exists): Revising the principles of vipassana.To play the m
  [181/791] SKIP (exists): The Buddha's Quest - A Public Talk.To play the med
  [182/791] SKIP (exists): The problem lies in the looking.To play the media 
  [183/791] SKIP (exists): There is no reason for being!.To play the media yo
  [184/791] SKIP (exists): Towards a whole life practice.To play the media yo
  [185/791] SKIP (exists): https://www.satipanya.org.uk/wp-content/uploads/20
  [186/791] SKIP (exists): https://www.satipanya.org.uk/wp-content/uploads/20
  [187/791] SKIP (exists): https://www.satipanya.org.uk/wp-content/uploads/20
  [188/791] SKIP (exists): https://www.satipanya.org.uk/wp-content/uploads/20
  [189/791] SKIP (exists): https://www.satipanya.org.uk/wp-content/uploads/20
  [190/791] SKIP (exists): https://www.satipanya.org.uk/wp-content/uploads/20
  [191/791] SKIP (exists): https://www.satipanya.org.uk/wp-content/uploads/20
  [192/791] SKIP (exists): https://www.satipanya.org.uk/wp-content/uploads/20
  [193/791] SKIP (exists): https://www.satipanya.org.uk/wp-content/uploads/20
  [194/791] SKIP (exists): https://www.satipanya.org.uk/wp-content/uploads/20
  [195/791] SKIP (exists): https://www.satipanya.org.uk/wp-content/uploads/20
  [196/791] SKIP (exists): https://www.satipanya.org.uk/wp-content/uploads/20
  [197/791] SKIP (exists): https://www.satipanya.org.uk/wp-content/uploads/20
  [198/791] SKIP (exists): https://www.satipanya.org.uk/wp-content/uploads/20
  [199/791] SKIP (exists): https://www.satipanya.org.uk/wp-content/uploads/20
  [200/791] SKIP (exists): https://www.satipanya.org.uk/wp-content/uploads/20
  [201/791] SKIP (exists): https://www.satipanya.org.uk/wp-content/uploads/20
  [202/791] SKIP (exists): https://www.satipanya.org.uk/wp-content/uploads/20
  [203/791] SKIP (exists): https://www.satipanya.org.uk/wp-content/uploads/20
  [204/791] SKIP (exists): https://www.satipanya.org.uk/wp-content/uploads/20
  [205/791] SKIP (exists): https://www.satipanya.org.uk/wp-content/uploads/20
  [206/791] SKIP (exists): https://www.satipanya.org.uk/wp-content/uploads/20
  [207/791] SKIP (exists): Refuges and Precepts with Metta
  [208/791] SKIP (exists): Video
  [209/791] SKIP (exists): Video
  [210/791] SKIP (exists): Video
  [211/791] SKIP (exists): Video
  [212/791] SKIP (exists): Video
  [213/791] SKIP (exists): Video
  [214/791] Video...
    OK: 183 segments, en
  [215/791] Video...
    Download retry 1: curl: (18) transfer closed with 29694177 bytes remaining to read
2026-07-26 23:08:44 - whisperx.alignment - WARNING - Failed to align segment (" Thank you."): backtrack failed, resorting to original
    OK: 178 segments, en
  [216/791] SKIP (exists): 2022 Dec 11 To Love or To Be Loved. That is the qu
  [217/791] SKIP (exists): Love and Relationship.
  [218/791] SKIP (exists): Forgiveness is fundamental to purify the heart. Re
  [219/791] SKIP (exists): The introduction
  [220/791] SKIP (exists): Karaniya Metta Sutta
  [221/791] SKIP (exists): Video
  [222/791] SKIP (exists): We often hear about suffering and the end of suffe
  [223/791] SKIP (exists): 2024 Jan. 21 The importance of Tranquillity Passad
  [224/791] SKIP (exists): Patient Forebearance
  [225/791] SKIP (exists): Equanimity
  [226/791] SKIP (exists): Sympathy, Empathy and Compassion
  [227/791] SKIP (exists): 2023 June 11 Fear and Courage.
  [228/791] SKIP (exists): Apologies! I tried to cover too much ground. Howev
  [229/791] SKIP (exists): 2023 Oct 01 'Good Friendship, Companionship, Good 
  [230/791] SKIP (exists): 2021 Gratitude, Generosity and Renunciation
  [231/791] SKIP (exists): 2022 Jul 17 Need, Sufficiency and Greed -
  [232/791] SKIP (exists): 2025 Apr 06 Renunciation.
  [233/791] SKIP (exists): Video
  [234/791] SKIP (exists): Video
  [235/791] SKIP (exists): The Buddha and War
  [236/791] SKIP (exists): 2025 May 04 The Buddha as a Teacher.
  [237/791] SKIP (exists): 2025 June 08 What was the Buddha's great disovery?
  [238/791] SKIP (exists): Video
  [239/791] SKIP (exists): Video
  [240/791] SKIP (exists): 2024 April.24 Contemplating the Unpleasantness of 
  [241/791] SKIP (exists): 2024 June 23 The Unattractive Nature of the Body
  [242/791] SKIP (exists): I own my actions. I inherit the results of my acti
  [243/791] SKIP (exists): Karma and Rebirth
  [244/791] SKIP (exists): 2023 Nov 26 The Five Regular Contemplations.
  [245/791] SKIP (exists): 2022 Nov 06 The Contemplation of Death.
  [246/791] SKIP (exists): The Eight Worldly Winds
  [247/791] SKIP (exists): The Paradox of Fear
  [248/791] SKIP (exists): 2025 Jan 12 Dukkha - the Buddha grounds his teachi
  [249/791] SKIP (exists): 2024 Feb. 25 The crucial role of Desire and Intent
  [250/791] SKIP (exists): 2024 July 14 The Four Great Elements
  [251/791] SKIP (exists): 2024 August 18 The Specific Law of Conditionality
  [252/791] SKIP (exists): 2024 September 15 The Dangers of Indulgence
  [253/791] SKIP (exists): 2023 Jan. 08 The Four Bases of Power :
  [254/791] SKIP (exists): Video
  [255/791] SKIP (exists): 2023 Oct 29 The Spiral Path
  [256/791] SKIP (exists): 2021 Four Noble Truths
  [257/791] SKIP (exists): Dukkha (Unsatisfactoriness and Sila (Morality and 
  [258/791] SKIP (exists): Dependent Origination, the Role of desire and the 
  [259/791] SKIP (exists): 2022 Oct 09 Identity and Not-Self.
  [260/791] SKIP (exists): Video
  [261/791] SKIP (exists): Right Livelihood
  [262/791] SKIP (exists): 2022 Sep 11 Rest for Autumn.
  [263/791] SKIP (exists): Bahiya of the Bark Cloth
  [264/791] SKIP (exists): 2023 March 05
  [265/791] SKIP (exists): ,
  [266/791] SKIP (exists): 2022 Aug 14 Climate Emergency and the Role of the 
  [267/791] SKIP (exists): Non-Violence v. Pacifism
  [268/791] SKIP (exists): 2022 Apr 17 Noliberalism and Mindfulness
  [269/791] SKIP (exists): 2022 Jun 19 Social Conditionng or Karma - Our soci
  [270/791] SKIP (exists): Buddha Day Address : His Training : The Fetters
  [271/791] SKIP (exists): ood Friendhship, Good Companionship, Good Comrades
  [272/791] SKIP (exists): Dependent Origination Revisited
  [273/791] SKIP (exists): Karma- Specific, Conditionality the Five Laws, eth
  [274/791] SKIP (exists): No more ideologies!
  [275/791] SKIP (exists): The Mahasi Technique and What We Need to Understan
  [276/791] SKIP (exists): Dependent Orignation and how all other importnant 
  [277/791] SKIP (exists): The Axial Age and the Momentous Discovery of the B
  [278/791] SKIP (exists): Dependent Orgination is based on Not-Knowing and I
  [279/791] SKIP (exists): Khanda, the Agregates, as Person and Sati, Awarene
  [280/791] SKIP (exists): Misunderstanding re. the Self, Karma and transcend
  [281/791] SKIP (exists): Q&A Kamma / FreeWill , Metta/attachment, Momentary
  [282/791] SKIP (exists): Q&A Emotions: Awareness/Delusion:Insight : Masculi
  [283/791] SKIP (exists): Angulimala A Monologue 00.54.49 21.9 MB
  [284/791] SKIP (exists): Talk read by Therese Caherty
  [285/791] SKIP (exists): Vipassana Instructions
  [286/791] SKIP (exists): The First Noble truth - Impermanence and Unsatisfa
  [287/791] SKIP (exists): The First noble truth - Not-Self and Unsatisfactor
  [288/791] SKIP (exists): The Second Noble Truth - The Cause of Unsatisfacto
  [289/791] SKIP (exists): The Third Noble Truth - The End of Unsatisfactorin
  [290/791] SKIP (exists): The Fourth Noble Truth - The Path Leading to the E
  [291/791] SKIP (exists): Introduction to the Mahasi Meditation Practice - r
  [292/791] SKIP (exists): Hindrances and Factors of Enlightenment - read by 
  [293/791] SKIP (exists): 1st, 2nd & 3rd Noble Truths: Dukkha, its Cause & C
  [294/791] SKIP (exists): 4th Noble Truth: Eightfold Path in Daily Life - re
  [295/791] SKIP (exists): The Hindrances - read by Finola O'Siochru
  [296/791] SKIP (exists): The Factors of Enlightenment - read by Finola O'Si
  [297/791] SKIP (exists): First Noble Truth: There is Dukkha - read by Finol
  [298/791] SKIP (exists): Second and Third Nobe Truths: Cause and Cessation 
  [299/791] SKIP (exists): Fourth Noble Truth: The Path to the End of Dukkha 
  [300/791] SKIP (exists): Foundations for Mindfulness (Satipatthana Sutta) -
  [301/791] SKIP (exists): Attachment: The Five Khanda - read by Finola O'Sio
  [302/791] SKIP (exists): Divine Abiding: a. Equanimity - read by Biddy O'Co
  [303/791] SKIP (exists): Divine Abiding: b. Goodwill, Metta - read by Biddy
  [304/791] SKIP (exists): Divine Abiding, c. Compassion - read by Biddy O'Co
  [305/791] SKIP (exists): Divine Abiding, d. Appreciative Joy, Mudita - read
  [306/791] SKIP (exists): Sense Contact - The Six Sense Spheres - read by Fi
  [307/791] SKIP (exists): Spiritual Faculties - read by Finola O'Siochru
  [308/791] SKIP (exists): Mindfulness of Breathing - read by Finola O'Siochr
  [309/791] SKIP (exists): Destruction of Craving a. Tracing back to the orig
  [310/791] SKIP (exists): Destruction of Craving b. Examining each link in t
  [311/791] SKIP (exists): Two Kinds of Thought - read by Finola O'Siochru
  [312/791] SKIP (exists): Removal of Distracting Thoughts - read by Finola O
  [313/791] SKIP (exists): In the Seeing, only the seeing ... (Bahiya Sutta) 
  [314/791] SKIP (exists): Greed, Hatred and Delusion as Foundations for Mind
  [315/791] SKIP (exists): Exalted, Unexalted and other Mindstates as Foundat
  [316/791] SKIP (exists): Building a Raft to Cross the Floods of Sensuality 
  [317/791] SKIP (exists): Building a Raft to Cross the Floods of Becoming an
  [318/791] SKIP (exists): Beset by Perceptions (Honeyball Sutta)
  [319/791] SKIP (exists): The Buddha's Death (Parinibbana Sutta)
  [320/791] SKIP (exists): Méditation Guidée: Debout et Assise
  [321/791] SKIP (exists): Meditation Guidee Detaillee
  [322/791] SKIP (exists): Méditation Guidée Debout et Assise
  [323/791] SKIP (exists): Trois compréhensions nécessaires
  [324/791] SKIP (exists): Méditation Debout
  [325/791] SKIP (exists): Méditation Assise
  [326/791] SKIP (exists): La conscience juste, les obstacles comme chemin ve
  [327/791] SKIP (exists): How we use the self and what does it mean for not-
  [328/791] SKIP (exists): The Hindrances
  [329/791] SKIP (exists): Non-soi
  [330/791] SKIP (exists): La Libre Volunté
  [331/791] SKIP (exists): Le Dhamma dans la vie quotidienne ordinaire.
  [332/791] SKIP (exists): Scientisme Romatisme Bouddhisme
  [333/791] SKIP (no duration): Is the Buddha a materialist?
  [334/791] SKIP (no duration): z0000002
  [335/791] SKIP (exists): Une tentative de comprendre le non-soi.
  [336/791] SKIP (exists): Retour à l'essentiel.
  [337/791] SKIP (exists): Bonheur
  [338/791] SKIP (exists): L'Esprit Concevoir et les Empêches
  [339/791] SKIP (no duration): Dependent Origination et Kamma
  [340/791] SKIP (exists): Metta Bhavana Bienveillance (15 min)(Lausanne Oct 
  [341/791] SKIP (exists): Nous causons de la souffrance pour nous meme.(Laus
  [342/791] SKIP (exists): Le Kamma de la Liberation(Lausanne Oct 2010)
  [343/791] SKIP (exists): Les Bases de Vipassana.
  [344/791] SKIP (exists): Progres et d'autres sujets.
  [345/791] SKIP (exists): Questions and des Questions Plus.
  [346/791] SKIP (exists): Dependant Origination (Belgium Jan 2006)
  [347/791] SKIP (exists): The Purpose of Meditation (Belgium Jan 2006)
  [348/791] SKIP (exists): Why the Present Moment is So Important (Geneva May
  [349/791] SKIP (exists): Q&A Concerning States of Mind - Sankhara (Geneva M
  [350/791] SKIP (exists): Concerning Buddhist Psychology (Geneva May 2006)
  [351/791] SKIP (exists): Concerning Metta and Other Questions (Geneva May 2
  [352/791] SKIP (exists): Le Methode de Mahasi Vipassana (Lausanne Oct 2009)
  [353/791] SKIP (exists): Les Empeches de Vipassana (Lausanne Oct 2009)
  [354/791] SKIP (exists): Les Facteurs de Liberation (Lausanne Oct 2009)
  [355/791] SKIP (exists): Psychologie de Buddha (Lausanne Oct 2009)
  [356/791] SKIP (exists): Entering the Course
  [357/791] SKIP (exists): The Mahasi Method
  [358/791] SKIP (exists): The Joyful Aspects of Meditation
  [359/791] SKIP (exists): The Wheel of Dependent Origination
  [360/791] SKIP (exists): The Perfections
  [361/791] SKIP (exists): Karma
  [362/791] SKIP (exists): Evening Metta Chant and Instructions
  [363/791] SKIP (exists): Morning Chant
  [364/791] SKIP (exists): Meditazione in Piedi e Seduta
  [365/791] SKIP (exists): Meditazione guidata dettagliata :sometimes use 'sa
  [366/791] SKIP (exists): Mahasi Instructions and Metta Chant
  [367/791] SKIP (exists): The Hindrances
  [368/791] SKIP (exists): Factors of Enlightenment
  [369/791] SKIP (exists): Dependent Origination
  [370/791] SKIP (exists): Kamma
  [371/791] SKIP (exists): Metta Guidata
  [372/791] SKIP (exists): c. corpo med guidata
  [373/791] SKIP (exists): Intro. Guarig. corpo med guidata
  [374/791] SKIP (exists): Basics for Insight Meditation 01
  [375/791] SKIP (exists): 70th Birthday Bhante Bodhidhamma's Life story
  [376/791] SKIP (exists): Talk Starting Inaugural Lockdown Evening Meditatio
  [377/791] SKIP (exists): 02 First Three Noble Truths
  [378/791] SKIP (exists): 01 MN9 Discourse on Right View  Wholesome and Unwh
  [379/791] SKIP (exists): Evening Lockdown Meditation
  [380/791] SKIP (exists): 03 Coronavirus and the Contemplation of Death
  [381/791] SKIP (exists): 04 Contemplation of Death : Living more awake
  [382/791] SKIP (exists): 05 Contemplation of Death again!
  [383/791] SKIP (exists): 06 Renunciation and Buddha's First Occasion to Tea
  [384/791] SKIP (exists): 07 Setting the Wheel of the Dhamma in Motion
  [385/791] SKIP (exists): 08 Mindfulness at work And Right View Right Attitu
  [386/791] SKIP (exists): 09 Right Speech, Action and Livelihood
  [387/791] SKIP (exists): 10 Grief
  [388/791] SKIP (exists): 11 The Nutriments: Food, Contact, Volition and Con
  [389/791] SKIP (exists): 12 The Investigation of Eating
  [390/791] SKIP (exists): 13 Discourse on the Taints MN 2 : Overcome by seei
  [391/791] SKIP (exists): 14 Not-self Revisited The story of Sati MN38
  [392/791] SKIP (exists): 16. Investigating Not-self - The Pratice
  [393/791] SKIP (exists): 17 Questions  See Description
  [394/791] SKIP (exists): 18 Overcoming the Taints by Restraint
  [395/791] SKIP (exists): 19 Overcoming the Taints by Using
  [396/791] SKIP (exists): 20 Overcoming the Taints by Endurance
  [397/791] SKIP (exists): 21a Overcoming the Taints by Removing 1
  [398/791] SKIP (exists): 21b Overcoming the Taints by Removing 2
  [399/791] SKIP (exists): 22 Overcoming the Taints by Developing
  [400/791] SKIP (exists): 23 The Ten Fetters
  [401/791] SKIP (exists): 24 Society
  [402/791] SKIP (exists): 25 Reflections for an Harmonious Society
  [403/791] SKIP (exists): 26 More Reflections
  [404/791] SKIP (exists): 27 What makes a Society Strong?
  [405/791] SKIP (exists): 28 The Six Sense Bases MN137
  [406/791] SKIP (exists): 29 Senses Bases Cont.
  [407/791] SKIP (exists): Metta, Forgiveness and Determination Practice
  [408/791] SKIP (exists): 01 Reiki with Bryan Lester
  [409/791] SKIP (exists): Some Pointers for Metta
  [410/791] SKIP (exists): Bodycare Practice - Metta towards the Body.
  [411/791] SKIP (exists): 02 Reiki with Bryan
  [412/791] SKIP (exists): Body as Meditation Object
  [413/791] SKIP (exists): The Basics of Insight Meditation 03
  [414/791] SKIP (exists): 03 Reiki with Bryan
  [415/791] SKIP (exists): 33 Kalama Sutta AN 3.65
  [416/791] SKIP (exists): 35 Canki Sutta MN95
  [417/791] SKIP (exists): 34 Kalama Discourse cont.
  [418/791] SKIP (exists): 36 Canki Sutta cont.
  [419/791] SKIP (exists): 37 Shorter Discourse on Gosinga
  [420/791] SKIP (exists): Gaia Standing and Sitting Guided Meditation
  [421/791] SKIP (exists): 38 Discourse on the Establishment of Awareness Sat
  [422/791] SKIP (exists): 31b The Body
  [423/791] SKIP (exists): 39 Discourse on the Establishment of Awareness Sat
  [424/791] SKIP (exists): 40 Discourse on the Establishment of Awareness Sat
  [425/791] SKIP (exists): 41 Discourse on the Establishment of Awareness Sat
  [426/791] SKIP (exists): 42 Discourse on the Establishment of Awareness Sat
  [427/791] SKIP (exists): 43 Discourse on the Establishment of Awareness Sat
  [428/791] SKIP (exists): 44 The Relay of Chariots MN24
  [429/791] SKIP (exists): 45 The Relay of Chariots MN24
  [430/791] SKIP (exists): 50 Dog Ascetic Discourse MN57
  [431/791] SKIP (exists): Gratitude Generosity Renunciation
  [432/791] SKIP (exists): Spanish Introduction - Refuges and Precepts, Stand
  [433/791] SKIP (exists): Saddha Confidence and Trust
  [434/791] SKIP (exists): Dhp 188 - 192 The Role of Confidence.
  [435/791] SKIP (exists): Dhp 153   154 The Buddha's Victory Verses
  [436/791] SKIP (exists): Dhp 4 Hatred is not overcome with hatred!
  [437/791] SKIP (exists): Dhp 21 - 23
  [438/791] SKIP (exists): Dhp Chapter 3 - verses 33 & 34 The Unruly Mind
  [439/791] SKIP (exists): Dhp 01 02  Mind is the forerunner
  [440/791] SKIP (exists): Dhp No4 Hatred is not pacified by hatred
  [441/791] SKIP (exists): Dhp 256 157  Judgmental v Judicious
  [442/791] SKIP (exists): Dhp 46 How to view the Body
  [443/791] SKIP (exists): The Four Noble Truths
  [444/791] SKIP (exists): The NIne Qualities of the Buddha
  [445/791] SKIP (exists): Dhp 360 362 Restraint
  [446/791] SKIP (exists): Dhp 90 The Arahant
  [447/791] SKIP (exists): Vita Quotidiana
  [448/791] SKIP (exists): Dukkha Unsatifactoriness and Sila Morality and Eth
  [449/791] SKIP (exists): Dependent Origination and the Role of Desire and t
  [450/791] SKIP (exists): Kamma and Rebirth
  [451/791] SKIP (exists): Gratitude Generosity and Renunciation
  [452/791] SKIP (exists): Facets of a Love
  [453/791] SKIP (exists): Apamado DHP 22 23 24
  [454/791] SKIP (exists): Ageing
  [455/791] SKIP (exists): Dhp 152 153 The Inner Critic
  [456/791] SKIP (exists): Sympathy Empathy and Compassion
  [457/791] SKIP (exists): DHP 314-317 From the Chapter on Hell
  [458/791] SKIP (exists): Non-Violence is not Pacificism
  [459/791] SKIP (exists): Neoliberalism and Mindfulness
  [460/791] SKIP (exists): The Buddha and War.
  [461/791] SKIP (exists): Need Sufficiency and Greed
  [462/791] SKIP (exists): Social Conditioning or Karma
  [463/791] SKIP (exists): Climate Emergency
  [464/791] SKIP (exists): Reset for Autumn
  [465/791] SKIP (exists): Identity and Not-Self
  [466/791] SKIP (exists): The Contemplation of Death
  [467/791] SKIP (exists): To Love or To Be Loved. That is the question.
  [468/791] SKIP (exists): The Bases of Success
  [469/791] SKIP (exists): Bahiya of the Bark Cloth
  [470/791] SKIP (exists): The Discourse on Bahiya of the Bark Cloth Ud.1.10
  [471/791] SKIP (exists): Joy
  [472/791] SKIP (exists): Is the Buddha and athiest?
  [473/791] SKIP (exists): Fear and Courage
  [474/791] SKIP (exists): Patience
  [475/791] SKIP (exists): Equanimity - The most important of all virtues.
  [476/791] SKIP (exists): Compassion and its subtle enemies.
  [477/791] SKIP (exists): Good Friendship, Good Companionship, Good Comradsh
  [478/791] SKIP (exists): The Five Constant Contemplations
  [479/791] SKIP (exists): Retreat Start Standing and Walking Meditation
  [480/791] SKIP (exists): The Discourse Developing Loving Kindness
  [481/791] SKIP (exists): The Importance of Tranquillity
  [482/791] SKIP (exists): The Crucial Importance of Desire and Intention.
  [483/791] SKIP (exists): Satipanya Opening Ceremony 30th June 2007
  [484/791] SKIP (exists): Ceremony to Bless the Stupa   June 26th 2011   Pt 
  [485/791] SKIP (exists): Ceremony to Bless the Stupa   June 26th 2011   Pt 
  [486/791] SKIP (exists): Ceremony to Bless the Stupa   June 26th 2011   Pt 
  [487/791] SKIP (exists): 15. The Discourse on Not-self SN22.6.59
  [488/791] SKIP (exists): Upali is converted by the Buddha MN56
  [489/791] SKIP (exists): Contemplating the Unpleasantness of the Body: Why 
  [490/791] SKIP (exists): The Buddha's Alter Ego
  [491/791] SKIP (exists): The Unattractive Nature of the Body
  [492/791] SKIP (exists): The Four Great Elements
  [493/791] SKIP (exists): The Specific Law of Conditionality
  [494/791] SKIP (exists): The Dangers of Indulgence
  [495/791] SKIP (exists): Reflections and Contemplative Practice of Kamma
  [496/791] SKIP (exists): Forgiveness
  [497/791] SKIP (exists): The Basics of Insight Meditation 02
  [498/791] SKIP (exists): Dukkha - Basic Premise of the Buddhadhamma
  [499/791] SKIP (exists): Non-Violence is not Pacifism
  [500/791] SKIP (exists): The Eight Worldly Conditions
  [501/791] SKIP (exists): The Paradox of Fear
  [502/791] SKIP (exists): Renunciation : The Path to Liberation
  [503/791] SKIP (exists): The Buddha as a Teacher The Discourse on Malunkyap
  [504/791] SKIP (exists): What was the Great Discovery by the Buddha
  [505/791] SKIP (exists): Where do the elements cease without remainder?
  [506/791] SKIP (exists): Extinguishing the Housebuilder
  [507/791] SKIP (exists): Hope Aspiration Expectation
  [508/791] SKIP (exists): Topics of Discussion
  [509/791] SKIP (exists): Practising the Five Remembrances
  [510/791] SKIP (exists): Revsing the Basics
  [511/791] SKIP (exists): The Necessity of Joy
  [512/791] SKIP (exists): Polarisation
  [513/791] SKIP (exists): Dullness and Lethargy
  [514/791] SKIP (exists): Adhitthana Determination
  [515/791] SKIP (exists): The Four Clingings
  [516/791] The Buddha's Use of Similes...
    OK: 149 segments, en
  [517/791] Restraint...
    OK: 120 segments, en
  [518/791] SKIP (no duration): Refuges  and Precepts
  [519/791] SKIP (no duration): Puja: Chantings
  [520/791] SKIP (no duration): Recommended Reading for Beginners
  [521/791] SKIP (no duration): in PDF format
  [522/791] SKIP (no duration): in MS Word format
  [523/791] SKIP (no duration): Neoliberalism and BuddhaDhamma
  [524/791] SKIP (no duration): Investigative Eating
  [525/791] SKIP (no duration): Reflections on the Teaching and Practice of Not-se
  [526/791] SKIP (no duration): Vipassana as taught by the Mahasi Sayadaw of Burma
  [527/791] SKIP (no duration): Is Armed Intervention Ever Justified?
  [528/791] SKIP (no duration): Free will: is it available or useful?
  [529/791] SKIP (no duration): Could I be a fundamentalist, even a terrorist?
  [530/791] SKIP (no duration): Perfection, Elitism and Excellence
  [531/791] SKIP (no duration): What benefit is there in becoming a temporary mona
  [532/791] SKIP (no duration): The ‘Unlucky’ Death of a Two Year Old Boy
  [533/791] SKIP (no duration): Expectation, Aspiration and Hope
  [534/791] SKIP (no duration): Assisted Suicide (PDF document)
  [535/791] SKIP (no duration): Vipassana, Therapy and Medicinal Drugs (PDF docume
  [536/791] SKIP (no duration): Conditionality and Kamma(PDF document)
  [537/791] SKIP (no duration): Affectionate Awareness.
  [538/791] SKIP (no duration): Climate Crisis A Personal Reflection
  [539/791] SKIP (no duration): The First Noble Truth of Suffering -- Dukkha
  [540/791] SKIP (no duration): The First Noble Truth of Suffering -- The Five Agg
  [541/791] SKIP (no duration): The First Noble Truth of Suffering -- The Three Ch
  [542/791] SKIP (no duration): The Second Noble Truth -- Desire
  [543/791] SKIP (no duration): The Second Noble Truth -- The Wheel of Dependent O
  [544/791] SKIP (no duration): The Second Noble Truth -- Kamma Vipaka
  [545/791] SKIP (no duration): The Fourth Noble Truth -- Morality
  [546/791] SKIP (no duration): The Fourth Noble Truth -- Perfections
  [547/791] SKIP (no duration): The Fourth Noble Truth -- Right Understanding
  [548/791] SKIP (no duration): The Fourth Noble Truth -- Mental Development
  [549/791] SKIP (no duration): Meditation in Ordinary Daily Life
  [550/791] SKIP (no duration): Meditation in Ordinary Daily Life
  [551/791] SKIP (no duration): Buddha Day Evening with Italy
  [552/791] SKIP (no duration): Text,
  [553/791] SKIP (no duration): Satipanya Porridge
  [554/791] SKIP (no duration): The "Ouch" that hurt.
  [555/791] SKIP (no duration): Coming down to earth
  [556/791] SKIP (no duration): Extending the limits of good-will
  [557/791] SKIP (no duration): Metta for a Cold Heart
  [558/791] SKIP (no duration): The Fourth Noble Truth
  [559/791] SKIP (no duration): Struggling with Anatta
  [560/791] SKIP (no duration): Temporary Ordination
  [561/791] SKIP (no duration): Retreating and Re-engaging
  [562/791] SKIP (no duration): Homeward Bound
  [563/791] SKIP (no duration): All in the Mind
  [564/791] SKIP (no duration): Summer meadows
  [565/791] SKIP (no duration): As Winter Approaches
  [566/791] SKIP (no duration): 2020 Lockdown Christmas
  [567/791] SKIP (no duration): Exiting Lockdown
  [568/791] SKIP (no duration): Mindfulness meets metta
  [569/791] SKIP (no duration): Everyday Mindfulness
  [570/791] SKIP (no duration): Healing the Mind-Body Relationship
  [571/791] SKIP (no duration): Nibanna is Close at Hand!
  [572/791] SKIP (no duration): Greeting the Devadutta
  [573/791] SKIP (no duration): Laryngectomy
  [574/791] SKIP (no duration): Stumbling towards Gratitude
  [575/791] SKIP (no duration): Mid-winter Darkness
  [576/791] SKIP (no duration): Teaching with an Electro-larynx: The Oval Age-Old 
  [577/791] SKIP (no duration): a paper describing six ethical maxims
  [578/791] SKIP (no duration): Full Catastrophe Ethics
  [579/791] SKIP (no duration): First Maxim: Work Hard to Grasp the Imensity
  [580/791] SKIP (no duration): Second Maxim: Cultivate Radical Hope
  [581/791] SKIP (no duration): Third Maxim: Draw a line in the Sand - b. Working 
  [582/791] SKIP (no duration): Fourth Maxim: Appreciate the Amazing and Unique Up
  [583/791] SKIP (no duration): Fifth Maxim: Train the Mind and Body
  [584/791] SKIP (no duration): At the end of the day (1)
  [585/791] SKIP (no duration): At the end of the day. (2)
  [586/791] SKIP (no duration): At the end of the day.
  [587/791] SKIP (no duration): Upon Awakening.
  [588/791] SKIP (no duration): Morning Meditation (One of Four) : Ritual
  [589/791] SKIP (no duration): Morning Meditation : Default Position: Abiding in 
  [590/791] SKIP (no duration): Morning Meditation : Vipassana – 1. Developing a s
  [591/791] SKIP (no duration): Morning Meditation : Vipassana 2. – Developing Ins
  [592/791] SKIP (no duration): Morning Meditation : Metta : Developing Goodwill –
  [593/791] SKIP (no duration): Discourse on Metta
  [594/791] SKIP (no duration): Morning Meditation: Developing Goodwill and Forgiv
  [595/791] SKIP (no duration): Morning Meditation : Resolution
  [596/791] SKIP (no duration): Developing the Perfection of Determination
  [597/791] SKIP (no duration): Breakfast at last!
  [598/791] SKIP (no duration): Traveling to and from work.
  [599/791] SKIP (no duration): Back Home
  [600/791] SKIP (no duration): Relations, Friends, Acquaintances and Spiritual Co
  [601/791] SKIP (no duration): Contemplating Relations, Friends, Acquaintances an
  [602/791] SKIP (no duration): Intimate Relationships: The Erotic, the Romantic a
  [603/791] SKIP (no duration): Celibacy
  [604/791] SKIP (no duration): When does love become control?
  [605/791] SKIP (no duration): Work
  [606/791] SKIP (no duration): Success and Failure : Trial and Error
  [607/791] SKIP (no duration): Creating Space (1)
  [608/791] SKIP (no duration): Creating Space (2)
  [609/791] SKIP (no duration): Creating Space (3)
  [610/791] SKIP (no duration): The Limits of Power and Mission Creep
  [611/791] SKIP (no duration): Not an Emotion
  [612/791] SKIP (no duration): Relationships
  [613/791] SKIP (no duration): Being Good rather than Being Good At
  [614/791] SKIP (no duration): What’s wrong with a bit of attachment!
  [615/791] SKIP (no duration): Sacrifice : the more we give, the greater the retu
  [616/791] SKIP (no duration): Not what we believe, but how we live.
  [617/791] SKIP (no duration): Towards the Greatest Happiness.
  [618/791] SKIP (no duration): New Year Resolution
  [619/791] SKIP (no duration): Neighbourly ‘Sounds’
  [620/791] SKIP (no duration): Sickness
  [621/791] SKIP (no duration): The Tough Nut
  [622/791] SKIP (no duration): Impulsive or Spontaneous.
  [623/791] SKIP (no duration): Joy!
  [624/791] SKIP (no duration): Thankyou
  [625/791] SKIP (no duration): Need, Sufficiency and Greed.
  [626/791] SKIP (no duration): What values govern our lives?
  [627/791] SKIP (no duration): Values in mine own eyes.
  [628/791] SKIP (no duration): Living in the Now : Planning for the Future
  [629/791] SKIP (no duration): Music
  [630/791] SKIP (no duration): Time
  [631/791] SKIP (no duration): Our Daily Breaks.
  [632/791] SKIP (no duration): On the Virtue of Visiting a Cemetery
  [633/791] SKIP (no duration): Pity, Sorrow and Compassion
  [634/791] SKIP (no duration): Why are we asked to observe - impermanence.
  [635/791] SKIP (no duration): Sublimation
  [636/791] SKIP (no duration): Righteous Anger : Plain Anger
  [637/791] SKIP (no duration): A Pet’s Endgame
  [638/791] SKIP (no duration): Downers.
  [639/791] SKIP (no duration): Discipline : Self-discipline
  [640/791] SKIP (no duration): Fairness and Equality
  [641/791] SKIP (no duration): Unforgivingness
  [642/791] SKIP (no duration): My body is Mother Earth
  [643/791] SKIP (no duration): Dealing with Intense Emotions and Moods in Ordinar
  [644/791] SKIP (no duration): How much pain, physical or mental should we suffer
  [645/791] SKIP (no duration): Judging or Judgemental?
  [646/791] SKIP (no duration): The absurd and the Sublime : A Mid-summer Contempl
  [647/791] SKIP (no duration): If there is no self, who bears the karma?
  [648/791] SKIP (no duration): Overwhelmed by All the Violence in the World?
  [649/791] SKIP (no duration): Legal : Moral : Ethical
  [650/791] SKIP (no duration): The Consumer in Us All.
  [651/791] SKIP (no duration): Barriers or Boundaries
  [652/791] SKIP (no duration): Isolation, Loneliness and Solitude
  [653/791] SKIP (no duration): Envy, Jealousy and Appreciative Joy
  [654/791] SKIP (no duration): Unwholesome Karmic Results as Fate.
  [655/791] SKIP (no duration): Ideology leads to strife.
  [656/791] SKIP (no duration): The Sacred: It’s Meaning and the Role of Free Spee
  [657/791] SKIP (no duration): Awareness, Compassion and Wisdom
  [658/791] SKIP (no duration): To become or not to become.
  [659/791] SKIP (no duration): Appamāda : Diligent
  [660/791] SKIP (no duration): Aim and Objective in Present Time
  [661/791] SKIP (no duration): Money and Power
  [662/791] SKIP (no duration): Passive Aggression
  [663/791] SKIP (no duration): In what way should Buddhadhamma affect our politic
  [664/791] SKIP (no duration): Practice makes perfect.*
  [665/791] SKIP (no duration): Right Speech
  [666/791] SKIP (no duration): Equanimity
  [667/791] SKIP (no duration): Shame
  [668/791] SKIP (no duration): Guilt
  [669/791] SKIP (no duration): Gratitude Generosity Renunciation
  [670/791] SKIP (no duration): Excitement Boredom Contentment
  [671/791] SKIP (no duration): Silence
  [672/791] SKIP (no duration): Courage, Fortitude and Resilience
  [673/791] SKIP (no duration): One of the Hindrances is Sceptical Doubt.
  [674/791] SKIP (no duration): Scientism meets Buddhism (Buddhadhamma?)
  [675/791] SKIP (no duration): What is our basic disposition to life?
  [676/791] SKIP (no duration): Fear!
  [677/791] SKIP (no duration): Beauty.
  [678/791] SKIP (no duration): The Wisdom of Uncertainty
  [679/791] SKIP (no duration): Patience
  [680/791] SKIP (no duration): Overcoming the Corruptions of Generosity
  [681/791] SKIP (no duration): The World is in a terrible state.
  [682/791] SKIP (no duration): The Treasure of Things
  [683/791] SKIP (no duration): Equanimity Carl
  [684/791] SKIP (no duration): The years where do they go. New Year Encouragement
  [685/791] SKIP (no duration): Understand and See things as they really are
  [686/791] SKIP (no duration): Constant Curiosity Carl
  [687/791] SKIP (no duration): Kamma Noirin
  [688/791] SKIP (no duration): Progress
  [689/791] SKIP (no duration): Who Decides? Carl
  [690/791] SKIP (no duration): Delusion, caring for illusion.
  [691/791] SKIP (no duration): The world is not in a good place.
  [692/791] SKIP (no duration): Happy New Year
  [693/791] SKIP (no duration): Sickness
  [694/791] SKIP (no duration): Yearning for a Better World
  [695/791] SKIP (no duration): Balancing Lay and Spiritual Life
  [696/791] SKIP (no duration): Wildflower Wisdom
  [697/791] SKIP (no duration): Dealing with the Stories that Make Us Suffer
  [698/791] SKIP (no duration): The Wisdom and Virtues of Insecurity
  [699/791] SKIP (no duration): As Winter Approaches
  [700/791] SKIP (no duration): Guidelines For a New Year's Resolution
  [701/791] SKIP (no duration): Coronavirus : Messenger from the Gods
  [702/791] SKIP (no duration): Quench all Resentments.
  [703/791] SKIP (no duration): Exiting Lockdown
  [704/791] SKIP (no duration): Committing to the Path
  [705/791] SKIP (no duration): Beauty
  [706/791] SKIP (no duration): Motivation for Practice
  [707/791] SKIP (no duration): All in the Mind
  [708/791] SKIP (no duration): Perfection, Elitism and Excellence.
  [709/791] SKIP (no duration): Material World
  [710/791] SKIP (no duration): Inner Voices
  [711/791] SKIP (no duration): Full Catastrophe Ethics
  [712/791] SKIP (no duration): On Learning how to be with Climate and Social Brea
  [713/791] SKIP (no duration): Living in the here and now. Bhante Bodhidhamma
  [714/791] SKIP (no duration): Being Human Bhante Bodhidhamma
  [715/791] SKIP (no duration): Sympathy Empathy Compassion Bhante Bodhidhamma
  [716/791] SKIP (no duration): Non-Violence is not Pacificism Bhante Bodhidhamma
  [717/791] SKIP (no duration): Neoliberalism and Buddhadhamma Bhante Bodhidhamma
  [718/791] SKIP (no duration): Dullness and Lethargy: Our Two Very Good Friends C
  [719/791] SKIP (no duration): Preparing for Climate Change - First Ethical Maxim
  [720/791] SKIP (no duration): Red Lines, Sila - Third Ethical Maxim Noirin Sheah
  [721/791] SKIP (no duration): Radical Hope, Saddha - Second Ethical Maxim Noirin
  [722/791] SKIP (no duration): New Year Resolutions and the Third Maxim  Noirin S
  [723/791] SKIP (no duration): 4th Maxim (i) : Opportunity Knocks  Noirin Sheahan
  [724/791] SKIP (no duration): 4th Maxim (ii) : Spiral to Freedom  Noirin Sheahan
  [725/791] SKIP (no duration): Fourth Maxim (iii) : Path to Transcendence  Noirin
  [726/791] SKIP (no duration): Equanimity : The Most Important Virtue Bhante Bodh
  [727/791] SKIP (no duration): The Danger of Nihilism  Bhante Bodhidhamma
  [728/791] SKIP (no duration): Neo-Fascism  Bhante Bodhidhamma
  [729/791] SKIP (no duration): The Gift of Joy Mudita Bhante Bodhidhamma
  [730/791] SKIP (no duration): ‘We just follow circumstance.’  Bhante Bodhidhamma
  [731/791] SKIP (no duration): To Love or To Be Loved. That is the Question.  Bha
  [732/791] SKIP (no duration): Samsara : doomed to suffer over and over again? Bh
  [733/791] SKIP (no duration): Compassion : To Care  Bhante Bodhidhamma
  [734/791] SKIP (no duration): Compassion : A Path of Liberation  Bhante Bodhidha
  [735/791] SKIP (no duration): Fifth Maxim: Develop the Body and Mind  Noirin She
  [736/791] SKIP (no duration): The Buddha’s Alter Ego : The World Conquering Mona
  [737/791] SKIP (no duration): There is a Body: Exploring the Mind-Body Relations
  [738/791] SKIP (no duration): Self-love and Self-Acceptance  Bhante Bodhidhamma
  [739/791] SKIP (no duration): The Crucial Role of Desire and Intention.  Bhante 
  [740/791] SKIP (no duration): Mindfulness meets Metta Noirin Sheahan
  [741/791] SKIP (no duration): Surely meditation shouldn't feel like this?  Noiri
  [742/791] SKIP (no duration): The Fire Sermon
  [743/791] SKIP (no duration): Why spend a week or more on retreat?
  [744/791] SKIP (no duration): Nibanna is Close at Hand!
  [745/791] SKIP (no duration): AI 'Art'
  [746/791] SKIP (no duration): A Field of Barley
  [747/791] SKIP (no duration): War!
  [748/791] SKIP (no duration): The Enlightenment and its Demise.
  [749/791] SKIP (no duration): The Enlightenment and Possible Salvation.
  [750/791] SKIP (no duration): Sixth Maxim: Act for the Future Generations of All
  [751/791] SKIP (no duration): Cultivating Metta for Future Generations.
  [752/791] SKIP (exists): Detailed Guided Meditation
  [753/791] SKIP (exists): Starting a Retreat
  [754/791] SKIP (exists): Abiding in the Present Moment Developing Equanimit
  [755/791] SKIP (exists): Detailed Guided Meditation
  [756/791] SKIP (exists): Assisted Meditation
  [757/791] SKIP (exists): Heartcare Metta Meditation
  [758/791] SKIP (exists): Bodycare Meditation
  [759/791] SKIP (exists): Eating meditation
  [760/791] SKIP (exists): Morning Chant with Refuges and Precepts
  [761/791] SKIP (exists): Evening Metta Chant
  [762/791] SKIP (exists): The Technique
  [763/791] SKIP (exists): The Hindrances
  [764/791] SKIP (exists): The Factors of Enlightenment
  [765/791] SKIP (exists): The Pleasure Syndrome dukkha
  [766/791] SKIP (exists): The Characteristic of Impermanence
  [767/791] SKIP (exists): Anatta Not self
  [768/791] SKIP (exists): Living Life according to the Dhamma
  [769/791] SKIP (exists): Mahasi Talk
  [770/791] SKIP (exists): Vedana Feeling
  [771/791] SKIP (exists): Is Awareness Enough
  [772/791] SKIP (exists): Eroticism Romance Love Distraction and Boredom
  [773/791] SKIP (exists): The Perfections Turned Inward
  [774/791] SKIP (exists): Faith
  [775/791] SKIP (exists): Revising the principles of vipassana
  [776/791] SKIP (exists): Fear
  [777/791] SKIP (exists): Foregiveness
  [778/791] SKIP (exists): The Gratification, the Danger and the Escape
  [779/791] SKIP (exists): Karma
  [780/791] SKIP (exists): Rebirth
  [781/791] SKIP (exists): The Illimitables
  [782/791] SKIP (exists): The Ten Fetters
  [783/791] SKIP (exists): The Awakening
  [784/791] SKIP (exists): The Years of Teaching and Parinibbana
  [785/791] SKIP (exists): Ethical Behaviour and the Awakening are one
  [786/791] SKIP (exists): The Buddha as Exemplar and Archetype
  [787/791] SKIP (exists): Meditation and Ordinary Daily Life
  [788/791] SKIP (exists): Free Will
  [789/791] Karma Specific Conditionality the Five Laws ethica...
    Download retry 1: curl: (1) Protocol "local" not supported or disabled in libcurl
    Download retry 2: curl: (1) Protocol "local" not supported or disabled in libcurl
    Download retry 3: curl: (1) Protocol "local" not supported or disabled in libcurl
    Download failed: curl: (1) Protocol "local" not supported or disabled in libcurl
  [790/791] SKIP (exists): Right Livelihood
  [791/791] SKIP (exists): Chi Gong min guidance

  Transcribed: 547/791 episodes
  Saved to: /home/freedomfighter/code/traduction/satipanya-podcast/transcripts/
/home/freedomfighter/miniconda3/envs/interview/lib/python3.11/site-packages/pyannote/audio/core/io.py:47: UserWarning: 
torchcodec is not installed correctly so built-in audio decoding will fail. Solutions are:
* use audio preloaded in-memory as a {'waveform': (channel, time) torch.Tensor, 'sample_rate': int} dictionary;
* fix torchcodec installation. Error message was:

Could not load libtorchcodec. Likely causes:
          1. FFmpeg is not properly installed in your environment. We support
             versions 4, 5, 6, 7, and 8, and we attempt to load libtorchcodec
             for each of those versions. Errors for versions not installed on
             your system are expected; only the error for your installed FFmpeg
             version is relevant. On Windows, ensure you've installed the
             "full-shared" version which ships DLLs.
          2. The PyTorch version (2.6.0+cu124) is not compatible with
             this version of TorchCodec. Refer to the version compatibility
             table:
             https://github.com/pytorch/torchcodec?tab=readme-ov-file#installing-torchcodec.
          3. Another runtime dependency; see exceptions below.

        The following exceptions were raised as we tried to load libtorchcodec:
        
[start of libtorchcodec loading traceback]
FFmpeg version 8:
Traceback (most recent call last):
  File "/home/freedomfighter/miniconda3/envs/interview/lib/python3.11/site-packages/torchcodec/_core/ops.py", line 57, in load_torchcodec_shared_libraries
    torch.ops.load_library(core_library_path)
  File "/home/freedomfighter/miniconda3/envs/interview/lib/python3.11/site-packages/torch/_ops.py", line 1357, in load_library
    ctypes.CDLL(path)
  File "/home/freedomfighter/miniconda3/envs/interview/lib/python3.11/ctypes/__init__.py", line 376, in __init__
    self._handle = _dlopen(self._name, mode)
                   ^^^^^^^^^^^^^^^^^^^^^^^^^
OSError: libavutil.so.60: cannot open shared object file: No such file or directory

FFmpeg version 7:
Traceback (most recent call last):
  File "/home/freedomfighter/miniconda3/envs/interview/lib/python3.11/site-packages/torchcodec/_core/ops.py", line 57, in load_torchcodec_shared_libraries
    torch.ops.load_library(core_library_path)
  File "/home/freedomfighter/miniconda3/envs/interview/lib/python3.11/site-packages/torch/_ops.py", line 1357, in load_library
    ctypes.CDLL(path)
  File "/home/freedomfighter/miniconda3/envs/interview/lib/python3.11/ctypes/__init__.py", line 376, in __init__
    self._handle = _dlopen(self._name, mode)
                   ^^^^^^^^^^^^^^^^^^^^^^^^^
OSError: libavutil.so.59: cannot open shared object file: No such file or directory

FFmpeg version 6:
Traceback (most recent call last):
  File "/home/freedomfighter/miniconda3/envs/interview/lib/python3.11/site-packages/torchcodec/_core/ops.py", line 57, in load_torchcodec_shared_libraries
    torch.ops.load_library(core_library_path)
  File "/home/freedomfighter/miniconda3/envs/interview/lib/python3.11/site-packages/torch/_ops.py", line 1357, in load_library
    ctypes.CDLL(path)
  File "/home/freedomfighter/miniconda3/envs/interview/lib/python3.11/ctypes/__init__.py", line 376, in __init__
    self._handle = _dlopen(self._name, mode)
                   ^^^^^^^^^^^^^^^^^^^^^^^^^
OSError: /home/freedomfighter/miniconda3/envs/interview/lib/python3.11/site-packages/torchcodec/libtorchcodec_core6.so: undefined symbol: _ZN3c1013MessageLogger6streamB5cxx11Ev

FFmpeg version 5:
Traceback (most recent call last):
  File "/home/freedomfighter/miniconda3/envs/interview/lib/python3.11/site-packages/torchcodec/_core/ops.py", line 57, in load_torchcodec_shared_libraries
    torch.ops.load_library(core_library_path)
  File "/home/freedomfighter/miniconda3/envs/interview/lib/python3.11/site-packages/torch/_ops.py", line 1357, in load_library
    ctypes.CDLL(path)
  File "/home/freedomfighter/miniconda3/envs/interview/lib/python3.11/ctypes/__init__.py", line 376, in __init__
    self._handle = _dlopen(self._name, mode)
                   ^^^^^^^^^^^^^^^^^^^^^^^^^
OSError: libavutil.so.57: cannot open shared object file: No such file or directory

FFmpeg version 4:
Traceback (most recent call last):
  File "/home/freedomfighter/miniconda3/envs/interview/lib/python3.11/site-packages/torchcodec/_core/ops.py", line 57, in load_torchcodec_shared_libraries
    torch.ops.load_library(core_library_path)
  File "/home/freedomfighter/miniconda3/envs/interview/lib/python3.11/site-packages/torch/_ops.py", line 1357, in load_library
    ctypes.CDLL(path)
  File "/home/freedomfighter/miniconda3/envs/interview/lib/python3.11/ctypes/__init__.py", line 376, in __init__
    self._handle = _dlopen(self._name, mode)
                   ^^^^^^^^^^^^^^^^^^^^^^^^^
OSError: libavutil.so.56: cannot open shared object file: No such file or directory
[end of libtorchcodec loading traceback].
  warnings.warn(
============================================================
PASS 3: Transcribing local files (WhisperX)
============================================================
  Loading WhisperX model (large-v3) on cuda...
2026-07-26 23:11:22 - whisperx.vads.pyannote - INFO - Performing voice activity detection using Pyannote...
Lightning automatically upgraded your loaded checkpoint from v1.5.4 to v2.6.1. To apply the upgrade to your files permanently, run `python -m lightning.pytorch.utilities.upgrade_checkpoint ../../../miniconda3/envs/interview/lib/python3.11/site-packages/whisperx/assets/pytorch_model.bin`

  Transcribed: 0, Skipped (existing): 40
============================================================
PASS 4: Merging into catalog.json
============================================================
  ✓ Updated retreat_talks: 40 episodes

✓ Catalog saved: /home/freedomfighter/code/traduction/satipanya-podcast/catalog.json
============================================================
PASS 4: Generating descriptions with Claude
============================================================
  [1/791] SKIP (exists): The First Noble Truth - Dukkha Dukkha
  [2/791] SKIP (exists): The First Noble Truth - Conditioned States
  [3/791] SKIP (exists): The First Noble Truth - The Three Characteristics
  [4/791] SKIP (exists): The Second Noble Truth - The Cause of Suffering - 
  [5/791] SKIP (exists): The Second Noble Truth - The Wheel of Dependent Or
  [6/791] SKIP (exists): The Second Noble Truth - Kamma
  [7/791] SKIP (exists): The Fourth Noble Truth - Morality - Sila
  [8/791] SKIP (exists): The Fourth Noble Truth - Positive Morality - Param
  [9/791] SKIP (exists): The Fourth Noble Truth - Right Understanding
  [10/791] SKIP (exists): The Fourth Noble Truth - Mental Development - Sama
  [11/791] SKIP (exists): Moods, Emotions and Feelings
  [12/791] SKIP (exists): Guilt - Real and Unreal
  [13/791] SKIP (exists): The End of Guilt
  [14/791] SKIP (exists): Right Intention
  [15/791] SKIP (exists): The Divine Abodes
  [16/791] SKIP (exists): Faith or Belief
  [17/791] SKIP (exists): Wheel of Dependent Origination
  [18/791] SKIP (exists): Kamma
  [19/791] SKIP (exists): The Sangha
  [20/791] SKIP (exists): The Four Paths and the Four Fruits
  [21/791] SKIP (exists): The Noble Silence
  [22/791] SKIP (exists): Why Meditate
  [23/791] SKIP (exists): The Mahasi Method
  [24/791] SKIP (exists): Starting a Personal Retreat
  [25/791] SKIP (exists): Faith
  [26/791] SKIP (exists): Ritual in Spiritual Practice
  [27/791] SKIP (exists): Is Awareness Enough
  [28/791] SKIP (exists): Developing the Spiritual Faculties
  [29/791] SKIP (exists): Spiritual Faculties and Factors of Enlightenment
  [30/791] SKIP (exists): The Hindrances
  [31/791] SKIP (exists): The Buddha and the Hindrances
  [32/791] SKIP (exists): Dullness, Lethargy, Restlessness and Pain
  [33/791] SKIP (exists): Eroticism, Romance, Love, Distraction and Boredom
  [34/791] SKIP (exists): The Ten Fetters
  [35/791] SKIP (exists): Vedana Feeling
  [36/791] SKIP (exists): Fear
  [37/791] SKIP (exists): Foregiveness
  [38/791] SKIP (exists): The Illimitables
  [39/791] SKIP (exists): The Perfections Turned Inward
  [40/791] SKIP (no transcript): The Seven Factors of Awakening
  [41/791] SKIP (no transcript): Faith
  [42/791] SKIP (no transcript): Taking the Refuges
  [43/791] SKIP (no transcript): Equanimity
  [44/791] SKIP (exists): Survey of Theravada Buddhism
  [45/791] SKIP (exists): Impermanence and Not-self
  [46/791] SKIP (exists): Ethical Behaviour and the Awakening are one
  [47/791] SKIP (exists): Wheel of Dependent Origination
  [48/791] SKIP (exists): Free Will
  [49/791] SKIP (exists): Kamma
  [50/791] SKIP (exists): Rebirth
  [51/791] SKIP (exists): Premodern, Modern, Postmodernism And Buddhism
  [52/791] SKIP (exists): The Buddha as Exemplar and Archetype
  [53/791] SKIP (exists): Buddhist View of Christ's Teaching
  [54/791] SKIP (exists): Just War
  [55/791] SKIP (exists): The Gratification, the Danger and the Escape
  [56/791] SKIP (no transcript): Towards Contentment and Happiness
  [57/791] SKIP (no transcript): The Pursuit of Happiness
  [58/791] SKIP (exists): Bodhisatta Before Taking Human Birth
  [59/791] SKIP (exists): Bodhisatta's Birth to Renunciation
  [60/791] SKIP (exists): Bodhisatta's Training to the Awakening
  [61/791] SKIP (exists): The Awakening
  [62/791] SKIP (exists): The Years of Teaching and Parinibbana
  [63/791] SKIP (exists): Meditation and Daily Life
  [64/791] SKIP (exists): Meditation and the Weekly Group
  [65/791] SKIP (exists): The Eightfold Path and Daily Life
  [66/791] SKIP (exists): Right Livelihood
  [67/791] SKIP (exists): 1. Starting a Retreat
  [68/791] SKIP (exists): Starting a Retreat
  [69/791] SKIP (exists): A Detailed Guided Meditation
  [70/791] SKIP (exists): Investigative Eating Meditation - an explanation.
  [71/791] Investigative Eating the practice...
    OK: intermediate, 16 keywords
  [72/791] 2. The Mahasi Technique...
    OK: introductory, 18 keywords
  [73/791] Basics of Insight Meditation 02 2025Video...
    OK: introductory, 16 keywords
  [74/791] Basics of Insight Meditation 04 2026Video...
    OK: introductory, 20 keywords
  [75/791] 4. The Hindrances The Psychotherapy of Vipassana...
    OK: intermediate, 25 keywords
  [76/791] 5. Right Awareness Intro.to Vipassana...
    OK: introductory, 15 keywords
  [77/791] 6. The Seven Factors of Awakening...
    OK: intermediate, 25 keywords
  [78/791] 7. The Ethical Psychology of the Buddha (Dependent...
    OK: intermediate, 20 keywords
  [79/791] 8. The Law of Kamma...
    OK: intermediate, 18 keywords
  [80/791] 8. Living Life according to the Dhamma...
    OK: introductory, 19 keywords
  [81/791] Guided Metta...
    OK: introductory, 15 keywords
  [82/791] Guided Bodycare...
    OK: introductory, 17 keywords
  [83/791] SKIP (exists): Developing the Factors of Enlightenment
  [84/791] SKIP (exists): Exploring Dukkha
  [85/791] SKIP (exists): Question & Answer Session
  [86/791] SKIP (exists): Revising the Principles of Meditation
  [87/791] SKIP (exists): The Hindrances
  [88/791] SKIP (exists): Practice into Daily Life (Xmas 2006)
  [89/791] SKIP (exists): New Year Reflections
  [90/791] SKIP (exists): Q&A Resistance Rebirth and Moral Justice What suff
  [91/791] SKIP (exists): 01 The Body - The Buddha's World View and the role
  [92/791] SKIP (exists): 02 The Body - Kayagasati Sutta MN131.To play the m
  [93/791] SKIP (exists): Feeling (vedana).To play the media you will need t
  [94/791] SKIP (exists): Dependent Origination leading to awakening in ordi
  [95/791] SKIP (exists): .To play the media you will need to either update 
  [96/791] SKIP (exists): .To play the media you will need to either update 
  [97/791] SKIP (exists): Ethics, Not-self and Liberation.To play the media 
  [98/791] SKIP (exists): Roads to Power.To play the media you will need to 
  [99/791] SKIP (exists): New Year address on the qualities needed to succee
  [100/791] SKIP (exists): The First Discourse on Turning the Wheel of the Dh
  [101/791] SKIP (exists): Scientism : Romanticism : Psychotherapy - and Budd
  [102/791] SKIP (exists): Kamma, Rebirth and Transcendence : A top down view
  [103/791] SKIP (exists): The Discourse to the Kalama : Discernment, the Eth
  [104/791] SKIP (exists): Buddha Day Address: What was the mindset of the Bo
  [105/791] SKIP (exists): Spiritual progress - stop trying!.To play the medi
  [106/791] SKIP (no transcript): What is vedana and where does it fit in?.To play t
  [107/791] SKIP (exists): The Need for Sangha. community and Q's about Ordin
  [108/791] SKIP (exists): Mae Chee Kaew and Resolutions..To play the media y
  [109/791] SKIP (exists): The Three Characteristics..To play the media you w
  [110/791] SKIP (exists): Buddha Day Address May 2015..To play the media you
  [111/791] SKIP (exists): Deconstruction..To play the media you will need to
  [112/791] SKIP (exists): Love and All That..To play the media you will need
  [113/791] SKIP (exists): Ethics Not-self and Liberation.To play the media y
  [114/791] SKIP (exists): Contol and loss of Power..To play the media you wi
  [115/791] SKIP (exists): Q&A Detachment Engagement Motivation Devotion..To 
  [116/791] SKIP (exists): Basics for Meditation..To play the media you will 
  [117/791] SKIP (exists): Kamma Revisited..To play the media you will need t
  [118/791] SKIP (exists): Daily Life Reinforced..To play the media you will 
  [119/791] SKIP (exists): Refinement,Sublimation and the Eightfold Path..To 
  [120/791] SKIP (exists): No Inherent Being..To play the media you will need
  [121/791] SKIP (exists): Kamma and Free Will..To play the media you will ne
  [122/791] SKIP (exists): Comments on a Statement by Mae Chee Kaew..To play 
  [123/791] SKIP (exists): Reiki 10 06 2015..To play the media you will need 
  [124/791] SKIP (exists): Intro Talk to Bodycare.To play the media you will 
  [125/791] SKIP (exists): Dependent Origination and the Quality of Right Awa
  [126/791] SKIP (exists): Talk at the Re-opening of the Golden Buddha Centre
  [127/791] SKIP (exists): The Prognosis is Very Good..To play the media you 
  [128/791] SKIP (exists): Importance of Resolution plus.To play the media yo
  [129/791] SKIP (exists): Christmas Talk re the Path.To play the media you w
  [130/791] SKIP (exists): Right Relationship.To play the media you will need
  [131/791] SKIP (exists): How to critique the Dhamma and Buddha.To play the 
  [132/791] SKIP (exists): An Attempt to Understand the teaching of Not-Self.
  [133/791] SKIP (exists): Talk to the European Teachers Meeting How I came t
  [134/791] SKIP (exists): Happiness.To play the media you will need to eithe
  [135/791] SKIP (exists): The Body and the Discourse on How to Establish Rig
  [136/791] SKIP (exists): Q.&A session: Family Distractions : Selfish to Med
  [137/791] SKIP (exists): Mindfulness : Time.To play the media you will need
  [138/791] SKIP (exists): Monks : Daily Life : Not-Self.To play the media yo
  [139/791] SKIP (exists): Retreats : Attachment : Children and Suffering.To 
  [140/791] SKIP (exists): New Year Revision of Buddhadhamma Theory and Pract
  [141/791] SKIP (exists): Hope to Inspire.To play the media you will need to
  [142/791] SKIP (exists): Talk at Opening of centre in Ghent.To play the med
  [143/791] SKIP (exists): The Problem of Identity..To play the media you wil
  [144/791] SKIP (exists): The body as Meditative Object..To play the media y
  [145/791] SKIP (exists): 1. Starting a Retreat.To play the media you will n
  [146/791] SKIP (exists): The Principles and Problems of Vipassana.To play t
  [147/791] SKIP (exists): Not-Self Indulgence and all.To play the media you 
  [148/791] SKIP (exists): Impulsive or Spontaneous.To play the media you wil
  [149/791] SKIP (exists): The Body and the Three Characteristics.To play the
  [150/791] SKIP (exists): Why noting without stop.To play the media you will
  [151/791] SKIP (exists): Why we need a technique.To play the media you will
  [152/791] SKIP (exists): Subliminal Inclinations, Defilements and Hindrance
  [153/791] SKIP (exists): Questions and Answers A Dolly Mixture.To play the 
  [154/791] SKIP (exists): Importance of Metta 24 min.To play the media you w
  [155/791] SKIP (exists): The Kamma of Liberation.To play the media you will
  [156/791] SKIP (exists): The Karma Concerning Liberation.To play the media 
  [157/791] SKIP (exists): Dignity and the Qualities of a Ruler.To play the m
  [158/791] SKIP (exists): Practice in Ordinary Daily Life.To play the media 
  [159/791] SKIP (exists): Samatha-Vipassana.To play the media you will need 
  [160/791] SKIP (exists): Vipassana and or Therapy.To play the media you wil
  [161/791] SKIP (exists): Buddha Day Address with Refuges and Precepts.To pl
  [162/791] SKIP (exists): Daily Rythms; Fetters, Hindrances and Inclinations
  [163/791] SKIP (exists): Metta, Applied and Sustained Thought, Buddhamind.T
  [164/791] SKIP (exists): Equanimity - Foundation of all Virtue.To play the 
  [165/791] SKIP (exists): The Mahasi Method.To play the media you will need 
  [166/791] SKIP (exists): The Sufferings of the Pleasure Syndrome.To play th
  [167/791] SKIP (exists): There is no separation between vipassana and ordin
  [168/791] SKIP (exists): Q & A Rebirth Identification Emotions etc..To play
  [169/791] SKIP (exists): Why didn't the Buddha return to lay life.To play t
  [170/791] SKIP (exists): Revising the principles of vipassana.To play the m
  [171/791] SKIP (exists): Dukkha Unsatisfactoriness et al.To play the media 
  [172/791] SKIP (exists): Encouragement October 09.To play the media you wil
  [173/791] SKIP (exists): The practice and the pitfalls of metta, goodwill p
  [174/791] SKIP (exists): How Vipassana relates to Daily Life.To play the me
  [175/791] SKIP (exists): Samatha and - or Vipassana.To play the media you w
  [176/791] SKIP (exists): Metta: Developing Goodwill.To play the media you w
  [177/791] SKIP (exists): Karma, Dependent Origination, Virtue and Liberatio
  [178/791] SKIP (exists): Enthusiam and other questions.To play the media yo
  [179/791] SKIP (exists): Faith and the Spiritual Life.To play the media you
  [180/791] SKIP (exists): Revising the principles of vipassana.To play the m
  [181/791] SKIP (exists): The Buddha's Quest - A Public Talk.To play the med
  [182/791] SKIP (exists): The problem lies in the looking.To play the media 
  [183/791] SKIP (exists): There is no reason for being!.To play the media yo
  [184/791] SKIP (exists): Towards a whole life practice.To play the media yo
  [185/791] SKIP (exists): https://www.satipanya.org.uk/wp-content/uploads/20
  [186/791] SKIP (exists): https://www.satipanya.org.uk/wp-content/uploads/20
  [187/791] SKIP (exists): https://www.satipanya.org.uk/wp-content/uploads/20
  [188/791] SKIP (exists): https://www.satipanya.org.uk/wp-content/uploads/20
  [189/791] SKIP (exists): https://www.satipanya.org.uk/wp-content/uploads/20
  [190/791] SKIP (exists): https://www.satipanya.org.uk/wp-content/uploads/20
  [191/791] SKIP (exists): https://www.satipanya.org.uk/wp-content/uploads/20
  [192/791] SKIP (exists): https://www.satipanya.org.uk/wp-content/uploads/20
  [193/791] SKIP (exists): https://www.satipanya.org.uk/wp-content/uploads/20
  [194/791] SKIP (exists): https://www.satipanya.org.uk/wp-content/uploads/20
  [195/791] SKIP (exists): https://www.satipanya.org.uk/wp-content/uploads/20
  [196/791] SKIP (exists): https://www.satipanya.org.uk/wp-content/uploads/20
  [197/791] SKIP (exists): https://www.satipanya.org.uk/wp-content/uploads/20
  [198/791] SKIP (exists): https://www.satipanya.org.uk/wp-content/uploads/20
  [199/791] SKIP (exists): https://www.satipanya.org.uk/wp-content/uploads/20
  [200/791] SKIP (exists): https://www.satipanya.org.uk/wp-content/uploads/20
  [201/791] SKIP (exists): https://www.satipanya.org.uk/wp-content/uploads/20
  [202/791] SKIP (exists): https://www.satipanya.org.uk/wp-content/uploads/20
  [203/791] SKIP (exists): https://www.satipanya.org.uk/wp-content/uploads/20
  [204/791] SKIP (exists): https://www.satipanya.org.uk/wp-content/uploads/20
  [205/791] SKIP (exists): https://www.satipanya.org.uk/wp-content/uploads/20
  [206/791] SKIP (exists): https://www.satipanya.org.uk/wp-content/uploads/20
  [207/791] SKIP (exists): Refuges and Precepts with Metta
  [208/791] SKIP (exists): Video
  [209/791] SKIP (exists): Video
  [210/791] SKIP (exists): Video
  [211/791] SKIP (exists): Video
  [212/791] SKIP (exists): Video
  [213/791] SKIP (exists): Video
  [214/791] Video...
    OK: introductory, 13 keywords
  [215/791] Video...
    OK: introductory, 16 keywords
  [216/791] SKIP (exists): 2022 Dec 11 To Love or To Be Loved. That is the qu
  [217/791] SKIP (exists): Love and Relationship.
  [218/791] SKIP (exists): Forgiveness is fundamental to purify the heart. Re
  [219/791] SKIP (exists): The introduction
  [220/791] SKIP (exists): Karaniya Metta Sutta
  [221/791] SKIP (exists): Video
  [222/791] SKIP (exists): We often hear about suffering and the end of suffe
  [223/791] SKIP (exists): 2024 Jan. 21 The importance of Tranquillity Passad
  [224/791] SKIP (exists): Patient Forebearance
  [225/791] SKIP (exists): Equanimity
  [226/791] SKIP (exists): Sympathy, Empathy and Compassion
  [227/791] SKIP (exists): 2023 June 11 Fear and Courage.
  [228/791] SKIP (exists): Apologies! I tried to cover too much ground. Howev
  [229/791] SKIP (exists): 2023 Oct 01 'Good Friendship, Companionship, Good 
  [230/791] SKIP (exists): 2021 Gratitude, Generosity and Renunciation
  [231/791] SKIP (exists): 2022 Jul 17 Need, Sufficiency and Greed -
  [232/791] SKIP (exists): 2025 Apr 06 Renunciation.
  [233/791] SKIP (exists): Video
  [234/791] SKIP (exists): Video
  [235/791] SKIP (exists): The Buddha and War
  [236/791] SKIP (exists): 2025 May 04 The Buddha as a Teacher.
  [237/791] SKIP (exists): 2025 June 08 What was the Buddha's great disovery?
  [238/791] SKIP (exists): Video
  [239/791] SKIP (exists): Video
  [240/791] SKIP (exists): 2024 April.24 Contemplating the Unpleasantness of 
  [241/791] SKIP (exists): 2024 June 23 The Unattractive Nature of the Body
  [242/791] SKIP (exists): I own my actions. I inherit the results of my acti
  [243/791] SKIP (exists): Karma and Rebirth
  [244/791] SKIP (exists): 2023 Nov 26 The Five Regular Contemplations.
  [245/791] SKIP (exists): 2022 Nov 06 The Contemplation of Death.
  [246/791] SKIP (exists): The Eight Worldly Winds
  [247/791] SKIP (exists): The Paradox of Fear
  [248/791] SKIP (exists): 2025 Jan 12 Dukkha - the Buddha grounds his teachi
  [249/791] SKIP (exists): 2024 Feb. 25 The crucial role of Desire and Intent
  [250/791] SKIP (exists): 2024 July 14 The Four Great Elements
  [251/791] SKIP (exists): 2024 August 18 The Specific Law of Conditionality
  [252/791] SKIP (exists): 2024 September 15 The Dangers of Indulgence
  [253/791] SKIP (exists): 2023 Jan. 08 The Four Bases of Power :
  [254/791] SKIP (exists): Video
  [255/791] SKIP (exists): 2023 Oct 29 The Spiral Path
  [256/791] SKIP (exists): 2021 Four Noble Truths
  [257/791] SKIP (exists): Dukkha (Unsatisfactoriness and Sila (Morality and 
  [258/791] SKIP (exists): Dependent Origination, the Role of desire and the 
  [259/791] SKIP (exists): 2022 Oct 09 Identity and Not-Self.
  [260/791] SKIP (exists): Video
  [261/791] SKIP (exists): Right Livelihood
  [262/791] SKIP (exists): 2022 Sep 11 Rest for Autumn.
  [263/791] SKIP (exists): Bahiya of the Bark Cloth
  [264/791] SKIP (exists): 2023 March 05
  [265/791] SKIP (exists): ,
  [266/791] SKIP (exists): 2022 Aug 14 Climate Emergency and the Role of the 
  [267/791] SKIP (exists): Non-Violence v. Pacifism
  [268/791] SKIP (exists): 2022 Apr 17 Noliberalism and Mindfulness
  [269/791] SKIP (exists): 2022 Jun 19 Social Conditionng or Karma - Our soci
  [270/791] SKIP (exists): Buddha Day Address : His Training : The Fetters
  [271/791] SKIP (exists): ood Friendhship, Good Companionship, Good Comrades
  [272/791] SKIP (exists): Dependent Origination Revisited
  [273/791] SKIP (exists): Karma- Specific, Conditionality the Five Laws, eth
  [274/791] SKIP (exists): No more ideologies!
  [275/791] SKIP (exists): The Mahasi Technique and What We Need to Understan
  [276/791] SKIP (exists): Dependent Orignation and how all other importnant 
  [277/791] SKIP (exists): The Axial Age and the Momentous Discovery of the B
  [278/791] SKIP (exists): Dependent Orgination is based on Not-Knowing and I
  [279/791] SKIP (exists): Khanda, the Agregates, as Person and Sati, Awarene
  [280/791] SKIP (exists): Misunderstanding re. the Self, Karma and transcend
  [281/791] SKIP (exists): Q&A Kamma / FreeWill , Metta/attachment, Momentary
  [282/791] SKIP (exists): Q&A Emotions: Awareness/Delusion:Insight : Masculi
  [283/791] SKIP (exists): Angulimala A Monologue 00.54.49 21.9 MB
  [284/791] SKIP (exists): Talk read by Therese Caherty
  [285/791] SKIP (exists): Vipassana Instructions
  [286/791] SKIP (exists): The First Noble truth - Impermanence and Unsatisfa
  [287/791] SKIP (exists): The First noble truth - Not-Self and Unsatisfactor
  [288/791] SKIP (exists): The Second Noble Truth - The Cause of Unsatisfacto
  [289/791] SKIP (exists): The Third Noble Truth - The End of Unsatisfactorin
  [290/791] SKIP (exists): The Fourth Noble Truth - The Path Leading to the E
  [291/791] SKIP (exists): Introduction to the Mahasi Meditation Practice - r
  [292/791] SKIP (exists): Hindrances and Factors of Enlightenment - read by 
  [293/791] SKIP (exists): 1st, 2nd & 3rd Noble Truths: Dukkha, its Cause & C
  [294/791] SKIP (exists): 4th Noble Truth: Eightfold Path in Daily Life - re
  [295/791] SKIP (exists): The Hindrances - read by Finola O'Siochru
  [296/791] SKIP (exists): The Factors of Enlightenment - read by Finola O'Si
  [297/791] SKIP (exists): First Noble Truth: There is Dukkha - read by Finol
  [298/791] SKIP (exists): Second and Third Nobe Truths: Cause and Cessation 
  [299/791] SKIP (exists): Fourth Noble Truth: The Path to the End of Dukkha 
  [300/791] SKIP (exists): Foundations for Mindfulness (Satipatthana Sutta) -
  [301/791] SKIP (exists): Attachment: The Five Khanda - read by Finola O'Sio
  [302/791] SKIP (exists): Divine Abiding: a. Equanimity - read by Biddy O'Co
  [303/791] SKIP (exists): Divine Abiding: b. Goodwill, Metta - read by Biddy
  [304/791] SKIP (exists): Divine Abiding, c. Compassion - read by Biddy O'Co
  [305/791] SKIP (exists): Divine Abiding, d. Appreciative Joy, Mudita - read
  [306/791] SKIP (exists): Sense Contact - The Six Sense Spheres - read by Fi
  [307/791] SKIP (exists): Spiritual Faculties - read by Finola O'Siochru
  [308/791] SKIP (exists): Mindfulness of Breathing - read by Finola O'Siochr
  [309/791] SKIP (exists): Destruction of Craving a. Tracing back to the orig
  [310/791] SKIP (exists): Destruction of Craving b. Examining each link in t
  [311/791] SKIP (exists): Two Kinds of Thought - read by Finola O'Siochru
  [312/791] SKIP (exists): Removal of Distracting Thoughts - read by Finola O
  [313/791] SKIP (exists): In the Seeing, only the seeing ... (Bahiya Sutta) 
  [314/791] SKIP (exists): Greed, Hatred and Delusion as Foundations for Mind
  [315/791] SKIP (exists): Exalted, Unexalted and other Mindstates as Foundat
  [316/791] SKIP (exists): Building a Raft to Cross the Floods of Sensuality 
  [317/791] SKIP (exists): Building a Raft to Cross the Floods of Becoming an
  [318/791] SKIP (exists): Beset by Perceptions (Honeyball Sutta)
  [319/791] SKIP (exists): The Buddha's Death (Parinibbana Sutta)
  [320/791] SKIP (exists): Méditation Guidée: Debout et Assise
  [321/791] SKIP (exists): Meditation Guidee Detaillee
  [322/791] SKIP (exists): Méditation Guidée Debout et Assise
  [323/791] SKIP (exists): Trois compréhensions nécessaires
  [324/791] SKIP (exists): Méditation Debout
  [325/791] SKIP (exists): Méditation Assise
  [326/791] SKIP (exists): La conscience juste, les obstacles comme chemin ve
  [327/791] SKIP (exists): How we use the self and what does it mean for not-
  [328/791] SKIP (exists): The Hindrances
  [329/791] SKIP (exists): Non-soi
  [330/791] SKIP (exists): La Libre Volunté
  [331/791] SKIP (exists): Le Dhamma dans la vie quotidienne ordinaire.
  [332/791] SKIP (exists): Scientisme Romatisme Bouddhisme
  [333/791] SKIP (no transcript): Is the Buddha a materialist?
  [334/791] SKIP (no transcript): z0000002
  [335/791] SKIP (exists): Une tentative de comprendre le non-soi.
  [336/791] SKIP (exists): Retour à l'essentiel.
  [337/791] SKIP (exists): Bonheur
  [338/791] SKIP (exists): L'Esprit Concevoir et les Empêches
  [339/791] SKIP (no transcript): Dependent Origination et Kamma
  [340/791] SKIP (exists): Metta Bhavana Bienveillance (15 min)(Lausanne Oct 
  [341/791] SKIP (exists): Nous causons de la souffrance pour nous meme.(Laus
  [342/791] SKIP (exists): Le Kamma de la Liberation(Lausanne Oct 2010)
  [343/791] SKIP (exists): Les Bases de Vipassana.
  [344/791] SKIP (exists): Progres et d'autres sujets.
  [345/791] SKIP (exists): Questions and des Questions Plus.
  [346/791] SKIP (exists): Dependant Origination (Belgium Jan 2006)
  [347/791] SKIP (exists): The Purpose of Meditation (Belgium Jan 2006)
  [348/791] SKIP (exists): Why the Present Moment is So Important (Geneva May
  [349/791] SKIP (exists): Q&A Concerning States of Mind - Sankhara (Geneva M
  [350/791] SKIP (exists): Concerning Buddhist Psychology (Geneva May 2006)
  [351/791] SKIP (exists): Concerning Metta and Other Questions (Geneva May 2
  [352/791] SKIP (exists): Le Methode de Mahasi Vipassana (Lausanne Oct 2009)
  [353/791] SKIP (exists): Les Empeches de Vipassana (Lausanne Oct 2009)
  [354/791] SKIP (exists): Les Facteurs de Liberation (Lausanne Oct 2009)
  [355/791] SKIP (exists): Psychologie de Buddha (Lausanne Oct 2009)
  [356/791] SKIP (exists): Entering the Course
  [357/791] SKIP (exists): The Mahasi Method
  [358/791] SKIP (exists): The Joyful Aspects of Meditation
  [359/791] SKIP (exists): The Wheel of Dependent Origination
  [360/791] SKIP (exists): The Perfections
  [361/791] SKIP (exists): Karma
  [362/791] SKIP (exists): Evening Metta Chant and Instructions
  [363/791] SKIP (exists): Morning Chant
  [364/791] SKIP (exists): Meditazione in Piedi e Seduta
  [365/791] SKIP (exists): Meditazione guidata dettagliata :sometimes use 'sa
  [366/791] SKIP (exists): Mahasi Instructions and Metta Chant
  [367/791] SKIP (exists): The Hindrances
  [368/791] SKIP (exists): Factors of Enlightenment
  [369/791] SKIP (exists): Dependent Origination
  [370/791] SKIP (exists): Kamma
  [371/791] SKIP (exists): Metta Guidata
  [372/791] SKIP (exists): c. corpo med guidata
  [373/791] SKIP (exists): Intro. Guarig. corpo med guidata
  [374/791] SKIP (exists): Basics for Insight Meditation 01
  [375/791] SKIP (exists): 70th Birthday Bhante Bodhidhamma's Life story
  [376/791] SKIP (exists): Talk Starting Inaugural Lockdown Evening Meditatio
  [377/791] SKIP (exists): 02 First Three Noble Truths
  [378/791] SKIP (exists): 01 MN9 Discourse on Right View  Wholesome and Unwh
  [379/791] SKIP (exists): Evening Lockdown Meditation
  [380/791] SKIP (exists): 03 Coronavirus and the Contemplation of Death
  [381/791] SKIP (exists): 04 Contemplation of Death : Living more awake
  [382/791] SKIP (exists): 05 Contemplation of Death again!
  [383/791] SKIP (exists): 06 Renunciation and Buddha's First Occasion to Tea
  [384/791] SKIP (exists): 07 Setting the Wheel of the Dhamma in Motion
  [385/791] SKIP (exists): 08 Mindfulness at work And Right View Right Attitu
  [386/791] SKIP (exists): 09 Right Speech, Action and Livelihood
  [387/791] SKIP (exists): 10 Grief
  [388/791] SKIP (exists): 11 The Nutriments: Food, Contact, Volition and Con
  [389/791] SKIP (exists): 12 The Investigation of Eating
  [390/791] SKIP (exists): 13 Discourse on the Taints MN 2 : Overcome by seei
  [391/791] SKIP (exists): 14 Not-self Revisited The story of Sati MN38
  [392/791] SKIP (exists): 16. Investigating Not-self - The Pratice
  [393/791] SKIP (exists): 17 Questions  See Description
  [394/791] SKIP (exists): 18 Overcoming the Taints by Restraint
  [395/791] SKIP (exists): 19 Overcoming the Taints by Using
  [396/791] SKIP (exists): 20 Overcoming the Taints by Endurance
  [397/791] SKIP (exists): 21a Overcoming the Taints by Removing 1
  [398/791] SKIP (exists): 21b Overcoming the Taints by Removing 2
  [399/791] SKIP (exists): 22 Overcoming the Taints by Developing
  [400/791] SKIP (exists): 23 The Ten Fetters
  [401/791] SKIP (exists): 24 Society
  [402/791] SKIP (exists): 25 Reflections for an Harmonious Society
  [403/791] SKIP (exists): 26 More Reflections
  [404/791] SKIP (exists): 27 What makes a Society Strong?
  [405/791] SKIP (exists): 28 The Six Sense Bases MN137
  [406/791] SKIP (exists): 29 Senses Bases Cont.
  [407/791] SKIP (exists): Metta, Forgiveness and Determination Practice
  [408/791] SKIP (exists): 01 Reiki with Bryan Lester
  [409/791] SKIP (exists): Some Pointers for Metta
  [410/791] SKIP (exists): Bodycare Practice - Metta towards the Body.
  [411/791] SKIP (exists): 02 Reiki with Bryan
  [412/791] SKIP (exists): Body as Meditation Object
  [413/791] SKIP (exists): The Basics of Insight Meditation 03
  [414/791] SKIP (exists): 03 Reiki with Bryan
  [415/791] SKIP (exists): 33 Kalama Sutta AN 3.65
  [416/791] SKIP (exists): 35 Canki Sutta MN95
  [417/791] SKIP (exists): 34 Kalama Discourse cont.
  [418/791] SKIP (exists): 36 Canki Sutta cont.
  [419/791] SKIP (exists): 37 Shorter Discourse on Gosinga
  [420/791] SKIP (exists): Gaia Standing and Sitting Guided Meditation
  [421/791] SKIP (exists): 38 Discourse on the Establishment of Awareness Sat
  [422/791] SKIP (exists): 31b The Body
  [423/791] SKIP (exists): 39 Discourse on the Establishment of Awareness Sat
  [424/791] SKIP (exists): 40 Discourse on the Establishment of Awareness Sat
  [425/791] SKIP (exists): 41 Discourse on the Establishment of Awareness Sat
  [426/791] SKIP (exists): 42 Discourse on the Establishment of Awareness Sat
  [427/791] SKIP (exists): 43 Discourse on the Establishment of Awareness Sat
  [428/791] SKIP (exists): 44 The Relay of Chariots MN24
  [429/791] SKIP (exists): 45 The Relay of Chariots MN24
  [430/791] SKIP (exists): 50 Dog Ascetic Discourse MN57
  [431/791] SKIP (exists): Gratitude Generosity Renunciation
  [432/791] SKIP (exists): Spanish Introduction - Refuges and Precepts, Stand
  [433/791] SKIP (exists): Saddha Confidence and Trust
  [434/791] SKIP (exists): Dhp 188 - 192 The Role of Confidence.
  [435/791] SKIP (exists): Dhp 153   154 The Buddha's Victory Verses
  [436/791] SKIP (exists): Dhp 4 Hatred is not overcome with hatred!
  [437/791] SKIP (exists): Dhp 21 - 23
  [438/791] SKIP (exists): Dhp Chapter 3 - verses 33 & 34 The Unruly Mind
  [439/791] SKIP (exists): Dhp 01 02  Mind is the forerunner
  [440/791] SKIP (exists): Dhp No4 Hatred is not pacified by hatred
  [441/791] SKIP (exists): Dhp 256 157  Judgmental v Judicious
  [442/791] SKIP (exists): Dhp 46 How to view the Body
  [443/791] SKIP (exists): The Four Noble Truths
  [444/791] SKIP (exists): The NIne Qualities of the Buddha
  [445/791] SKIP (exists): Dhp 360 362 Restraint
  [446/791] SKIP (exists): Dhp 90 The Arahant
  [447/791] SKIP (exists): Vita Quotidiana
  [448/791] SKIP (exists): Dukkha Unsatifactoriness and Sila Morality and Eth
  [449/791] SKIP (exists): Dependent Origination and the Role of Desire and t
  [450/791] SKIP (exists): Kamma and Rebirth
  [451/791] SKIP (exists): Gratitude Generosity and Renunciation
  [452/791] SKIP (exists): Facets of a Love
  [453/791] SKIP (exists): Apamado DHP 22 23 24
  [454/791] SKIP (exists): Ageing
  [455/791] SKIP (exists): Dhp 152 153 The Inner Critic
  [456/791] SKIP (exists): Sympathy Empathy and Compassion
  [457/791] SKIP (exists): DHP 314-317 From the Chapter on Hell
  [458/791] SKIP (exists): Non-Violence is not Pacificism
  [459/791] SKIP (exists): Neoliberalism and Mindfulness
  [460/791] SKIP (exists): The Buddha and War.
  [461/791] SKIP (exists): Need Sufficiency and Greed
  [462/791] SKIP (exists): Social Conditioning or Karma
  [463/791] SKIP (exists): Climate Emergency
  [464/791] SKIP (exists): Reset for Autumn
  [465/791] SKIP (exists): Identity and Not-Self
  [466/791] SKIP (exists): The Contemplation of Death
  [467/791] SKIP (exists): To Love or To Be Loved. That is the question.
  [468/791] SKIP (exists): The Bases of Success
  [469/791] SKIP (exists): Bahiya of the Bark Cloth
  [470/791] SKIP (exists): The Discourse on Bahiya of the Bark Cloth Ud.1.10
  [471/791] SKIP (exists): Joy
  [472/791] SKIP (exists): Is the Buddha and athiest?
  [473/791] SKIP (exists): Fear and Courage
  [474/791] SKIP (exists): Patience
  [475/791] SKIP (exists): Equanimity - The most important of all virtues.
  [476/791] SKIP (exists): Compassion and its subtle enemies.
  [477/791] SKIP (exists): Good Friendship, Good Companionship, Good Comradsh
  [478/791] SKIP (exists): The Five Constant Contemplations
  [479/791] SKIP (exists): Retreat Start Standing and Walking Meditation
  [480/791] SKIP (exists): The Discourse Developing Loving Kindness
  [481/791] SKIP (exists): The Importance of Tranquillity
  [482/791] SKIP (exists): The Crucial Importance of Desire and Intention.
  [483/791] SKIP (exists): Satipanya Opening Ceremony 30th June 2007
  [484/791] SKIP (exists): Ceremony to Bless the Stupa   June 26th 2011   Pt 
  [485/791] SKIP (exists): Ceremony to Bless the Stupa   June 26th 2011   Pt 
  [486/791] SKIP (exists): Ceremony to Bless the Stupa   June 26th 2011   Pt 
  [487/791] SKIP (exists): 15. The Discourse on Not-self SN22.6.59
  [488/791] SKIP (exists): Upali is converted by the Buddha MN56
  [489/791] SKIP (exists): Contemplating the Unpleasantness of the Body: Why 
  [490/791] SKIP (exists): The Buddha's Alter Ego
  [491/791] SKIP (exists): The Unattractive Nature of the Body
  [492/791] SKIP (exists): The Four Great Elements
  [493/791] SKIP (exists): The Specific Law of Conditionality
  [494/791] SKIP (exists): The Dangers of Indulgence
  [495/791] SKIP (exists): Reflections and Contemplative Practice of Kamma
  [496/791] SKIP (exists): Forgiveness
  [497/791] SKIP (exists): The Basics of Insight Meditation 02
  [498/791] SKIP (exists): Dukkha - Basic Premise of the Buddhadhamma
  [499/791] SKIP (exists): Non-Violence is not Pacifism
  [500/791] SKIP (exists): The Eight Worldly Conditions
  [501/791] SKIP (exists): The Paradox of Fear
  [502/791] SKIP (exists): Renunciation : The Path to Liberation
  [503/791] SKIP (exists): The Buddha as a Teacher The Discourse on Malunkyap
  [504/791] SKIP (exists): What was the Great Discovery by the Buddha
  [505/791] SKIP (exists): Where do the elements cease without remainder?
  [506/791] SKIP (exists): Extinguishing the Housebuilder
  [507/791] SKIP (exists): Hope Aspiration Expectation
  [508/791] SKIP (exists): Topics of Discussion
  [509/791] SKIP (exists): Practising the Five Remembrances
  [510/791] SKIP (exists): Revsing the Basics
  [511/791] SKIP (exists): The Necessity of Joy
  [512/791] SKIP (exists): Polarisation
  [513/791] SKIP (exists): Dullness and Lethargy
  [514/791] SKIP (exists): Adhitthana Determination
  [515/791] SKIP (exists): The Four Clingings
  [516/791] The Buddha's Use of Similes...
    OK: introductory, 25 keywords
  [517/791] Restraint...
    OK: intermediate, 21 keywords
  [518/791] SKIP (exists): Refuges  and Precepts
  [519/791] SKIP (exists): Puja: Chantings
  [520/791] SKIP (exists): Recommended Reading for Beginners
  [521/791] SKIP (exists): in PDF format
  [522/791] SKIP (no transcript): in MS Word format
  [523/791] SKIP (exists): Neoliberalism and BuddhaDhamma
  [524/791] SKIP (exists): Investigative Eating
  [525/791] SKIP (exists): Reflections on the Teaching and Practice of Not-se
  [526/791] SKIP (exists): Vipassana as taught by the Mahasi Sayadaw of Burma
  [527/791] SKIP (exists): Is Armed Intervention Ever Justified?
  [528/791] SKIP (exists): Free will: is it available or useful?
  [529/791] SKIP (exists): Could I be a fundamentalist, even a terrorist?
  [530/791] SKIP (exists): Perfection, Elitism and Excellence
  [531/791] SKIP (exists): What benefit is there in becoming a temporary mona
  [532/791] SKIP (exists): The ‘Unlucky’ Death of a Two Year Old Boy
  [533/791] SKIP (exists): Expectation, Aspiration and Hope
  [534/791] SKIP (exists): Assisted Suicide (PDF document)
  [535/791] SKIP (exists): Vipassana, Therapy and Medicinal Drugs (PDF docume
  [536/791] SKIP (exists): Conditionality and Kamma(PDF document)
  [537/791] SKIP (exists): Affectionate Awareness.
  [538/791] SKIP (exists): Climate Crisis A Personal Reflection
  [539/791] SKIP (exists): The First Noble Truth of Suffering -- Dukkha
  [540/791] SKIP (exists): The First Noble Truth of Suffering -- The Five Agg
  [541/791] SKIP (exists): The First Noble Truth of Suffering -- The Three Ch
  [542/791] SKIP (exists): The Second Noble Truth -- Desire
  [543/791] SKIP (exists): The Second Noble Truth -- The Wheel of Dependent O
  [544/791] SKIP (exists): The Second Noble Truth -- Kamma Vipaka
  [545/791] SKIP (exists): The Fourth Noble Truth -- Morality
  [546/791] SKIP (exists): The Fourth Noble Truth -- Perfections
  [547/791] SKIP (exists): The Fourth Noble Truth -- Right Understanding
  [548/791] SKIP (exists): The Fourth Noble Truth -- Mental Development
  [549/791] SKIP (exists): Meditation in Ordinary Daily Life
  [550/791] SKIP (exists): Meditation in Ordinary Daily Life
  [551/791] SKIP (exists): Buddha Day Evening with Italy
  [552/791] SKIP (exists): Text,
  [553/791] SKIP (exists): Satipanya Porridge
  [554/791] SKIP (exists): The "Ouch" that hurt.
  [555/791] SKIP (exists): Coming down to earth
  [556/791] SKIP (exists): Extending the limits of good-will
  [557/791] SKIP (exists): Metta for a Cold Heart
  [558/791] SKIP (exists): The Fourth Noble Truth
  [559/791] SKIP (exists): Struggling with Anatta
  [560/791] SKIP (exists): Temporary Ordination
  [561/791] SKIP (exists): Retreating and Re-engaging
  [562/791] SKIP (exists): Homeward Bound
  [563/791] SKIP (exists): All in the Mind
  [564/791] SKIP (exists): Summer meadows
  [565/791] SKIP (exists): As Winter Approaches
  [566/791] SKIP (exists): 2020 Lockdown Christmas
  [567/791] SKIP (exists): Exiting Lockdown
  [568/791] SKIP (exists): Mindfulness meets metta
  [569/791] SKIP (exists): Everyday Mindfulness
  [570/791] SKIP (exists): Healing the Mind-Body Relationship
  [571/791] SKIP (exists): Nibanna is Close at Hand!
  [572/791] SKIP (exists): Greeting the Devadutta
  [573/791] SKIP (exists): Laryngectomy
  [574/791] SKIP (exists): Stumbling towards Gratitude
  [575/791] SKIP (exists): Mid-winter Darkness
  [576/791] SKIP (exists): Teaching with an Electro-larynx: The Oval Age-Old 
  [577/791] SKIP (exists): a paper describing six ethical maxims
  [578/791] SKIP (exists): Full Catastrophe Ethics
  [579/791] SKIP (exists): First Maxim: Work Hard to Grasp the Imensity
  [580/791] SKIP (exists): Second Maxim: Cultivate Radical Hope
  [581/791] SKIP (exists): Third Maxim: Draw a line in the Sand - b. Working 
  [582/791] SKIP (exists): Fourth Maxim: Appreciate the Amazing and Unique Up
  [583/791] SKIP (exists): Fifth Maxim: Train the Mind and Body
  [584/791] SKIP (exists): At the end of the day (1)
  [585/791] SKIP (exists): At the end of the day. (2)
  [586/791] SKIP (exists): At the end of the day.
  [587/791] SKIP (exists): Upon Awakening.
  [588/791] SKIP (exists): Morning Meditation (One of Four) : Ritual
  [589/791] SKIP (exists): Morning Meditation : Default Position: Abiding in 
  [590/791] SKIP (exists): Morning Meditation : Vipassana – 1. Developing a s
  [591/791] SKIP (exists): Morning Meditation : Vipassana 2. – Developing Ins
  [592/791] SKIP (exists): Morning Meditation : Metta : Developing Goodwill –
  [593/791] SKIP (exists): Discourse on Metta
  [594/791] SKIP (exists): Morning Meditation: Developing Goodwill and Forgiv
  [595/791] SKIP (exists): Morning Meditation : Resolution
  [596/791] SKIP (exists): Developing the Perfection of Determination
  [597/791] SKIP (exists): Breakfast at last!
  [598/791] SKIP (exists): Traveling to and from work.
  [599/791] SKIP (exists): Back Home
  [600/791] SKIP (exists): Relations, Friends, Acquaintances and Spiritual Co
  [601/791] SKIP (exists): Contemplating Relations, Friends, Acquaintances an
  [602/791] SKIP (exists): Intimate Relationships: The Erotic, the Romantic a
  [603/791] SKIP (exists): Celibacy
  [604/791] SKIP (exists): When does love become control?
  [605/791] SKIP (exists): Work
  [606/791] SKIP (exists): Success and Failure : Trial and Error
  [607/791] SKIP (exists): Creating Space (1)
  [608/791] SKIP (exists): Creating Space (2)
  [609/791] SKIP (exists): Creating Space (3)
  [610/791] SKIP (exists): The Limits of Power and Mission Creep
  [611/791] SKIP (exists): Not an Emotion
  [612/791] SKIP (exists): Relationships
  [613/791] SKIP (exists): Being Good rather than Being Good At
  [614/791] SKIP (exists): What’s wrong with a bit of attachment!
  [615/791] SKIP (exists): Sacrifice : the more we give, the greater the retu
  [616/791] SKIP (exists): Not what we believe, but how we live.
  [617/791] SKIP (exists): Towards the Greatest Happiness.
  [618/791] SKIP (exists): New Year Resolution
  [619/791] SKIP (exists): Neighbourly ‘Sounds’
  [620/791] SKIP (exists): Sickness
  [621/791] SKIP (exists): The Tough Nut
  [622/791] SKIP (exists): Impulsive or Spontaneous.
  [623/791] SKIP (exists): Joy!
  [624/791] SKIP (exists): Thankyou
  [625/791] SKIP (exists): Need, Sufficiency and Greed.
  [626/791] SKIP (exists): What values govern our lives?
  [627/791] SKIP (exists): Values in mine own eyes.
  [628/791] SKIP (exists): Living in the Now : Planning for the Future
  [629/791] SKIP (exists): Music
  [630/791] SKIP (exists): Time
  [631/791] SKIP (exists): Our Daily Breaks.
  [632/791] SKIP (exists): On the Virtue of Visiting a Cemetery
  [633/791] SKIP (exists): Pity, Sorrow and Compassion
  [634/791] SKIP (exists): Why are we asked to observe - impermanence.
  [635/791] SKIP (exists): Sublimation
  [636/791] SKIP (exists): Righteous Anger : Plain Anger
  [637/791] SKIP (exists): A Pet’s Endgame
  [638/791] SKIP (exists): Downers.
  [639/791] SKIP (exists): Discipline : Self-discipline
  [640/791] SKIP (exists): Fairness and Equality
  [641/791] SKIP (exists): Unforgivingness
  [642/791] SKIP (exists): My body is Mother Earth
  [643/791] SKIP (exists): Dealing with Intense Emotions and Moods in Ordinar
  [644/791] SKIP (exists): How much pain, physical or mental should we suffer
  [645/791] SKIP (exists): Judging or Judgemental?
  [646/791] SKIP (exists): The absurd and the Sublime : A Mid-summer Contempl
  [647/791] SKIP (exists): If there is no self, who bears the karma?
  [648/791] SKIP (exists): Overwhelmed by All the Violence in the World?
  [649/791] SKIP (exists): Legal : Moral : Ethical
  [650/791] SKIP (exists): The Consumer in Us All.
  [651/791] SKIP (exists): Barriers or Boundaries
  [652/791] SKIP (exists): Isolation, Loneliness and Solitude
  [653/791] SKIP (exists): Envy, Jealousy and Appreciative Joy
  [654/791] SKIP (exists): Unwholesome Karmic Results as Fate.
  [655/791] SKIP (exists): Ideology leads to strife.
  [656/791] SKIP (exists): The Sacred: It’s Meaning and the Role of Free Spee
  [657/791] SKIP (exists): Awareness, Compassion and Wisdom
  [658/791] SKIP (exists): To become or not to become.
  [659/791] SKIP (exists): Appamāda : Diligent
  [660/791] SKIP (exists): Aim and Objective in Present Time
  [661/791] SKIP (exists): Money and Power
  [662/791] SKIP (exists): Passive Aggression
  [663/791] SKIP (exists): In what way should Buddhadhamma affect our politic
  [664/791] SKIP (exists): Practice makes perfect.*
  [665/791] SKIP (exists): Right Speech
  [666/791] SKIP (exists): Equanimity
  [667/791] SKIP (exists): Shame
  [668/791] SKIP (exists): Guilt
  [669/791] SKIP (exists): Gratitude Generosity Renunciation
  [670/791] SKIP (exists): Excitement Boredom Contentment
  [671/791] SKIP (exists): Silence
  [672/791] SKIP (exists): Courage, Fortitude and Resilience
  [673/791] SKIP (exists): One of the Hindrances is Sceptical Doubt.
  [674/791] SKIP (exists): Scientism meets Buddhism (Buddhadhamma?)
  [675/791] SKIP (exists): What is our basic disposition to life?
  [676/791] SKIP (exists): Fear!
  [677/791] SKIP (exists): Beauty.
  [678/791] SKIP (exists): The Wisdom of Uncertainty
  [679/791] SKIP (exists): Patience
  [680/791] SKIP (exists): Overcoming the Corruptions of Generosity
  [681/791] SKIP (exists): The World is in a terrible state.
  [682/791] SKIP (exists): The Treasure of Things
  [683/791] SKIP (exists): Equanimity Carl
  [684/791] SKIP (exists): The years where do they go. New Year Encouragement
  [685/791] SKIP (exists): Understand and See things as they really are
  [686/791] SKIP (exists): Constant Curiosity Carl
  [687/791] SKIP (exists): Kamma Noirin
  [688/791] SKIP (exists): Progress
  [689/791] SKIP (exists): Who Decides? Carl
  [690/791] SKIP (exists): Delusion, caring for illusion.
  [691/791] SKIP (exists): The world is not in a good place.
  [692/791] SKIP (exists): Happy New Year
  [693/791] SKIP (exists): Sickness
  [694/791] SKIP (exists): Yearning for a Better World
  [695/791] SKIP (exists): Balancing Lay and Spiritual Life
  [696/791] SKIP (exists): Wildflower Wisdom
  [697/791] SKIP (exists): Dealing with the Stories that Make Us Suffer
  [698/791] SKIP (exists): The Wisdom and Virtues of Insecurity
  [699/791] SKIP (exists): As Winter Approaches
  [700/791] SKIP (exists): Guidelines For a New Year's Resolution
  [701/791] SKIP (exists): Coronavirus : Messenger from the Gods
  [702/791] SKIP (exists): Quench all Resentments.
  [703/791] SKIP (exists): Exiting Lockdown
  [704/791] SKIP (exists): Committing to the Path
  [705/791] SKIP (exists): Beauty
  [706/791] SKIP (exists): Motivation for Practice
  [707/791] SKIP (exists): All in the Mind
  [708/791] SKIP (exists): Perfection, Elitism and Excellence.
  [709/791] SKIP (exists): Material World
  [710/791] SKIP (exists): Inner Voices
  [711/791] SKIP (exists): Full Catastrophe Ethics
  [712/791] SKIP (exists): On Learning how to be with Climate and Social Brea
  [713/791] SKIP (exists): Living in the here and now. Bhante Bodhidhamma
  [714/791] SKIP (exists): Being Human Bhante Bodhidhamma
  [715/791] SKIP (exists): Sympathy Empathy Compassion Bhante Bodhidhamma
  [716/791] SKIP (exists): Non-Violence is not Pacificism Bhante Bodhidhamma
  [717/791] SKIP (exists): Neoliberalism and Buddhadhamma Bhante Bodhidhamma
  [718/791] SKIP (exists): Dullness and Lethargy: Our Two Very Good Friends C
  [719/791] SKIP (exists): Preparing for Climate Change - First Ethical Maxim
  [720/791] SKIP (exists): Red Lines, Sila - Third Ethical Maxim Noirin Sheah
  [721/791] SKIP (exists): Radical Hope, Saddha - Second Ethical Maxim Noirin
  [722/791] SKIP (exists): New Year Resolutions and the Third Maxim  Noirin S
  [723/791] SKIP (exists): 4th Maxim (i) : Opportunity Knocks  Noirin Sheahan
  [724/791] SKIP (exists): 4th Maxim (ii) : Spiral to Freedom  Noirin Sheahan
  [725/791] SKIP (exists): Fourth Maxim (iii) : Path to Transcendence  Noirin
  [726/791] SKIP (exists): Equanimity : The Most Important Virtue Bhante Bodh
  [727/791] SKIP (exists): The Danger of Nihilism  Bhante Bodhidhamma
  [728/791] SKIP (exists): Neo-Fascism  Bhante Bodhidhamma
  [729/791] SKIP (exists): The Gift of Joy Mudita Bhante Bodhidhamma
  [730/791] SKIP (exists): ‘We just follow circumstance.’  Bhante Bodhidhamma
  [731/791] SKIP (exists): To Love or To Be Loved. That is the Question.  Bha
  [732/791] SKIP (exists): Samsara : doomed to suffer over and over again? Bh
  [733/791] SKIP (exists): Compassion : To Care  Bhante Bodhidhamma
  [734/791] SKIP (exists): Compassion : A Path of Liberation  Bhante Bodhidha
  [735/791] SKIP (exists): Fifth Maxim: Develop the Body and Mind  Noirin She
  [736/791] SKIP (exists): The Buddha’s Alter Ego : The World Conquering Mona
  [737/791] SKIP (exists): There is a Body: Exploring the Mind-Body Relations
  [738/791] SKIP (exists): Self-love and Self-Acceptance  Bhante Bodhidhamma
  [739/791] SKIP (exists): The Crucial Role of Desire and Intention.  Bhante 
  [740/791] SKIP (exists): Mindfulness meets Metta Noirin Sheahan
  [741/791] SKIP (exists): Surely meditation shouldn't feel like this?  Noiri
  [742/791] SKIP (exists): The Fire Sermon
  [743/791] SKIP (exists): Why spend a week or more on retreat?
  [744/791] SKIP (exists): Nibanna is Close at Hand!
  [745/791] SKIP (exists): AI 'Art'
  [746/791] SKIP (exists): A Field of Barley
  [747/791] SKIP (exists): War!
  [748/791] SKIP (exists): The Enlightenment and its Demise.
  [749/791] SKIP (exists): The Enlightenment and Possible Salvation.
  [750/791] SKIP (exists): Sixth Maxim: Act for the Future Generations of All
  [751/791] SKIP (exists): Cultivating Metta for Future Generations.
  [752/791] SKIP (exists): Detailed Guided Meditation
  [753/791] SKIP (exists): Starting a Retreat
  [754/791] SKIP (exists): Abiding in the Present Moment Developing Equanimit
  [755/791] SKIP (exists): Detailed Guided Meditation
  [756/791] SKIP (exists): Assisted Meditation
  [757/791] SKIP (exists): Heartcare Metta Meditation
  [758/791] SKIP (exists): Bodycare Meditation
  [759/791] SKIP (exists): Eating meditation
  [760/791] SKIP (exists): Morning Chant with Refuges and Precepts
  [761/791] SKIP (exists): Evening Metta Chant
  [762/791] SKIP (exists): The Technique
  [763/791] SKIP (exists): The Hindrances
  [764/791] SKIP (exists): The Factors of Enlightenment
  [765/791] SKIP (exists): The Pleasure Syndrome dukkha
  [766/791] SKIP (exists): The Characteristic of Impermanence
  [767/791] SKIP (exists): Anatta Not self
  [768/791] SKIP (exists): Living Life according to the Dhamma
  [769/791] SKIP (exists): Mahasi Talk
  [770/791] SKIP (exists): Vedana Feeling
  [771/791] SKIP (exists): Is Awareness Enough
  [772/791] SKIP (exists): Eroticism Romance Love Distraction and Boredom
  [773/791] SKIP (exists): The Perfections Turned Inward
  [774/791] SKIP (exists): Faith
  [775/791] SKIP (exists): Revising the principles of vipassana
  [776/791] SKIP (exists): Fear
  [777/791] SKIP (exists): Foregiveness
  [778/791] SKIP (exists): The Gratification, the Danger and the Escape
  [779/791] SKIP (exists): Karma
  [780/791] SKIP (exists): Rebirth
  [781/791] SKIP (exists): The Illimitables
  [782/791] SKIP (exists): The Ten Fetters
  [783/791] SKIP (exists): The Awakening
  [784/791] SKIP (exists): The Years of Teaching and Parinibbana
  [785/791] SKIP (exists): Ethical Behaviour and the Awakening are one
  [786/791] SKIP (exists): The Buddha as Exemplar and Archetype
  [787/791] SKIP (exists): Meditation and Ordinary Daily Life
  [788/791] SKIP (exists): Free Will
  [789/791] SKIP (exists): Karma Specific Conditionality the Five Laws ethica
  [790/791] SKIP (exists): Right Livelihood
  [791/791] SKIP (exists): Chi Gong min guidance

  Described: 780/791 episodes (16 API calls)
  Saved to: /home/freedomfighter/code/traduction/satipanya-podcast/metadata/
============================================================
PASS 6: Generating RSS podcast feeds
============================================================
  Generating: guided-meditations.xml ...
    0 episodes, 0 seasons → guided-meditations.xml
  Generating: dhammabytes.xml ...
    0 episodes, 0 seasons → dhammabytes.xml
  Generating: foundation-course.xml ...
    21 episodes, 2 seasons → foundation-course.xml
  Generating: dharma-talks.xml ...
    255 episodes, 32 seasons → dharma-talks.xml (7 dead links excluded)
  Generating: noirins-teachings.xml ...
    36 episodes, 5 seasons → noirins-teachings.xml
  Generating: international-talks.xml ...
    51 episodes, 12 seasons → international-talks.xml (3 dead links excluded)
  Generating: youtube-talks.xml ...
    144 episodes, 1 seasons → youtube-talks.xml
  Generating: bhante-essays.xml ...
    0 episodes, 5 seasons → bhante-essays.xml (34 dead links excluded)
  Generating: noirin-essays.xml ...
    0 episodes, 3 seasons → noirin-essays.xml (32 dead links excluded)
  Generating: tips-of-the-day.xml ...
    0 episodes, 5 seasons → tips-of-the-day.xml (168 dead links excluded)
  Generating: retreat-talks.xml ...
    40 episodes, 4 seasons → retreat-talks.xml

  Feeds saved to: /home/freedomfighter/code/traduction/satipanya-podcast/feeds/
============================================================
PASS 7: Beautifying transcripts with Claude
============================================================
  [1/791] SKIP (exists): The First Noble Truth - Dukkha Dukkha
  [2/791] SKIP (exists): The First Noble Truth - Conditioned States
  [3/791] SKIP (exists): The First Noble Truth - The Three Characteristics
  [4/791] SKIP (exists): The Second Noble Truth - The Cause of Suffering - 
  [5/791] SKIP (exists): The Second Noble Truth - The Wheel of Dependent Or
  [6/791] SKIP (exists): The Second Noble Truth - Kamma
  [7/791] SKIP (exists): The Fourth Noble Truth - Morality - Sila
  [8/791] SKIP (exists): The Fourth Noble Truth - Positive Morality - Param
  [9/791] SKIP (exists): The Fourth Noble Truth - Right Understanding
  [10/791] SKIP (exists): The Fourth Noble Truth - Mental Development - Sama
  [11/791] SKIP (exists): Moods, Emotions and Feelings
  [12/791] SKIP (exists): Guilt - Real and Unreal
  [13/791] SKIP (exists): The End of Guilt
  [14/791] SKIP (exists): Right Intention
  [15/791] SKIP (exists): The Divine Abodes
  [16/791] SKIP (exists): Faith or Belief
  [17/791] SKIP (exists): Wheel of Dependent Origination
  [18/791] SKIP (exists): Kamma
  [19/791] SKIP (exists): The Sangha
  [20/791] SKIP (exists): The Four Paths and the Four Fruits
  [21/791] SKIP (exists): The Noble Silence
  [22/791] SKIP (exists): Why Meditate
  [23/791] SKIP (exists): The Mahasi Method
  [24/791] SKIP (exists): Starting a Personal Retreat
  [25/791] SKIP (exists): Faith
  [26/791] SKIP (exists): Ritual in Spiritual Practice
  [27/791] SKIP (exists): Is Awareness Enough
  [28/791] SKIP (exists): Developing the Spiritual Faculties
  [29/791] SKIP (exists): Spiritual Faculties and Factors of Enlightenment
  [30/791] SKIP (exists): The Hindrances
  [31/791] SKIP (exists): The Buddha and the Hindrances
  [32/791] SKIP (exists): Dullness, Lethargy, Restlessness and Pain
  [33/791] SKIP (exists): Eroticism, Romance, Love, Distraction and Boredom
  [34/791] SKIP (exists): The Ten Fetters
  [35/791] SKIP (exists): Vedana Feeling
  [36/791] SKIP (exists): Fear
  [37/791] SKIP (exists): Foregiveness
  [38/791] SKIP (exists): The Illimitables
  [39/791] SKIP (exists): The Perfections Turned Inward
  [40/791] SKIP (no transcript): The Seven Factors of Awakening
  [41/791] SKIP (no transcript): Faith
  [42/791] SKIP (no transcript): Taking the Refuges
  [43/791] SKIP (no transcript): Equanimity
  [44/791] SKIP (exists): Survey of Theravada Buddhism
  [45/791] SKIP (exists): Impermanence and Not-self
  [46/791] SKIP (exists): Ethical Behaviour and the Awakening are one
  [47/791] SKIP (exists): Wheel of Dependent Origination
  [48/791] SKIP (exists): Free Will
  [49/791] SKIP (exists): Kamma
  [50/791] SKIP (exists): Rebirth
  [51/791] SKIP (exists): Premodern, Modern, Postmodernism And Buddhism
  [52/791] SKIP (exists): The Buddha as Exemplar and Archetype
  [53/791] SKIP (exists): Buddhist View of Christ's Teaching
  [54/791] SKIP (exists): Just War
  [55/791] SKIP (exists): The Gratification, the Danger and the Escape
  [56/791] SKIP (no transcript): Towards Contentment and Happiness
  [57/791] SKIP (no transcript): The Pursuit of Happiness
  [58/791] SKIP (exists): Bodhisatta Before Taking Human Birth
  [59/791] SKIP (exists): Bodhisatta's Birth to Renunciation
  [60/791] SKIP (exists): Bodhisatta's Training to the Awakening
  [61/791] SKIP (exists): The Awakening
  [62/791] SKIP (exists): The Years of Teaching and Parinibbana
  [63/791] SKIP (exists): Meditation and Daily Life
  [64/791] SKIP (exists): Meditation and the Weekly Group
  [65/791] SKIP (exists): The Eightfold Path and Daily Life
  [66/791] SKIP (exists): Right Livelihood
  [67/791] SKIP (exists): 1. Starting a Retreat
  [68/791] SKIP (exists): Starting a Retreat
  [69/791] SKIP (exists): A Detailed Guided Meditation
  [70/791] SKIP (exists): Investigative Eating Meditation - an explanation.
  [71/791] Investigative Eating: The Practice...
    OK: 1666 words, 1 chunk(s)
  [72/791] The Mahasi Technique...
    chunk 1/3... OK
    chunk 2/3... OK
    chunk 3/3... OK
    OK: 6484 words, 3 chunk(s)
  [73/791] Basics of Insight Meditation 02 (2025)...
    chunk 1/2... OK
    chunk 2/2... OK
    OK: 4198 words, 2 chunk(s)
  [74/791] Basics of Insight Meditation 04...
    chunk 1/2... OK
    chunk 2/2... OK
    OK: 3441 words, 2 chunk(s)
  [75/791] The Hindrances: The Psychotherapy of Vipassanā...
    chunk 1/3... OK
    chunk 2/3... OK
    chunk 3/3... OK
    OK: 7489 words, 3 chunk(s)
  [76/791] Right Awareness: Introduction to Vipassanā...
    chunk 1/2... OK
    chunk 2/2... OK
    OK: 3625 words, 2 chunk(s)
  [77/791] The Seven Factors of Awakening...
    chunk 1/2... OK
    chunk 2/2... OK
    OK: 4873 words, 2 chunk(s)
  [78/791] The Ethical Psychology of the Buddha (Dependent Or...
    chunk 1/3... OK
    chunk 2/3... OK
    chunk 3/3... OK
    OK: 5591 words, 3 chunk(s)
  [79/791] 8. The Law of Kamma...
    chunk 1/2... OK
    chunk 2/2... OK
    OK: 5122 words, 2 chunk(s)
  [80/791] Living Life according to the Dhamma...
    chunk 1/3... OK
    chunk 2/3... OK
    chunk 3/3... OK
    OK: 7415 words, 3 chunk(s)
  [81/791] Guided Mettā...
    OK: 2139 words, 1 chunk(s)
  [82/791] Guided Bodycare...
    OK: 1901 words, 1 chunk(s)
  [83/791] SKIP (exists): Developing the Factors of Enlightenment
  [84/791] SKIP (exists): Exploring Dukkha
  [85/791] SKIP (exists): Question & Answer Session
  [86/791] SKIP (exists): Revising the Principles of Meditation
  [87/791] SKIP (exists): The Hindrances
  [88/791] SKIP (exists): Practice into Daily Life (Xmas 2006)
  [89/791] SKIP (exists): New Year Reflections
  [90/791] SKIP (exists): Q&A Resistance Rebirth and Moral Justice What suff
  [91/791] SKIP (exists): 01 The Body - The Buddha's World View and the role
  [92/791] SKIP (exists): 02 The Body - Kayagasati Sutta MN131.To play the m
  [93/791] SKIP (exists): Feeling (vedana).To play the media you will need t
  [94/791] SKIP (exists): Dependent Origination leading to awakening in ordi
  [95/791] SKIP (exists): .To play the media you will need to either update 
  [96/791] SKIP (exists): .To play the media you will need to either update 
  [97/791] SKIP (exists): Ethics, Not-self and Liberation.To play the media 
  [98/791] SKIP (exists): Roads to Power.To play the media you will need to 
  [99/791] SKIP (exists): New Year address on the qualities needed to succee
  [100/791] SKIP (exists): The First Discourse on Turning the Wheel of the Dh
  [101/791] SKIP (exists): Scientism : Romanticism : Psychotherapy - and Budd
  [102/791] SKIP (exists): Kamma, Rebirth and Transcendence : A top down view
  [103/791] SKIP (exists): The Discourse to the Kalama : Discernment, the Eth
  [104/791] SKIP (exists): Buddha Day Address: What was the mindset of the Bo
  [105/791] SKIP (exists): Spiritual progress - stop trying!.To play the medi
  [106/791] SKIP (no transcript): What is vedana and where does it fit in?.To play t
  [107/791] SKIP (exists): The Need for Sangha. community and Q's about Ordin
  [108/791] SKIP (exists): Mae Chee Kaew and Resolutions..To play the media y
  [109/791] SKIP (exists): The Three Characteristics..To play the media you w
  [110/791] SKIP (exists): Buddha Day Address May 2015..To play the media you
  [111/791] SKIP (exists): Deconstruction..To play the media you will need to
  [112/791] SKIP (exists): Love and All That..To play the media you will need
  [113/791] SKIP (exists): Ethics Not-self and Liberation.To play the media y
  [114/791] SKIP (exists): Contol and loss of Power..To play the media you wi
  [115/791] SKIP (exists): Q&A Detachment Engagement Motivation Devotion..To 
  [116/791] SKIP (exists): Basics for Meditation..To play the media you will 
  [117/791] SKIP (exists): Kamma Revisited..To play the media you will need t
  [118/791] SKIP (exists): Daily Life Reinforced..To play the media you will 
  [119/791] SKIP (exists): Refinement,Sublimation and the Eightfold Path..To 
  [120/791] SKIP (exists): No Inherent Being..To play the media you will need
  [121/791] SKIP (exists): Kamma and Free Will..To play the media you will ne
  [122/791] SKIP (exists): Comments on a Statement by Mae Chee Kaew..To play 
  [123/791] SKIP (exists): Reiki 10 06 2015..To play the media you will need 
  [124/791] SKIP (exists): Intro Talk to Bodycare.To play the media you will 
  [125/791] SKIP (exists): Dependent Origination and the Quality of Right Awa
  [126/791] SKIP (exists): Talk at the Re-opening of the Golden Buddha Centre
  [127/791] SKIP (exists): The Prognosis is Very Good..To play the media you 
  [128/791] SKIP (exists): Importance of Resolution plus.To play the media yo
  [129/791] SKIP (exists): Christmas Talk re the Path.To play the media you w
  [130/791] SKIP (exists): Right Relationship.To play the media you will need
  [131/791] SKIP (exists): How to critique the Dhamma and Buddha.To play the 
  [132/791] SKIP (exists): An Attempt to Understand the teaching of Not-Self.
  [133/791] SKIP (exists): Talk to the European Teachers Meeting How I came t
  [134/791] SKIP (exists): Happiness.To play the media you will need to eithe
  [135/791] SKIP (exists): The Body and the Discourse on How to Establish Rig
  [136/791] SKIP (exists): Q.&A session: Family Distractions : Selfish to Med
  [137/791] SKIP (exists): Mindfulness : Time.To play the media you will need
  [138/791] SKIP (exists): Monks : Daily Life : Not-Self.To play the media yo
  [139/791] SKIP (exists): Retreats : Attachment : Children and Suffering.To 
  [140/791] SKIP (exists): New Year Revision of Buddhadhamma Theory and Pract
  [141/791] SKIP (exists): Hope to Inspire.To play the media you will need to
  [142/791] SKIP (exists): Talk at Opening of centre in Ghent.To play the med
  [143/791] SKIP (exists): The Problem of Identity..To play the media you wil
  [144/791] SKIP (exists): The body as Meditative Object..To play the media y
  [145/791] SKIP (exists): 1. Starting a Retreat.To play the media you will n
  [146/791] SKIP (exists): The Principles and Problems of Vipassana.To play t
  [147/791] SKIP (exists): Not-Self Indulgence and all.To play the media you 
  [148/791] SKIP (exists): Impulsive or Spontaneous.To play the media you wil
  [149/791] SKIP (exists): The Body and the Three Characteristics.To play the
  [150/791] SKIP (exists): Why noting without stop.To play the media you will
  [151/791] SKIP (exists): Why we need a technique.To play the media you will
  [152/791] SKIP (exists): Subliminal Inclinations, Defilements and Hindrance
  [153/791] SKIP (exists): Questions and Answers A Dolly Mixture.To play the 
  [154/791] SKIP (exists): Importance of Metta 24 min.To play the media you w
  [155/791] SKIP (exists): The Kamma of Liberation.To play the media you will
  [156/791] SKIP (exists): The Karma Concerning Liberation.To play the media 
  [157/791] SKIP (exists): Dignity and the Qualities of a Ruler.To play the m
  [158/791] SKIP (exists): Practice in Ordinary Daily Life.To play the media 
  [159/791] SKIP (exists): Samatha-Vipassana.To play the media you will need 
  [160/791] SKIP (exists): Vipassana and or Therapy.To play the media you wil
  [161/791] SKIP (exists): Buddha Day Address with Refuges and Precepts.To pl
  [162/791] SKIP (exists): Daily Rythms; Fetters, Hindrances and Inclinations
  [163/791] SKIP (exists): Metta, Applied and Sustained Thought, Buddhamind.T
  [164/791] SKIP (exists): Equanimity - Foundation of all Virtue.To play the 
  [165/791] SKIP (exists): The Mahasi Method.To play the media you will need 
  [166/791] SKIP (exists): The Sufferings of the Pleasure Syndrome.To play th
  [167/791] SKIP (exists): There is no separation between vipassana and ordin
  [168/791] SKIP (exists): Q & A Rebirth Identification Emotions etc..To play
  [169/791] SKIP (exists): Why didn't the Buddha return to lay life.To play t
  [170/791] SKIP (exists): Revising the principles of vipassana.To play the m
  [171/791] SKIP (exists): Dukkha Unsatisfactoriness et al.To play the media 
  [172/791] SKIP (exists): Encouragement October 09.To play the media you wil
  [173/791] SKIP (exists): The practice and the pitfalls of metta, goodwill p
  [174/791] SKIP (exists): How Vipassana relates to Daily Life.To play the me
  [175/791] SKIP (exists): Samatha and - or Vipassana.To play the media you w
  [176/791] SKIP (exists): Metta: Developing Goodwill.To play the media you w
  [177/791] SKIP (exists): Karma, Dependent Origination, Virtue and Liberatio
  [178/791] SKIP (exists): Enthusiam and other questions.To play the media yo
  [179/791] SKIP (exists): Faith and the Spiritual Life.To play the media you
  [180/791] SKIP (exists): Revising the principles of vipassana.To play the m
  [181/791] SKIP (exists): The Buddha's Quest - A Public Talk.To play the med
  [182/791] SKIP (exists): The problem lies in the looking.To play the media 
  [183/791] SKIP (exists): There is no reason for being!.To play the media yo
  [184/791] SKIP (exists): Towards a whole life practice.To play the media yo
  [185/791] SKIP (exists): https://www.satipanya.org.uk/wp-content/uploads/20
  [186/791] SKIP (exists): https://www.satipanya.org.uk/wp-content/uploads/20
  [187/791] SKIP (exists): https://www.satipanya.org.uk/wp-content/uploads/20
  [188/791] SKIP (exists): https://www.satipanya.org.uk/wp-content/uploads/20
  [189/791] SKIP (exists): https://www.satipanya.org.uk/wp-content/uploads/20
  [190/791] SKIP (exists): https://www.satipanya.org.uk/wp-content/uploads/20
  [191/791] SKIP (exists): https://www.satipanya.org.uk/wp-content/uploads/20
  [192/791] SKIP (exists): https://www.satipanya.org.uk/wp-content/uploads/20
  [193/791] SKIP (exists): https://www.satipanya.org.uk/wp-content/uploads/20
  [194/791] SKIP (exists): https://www.satipanya.org.uk/wp-content/uploads/20
  [195/791] SKIP (exists): https://www.satipanya.org.uk/wp-content/uploads/20
  [196/791] SKIP (exists): https://www.satipanya.org.uk/wp-content/uploads/20
  [197/791] SKIP (exists): https://www.satipanya.org.uk/wp-content/uploads/20
  [198/791] SKIP (exists): https://www.satipanya.org.uk/wp-content/uploads/20
  [199/791] SKIP (exists): https://www.satipanya.org.uk/wp-content/uploads/20
  [200/791] SKIP (exists): https://www.satipanya.org.uk/wp-content/uploads/20
  [201/791] SKIP (exists): https://www.satipanya.org.uk/wp-content/uploads/20
  [202/791] SKIP (exists): https://www.satipanya.org.uk/wp-content/uploads/20
  [203/791] SKIP (exists): https://www.satipanya.org.uk/wp-content/uploads/20
  [204/791] SKIP (exists): https://www.satipanya.org.uk/wp-content/uploads/20
  [205/791] SKIP (exists): https://www.satipanya.org.uk/wp-content/uploads/20
  [206/791] SKIP (exists): https://www.satipanya.org.uk/wp-content/uploads/20
  [207/791] SKIP (exists): Refuges and Precepts with Metta
  [208/791] SKIP (exists): Video
  [209/791] SKIP (exists): Video
  [210/791] SKIP (exists): Video
  [211/791] SKIP (exists): Video
  [212/791] SKIP (exists): Video
  [213/791] SKIP (exists): Video
  [214/791] Muditā: Cultivating Sympathetic Joy...
    OK: 1942 words, 1 chunk(s)
  [215/791] The Five Remembrances: Contemplating Aging, Sickne...
    OK: 1664 words, 1 chunk(s)
  [216/791] SKIP (exists): 2022 Dec 11 To Love or To Be Loved. That is the qu
  [217/791] SKIP (exists): Love and Relationship.
  [218/791] SKIP (exists): Forgiveness is fundamental to purify the heart. Re
  [219/791] SKIP (exists): The introduction
  [220/791] SKIP (exists): Karaniya Metta Sutta
  [221/791] SKIP (exists): Video
  [222/791] SKIP (exists): We often hear about suffering and the end of suffe
  [223/791] SKIP (exists): 2024 Jan. 21 The importance of Tranquillity Passad
  [224/791] SKIP (exists): Patient Forebearance
  [225/791] SKIP (exists): Equanimity
  [226/791] SKIP (exists): Sympathy, Empathy and Compassion
  [227/791] SKIP (exists): 2023 June 11 Fear and Courage.
  [228/791] SKIP (exists): Apologies! I tried to cover too much ground. Howev
  [229/791] SKIP (exists): 2023 Oct 01 'Good Friendship, Companionship, Good 
  [230/791] SKIP (exists): 2021 Gratitude, Generosity and Renunciation
  [231/791] SKIP (exists): 2022 Jul 17 Need, Sufficiency and Greed -
  [232/791] SKIP (exists): 2025 Apr 06 Renunciation.
  [233/791] SKIP (exists): Video
  [234/791] SKIP (exists): Video
  [235/791] SKIP (exists): The Buddha and War
  [236/791] SKIP (exists): 2025 May 04 The Buddha as a Teacher.
  [237/791] SKIP (exists): 2025 June 08 What was the Buddha's great disovery?
  [238/791] SKIP (exists): Video
  [239/791] SKIP (exists): Video
  [240/791] SKIP (exists): 2024 April.24 Contemplating the Unpleasantness of 
  [241/791] SKIP (exists): 2024 June 23 The Unattractive Nature of the Body
  [242/791] SKIP (exists): I own my actions. I inherit the results of my acti
  [243/791] SKIP (exists): Karma and Rebirth
  [244/791] SKIP (exists): 2023 Nov 26 The Five Regular Contemplations.
  [245/791] SKIP (exists): 2022 Nov 06 The Contemplation of Death.
  [246/791] SKIP (exists): The Eight Worldly Winds
  [247/791] SKIP (exists): The Paradox of Fear
  [248/791] SKIP (exists): 2025 Jan 12 Dukkha - the Buddha grounds his teachi
  [249/791] SKIP (exists): 2024 Feb. 25 The crucial role of Desire and Intent
  [250/791] SKIP (exists): 2024 July 14 The Four Great Elements
  [251/791] SKIP (exists): 2024 August 18 The Specific Law of Conditionality
  [252/791] SKIP (exists): 2024 September 15 The Dangers of Indulgence
  [253/791] SKIP (exists): 2023 Jan. 08 The Four Bases of Power :
  [254/791] SKIP (exists): Video
  [255/791] SKIP (exists): 2023 Oct 29 The Spiral Path
  [256/791] SKIP (exists): 2021 Four Noble Truths
  [257/791] SKIP (exists): Dukkha (Unsatisfactoriness and Sila (Morality and 
  [258/791] SKIP (exists): Dependent Origination, the Role of desire and the 
  [259/791] SKIP (exists): 2022 Oct 09 Identity and Not-Self.
  [260/791] SKIP (exists): Video
  [261/791] SKIP (exists): Right Livelihood
  [262/791] SKIP (exists): 2022 Sep 11 Rest for Autumn.
  [263/791] SKIP (exists): Bahiya of the Bark Cloth
  [264/791] SKIP (exists): 2023 March 05
  [265/791] SKIP (exists): ,
  [266/791] SKIP (exists): 2022 Aug 14 Climate Emergency and the Role of the 
  [267/791] SKIP (exists): Non-Violence v. Pacifism
  [268/791] SKIP (exists): 2022 Apr 17 Noliberalism and Mindfulness
  [269/791] SKIP (exists): 2022 Jun 19 Social Conditionng or Karma - Our soci
  [270/791] SKIP (exists): Buddha Day Address : His Training : The Fetters
  [271/791] SKIP (exists): ood Friendhship, Good Companionship, Good Comrades
  [272/791] SKIP (exists): Dependent Origination Revisited
  [273/791] SKIP (exists): Karma- Specific, Conditionality the Five Laws, eth
  [274/791] SKIP (exists): No more ideologies!
  [275/791] SKIP (exists): The Mahasi Technique and What We Need to Understan
  [276/791] SKIP (exists): Dependent Orignation and how all other importnant 
  [277/791] SKIP (exists): The Axial Age and the Momentous Discovery of the B
  [278/791] SKIP (exists): Dependent Orgination is based on Not-Knowing and I
  [279/791] SKIP (exists): Khanda, the Agregates, as Person and Sati, Awarene
  [280/791] SKIP (exists): Misunderstanding re. the Self, Karma and transcend
  [281/791] SKIP (exists): Q&A Kamma / FreeWill , Metta/attachment, Momentary
  [282/791] SKIP (exists): Q&A Emotions: Awareness/Delusion:Insight : Masculi
  [283/791] SKIP (exists): Angulimala A Monologue 00.54.49 21.9 MB
  [284/791] SKIP (exists): Talk read by Therese Caherty
  [285/791] SKIP (exists): Vipassana Instructions
  [286/791] SKIP (exists): The First Noble truth - Impermanence and Unsatisfa
  [287/791] SKIP (exists): The First noble truth - Not-Self and Unsatisfactor
  [288/791] SKIP (exists): The Second Noble Truth - The Cause of Unsatisfacto
  [289/791] SKIP (exists): The Third Noble Truth - The End of Unsatisfactorin
  [290/791] SKIP (exists): The Fourth Noble Truth - The Path Leading to the E
  [291/791] SKIP (exists): Introduction to the Mahasi Meditation Practice - r
  [292/791] SKIP (exists): Hindrances and Factors of Enlightenment - read by 
  [293/791] SKIP (exists): 1st, 2nd & 3rd Noble Truths: Dukkha, its Cause & C
  [294/791] SKIP (exists): 4th Noble Truth: Eightfold Path in Daily Life - re
  [295/791] SKIP (exists): The Hindrances - read by Finola O'Siochru
  [296/791] SKIP (exists): The Factors of Enlightenment - read by Finola O'Si
  [297/791] SKIP (exists): First Noble Truth: There is Dukkha - read by Finol
  [298/791] SKIP (exists): Second and Third Nobe Truths: Cause and Cessation 
  [299/791] SKIP (exists): Fourth Noble Truth: The Path to the End of Dukkha 
  [300/791] SKIP (exists): Foundations for Mindfulness (Satipatthana Sutta) -
  [301/791] SKIP (exists): Attachment: The Five Khanda - read by Finola O'Sio
  [302/791] SKIP (exists): Divine Abiding: a. Equanimity - read by Biddy O'Co
  [303/791] SKIP (exists): Divine Abiding: b. Goodwill, Metta - read by Biddy
  [304/791] SKIP (exists): Divine Abiding, c. Compassion - read by Biddy O'Co
  [305/791] SKIP (exists): Divine Abiding, d. Appreciative Joy, Mudita - read
  [306/791] SKIP (exists): Sense Contact - The Six Sense Spheres - read by Fi
  [307/791] SKIP (exists): Spiritual Faculties - read by Finola O'Siochru
  [308/791] SKIP (exists): Mindfulness of Breathing - read by Finola O'Siochr
  [309/791] SKIP (exists): Destruction of Craving a. Tracing back to the orig
  [310/791] SKIP (exists): Destruction of Craving b. Examining each link in t
  [311/791] SKIP (exists): Two Kinds of Thought - read by Finola O'Siochru
  [312/791] SKIP (exists): Removal of Distracting Thoughts - read by Finola O
  [313/791] SKIP (exists): In the Seeing, only the seeing ... (Bahiya Sutta) 
  [314/791] SKIP (exists): Greed, Hatred and Delusion as Foundations for Mind
  [315/791] SKIP (exists): Exalted, Unexalted and other Mindstates as Foundat
  [316/791] SKIP (exists): Building a Raft to Cross the Floods of Sensuality 
  [317/791] SKIP (exists): Building a Raft to Cross the Floods of Becoming an
  [318/791] SKIP (exists): Beset by Perceptions (Honeyball Sutta)
  [319/791] SKIP (exists): The Buddha's Death (Parinibbana Sutta)
  [320/791] SKIP (exists): Méditation Guidée: Debout et Assise
  [321/791] SKIP (exists): Meditation Guidee Detaillee
  [322/791] SKIP (exists): Méditation Guidée Debout et Assise
  [323/791] SKIP (exists): Trois compréhensions nécessaires
  [324/791] SKIP (exists): Méditation Debout
  [325/791] SKIP (exists): Méditation Assise
  [326/791] SKIP (exists): La conscience juste, les obstacles comme chemin ve
  [327/791] SKIP (exists): How we use the self and what does it mean for not-
  [328/791] SKIP (exists): The Hindrances
  [329/791] SKIP (exists): Non-soi
  [330/791] SKIP (exists): La Libre Volunté
  [331/791] SKIP (exists): Le Dhamma dans la vie quotidienne ordinaire.
  [332/791] SKIP (exists): Scientisme Romatisme Bouddhisme
  [333/791] SKIP (no transcript): Is the Buddha a materialist?
  [334/791] SKIP (no transcript): z0000002
  [335/791] SKIP (exists): Une tentative de comprendre le non-soi.
  [336/791] SKIP (exists): Retour à l'essentiel.
  [337/791] SKIP (exists): Bonheur
  [338/791] SKIP (exists): L'Esprit Concevoir et les Empêches
  [339/791] SKIP (no transcript): Dependent Origination et Kamma
  [340/791] SKIP (exists): Metta Bhavana Bienveillance (15 min)(Lausanne Oct 
  [341/791] SKIP (exists): Nous causons de la souffrance pour nous meme.(Laus
  [342/791] SKIP (exists): Le Kamma de la Liberation(Lausanne Oct 2010)
  [343/791] SKIP (exists): Les Bases de Vipassana.
  [344/791] SKIP (exists): Progres et d'autres sujets.
  [345/791] SKIP (exists): Questions and des Questions Plus.
  [346/791] SKIP (exists): Dependant Origination (Belgium Jan 2006)
  [347/791] SKIP (exists): The Purpose of Meditation (Belgium Jan 2006)
  [348/791] SKIP (exists): Why the Present Moment is So Important (Geneva May
  [349/791] SKIP (exists): Q&A Concerning States of Mind - Sankhara (Geneva M
  [350/791] SKIP (exists): Concerning Buddhist Psychology (Geneva May 2006)
  [351/791] SKIP (exists): Concerning Metta and Other Questions (Geneva May 2
  [352/791] SKIP (exists): Le Methode de Mahasi Vipassana (Lausanne Oct 2009)
  [353/791] SKIP (exists): Les Empeches de Vipassana (Lausanne Oct 2009)
  [354/791] SKIP (exists): Les Facteurs de Liberation (Lausanne Oct 2009)
  [355/791] SKIP (exists): Psychologie de Buddha (Lausanne Oct 2009)
  [356/791] SKIP (exists): Entering the Course
  [357/791] SKIP (exists): The Mahasi Method
  [358/791] SKIP (exists): The Joyful Aspects of Meditation
  [359/791] SKIP (exists): The Wheel of Dependent Origination
  [360/791] SKIP (exists): The Perfections
  [361/791] SKIP (exists): Karma
  [362/791] SKIP (exists): Evening Metta Chant and Instructions
  [363/791] SKIP (exists): Morning Chant
  [364/791] SKIP (exists): Meditazione in Piedi e Seduta
  [365/791] SKIP (exists): Meditazione guidata dettagliata :sometimes use 'sa
  [366/791] SKIP (exists): Mahasi Instructions and Metta Chant
  [367/791] SKIP (exists): The Hindrances
  [368/791] SKIP (exists): Factors of Enlightenment
  [369/791] SKIP (exists): Dependent Origination
  [370/791] SKIP (exists): Kamma
  [371/791] SKIP (exists): Metta Guidata
  [372/791] SKIP (exists): c. corpo med guidata
  [373/791] SKIP (exists): Intro. Guarig. corpo med guidata
  [374/791] SKIP (exists): Basics for Insight Meditation 01
  [375/791] SKIP (exists): 70th Birthday Bhante Bodhidhamma's Life story
  [376/791] SKIP (exists): Talk Starting Inaugural Lockdown Evening Meditatio
  [377/791] SKIP (exists): 02 First Three Noble Truths
  [378/791] SKIP (exists): 01 MN9 Discourse on Right View  Wholesome and Unwh
  [379/791] SKIP (exists): Evening Lockdown Meditation
  [380/791] SKIP (exists): 03 Coronavirus and the Contemplation of Death
  [381/791] SKIP (exists): 04 Contemplation of Death : Living more awake
  [382/791] SKIP (exists): 05 Contemplation of Death again!
  [383/791] SKIP (exists): 06 Renunciation and Buddha's First Occasion to Tea
  [384/791] SKIP (exists): 07 Setting the Wheel of the Dhamma in Motion
  [385/791] SKIP (exists): 08 Mindfulness at work And Right View Right Attitu
  [386/791] SKIP (exists): 09 Right Speech, Action and Livelihood
  [387/791] SKIP (exists): 10 Grief
  [388/791] SKIP (exists): 11 The Nutriments: Food, Contact, Volition and Con
  [389/791] SKIP (exists): 12 The Investigation of Eating
  [390/791] SKIP (exists): 13 Discourse on the Taints MN 2 : Overcome by seei
  [391/791] SKIP (exists): 14 Not-self Revisited The story of Sati MN38
  [392/791] SKIP (exists): 16. Investigating Not-self - The Pratice
  [393/791] SKIP (exists): 17 Questions  See Description
  [394/791] SKIP (exists): 18 Overcoming the Taints by Restraint
  [395/791] SKIP (exists): 19 Overcoming the Taints by Using
  [396/791] SKIP (exists): 20 Overcoming the Taints by Endurance
  [397/791] SKIP (exists): 21a Overcoming the Taints by Removing 1
  [398/791] SKIP (exists): 21b Overcoming the Taints by Removing 2
  [399/791] SKIP (exists): 22 Overcoming the Taints by Developing
  [400/791] SKIP (exists): 23 The Ten Fetters
  [401/791] SKIP (exists): 24 Society
  [402/791] SKIP (exists): 25 Reflections for an Harmonious Society
  [403/791] SKIP (exists): 26 More Reflections
  [404/791] SKIP (exists): 27 What makes a Society Strong?
  [405/791] SKIP (exists): 28 The Six Sense Bases MN137
  [406/791] SKIP (exists): 29 Senses Bases Cont.
  [407/791] SKIP (exists): Metta, Forgiveness and Determination Practice
  [408/791] SKIP (exists): 01 Reiki with Bryan Lester
  [409/791] SKIP (exists): Some Pointers for Metta
  [410/791] SKIP (exists): Bodycare Practice - Metta towards the Body.
  [411/791] SKIP (exists): 02 Reiki with Bryan
  [412/791] SKIP (exists): Body as Meditation Object
  [413/791] SKIP (exists): The Basics of Insight Meditation 03
  [414/791] SKIP (exists): 03 Reiki with Bryan
  [415/791] SKIP (exists): 33 Kalama Sutta AN 3.65
  [416/791] SKIP (exists): 35 Canki Sutta MN95
  [417/791] SKIP (exists): 34 Kalama Discourse cont.
  [418/791] SKIP (exists): 36 Canki Sutta cont.
  [419/791] SKIP (exists): 37 Shorter Discourse on Gosinga
  [420/791] SKIP (exists): Gaia Standing and Sitting Guided Meditation
  [421/791] SKIP (exists): 38 Discourse on the Establishment of Awareness Sat
  [422/791] SKIP (exists): 31b The Body
  [423/791] SKIP (exists): 39 Discourse on the Establishment of Awareness Sat
  [424/791] SKIP (exists): 40 Discourse on the Establishment of Awareness Sat
  [425/791] SKIP (exists): 41 Discourse on the Establishment of Awareness Sat
  [426/791] SKIP (exists): 42 Discourse on the Establishment of Awareness Sat
  [427/791] SKIP (exists): 43 Discourse on the Establishment of Awareness Sat
  [428/791] SKIP (exists): 44 The Relay of Chariots MN24
  [429/791] SKIP (exists): 45 The Relay of Chariots MN24
  [430/791] SKIP (exists): 50 Dog Ascetic Discourse MN57
  [431/791] SKIP (exists): Gratitude Generosity Renunciation
  [432/791] SKIP (exists): Spanish Introduction - Refuges and Precepts, Stand
  [433/791] SKIP (exists): Saddha Confidence and Trust
  [434/791] SKIP (exists): Dhp 188 - 192 The Role of Confidence.
  [435/791] SKIP (exists): Dhp 153   154 The Buddha's Victory Verses
  [436/791] SKIP (exists): Dhp 4 Hatred is not overcome with hatred!
  [437/791] SKIP (exists): Dhp 21 - 23
  [438/791] SKIP (exists): Dhp Chapter 3 - verses 33 & 34 The Unruly Mind
  [439/791] SKIP (exists): Dhp 01 02  Mind is the forerunner
  [440/791] SKIP (exists): Dhp No4 Hatred is not pacified by hatred
  [441/791] SKIP (exists): Dhp 256 157  Judgmental v Judicious
  [442/791] SKIP (exists): Dhp 46 How to view the Body
  [443/791] SKIP (exists): The Four Noble Truths
  [444/791] SKIP (exists): The NIne Qualities of the Buddha
  [445/791] SKIP (exists): Dhp 360 362 Restraint
  [446/791] SKIP (exists): Dhp 90 The Arahant
  [447/791] SKIP (exists): Vita Quotidiana
  [448/791] SKIP (exists): Dukkha Unsatifactoriness and Sila Morality and Eth
  [449/791] SKIP (exists): Dependent Origination and the Role of Desire and t
  [450/791] SKIP (exists): Kamma and Rebirth
  [451/791] SKIP (exists): Gratitude Generosity and Renunciation
  [452/791] SKIP (exists): Facets of a Love
  [453/791] SKIP (exists): Apamado DHP 22 23 24
  [454/791] SKIP (exists): Ageing
  [455/791] SKIP (exists): Dhp 152 153 The Inner Critic
  [456/791] SKIP (exists): Sympathy Empathy and Compassion
  [457/791] SKIP (exists): DHP 314-317 From the Chapter on Hell
  [458/791] SKIP (exists): Non-Violence is not Pacificism
  [459/791] SKIP (exists): Neoliberalism and Mindfulness
  [460/791] SKIP (exists): The Buddha and War.
  [461/791] SKIP (exists): Need Sufficiency and Greed
  [462/791] SKIP (exists): Social Conditioning or Karma
  [463/791] SKIP (exists): Climate Emergency
  [464/791] SKIP (exists): Reset for Autumn
  [465/791] SKIP (exists): Identity and Not-Self
  [466/791] SKIP (exists): The Contemplation of Death
  [467/791] SKIP (exists): To Love or To Be Loved. That is the question.
  [468/791] SKIP (exists): The Bases of Success
  [469/791] SKIP (exists): Bahiya of the Bark Cloth
  [470/791] SKIP (exists): The Discourse on Bahiya of the Bark Cloth Ud.1.10
  [471/791] SKIP (exists): Joy
  [472/791] SKIP (exists): Is the Buddha and athiest?
  [473/791] SKIP (exists): Fear and Courage
  [474/791] SKIP (exists): Patience
  [475/791] SKIP (exists): Equanimity - The most important of all virtues.
  [476/791] SKIP (exists): Compassion and its subtle enemies.
  [477/791] SKIP (exists): Good Friendship, Good Companionship, Good Comradsh
  [478/791] SKIP (exists): The Five Constant Contemplations
  [479/791] SKIP (exists): Retreat Start Standing and Walking Meditation
  [480/791] SKIP (exists): The Discourse Developing Loving Kindness
  [481/791] SKIP (exists): The Importance of Tranquillity
  [482/791] SKIP (exists): The Crucial Importance of Desire and Intention.
  [483/791] SKIP (exists): Satipanya Opening Ceremony 30th June 2007
  [484/791] SKIP (exists): Ceremony to Bless the Stupa   June 26th 2011   Pt 
  [485/791] SKIP (exists): Ceremony to Bless the Stupa   June 26th 2011   Pt 
  [486/791] SKIP (exists): Ceremony to Bless the Stupa   June 26th 2011   Pt 
  [487/791] SKIP (exists): 15. The Discourse on Not-self SN22.6.59
  [488/791] SKIP (exists): Upali is converted by the Buddha MN56
  [489/791] SKIP (exists): Contemplating the Unpleasantness of the Body: Why 
  [490/791] SKIP (exists): The Buddha's Alter Ego
  [491/791] SKIP (exists): The Unattractive Nature of the Body
  [492/791] SKIP (exists): The Four Great Elements
  [493/791] SKIP (exists): The Specific Law of Conditionality
  [494/791] SKIP (exists): The Dangers of Indulgence
  [495/791] SKIP (exists): Reflections and Contemplative Practice of Kamma
  [496/791] SKIP (exists): Forgiveness
  [497/791] SKIP (exists): The Basics of Insight Meditation 02
  [498/791] SKIP (exists): Dukkha - Basic Premise of the Buddhadhamma
  [499/791] SKIP (exists): Non-Violence is not Pacifism
  [500/791] SKIP (exists): The Eight Worldly Conditions
  [501/791] SKIP (exists): The Paradox of Fear
  [502/791] SKIP (exists): Renunciation : The Path to Liberation
  [503/791] SKIP (exists): The Buddha as a Teacher The Discourse on Malunkyap
  [504/791] SKIP (exists): What was the Great Discovery by the Buddha
  [505/791] SKIP (exists): Where do the elements cease without remainder?
  [506/791] SKIP (exists): Extinguishing the Housebuilder
  [507/791] SKIP (exists): Hope Aspiration Expectation
  [508/791] SKIP (exists): Topics of Discussion
  [509/791] SKIP (exists): Practising the Five Remembrances
  [510/791] SKIP (exists): Revsing the Basics
  [511/791] SKIP (exists): The Necessity of Joy
  [512/791] SKIP (exists): Polarisation
  [513/791] SKIP (exists): Dullness and Lethargy
  [514/791] SKIP (exists): Adhitthana Determination
  [515/791] SKIP (exists): The Four Clingings
  [516/791] The Buddha's Use of Similes...
    OK: 2718 words, 1 chunk(s)
  [517/791] Restraint (Saṃvara)...
    OK: 2179 words, 1 chunk(s)
  [518/791] SKIP (exists): Refuges  and Precepts
  [519/791] SKIP (exists): Puja: Chantings
  [520/791] SKIP (exists): Recommended Reading for Beginners
  [521/791] SKIP (exists): in PDF format
  [522/791] SKIP (no transcript): in MS Word format
  [523/791] SKIP (exists): Neoliberalism and BuddhaDhamma
  [524/791] SKIP (exists): Investigative Eating
  [525/791] SKIP (exists): Reflections on the Teaching and Practice of Not-se
  [526/791] SKIP (exists): Vipassana as taught by the Mahasi Sayadaw of Burma
  [527/791] SKIP (exists): Is Armed Intervention Ever Justified?
  [528/791] SKIP (exists): Free will: is it available or useful?
  [529/791] SKIP (exists): Could I be a fundamentalist, even a terrorist?
  [530/791] SKIP (exists): Perfection, Elitism and Excellence
  [531/791] SKIP (exists): What benefit is there in becoming a temporary mona
  [532/791] SKIP (exists): The ‘Unlucky’ Death of a Two Year Old Boy
  [533/791] SKIP (exists): Expectation, Aspiration and Hope
  [534/791] SKIP (exists): Assisted Suicide (PDF document)
  [535/791] SKIP (exists): Vipassana, Therapy and Medicinal Drugs (PDF docume
  [536/791] SKIP (exists): Conditionality and Kamma(PDF document)
  [537/791] SKIP (exists): Affectionate Awareness.
  [538/791] SKIP (exists): Climate Crisis A Personal Reflection
  [539/791] SKIP (exists): The First Noble Truth of Suffering -- Dukkha
  [540/791] SKIP (exists): The First Noble Truth of Suffering -- The Five Agg
  [541/791] SKIP (exists): The First Noble Truth of Suffering -- The Three Ch
  [542/791] SKIP (exists): The Second Noble Truth -- Desire
  [543/791] SKIP (exists): The Second Noble Truth -- The Wheel of Dependent O
  [544/791] SKIP (exists): The Second Noble Truth -- Kamma Vipaka
  [545/791] SKIP (exists): The Fourth Noble Truth -- Morality
  [546/791] SKIP (exists): The Fourth Noble Truth -- Perfections
  [547/791] SKIP (exists): The Fourth Noble Truth -- Right Understanding
  [548/791] SKIP (exists): The Fourth Noble Truth -- Mental Development
  [549/791] SKIP (exists): Meditation in Ordinary Daily Life
  [550/791] SKIP (exists): Meditation in Ordinary Daily Life
  [551/791] SKIP (exists): Buddha Day Evening with Italy
  [552/791] SKIP (exists): Text,
  [553/791] SKIP (exists): Satipanya Porridge
  [554/791] SKIP (exists): The "Ouch" that hurt.
  [555/791] SKIP (exists): Coming down to earth
  [556/791] SKIP (exists): Extending the limits of good-will
  [557/791] SKIP (exists): Metta for a Cold Heart
  [558/791] SKIP (exists): The Fourth Noble Truth
  [559/791] SKIP (exists): Struggling with Anatta
  [560/791] SKIP (exists): Temporary Ordination
  [561/791] SKIP (exists): Retreating and Re-engaging
  [562/791] SKIP (exists): Homeward Bound
  [563/791] SKIP (exists): All in the Mind
  [564/791] SKIP (exists): Summer meadows
  [565/791] SKIP (exists): As Winter Approaches
  [566/791] SKIP (exists): 2020 Lockdown Christmas
  [567/791] SKIP (exists): Exiting Lockdown
  [568/791] SKIP (exists): Mindfulness meets metta
  [569/791] SKIP (exists): Everyday Mindfulness
  [570/791] SKIP (exists): Healing the Mind-Body Relationship
  [571/791] SKIP (exists): Nibanna is Close at Hand!
  [572/791] SKIP (exists): Greeting the Devadutta
  [573/791] SKIP (exists): Laryngectomy
  [574/791] SKIP (exists): Stumbling towards Gratitude
  [575/791] SKIP (exists): Mid-winter Darkness
  [576/791] SKIP (exists): Teaching with an Electro-larynx: The Oval Age-Old 
  [577/791] SKIP (exists): a paper describing six ethical maxims
  [578/791] SKIP (exists): Full Catastrophe Ethics
  [579/791] SKIP (exists): First Maxim: Work Hard to Grasp the Imensity
  [580/791] SKIP (exists): Second Maxim: Cultivate Radical Hope
  [581/791] SKIP (exists): Third Maxim: Draw a line in the Sand - b. Working 
  [582/791] SKIP (exists): Fourth Maxim: Appreciate the Amazing and Unique Up
  [583/791] SKIP (exists): Fifth Maxim: Train the Mind and Body
  [584/791] SKIP (exists): At the end of the day (1)
  [585/791] SKIP (exists): At the end of the day. (2)
  [586/791] SKIP (exists): At the end of the day.
  [587/791] SKIP (exists): Upon Awakening.
  [588/791] SKIP (exists): Morning Meditation (One of Four) : Ritual
  [589/791] SKIP (exists): Morning Meditation : Default Position: Abiding in 
  [590/791] SKIP (exists): Morning Meditation : Vipassana – 1. Developing a s
  [591/791] SKIP (exists): Morning Meditation : Vipassana 2. – Developing Ins
  [592/791] SKIP (exists): Morning Meditation : Metta : Developing Goodwill –
  [593/791] SKIP (exists): Discourse on Metta
  [594/791] SKIP (exists): Morning Meditation: Developing Goodwill and Forgiv
  [595/791] SKIP (exists): Morning Meditation : Resolution
  [596/791] SKIP (exists): Developing the Perfection of Determination
  [597/791] SKIP (exists): Breakfast at last!
  [598/791] SKIP (exists): Traveling to and from work.
  [599/791] SKIP (exists): Back Home
  [600/791] SKIP (exists): Relations, Friends, Acquaintances and Spiritual Co
  [601/791] SKIP (exists): Contemplating Relations, Friends, Acquaintances an
  [602/791] SKIP (exists): Intimate Relationships: The Erotic, the Romantic a
  [603/791] SKIP (exists): Celibacy
  [604/791] SKIP (exists): When does love become control?
  [605/791] SKIP (exists): Work
  [606/791] SKIP (exists): Success and Failure : Trial and Error
  [607/791] SKIP (exists): Creating Space (1)
  [608/791] SKIP (exists): Creating Space (2)
  [609/791] SKIP (exists): Creating Space (3)
  [610/791] SKIP (exists): The Limits of Power and Mission Creep
  [611/791] SKIP (exists): Not an Emotion
  [612/791] SKIP (exists): Relationships
  [613/791] SKIP (exists): Being Good rather than Being Good At
  [614/791] SKIP (exists): What’s wrong with a bit of attachment!
  [615/791] SKIP (exists): Sacrifice : the more we give, the greater the retu
  [616/791] SKIP (exists): Not what we believe, but how we live.
  [617/791] SKIP (exists): Towards the Greatest Happiness.
  [618/791] SKIP (exists): New Year Resolution
  [619/791] SKIP (exists): Neighbourly ‘Sounds’
  [620/791] SKIP (exists): Sickness
  [621/791] SKIP (exists): The Tough Nut
  [622/791] SKIP (exists): Impulsive or Spontaneous.
  [623/791] SKIP (exists): Joy!
  [624/791] SKIP (exists): Thankyou
  [625/791] SKIP (exists): Need, Sufficiency and Greed.
  [626/791] SKIP (exists): What values govern our lives?
  [627/791] SKIP (exists): Values in mine own eyes.
  [628/791] SKIP (exists): Living in the Now : Planning for the Future
  [629/791] SKIP (exists): Music
  [630/791] SKIP (exists): Time
  [631/791] SKIP (exists): Our Daily Breaks.
  [632/791] SKIP (exists): On the Virtue of Visiting a Cemetery
  [633/791] SKIP (exists): Pity, Sorrow and Compassion
  [634/791] SKIP (exists): Why are we asked to observe - impermanence.
  [635/791] SKIP (exists): Sublimation
  [636/791] SKIP (exists): Righteous Anger : Plain Anger
  [637/791] SKIP (exists): A Pet’s Endgame
  [638/791] SKIP (exists): Downers.
  [639/791] SKIP (exists): Discipline : Self-discipline
  [640/791] SKIP (exists): Fairness and Equality
  [641/791] SKIP (exists): Unforgivingness
  [642/791] SKIP (exists): My body is Mother Earth
  [643/791] SKIP (exists): Dealing with Intense Emotions and Moods in Ordinar
  [644/791] SKIP (exists): How much pain, physical or mental should we suffer
  [645/791] SKIP (exists): Judging or Judgemental?
  [646/791] SKIP (exists): The absurd and the Sublime : A Mid-summer Contempl
  [647/791] SKIP (exists): If there is no self, who bears the karma?
  [648/791] SKIP (exists): Overwhelmed by All the Violence in the World?
  [649/791] SKIP (exists): Legal : Moral : Ethical
  [650/791] SKIP (exists): The Consumer in Us All.
  [651/791] SKIP (exists): Barriers or Boundaries
  [652/791] SKIP (exists): Isolation, Loneliness and Solitude
  [653/791] SKIP (exists): Envy, Jealousy and Appreciative Joy
  [654/791] SKIP (exists): Unwholesome Karmic Results as Fate.
  [655/791] SKIP (exists): Ideology leads to strife.
  [656/791] SKIP (exists): The Sacred: It’s Meaning and the Role of Free Spee
  [657/791] SKIP (exists): Awareness, Compassion and Wisdom
  [658/791] SKIP (exists): To become or not to become.
  [659/791] SKIP (exists): Appamāda : Diligent
  [660/791] SKIP (exists): Aim and Objective in Present Time
  [661/791] SKIP (exists): Money and Power
  [662/791] SKIP (exists): Passive Aggression
  [663/791] SKIP (exists): In what way should Buddhadhamma affect our politic
  [664/791] SKIP (exists): Practice makes perfect.*
  [665/791] SKIP (exists): Right Speech
  [666/791] SKIP (exists): Equanimity
  [667/791] SKIP (exists): Shame
  [668/791] SKIP (exists): Guilt
  [669/791] SKIP (exists): Gratitude Generosity Renunciation
  [670/791] SKIP (exists): Excitement Boredom Contentment
  [671/791] SKIP (exists): Silence
  [672/791] SKIP (exists): Courage, Fortitude and Resilience
  [673/791] SKIP (exists): One of the Hindrances is Sceptical Doubt.
  [674/791] SKIP (exists): Scientism meets Buddhism (Buddhadhamma?)
  [675/791] SKIP (exists): What is our basic disposition to life?
  [676/791] SKIP (exists): Fear!
  [677/791] SKIP (exists): Beauty.
  [678/791] SKIP (exists): The Wisdom of Uncertainty
  [679/791] SKIP (exists): Patience
  [680/791] SKIP (exists): Overcoming the Corruptions of Generosity
  [681/791] SKIP (exists): The World is in a terrible state.
  [682/791] SKIP (exists): The Treasure of Things
  [683/791] SKIP (exists): Equanimity Carl
  [684/791] SKIP (exists): The years where do they go. New Year Encouragement
  [685/791] SKIP (exists): Understand and See things as they really are
  [686/791] SKIP (exists): Constant Curiosity Carl
  [687/791] SKIP (exists): Kamma Noirin
  [688/791] SKIP (exists): Progress
  [689/791] SKIP (exists): Who Decides? Carl
  [690/791] SKIP (exists): Delusion, caring for illusion.
  [691/791] SKIP (exists): The world is not in a good place.
  [692/791] SKIP (exists): Happy New Year
  [693/791] SKIP (exists): Sickness
  [694/791] SKIP (exists): Yearning for a Better World
  [695/791] SKIP (exists): Balancing Lay and Spiritual Life
  [696/791] SKIP (exists): Wildflower Wisdom
  [697/791] SKIP (exists): Dealing with the Stories that Make Us Suffer
  [698/791] SKIP (exists): The Wisdom and Virtues of Insecurity
  [699/791] SKIP (exists): As Winter Approaches
  [700/791] SKIP (exists): Guidelines For a New Year's Resolution
  [701/791] SKIP (exists): Coronavirus : Messenger from the Gods
  [702/791] SKIP (exists): Quench all Resentments.
  [703/791] SKIP (exists): Exiting Lockdown
  [704/791] SKIP (exists): Committing to the Path
  [705/791] SKIP (exists): Beauty
  [706/791] SKIP (exists): Motivation for Practice
  [707/791] SKIP (exists): All in the Mind
  [708/791] SKIP (exists): Perfection, Elitism and Excellence.
  [709/791] SKIP (exists): Material World
  [710/791] SKIP (exists): Inner Voices
  [711/791] SKIP (exists): Full Catastrophe Ethics
  [712/791] SKIP (exists): On Learning how to be with Climate and Social Brea
  [713/791] SKIP (exists): Living in the here and now. Bhante Bodhidhamma
  [714/791] SKIP (exists): Being Human Bhante Bodhidhamma
  [715/791] SKIP (exists): Sympathy Empathy Compassion Bhante Bodhidhamma
  [716/791] SKIP (exists): Non-Violence is not Pacificism Bhante Bodhidhamma
  [717/791] SKIP (exists): Neoliberalism and Buddhadhamma Bhante Bodhidhamma
  [718/791] SKIP (exists): Dullness and Lethargy: Our Two Very Good Friends C
  [719/791] SKIP (exists): Preparing for Climate Change - First Ethical Maxim
  [720/791] SKIP (exists): Red Lines, Sila - Third Ethical Maxim Noirin Sheah
  [721/791] SKIP (exists): Radical Hope, Saddha - Second Ethical Maxim Noirin
  [722/791] SKIP (exists): New Year Resolutions and the Third Maxim  Noirin S
  [723/791] SKIP (exists): 4th Maxim (i) : Opportunity Knocks  Noirin Sheahan
  [724/791] SKIP (exists): 4th Maxim (ii) : Spiral to Freedom  Noirin Sheahan
  [725/791] SKIP (exists): Fourth Maxim (iii) : Path to Transcendence  Noirin
  [726/791] SKIP (exists): Equanimity : The Most Important Virtue Bhante Bodh
  [727/791] SKIP (exists): The Danger of Nihilism  Bhante Bodhidhamma
  [728/791] SKIP (exists): Neo-Fascism  Bhante Bodhidhamma
  [729/791] SKIP (exists): The Gift of Joy Mudita Bhante Bodhidhamma
  [730/791] SKIP (exists): ‘We just follow circumstance.’  Bhante Bodhidhamma
  [731/791] SKIP (exists): To Love or To Be Loved. That is the Question.  Bha
  [732/791] SKIP (exists): Samsara : doomed to suffer over and over again? Bh
  [733/791] SKIP (exists): Compassion : To Care  Bhante Bodhidhamma
  [734/791] SKIP (exists): Compassion : A Path of Liberation  Bhante Bodhidha
  [735/791] SKIP (exists): Fifth Maxim: Develop the Body and Mind  Noirin She
  [736/791] SKIP (exists): The Buddha’s Alter Ego : The World Conquering Mona
  [737/791] SKIP (exists): There is a Body: Exploring the Mind-Body Relations
  [738/791] SKIP (exists): Self-love and Self-Acceptance  Bhante Bodhidhamma
  [739/791] SKIP (exists): The Crucial Role of Desire and Intention.  Bhante 
  [740/791] SKIP (exists): Mindfulness meets Metta Noirin Sheahan
  [741/791] SKIP (exists): Surely meditation shouldn't feel like this?  Noiri
  [742/791] SKIP (exists): The Fire Sermon
  [743/791] SKIP (exists): Why spend a week or more on retreat?
  [744/791] SKIP (exists): Nibanna is Close at Hand!
  [745/791] SKIP (exists): AI 'Art'
  [746/791] SKIP (exists): A Field of Barley
  [747/791] SKIP (exists): War!
  [748/791] SKIP (exists): The Enlightenment and its Demise.
  [749/791] SKIP (exists): The Enlightenment and Possible Salvation.
  [750/791] SKIP (exists): Sixth Maxim: Act for the Future Generations of All
  [751/791] SKIP (exists): Cultivating Metta for Future Generations.
  [752/791] SKIP (exists): Detailed Guided Meditation
  [753/791] SKIP (exists): Starting a Retreat
  [754/791] SKIP (exists): Abiding in the Present Moment Developing Equanimit
  [755/791] SKIP (exists): Detailed Guided Meditation
  [756/791] SKIP (exists): Assisted Meditation
  [757/791] SKIP (exists): Heartcare Metta Meditation
  [758/791] SKIP (exists): Bodycare Meditation
  [759/791] SKIP (exists): Eating meditation
  [760/791] SKIP (exists): Morning Chant with Refuges and Precepts
  [761/791] SKIP (exists): Evening Metta Chant
  [762/791] SKIP (exists): The Technique
  [763/791] SKIP (exists): The Hindrances
  [764/791] SKIP (exists): The Factors of Enlightenment
  [765/791] SKIP (exists): The Pleasure Syndrome dukkha
  [766/791] SKIP (exists): The Characteristic of Impermanence
  [767/791] SKIP (exists): Anatta Not self
  [768/791] SKIP (exists): Living Life according to the Dhamma
  [769/791] SKIP (exists): Mahasi Talk
  [770/791] SKIP (exists): Vedana Feeling
  [771/791] SKIP (exists): Is Awareness Enough
  [772/791] SKIP (exists): Eroticism Romance Love Distraction and Boredom
  [773/791] SKIP (exists): The Perfections Turned Inward
  [774/791] SKIP (exists): Faith
  [775/791] SKIP (exists): Revising the principles of vipassana
  [776/791] SKIP (exists): Fear
  [777/791] SKIP (exists): Foregiveness
  [778/791] SKIP (exists): The Gratification, the Danger and the Escape
  [779/791] SKIP (exists): Karma
  [780/791] SKIP (exists): Rebirth
  [781/791] SKIP (exists): The Illimitables
  [782/791] SKIP (exists): The Ten Fetters
  [783/791] SKIP (exists): The Awakening
  [784/791] SKIP (exists): The Years of Teaching and Parinibbana
  [785/791] SKIP (exists): Ethical Behaviour and the Awakening are one
  [786/791] SKIP (exists): The Buddha as Exemplar and Archetype
  [787/791] SKIP (exists): Meditation and Ordinary Daily Life
  [788/791] SKIP (exists): Free Will
  [789/791] SKIP (exists): Karma Specific Conditionality the Five Laws ethica
  [790/791] SKIP (exists): Right Livelihood
  [791/791] SKIP (exists): Chi Gong min guidance

  Beautified: 29 episodes (29 API calls)
  Tokens: 108,047 in + 82,920 out
  Estimated cost: $1.57
  Saved to: /home/freedomfighter/code/traduction/satipanya-podcast/articles/
============================================================
PASS 1: Scraping text sources
============================================================

── Satipanya — Bhante's Essays ──
  Fetching https://www.satipanya.org.uk/essay/...
  Found 33 items from /essay/
  Fetching https://www.satipanya.org.uk/essay/daily-life-care/...
  Found 1 items from /essay/daily-life-care/
  SKIP (exists): S01E01_Refuges_and_Precepts
  SKIP (exists): S01E02_Puja_Chantings
  SKIP (exists): S01E03_Recommended_Reading_for_Beginners
  SKIP (exists): S01E04_in_PDF_format
    ↓ in MS Word format (138 KB)
  ✗ S01E05_in_MS_Word_format — no text extracted
  SKIP (exists): S02E01_Neoliberalism_and_BuddhaDhamma
  SKIP (exists): S02E02_Investigative_Eating
  SKIP (exists): S02E03_Reflections_on_the_Teaching_and_Practice_of_Not-self
  SKIP (exists): S02E04_Vipassana_as_taught_by_the_Mahasi_Sayadaw_of_Burma
  SKIP (exists): S02E05_Is_Armed_Intervention_Ever_Justified
  SKIP (exists): S02E06_Free_will_is_it_available_or_useful
  SKIP (exists): S02E07_Could_I_be_a_fundamentalist_even_a_terrorist
  SKIP (exists): S02E08_Perfection_Elitism_and_Excellence
  SKIP (exists): S02E09_What_benefit_is_there_in_becoming_a_temporary_monastic
  SKIP (exists): S02E10_The_Unlucky_Death_of_a_Two_Year_Old_Boy
  SKIP (exists): S02E11_Expectation_Aspiration_and_Hope
  SKIP (exists): S02E12_Assisted_Suicide_PDF_document
  SKIP (exists): S02E13_Vipassana_Therapy_and_Medicinal_Drugs_PDF_document
  SKIP (exists): S02E14_Conditionality_and_KammaPDF_document
  SKIP (exists): S02E15_Affectionate_Awareness
  SKIP (exists): S02E16_Climate_Crisis_A_Personal_Reflection
  SKIP (exists): S03E01_The_First_Noble_Truth_of_Suffering_--_Dukkha
  SKIP (exists): S03E02_The_First_Noble_Truth_of_Suffering_--_The_Five_Aggregates
  SKIP (exists): S03E03_The_First_Noble_Truth_of_Suffering_--_The_Three_Characteristics
  SKIP (exists): S03E04_The_Second_Noble_Truth_--_Desire
  SKIP (exists): S03E05_The_Second_Noble_Truth_--_The_Wheel_of_Dependent_Origination
  SKIP (exists): S03E06_The_Second_Noble_Truth_--_Kamma_Vipaka
  SKIP (exists): S03E07_The_Fourth_Noble_Truth_--_Morality
  SKIP (exists): S03E08_The_Fourth_Noble_Truth_--_Perfections
  SKIP (exists): S03E09_The_Fourth_Noble_Truth_--_Right_Understanding
  SKIP (exists): S03E10_The_Fourth_Noble_Truth_--_Mental_Development
  SKIP (exists): S03E11_Meditation_in_Ordinary_Daily_Life
  SKIP (exists): S04E01_Meditation_in_Ordinary_Daily_Life
  SKIP (exists): S05E01_Buddha_Day_Evening_with_Italy
  Total: 34 items, 33 with text

── Satipanya — Noirin's Essays ──
  Fetching https://www.satipanya.org.uk/noirins-teachings/...
  Found 32 items from /noirins-teachings/
  SKIP (exists): S01E01_Text
  SKIP (exists): S01E02_Satipanya_Porridge
  SKIP (exists): S01E03_The_Ouch_that_hurt
  SKIP (exists): S01E04_Coming_down_to_earth
  SKIP (exists): S01E05_Extending_the_limits_of_good-will
  SKIP (exists): S01E06_Metta_for_a_Cold_Heart
  SKIP (exists): S01E07_The_Fourth_Noble_Truth
  SKIP (exists): S01E08_Struggling_with_Anatta
  SKIP (exists): S01E09_Temporary_Ordination
  SKIP (exists): S01E10_Retreating_and_Re-engaging
  SKIP (exists): S01E11_Homeward_Bound
  SKIP (exists): S01E12_All_in_the_Mind
  SKIP (exists): S01E13_Summer_meadows
  SKIP (exists): S01E14_As_Winter_Approaches
  SKIP (exists): S01E15_2020_Lockdown_Christmas
  SKIP (exists): S01E16_Exiting_Lockdown
  SKIP (exists): S01E17_Mindfulness_meets_metta
  SKIP (exists): S01E18_Everyday_Mindfulness
  SKIP (exists): S01E19_Healing_the_Mind-Body_Relationship
  SKIP (exists): S01E20_Nibanna_is_Close_at_Hand
  SKIP (exists): S02E01_Greeting_the_Devadutta
  SKIP (exists): S02E02_Laryngectomy
  SKIP (exists): S02E03_Stumbling_towards_Gratitude
  SKIP (exists): S02E04_Mid-winter_Darkness
  SKIP (exists): S02E05_Teaching_with_an_Electro-larynx_The_Oval_Age-Old_Bath
  SKIP (exists): S03E01_a_paper_describing_six_ethical_maxims
  SKIP (exists): S03E02_Full_Catastrophe_Ethics
  SKIP (exists): S03E03_First_Maxim_Work_Hard_to_Grasp_the_Imensity
  SKIP (exists): S03E04_Second_Maxim_Cultivate_Radical_Hope
  SKIP (exists): S03E05_Third_Maxim_Draw_a_line_in_the_Sand_-_b_Working_mindfully_with_red_lines
  SKIP (exists): S03E06_Fourth_Maxim_Appreciate_the_Amazing_and_Unique_Upportunity_-_a_From_Suffering_to
  SKIP (exists): S03E07_Fifth_Maxim_Train_the_Mind_and_Body
  Total: 32 items, 32 with text

── Satipanya — Tips of the Day ──
  Fetching https://www.satipanya.org.uk/tip-o-the-day/...
  Found 168 items from /tip-o-the-day/
  SKIP (exists): S01E01_At_the_end_of_the_day_1
  SKIP (exists): S01E02_At_the_end_of_the_day_2
  SKIP (exists): S01E03_At_the_end_of_the_day
  SKIP (exists): S01E04_Upon_Awakening
  SKIP (exists): S01E05_Morning_Meditation_One_of_Four_Ritual
  SKIP (exists): S01E06_Morning_Meditation_Default_Position_Abiding_in_Calm_Open_Attentiveness
  SKIP (exists): S01E07_Morning_Meditation_Vipassana_1_Developing_a_steady_attention
  SKIP (exists): S01E08_Morning_Meditation_Vipassana_2_Developing_Insight
  SKIP (exists): S01E09_Morning_Meditation_Metta_Developing_Goodwill_the_Theory
  SKIP (exists): S01E10_Discourse_on_Metta
  SKIP (exists): S01E11_Morning_Meditation_Developing_Goodwill_and_Forgiveness_the_Exercise
  SKIP (exists): S01E12_Morning_Meditation_Resolution
  SKIP (exists): S01E13_Developing_the_Perfection_of_Determination
  SKIP (exists): S01E14_Breakfast_at_last
  SKIP (exists): S01E15_Traveling_to_and_from_work
  SKIP (exists): S01E16_Back_Home
  SKIP (exists): S02E01_Relations_Friends_Acquaintances_and_Spiritual_Companions
  SKIP (exists): S02E02_Contemplating_Relations_Friends_Acquaintances_and_Spiritual_Companions
  SKIP (exists): S02E03_Intimate_Relationships_The_Erotic_the_Romantic_and_Love
  SKIP (exists): S02E04_Celibacy
  SKIP (exists): S02E05_When_does_love_become_control
  SKIP (exists): S03E01_Work
  SKIP (exists): S03E02_Success_and_Failure_Trial_and_Error
  SKIP (exists): S03E03_Creating_Space_1
  SKIP (exists): S03E04_Creating_Space_2
  SKIP (exists): S03E05_Creating_Space_3
  SKIP (exists): S03E06_The_Limits_of_Power_and_Mission_Creep
  SKIP (exists): S04E01_Not_an_Emotion
  SKIP (exists): S04E02_Relationships
  SKIP (exists): S04E03_Being_Good_rather_than_Being_Good_At
  SKIP (exists): S04E04_Whats_wrong_with_a_bit_of_attachment
  SKIP (exists): S04E05_Sacrifice_the_more_we_give_the_greater_the_return
  SKIP (exists): S04E06_Not_what_we_believe_but_how_we_live
  SKIP (exists): S04E07_Towards_the_Greatest_Happiness
  SKIP (exists): S05E01_New_Year_Resolution
  SKIP (exists): S05E02_Neighbourly_Sounds
  SKIP (exists): S05E03_Sickness
  SKIP (exists): S05E04_The_Tough_Nut
  SKIP (exists): S05E05_Impulsive_or_Spontaneous
  SKIP (exists): S05E06_Joy
  SKIP (exists): S05E07_Thankyou
  SKIP (exists): S05E08_Need_Sufficiency_and_Greed
  SKIP (exists): S05E09_What_values_govern_our_lives
  SKIP (exists): S05E10_Values_in_mine_own_eyes
  SKIP (exists): S05E11_Living_in_the_Now_Planning_for_the_Future
  SKIP (exists): S05E12_Music
  SKIP (exists): S05E13_Time
  SKIP (exists): S05E14_Our_Daily_Breaks
  SKIP (exists): S05E15_On_the_Virtue_of_Visiting_a_Cemetery
  SKIP (exists): S05E16_Pity_Sorrow_and_Compassion
  SKIP (exists): S05E17_Why_are_we_asked_to_observe_-_impermanence
  SKIP (exists): S05E18_Sublimation
  SKIP (exists): S05E19_Righteous_Anger_Plain_Anger
  SKIP (exists): S05E20_A_Pets_Endgame
  SKIP (exists): S05E21_Downers
  SKIP (exists): S05E22_Discipline_Self-discipline
  SKIP (exists): S05E23_Fairness_and_Equality
  SKIP (exists): S05E24_Unforgivingness
  SKIP (exists): S05E25_My_body_is_Mother_Earth
  SKIP (exists): S05E26_Dealing_with_Intense_Emotions_and_Moods_in_Ordinary_Daily_Life
  SKIP (exists): S05E27_How_much_pain_physical_or_mental_should_we_suffer
  SKIP (exists): S05E28_Judging_or_Judgemental
  SKIP (exists): S05E29_The_absurd_and_the_Sublime_A_Mid-summer_Contemplation
  SKIP (exists): S05E30_If_there_is_no_self_who_bears_the_karma
  SKIP (exists): S05E31_Overwhelmed_by_All_the_Violence_in_the_World
  SKIP (exists): S05E32_Legal_Moral_Ethical
  SKIP (exists): S05E33_The_Consumer_in_Us_All
  SKIP (exists): S05E34_Barriers_or_Boundaries
  SKIP (exists): S05E35_Isolation_Loneliness_and_Solitude
  SKIP (exists): S05E36_Envy_Jealousy_and_Appreciative_Joy
  SKIP (exists): S05E37_Unwholesome_Karmic_Results_as_Fate
  SKIP (exists): S05E38_Ideology_leads_to_strife
  SKIP (exists): S05E39_The_Sacred_Its_Meaning_and_the_Role_of_Free_Speech
  SKIP (exists): S05E40_Awareness_Compassion_and_Wisdom
  SKIP (exists): S05E41_To_become_or_not_to_become
  SKIP (exists): S05E42_Appamāda_Diligent
  SKIP (exists): S05E43_Aim_and_Objective_in_Present_Time
  SKIP (exists): S05E44_Money_and_Power
  SKIP (exists): S05E45_Passive_Aggression
  SKIP (exists): S05E46_In_what_way_should_Buddhadhamma_affect_our_politics
  SKIP (exists): S05E47_Practice_makes_perfect
  SKIP (exists): S05E48_Right_Speech
  SKIP (exists): S05E49_Equanimity
  SKIP (exists): S05E50_Shame
  SKIP (exists): S05E51_Guilt
  SKIP (exists): S05E52_Gratitude_Generosity_Renunciation
  SKIP (exists): S05E53_Excitement_Boredom_Contentment
  SKIP (exists): S05E54_Silence
  SKIP (exists): S05E55_Courage_Fortitude_and_Resilience
  SKIP (exists): S05E56_One_of_the_Hindrances_is_Sceptical_Doubt
  SKIP (exists): S05E57_Scientism_meets_Buddhism_Buddhadhamma
  SKIP (exists): S05E58_What_is_our_basic_disposition_to_life
  SKIP (exists): S05E59_Fear
  SKIP (exists): S05E60_Beauty
  SKIP (exists): S05E61_The_Wisdom_of_Uncertainty
  SKIP (exists): S05E62_Patience
  SKIP (exists): S05E63_Overcoming_the_Corruptions_of_Generosity
  SKIP (exists): S05E64_The_World_is_in_a_terrible_state
  SKIP (exists): S05E65_The_Treasure_of_Things
  SKIP (exists): S05E66_Equanimity_Carl
  SKIP (exists): S05E67_The_years_where_do_they_go_New_Year_Encouragement_Noirin
  SKIP (exists): S05E68_Understand_and_See_things_as_they_really_are
  SKIP (exists): S05E69_Constant_Curiosity_Carl
  SKIP (exists): S05E70_Kamma_Noirin
  SKIP (exists): S05E71_Progress
  SKIP (exists): S05E72_Who_Decides_Carl
  SKIP (exists): S05E73_Delusion_caring_for_illusion
  SKIP (exists): S05E74_The_world_is_not_in_a_good_place
  SKIP (exists): S05E75_Happy_New_Year
  SKIP (exists): S05E76_Sickness
  SKIP (exists): S05E77_Yearning_for_a_Better_World
  SKIP (exists): S05E78_Balancing_Lay_and_Spiritual_Life
  SKIP (exists): S05E79_Wildflower_Wisdom
  SKIP (exists): S05E80_Dealing_with_the_Stories_that_Make_Us_Suffer
  SKIP (exists): S05E81_The_Wisdom_and_Virtues_of_Insecurity
  SKIP (exists): S05E82_As_Winter_Approaches
  SKIP (exists): S05E83_Guidelines_For_a_New_Years_Resolution
  SKIP (exists): S05E84_Coronavirus_Messenger_from_the_Gods
  SKIP (exists): S05E85_Quench_all_Resentments
  SKIP (exists): S05E86_Exiting_Lockdown
  SKIP (exists): S05E87_Committing_to_the_Path
  SKIP (exists): S05E88_Beauty
  SKIP (exists): S05E89_Motivation_for_Practice
  SKIP (exists): S05E90_All_in_the_Mind
  SKIP (exists): S05E91_Perfection_Elitism_and_Excellence
  SKIP (exists): S05E92_Material_World
  SKIP (exists): S05E93_Inner_Voices
  SKIP (exists): S05E94_Full_Catastrophe_Ethics
  SKIP (exists): S05E95_On_Learning_how_to_be_with_Climate_and_Social_Breakdown
  SKIP (exists): S05E96_Living_in_the_here_and_now_Bhante_Bodhidhamma
  SKIP (exists): S05E97_Being_Human_Bhante_Bodhidhamma
  SKIP (exists): S05E98_Sympathy_Empathy_Compassion_Bhante_Bodhidhamma
  SKIP (exists): S05E99_Non-Violence_is_not_Pacificism_Bhante_Bodhidhamma
  SKIP (exists): S05E100_Neoliberalism_and_Buddhadhamma_Bhante_Bodhidhamma
  SKIP (exists): S05E101_Dullness_and_Lethargy_Our_Two_Very_Good_Friends_Carl_Fooks
  SKIP (exists): S05E102_Preparing_for_Climate_Change_-_First_Ethical_Maxim_Noirin_Sheahan
  SKIP (exists): S05E103_Red_Lines_Sila_-_Third_Ethical_Maxim_Noirin_Sheahan
  SKIP (exists): S05E104_Radical_Hope_Saddha_-_Second_Ethical_Maxim_Noirin_Sheahan
  SKIP (exists): S05E105_New_Year_Resolutions_and_the_Third_Maxim_Noirin_Sheahan
  SKIP (exists): S05E106_4th_Maxim_i_Opportunity_Knocks_Noirin_Sheahan
  SKIP (exists): S05E107_4th_Maxim_ii_Spiral_to_Freedom_Noirin_Sheahan
  SKIP (exists): S05E108_Fourth_Maxim_iii_Path_to_Transcendence_Noirin_Sheahan
  SKIP (exists): S05E109_Equanimity_The_Most_Important_Virtue_Bhante_Bodhidhamma
  SKIP (exists): S05E110_The_Danger_of_Nihilism_Bhante_Bodhidhamma
  SKIP (exists): S05E111_Neo-Fascism_Bhante_Bodhidhamma
  SKIP (exists): S05E112_The_Gift_of_Joy_Mudita_Bhante_Bodhidhamma
  SKIP (exists): S05E113_We_just_follow_circumstance_Bhante_Bodhidhamma
  SKIP (exists): S05E114_To_Love_or_To_Be_Loved_That_is_the_Question_Bhante_Bodhidhamma
  SKIP (exists): S05E115_Samsara_doomed_to_suffer_over_and_over_again_Bhante_Bodhidhamma
  SKIP (exists): S05E116_Compassion_To_Care_Bhante_Bodhidhamma
  SKIP (exists): S05E117_Compassion_A_Path_of_Liberation_Bhante_Bodhidhamma
  SKIP (exists): S05E118_Fifth_Maxim_Develop_the_Body_and_Mind_Noirin_Sheahan
  SKIP (exists): S05E119_The_Buddhas_Alter_Ego_The_World_Conquering_Monarch_Bhante_Bodhidhamma
  SKIP (exists): S05E120_There_is_a_Body_Exploring_the_Mind-Body_Relationship_Noirin_Sheahan
  SKIP (exists): S05E121_Self-love_and_Self-Acceptance_Bhante_Bodhidhamma
  SKIP (exists): S05E122_The_Crucial_Role_of_Desire_and_Intention_Bhante_Bodhidhamma
  SKIP (exists): S05E123_Mindfulness_meets_Metta_Noirin_Sheahan
  SKIP (exists): S05E124_Surely_meditation_shouldnt_feel_like_this_Noirin_Sheahan
  SKIP (exists): S05E125_The_Fire_Sermon
  SKIP (exists): S05E126_Why_spend_a_week_or_more_on_retreat
  SKIP (exists): S05E127_Nibanna_is_Close_at_Hand
  SKIP (exists): S05E128_AI_Art
  SKIP (exists): S05E129_A_Field_of_Barley
  SKIP (exists): S05E130_War
  SKIP (exists): S05E131_The_Enlightenment_and_its_Demise
  SKIP (exists): S05E132_The_Enlightenment_and_Possible_Salvation
  SKIP (exists): S05E133_Sixth_Maxim_Act_for_the_Future_Generations_of_All_Species
  SKIP (exists): S05E134_Cultivating_Metta_for_Future_Generations
  Total: 168 items, 168 with text

✓ Text catalog saved: /home/freedomfighter/code/traduction/satipanya-podcast/text_catalog.json
============================================================
PASS 2: Generating descriptions with Claude
============================================================
  [1/234] SKIP (exists): Refuges  and Precepts
  [2/234] SKIP (exists): Puja: Chantings
  [3/234] SKIP (exists): Recommended Reading for Beginners
  [4/234] SKIP (exists): in PDF format
  [5/234] SKIP (no text): in MS Word format
  [6/234] SKIP (exists): Neoliberalism and BuddhaDhamma
  [7/234] SKIP (exists): Investigative Eating
  [8/234] SKIP (exists): Reflections on the Teaching and Practice of Not-se
  [9/234] SKIP (exists): Vipassana as taught by the Mahasi Sayadaw of Burma
  [10/234] SKIP (exists): Is Armed Intervention Ever Justified?
  [11/234] SKIP (exists): Free will: is it available or useful?
  [12/234] SKIP (exists): Could I be a fundamentalist, even a terrorist?
  [13/234] SKIP (exists): Perfection, Elitism and Excellence
  [14/234] SKIP (exists): What benefit is there in becoming a temporary mona
  [15/234] SKIP (exists): The ‘Unlucky’ Death of a Two Year Old Boy
  [16/234] SKIP (exists): Expectation, Aspiration and Hope
  [17/234] SKIP (exists): Assisted Suicide (PDF document)
  [18/234] SKIP (exists): Vipassana, Therapy and Medicinal Drugs (PDF docume
  [19/234] SKIP (exists): Conditionality and Kamma(PDF document)
  [20/234] SKIP (exists): Affectionate Awareness.
  [21/234] SKIP (exists): Climate Crisis A Personal Reflection
  [22/234] SKIP (exists): The First Noble Truth of Suffering -- Dukkha
  [23/234] SKIP (exists): The First Noble Truth of Suffering -- The Five Agg
  [24/234] SKIP (exists): The First Noble Truth of Suffering -- The Three Ch
  [25/234] SKIP (exists): The Second Noble Truth -- Desire
  [26/234] SKIP (exists): The Second Noble Truth -- The Wheel of Dependent O
  [27/234] SKIP (exists): The Second Noble Truth -- Kamma Vipaka
  [28/234] SKIP (exists): The Fourth Noble Truth -- Morality
  [29/234] SKIP (exists): The Fourth Noble Truth -- Perfections
  [30/234] SKIP (exists): The Fourth Noble Truth -- Right Understanding
  [31/234] SKIP (exists): The Fourth Noble Truth -- Mental Development
  [32/234] SKIP (exists): Meditation in Ordinary Daily Life
  [33/234] SKIP (exists): Meditation in Ordinary Daily Life
  [34/234] SKIP (exists): Buddha Day Evening with Italy
  [35/234] SKIP (exists): Text,
  [36/234] SKIP (exists): Satipanya Porridge
  [37/234] SKIP (exists): The "Ouch" that hurt.
  [38/234] SKIP (exists): Coming down to earth
  [39/234] SKIP (exists): Extending the limits of good-will
  [40/234] SKIP (exists): Metta for a Cold Heart
  [41/234] SKIP (exists): The Fourth Noble Truth
  [42/234] SKIP (exists): Struggling with Anatta
  [43/234] SKIP (exists): Temporary Ordination
  [44/234] SKIP (exists): Retreating and Re-engaging
  [45/234] SKIP (exists): Homeward Bound
  [46/234] SKIP (exists): All in the Mind
  [47/234] SKIP (exists): Summer meadows
  [48/234] SKIP (exists): As Winter Approaches
  [49/234] SKIP (exists): 2020 Lockdown Christmas
  [50/234] SKIP (exists): Exiting Lockdown
  [51/234] SKIP (exists): Mindfulness meets metta
  [52/234] SKIP (exists): Everyday Mindfulness
  [53/234] SKIP (exists): Healing the Mind-Body Relationship
  [54/234] SKIP (exists): Nibanna is Close at Hand!
  [55/234] SKIP (exists): Greeting the Devadutta
  [56/234] SKIP (exists): Laryngectomy
  [57/234] SKIP (exists): Stumbling towards Gratitude
  [58/234] SKIP (exists): Mid-winter Darkness
  [59/234] SKIP (exists): Teaching with an Electro-larynx: The Oval Age-Old 
  [60/234] SKIP (exists): a paper describing six ethical maxims
  [61/234] SKIP (exists): Full Catastrophe Ethics
  [62/234] SKIP (exists): First Maxim: Work Hard to Grasp the Imensity
  [63/234] SKIP (exists): Second Maxim: Cultivate Radical Hope
  [64/234] SKIP (exists): Third Maxim: Draw a line in the Sand - b. Working 
  [65/234] SKIP (exists): Fourth Maxim: Appreciate the Amazing and Unique Up
  [66/234] SKIP (exists): Fifth Maxim: Train the Mind and Body
  [67/234] SKIP (exists): At the end of the day (1)
  [68/234] SKIP (exists): At the end of the day. (2)
  [69/234] SKIP (exists): At the end of the day.
  [70/234] SKIP (exists): Upon Awakening.
  [71/234] SKIP (exists): Morning Meditation (One of Four) : Ritual
  [72/234] SKIP (exists): Morning Meditation : Default Position: Abiding in 
  [73/234] SKIP (exists): Morning Meditation : Vipassana – 1. Developing a s
  [74/234] SKIP (exists): Morning Meditation : Vipassana 2. – Developing Ins
  [75/234] SKIP (exists): Morning Meditation : Metta : Developing Goodwill –
  [76/234] SKIP (exists): Discourse on Metta
  [77/234] SKIP (exists): Morning Meditation: Developing Goodwill and Forgiv
  [78/234] SKIP (exists): Morning Meditation : Resolution
  [79/234] SKIP (exists): Developing the Perfection of Determination
  [80/234] SKIP (exists): Breakfast at last!
  [81/234] SKIP (exists): Traveling to and from work.
  [82/234] SKIP (exists): Back Home
  [83/234] SKIP (exists): Relations, Friends, Acquaintances and Spiritual Co
  [84/234] SKIP (exists): Contemplating Relations, Friends, Acquaintances an
  [85/234] SKIP (exists): Intimate Relationships: The Erotic, the Romantic a
  [86/234] SKIP (exists): Celibacy
  [87/234] SKIP (exists): When does love become control?
  [88/234] SKIP (exists): Work
  [89/234] SKIP (exists): Success and Failure : Trial and Error
  [90/234] SKIP (exists): Creating Space (1)
  [91/234] SKIP (exists): Creating Space (2)
  [92/234] SKIP (exists): Creating Space (3)
  [93/234] SKIP (exists): The Limits of Power and Mission Creep
  [94/234] SKIP (exists): Not an Emotion
  [95/234] SKIP (exists): Relationships
  [96/234] SKIP (exists): Being Good rather than Being Good At
  [97/234] SKIP (exists): What’s wrong with a bit of attachment!
  [98/234] SKIP (exists): Sacrifice : the more we give, the greater the retu
  [99/234] SKIP (exists): Not what we believe, but how we live.
  [100/234] SKIP (exists): Towards the Greatest Happiness.
  [101/234] SKIP (exists): New Year Resolution
  [102/234] SKIP (exists): Neighbourly ‘Sounds’
  [103/234] SKIP (exists): Sickness
  [104/234] SKIP (exists): The Tough Nut
  [105/234] SKIP (exists): Impulsive or Spontaneous.
  [106/234] SKIP (exists): Joy!
  [107/234] SKIP (exists): Thankyou
  [108/234] SKIP (exists): Need, Sufficiency and Greed.
  [109/234] SKIP (exists): What values govern our lives?
  [110/234] SKIP (exists): Values in mine own eyes.
  [111/234] SKIP (exists): Living in the Now : Planning for the Future
  [112/234] SKIP (exists): Music
  [113/234] SKIP (exists): Time
  [114/234] SKIP (exists): Our Daily Breaks.
  [115/234] SKIP (exists): On the Virtue of Visiting a Cemetery
  [116/234] SKIP (exists): Pity, Sorrow and Compassion
  [117/234] SKIP (exists): Why are we asked to observe - impermanence.
  [118/234] SKIP (exists): Sublimation
  [119/234] SKIP (exists): Righteous Anger : Plain Anger
  [120/234] SKIP (exists): A Pet’s Endgame
  [121/234] SKIP (exists): Downers.
  [122/234] SKIP (exists): Discipline : Self-discipline
  [123/234] SKIP (exists): Fairness and Equality
  [124/234] SKIP (exists): Unforgivingness
  [125/234] SKIP (exists): My body is Mother Earth
  [126/234] SKIP (exists): Dealing with Intense Emotions and Moods in Ordinar
  [127/234] SKIP (exists): How much pain, physical or mental should we suffer
  [128/234] SKIP (exists): Judging or Judgemental?
  [129/234] SKIP (exists): The absurd and the Sublime : A Mid-summer Contempl
  [130/234] SKIP (exists): If there is no self, who bears the karma?
  [131/234] SKIP (exists): Overwhelmed by All the Violence in the World?
  [132/234] SKIP (exists): Legal : Moral : Ethical
  [133/234] SKIP (exists): The Consumer in Us All.
  [134/234] SKIP (exists): Barriers or Boundaries
  [135/234] SKIP (exists): Isolation, Loneliness and Solitude
  [136/234] SKIP (exists): Envy, Jealousy and Appreciative Joy
  [137/234] SKIP (exists): Unwholesome Karmic Results as Fate.
  [138/234] SKIP (exists): Ideology leads to strife.
  [139/234] SKIP (exists): The Sacred: It’s Meaning and the Role of Free Spee
  [140/234] SKIP (exists): Awareness, Compassion and Wisdom
  [141/234] SKIP (exists): To become or not to become.
  [142/234] SKIP (exists): Appamāda : Diligent
  [143/234] SKIP (exists): Aim and Objective in Present Time
  [144/234] SKIP (exists): Money and Power
  [145/234] SKIP (exists): Passive Aggression
  [146/234] SKIP (exists): In what way should Buddhadhamma affect our politic
  [147/234] SKIP (exists): Practice makes perfect.*
  [148/234] SKIP (exists): Right Speech
  [149/234] SKIP (exists): Equanimity
  [150/234] SKIP (exists): Shame
  [151/234] SKIP (exists): Guilt
  [152/234] SKIP (exists): Gratitude Generosity Renunciation
  [153/234] SKIP (exists): Excitement Boredom Contentment
  [154/234] SKIP (exists): Silence
  [155/234] SKIP (exists): Courage, Fortitude and Resilience
  [156/234] SKIP (exists): One of the Hindrances is Sceptical Doubt.
  [157/234] SKIP (exists): Scientism meets Buddhism (Buddhadhamma?)
  [158/234] SKIP (exists): What is our basic disposition to life?
  [159/234] SKIP (exists): Fear!
  [160/234] SKIP (exists): Beauty.
  [161/234] SKIP (exists): The Wisdom of Uncertainty
  [162/234] SKIP (exists): Patience
  [163/234] SKIP (exists): Overcoming the Corruptions of Generosity
  [164/234] SKIP (exists): The World is in a terrible state.
  [165/234] SKIP (exists): The Treasure of Things
  [166/234] SKIP (exists): Equanimity Carl
  [167/234] SKIP (exists): The years where do they go. New Year Encouragement
  [168/234] SKIP (exists): Understand and See things as they really are
  [169/234] SKIP (exists): Constant Curiosity Carl
  [170/234] SKIP (exists): Kamma Noirin
  [171/234] SKIP (exists): Progress
  [172/234] SKIP (exists): Who Decides? Carl
  [173/234] SKIP (exists): Delusion, caring for illusion.
  [174/234] SKIP (exists): The world is not in a good place.
  [175/234] SKIP (exists): Happy New Year
  [176/234] SKIP (exists): Sickness
  [177/234] SKIP (exists): Yearning for a Better World
  [178/234] SKIP (exists): Balancing Lay and Spiritual Life
  [179/234] SKIP (exists): Wildflower Wisdom
  [180/234] SKIP (exists): Dealing with the Stories that Make Us Suffer
  [181/234] SKIP (exists): The Wisdom and Virtues of Insecurity
  [182/234] SKIP (exists): As Winter Approaches
  [183/234] SKIP (exists): Guidelines For a New Year's Resolution
  [184/234] SKIP (exists): Coronavirus : Messenger from the Gods
  [185/234] SKIP (exists): Quench all Resentments.
  [186/234] SKIP (exists): Exiting Lockdown
  [187/234] SKIP (exists): Committing to the Path
  [188/234] SKIP (exists): Beauty
  [189/234] SKIP (exists): Motivation for Practice
  [190/234] SKIP (exists): All in the Mind
  [191/234] SKIP (exists): Perfection, Elitism and Excellence.
  [192/234] SKIP (exists): Material World
  [193/234] SKIP (exists): Inner Voices
  [194/234] SKIP (exists): Full Catastrophe Ethics
  [195/234] SKIP (exists): On Learning how to be with Climate and Social Brea
  [196/234] SKIP (exists): Living in the here and now. Bhante Bodhidhamma
  [197/234] SKIP (exists): Being Human Bhante Bodhidhamma
  [198/234] SKIP (exists): Sympathy Empathy Compassion Bhante Bodhidhamma
  [199/234] SKIP (exists): Non-Violence is not Pacificism Bhante Bodhidhamma
  [200/234] SKIP (exists): Neoliberalism and Buddhadhamma Bhante Bodhidhamma
  [201/234] SKIP (exists): Dullness and Lethargy: Our Two Very Good Friends C
  [202/234] SKIP (exists): Preparing for Climate Change - First Ethical Maxim
  [203/234] SKIP (exists): Red Lines, Sila - Third Ethical Maxim Noirin Sheah
  [204/234] SKIP (exists): Radical Hope, Saddha - Second Ethical Maxim Noirin
  [205/234] SKIP (exists): New Year Resolutions and the Third Maxim  Noirin S
  [206/234] SKIP (exists): 4th Maxim (i) : Opportunity Knocks  Noirin Sheahan
  [207/234] SKIP (exists): 4th Maxim (ii) : Spiral to Freedom  Noirin Sheahan
  [208/234] SKIP (exists): Fourth Maxim (iii) : Path to Transcendence  Noirin
  [209/234] SKIP (exists): Equanimity : The Most Important Virtue Bhante Bodh
  [210/234] SKIP (exists): The Danger of Nihilism  Bhante Bodhidhamma
  [211/234] SKIP (exists): Neo-Fascism  Bhante Bodhidhamma
  [212/234] SKIP (exists): The Gift of Joy Mudita Bhante Bodhidhamma
  [213/234] SKIP (exists): ‘We just follow circumstance.’  Bhante Bodhidhamma
  [214/234] SKIP (exists): To Love or To Be Loved. That is the Question.  Bha
  [215/234] SKIP (exists): Samsara : doomed to suffer over and over again? Bh
  [216/234] SKIP (exists): Compassion : To Care  Bhante Bodhidhamma
  [217/234] SKIP (exists): Compassion : A Path of Liberation  Bhante Bodhidha
  [218/234] SKIP (exists): Fifth Maxim: Develop the Body and Mind  Noirin She
  [219/234] SKIP (exists): The Buddha’s Alter Ego : The World Conquering Mona
  [220/234] SKIP (exists): There is a Body: Exploring the Mind-Body Relations
  [221/234] SKIP (exists): Self-love and Self-Acceptance  Bhante Bodhidhamma
  [222/234] SKIP (exists): The Crucial Role of Desire and Intention.  Bhante 
  [223/234] SKIP (exists): Mindfulness meets Metta Noirin Sheahan
  [224/234] SKIP (exists): Surely meditation shouldn't feel like this?  Noiri
  [225/234] SKIP (exists): The Fire Sermon
  [226/234] SKIP (exists): Why spend a week or more on retreat?
  [227/234] SKIP (exists): Nibanna is Close at Hand!
  [228/234] SKIP (exists): AI 'Art'
  [229/234] SKIP (exists): A Field of Barley
  [230/234] SKIP (exists): War!
  [231/234] SKIP (exists): The Enlightenment and its Demise.
  [232/234] SKIP (exists): The Enlightenment and Possible Salvation.
  [233/234] SKIP (exists): Sixth Maxim: Act for the Future Generations of All
  [234/234] SKIP (exists): Cultivating Metta for Future Generations.

✓ Descriptions generated: 0 API calls
Épisodes à scorer : 547
[1/547] foundation_course S01E01 — The First Noble Truth - Dukkha Dukkha... ✓ 68/100 — This is a well-structured, clearly argued dharma talk with e
[2/547] foundation_course S01E02 — The First Noble Truth - Conditioned States... ✓ 72/100 — This is a well-structured, engaging dharma talk that builds 
[3/547] foundation_course S01E03 — The First Noble Truth - The Three Characteristics... ✓ 72/100 — This is a well-structured, clearly argued dharma talk with g
[4/547] foundation_course S01E04 — The Second Noble Truth - The Cause of Suffering - Desire... ✓ 62/100 — The talk is well-structured and builds logically from ignora
[5/547] foundation_course S01E05 — The Second Noble Truth - The Wheel of Dependent Origination... ✓ 72/100 — This is a well-structured, genuinely insightful dharma talk 
[6/547] foundation_course S01E06 — The Second Noble Truth - Kamma... ✓ 62/100 — The talk is well-structured with clear logical progression a
[7/547] foundation_course S01E07 — The Fourth Noble Truth - Morality - Sila... ✓ 62/100 — The talk is well-structured and logically organized around t
[8/547] foundation_course S01E08 — The Fourth Noble Truth - Positive Morality - Parami... ✓ 72/100 — This is a well-structured, engaging dharma talk with clear l
[9/547] foundation_course S01E09 — The Fourth Noble Truth - Right Understanding... ✓ 62/100 — The talk demonstrates solid structure and progressive argume
[10/547] foundation_course S01E10 — The Fourth Noble Truth - Mental Development - Samadhi... ✓ 62/100 — The talk is well-structured and logically progressive, with 
[11/547] foundation_course S02E01 — Moods, Emotions and Feelings... ✓ 72/100 — This is a well-structured and genuinely engaging dharma talk
[12/547] foundation_course S02E02 — Guilt - Real and Unreal... ✓ 62/100 — The talk demonstrates solid structural organization, moving 
[13/547] foundation_course S02E03 — The End of Guilt... ✓ 72/100 — This is a well-structured, genuinely engaging dharma talk wi
[14/547] foundation_course S02E04 — Right Intention... ✓ 72/100 — This is a well-structured, intellectually engaging dharma ta
[15/547] foundation_course S02E05 — The Divine Abodes... ✓ 72/100 — This is a well-structured, engaging dharma talk with genuine
[16/547] foundation_course S02E06 — Faith or Belief... ✓ 72/100 — This is a well-structured and intellectually substantive dha
[17/547] foundation_course S02E07 — Wheel of Dependent Origination... ✓ 72/100 — This is a well-structured, substantive dharma talk with stro
[18/547] foundation_course S02E08 — Kamma... ✓ 72/100 — This is a well-structured, substantive dharma talk with clea
[19/547] foundation_course S02E09 — The Sangha... ✓ 58/100 — 
[20/547] foundation_course S02E10 — The Four Paths and the Four Fruits... ✓ 62/100 — The talk is well-structured and logically organized with goo
[21/547] foundation_course S02E11 — The Noble Silence... ✓ 72/100 — This is a well-structured, logically progressive dharma talk
[22/547] dharma_talks S01E01 — Why Meditate... ✓ 62/100 — The talk demonstrates genuine depth of insight and several e
[23/547] dharma_talks S01E02 — The Mahasi Method... ✓ 62/100 — The talk has genuine warmth, some effective analogies (monke
[24/547] dharma_talks S01E03 — Starting a Personal Retreat... ✓ 72/100 — This talk demonstrates considerable literary merit through i
[25/547] dharma_talks S01E04 — Faith... ✓ 62/100 — The talk demonstrates solid structural organization around a
[26/547] dharma_talks S01E05 — Ritual in Spiritual Practice... ✓ 62/100 — The talk demonstrates genuine warmth, occasional vivid story
[27/547] dharma_talks S01E06 — Is Awareness Enough... ✓ 62/100 — The talk demonstrates genuine depth of insight and effective
[28/547] dharma_talks S01E07 — Developing the Spiritual Faculties... ✓ 62/100 — The talk demonstrates solid structural organization with a c
[29/547] dharma_talks S01E08 — Spiritual Faculties and Factors of Enlightenment... ✓ 62/100 — The talk demonstrates genuine depth of insight and several v
[30/547] dharma_talks S01E09 — The Hindrances... ✓ 62/100 — The talk demonstrates solid structural organization across t
[31/547] dharma_talks S01E10 — The Buddha and the Hindrances... ✓ 62/100 — The talk demonstrates solid structural ambition—moving from 
[32/547] dharma_talks S01E11 — Dullness, Lethargy, Restlessness and Pain... ✓ 62/100 — The talk demonstrates genuine insight and good use of illust
[33/547] dharma_talks S01E12 — Eroticism, Romance, Love, Distraction and Boredom... ✓ 62/100 — The talk demonstrates genuine warmth, wit, and occasional el
[34/547] dharma_talks S01E13 — The Ten Fetters... ✓ 62/100 — The talk demonstrates solid structural organization around t
[35/547] dharma_talks S01E14 — Vedana Feeling... ✓ 62/100 — The talk demonstrates genuine intellectual depth and a coher
[36/547] dharma_talks S01E15 — Fear... ✓ 72/100 — The talk demonstrates genuine depth of insight and engaging 
[37/547] dharma_talks S01E16 — Foregiveness... ✓ 62/100 — The talk demonstrates genuine depth of insight and good stru
[38/547] dharma_talks S01E17 — The Illimitables... ✓ 62/100 — The talk demonstrates genuine depth of insight and effective
[39/547] dharma_talks S01E18 — The Perfections Turned Inward... ✓ 62/100 — The talk demonstrates genuine warmth, good narrative instinc
[40/547] dharma_talks S02E01 — Survey of Theravada Buddhism... ✓ 62/100 — This is a substantive and knowledgeable dharma talk with gen
[41/547] dharma_talks S02E02 — Impermanence and Not-self... ✓ 62/100 — The talk demonstrates genuine depth of insight and several e
[42/547] dharma_talks S02E03 — Ethical Behaviour and the Awakening are one... ✓ 62/100 — The talk demonstrates genuine depth of insight and engaging 
[43/547] dharma_talks S02E04 — Wheel of Dependent Origination... ✓ 72/100 — This is a well-structured, engaging dharma talk with genuine
[44/547] dharma_talks S02E05 — Free Will... ✓ 68/100 — This is a genuinely engaging dharma talk with strong narrati
[45/547] dharma_talks S02E06 — Kamma... ✓ 62/100 — The talk demonstrates genuine intellectual depth and some vi
[46/547] dharma_talks S02E07 — Rebirth... ✓ 62/100 — The talk demonstrates genuine intellectual engagement, good 
[47/547] dharma_talks S02E08 — Premodern, Modern, Postmodernism And Buddhism... ✓ 62/100 — 
[48/547] dharma_talks S02E09 — The Buddha as Exemplar and Archetype... ✓ 62/100 — The talk demonstrates genuine narrative engagement and occas
[49/547] dharma_talks S02E10 — Buddhist View of Christ's Teaching... ✓ 62/100 — The talk demonstrates genuine depth of insight and effective
[50/547] dharma_talks S02E11 — Just War... ✓ 62/100 — The talk demonstrates genuine intellectual engagement, effec
[51/547] dharma_talks S02E12 — The Gratification, the Danger and the Escape... ✓ 62/100 — The talk demonstrates genuine structural coherence around th
[52/547] dharma_talks S03E01 — Bodhisatta Before Taking Human Birth... ✓ 62/100 — The talk demonstrates genuine warmth, decent structural cohe
[53/547] dharma_talks S03E02 — Bodhisatta's Birth to Renunciation... ✓ 62/100 — The talk demonstrates genuine warmth, reasonable narrative e
[54/547] dharma_talks S03E03 — Bodhisatta's Training to the Awakening... ✓ 62/100 — The talk demonstrates genuine depth and narrative engagement
[55/547] dharma_talks S03E04 — The Awakening... ✓ 72/100 — This is a substantively rich and well-structured dharma talk
[56/547] dharma_talks S03E05 — The Years of Teaching and Parinibbana... ✓ 62/100 — This is a competent and often engaging dharma talk with genu
[57/547] dharma_talks S04E01 — Meditation and Daily Life... ✓ 62/100 — The talk demonstrates genuine depth of insight and engages s
[58/547] dharma_talks S04E02 — Meditation and the Weekly Group... ✓ 62/100 — The talk demonstrates genuine depth of insight and engaging 
[59/547] dharma_talks S04E03 — The Eightfold Path and Daily Life... ✓ 62/100 — The talk demonstrates genuine breadth of thought and some me
[60/547] dharma_talks S04E04 — Right Livelihood... ✓ 52/100 — This is a warm, personable, and reasonably well-organized dh
[61/547] dharma_talks S05E01 — 1. Starting a Retreat... ✓ 42/100 — The talk has warm, accessible moments and some genuine insig
[62/547] dharma_talks S05E02 — Starting a Retreat... ✓ 42/100 — The talk has a coherent pedagogical structure guiding listen
[63/547] dharma_talks S05E03 — A Detailed Guided Meditation... ✓ 42/100 — This is a competent but largely functional guided meditation
[64/547] dharma_talks S05E04 — Investigative Eating Meditation - an explanation.... ✓ 72/100 — This talk demonstrates genuine literary merit through its vi
[65/547] dharma_talks S05E05 — Investigative Eating: The Practice... ✓ 52/100 — The talk has genuine warmth and some effective illustrations
[66/547] dharma_talks S05E06 — The Mahasi Technique... ✓ 62/100 — The talk demonstrates genuine warmth, good storytelling (the
[67/547] dharma_talks S05E07 — Basics of Insight Meditation 02 (2025)... ✓ 62/100 — The talk demonstrates genuine insight and engaging storytell
[68/547] dharma_talks S05E08 — Basics of Insight Meditation 04... ✓ 62/100 — The talk demonstrates genuine depth of insight and some vivi
[69/547] dharma_talks S05E09 — The Hindrances: The Psychotherapy of Vipassanā... ✓ 62/100 — This is a competent, warm, and often insightful dharma talk 
[70/547] dharma_talks S05E10 — Right Awareness: Introduction to Vipassanā... ✓ 72/100 — This dharma talk demonstrates genuine literary merit through
[71/547] dharma_talks S05E11 — The Seven Factors of Awakening... ✓ 62/100 — The talk demonstrates genuine insight and engaging storytell
[72/547] dharma_talks S05E12 — The Ethical Psychology of the Buddha (Dependent Origination)... ✓ 72/100 — This is a substantively rich and well-organized dharma talk 
[73/547] dharma_talks S05E13 — 8. The Law of Kamma... ✓ 52/100 — The talk demonstrates genuine depth of insight and some effe
[74/547] dharma_talks S05E14 — Living Life according to the Dhamma... ✓ 42/100 — The talk has genuine warmth, occasional vivid illustrations 
[75/547] dharma_talks S05E15 — Guided Mettā... ✓ 28/100 — This is primarily a guided metta meditation with heavily rep
[76/547] dharma_talks S05E16 — Guided Bodycare... ✓ 28/100 — This is primarily a guided meditation with repetitive instru
[77/547] dharma_talks S06E01 — Developing the Factors of Enlightenment... ✓ 62/100 — The talk demonstrates genuine depth and occasional eloquence
[78/547] dharma_talks S06E02 — Exploring Dukkha... ✓ 72/100 — This talk displays genuine eloquence and wit, rich analogies
[79/547] dharma_talks S06E03 — Question & Answer Session... ✓ 62/100 — This Q&A transcript shows genuine depth of insight and some 
[80/547] dharma_talks S06E04 — Revising the Principles of Meditation... ✓ 62/100 — The talk demonstrates genuine insight and warm, conversation
[81/547] dharma_talks S06E05 — The Hindrances... ✓ 62/100 — The talk demonstrates genuine insight and uses some effectiv
[82/547] dharma_talks S07E01 — Practice into Daily Life (Xmas 2006)... ✓ 68/100 — The talk demonstrates genuine warmth, wit, and structural co
[83/547] dharma_talks S07E02 — New Year Reflections... ✓ 52/100 — The talk has a clear four-part structure (the 'S4' framework
[84/547] dharma_talks S08E01 — Q&A Resistance Rebirth and Moral Justice What suffers Mindfulness Apps Spiritual Attainments.To play the media you will need to either update your browser to a recent version or update yourFlash plugin... ✓ 62/100 — This Q&A dharma talk demonstrates genuine depth and occasion
[85/547] dharma_talks S09E01 — 01 The Body - The Buddha's World View and the role of Materiality (rupa).To play the media you will need to either update your browser to a recent version or update yourFlash plugin... ✓ 72/100 — This is a well-structured and intellectually substantive dha
[86/547] dharma_talks S09E02 — 02 The Body - Kayagasati Sutta MN131.To play the media you will need to either update your browser to a recent version or update yourFlash plugin... ✓ 42/100 — The talk has genuine warmth and occasional vivid illustratio
[87/547] dharma_talks S09E03 — Feeling (vedana).To play the media you will need to either update your browser to a recent version or update yourFlash plugin... ✓ 52/100 — The talk demonstrates genuine depth of Buddhist knowledge an
[88/547] dharma_talks S09E04 — Dependent Origination leading to awakening in ordinary Daily life..To play the media you will need to either update your browser to a recent version or update yourFlash plugin... ✓ 52/100 — The talk demonstrates genuine depth of insight and some effe
[89/547] dharma_talks S09E05 — .To play the media you will need to either update your browser to a recent version or update yourFlash pluginDiscourse on the Highest Blessings... ✓ 52/100 — 
[90/547] dharma_talks S09E06 — .To play the media you will need to either update your browser to a recent version or update yourFlash plugin... ✓ 52/100 — The talk has a clear structural scaffold (following the Mang
[91/547] dharma_talks S09E07 — Ethics, Not-self and Liberation.To play the media you will need to either update your browser to a recent version or update yourFlash plugin... ✓ 68/100 — This wide-ranging dharma talk demonstrates genuine philosoph
[92/547] dharma_talks S09E08 — Roads to Power.To play the media you will need to either update your browser to a recent version or update yourFlash plugin... ✓ 42/100 — The talk has an accessible, conversational warmth and some e
[93/547] dharma_talks S09E09 — New Year address on the qualities needed to succeed : The Roads to Success..To play the media you will need to either update your browser to a recent version or update yourFlash plugin... ✓ 42/100 — The talk has moments of warmth, humor, and genuine insight, 
[94/547] dharma_talks S09E10 — The First Discourse on Turning the Wheel of the Dhamma..To play the media you will need to either update your browser to a recent version or update yourFlash plugin... ✓ 52/100 — The talk demonstrates genuine enthusiasm and some vivid stor
[95/547] dharma_talks S09E11 — Scientism : Romanticism : Psychotherapy - and Buddhadhamma.To play the media you will need to either update your browser to a recent version or update yourFlash pluginThere is a lot on the web if you google - scientism.Some books I found especially useful:Scientism. A Word we Need By John Crowburn SJ. Especially useful to people like me who know virtually nothing about science. Though pitched towards Roman Catholics, I did not find it biased when compared to other books I read.Yval N.Hararitwo books:SapiensandHomo Deusretell the whole human story and where we may be heading. Fascinating and again for the general reader. It through this work I finally under stood this mysterious word - algorithm.Romanticism by Thanissaro Bhikkhuis... ✓ 62/100 — This is a reasonably well-structured dharma talk with genuin
[96/547] dharma_talks S09E12 — Kamma, Rebirth and Transcendence : A top down view of the Buddhadhamma..To play the media you will need to either update your browser to a recent version or update yourFlash pluginTwenty Cases Suggestive of Reincarnation - Ian Stevenson... ✓ 55/100 — The talk demonstrates genuine depth of Buddhist knowledge an
[97/547] dharma_talks S09E13 — The Discourse to the Kalama : Discernment, the Ethical Life and Fake News.To play the media you will need to either update your browser to a recent version or update yourFlash plugin... ✓ 62/100 — The talk demonstrates genuine intellectual depth, engaging a
[98/547] dharma_talks S10E01 — Buddha Day Address: What was the mindset of the Bodhisatta when he left his family and what made him carry on?.To play the media you will need to either update your browser to a recent version or update yourFlash plugin... ✓ 62/100 — The talk demonstrates genuine depth of insight and uses some
[99/547] dharma_talks S10E02 — Spiritual progress - stop trying!.To play the media you will need to either update your browser to a recent version or update yourFlash plugin... ✓ 72/100 — This is a substantively rich and well-structured dharma talk
[100/547] dharma_talks S10E04 — The Need for Sangha. community and Q's about Ordinary Daily Life..To play the media you will need to either update your browser to a recent version or update yourFlash plugin... ✓ 52/100 — 
[101/547] dharma_talks S11E01 — Mae Chee Kaew and Resolutions..To play the media you will need to either update your browser to a recent version or update yourFlash plugin... ✓ 62/100 — The talk demonstrates solid structural organization built ar
[102/547] dharma_talks S11E02 — The Three Characteristics..To play the media you will need to either update your browser to a recent version or update yourFlash plugin... ✓ 68/100 — The talk demonstrates genuine depth of insight and effective
[103/547] dharma_talks S11E03 — Buddha Day Address May 2015..To play the media you will need to either update your browser to a recent version or update yourFlash plugin... ✓ 68/100 — The talk demonstrates genuine depth of insight and competent
[104/547] dharma_talks S11E04 — Deconstruction..To play the media you will need to either update your browser to a recent version or update yourFlash plugin... ✓ 72/100 — This is a substantive and well-organized dharma talk with ge
[105/547] dharma_talks S11E05 — Love and All That..To play the media you will need to either update your browser to a recent version or update yourFlash plugin... ✓ 62/100 — The talk demonstrates genuine warmth, conversational wit, an
[106/547] dharma_talks S11E06 — Ethics Not-self and Liberation.To play the media you will need to either update your browser to a recent version or update yourFlash plugin... ✓ 62/100 — This is a wide-ranging, intellectually engaging dharma talk 
[107/547] dharma_talks S12E01 — Contol and loss of Power..To play the media you will need to either update your browser to a recent version or update yourFlash plugin... ✓ 62/100 — The talk demonstrates genuine depth of insight and employs e
[108/547] dharma_talks S12E02 — Q&A Detachment Engagement Motivation Devotion..To play the media you will need to either update your browser to a recent version or update yourFlash plugin... ✓ 52/100 — The talk demonstrates genuine insight and occasional vivid s
[109/547] dharma_talks S12E03 — Basics for Meditation..To play the media you will need to either update your browser to a recent version or update yourFlash plugin... ✓ 62/100 — The talk demonstrates genuine depth of insight and effective
[110/547] dharma_talks S12E04 — Kamma Revisited..To play the media you will need to either update your browser to a recent version or update yourFlash plugin... ✓ 62/100 — The talk demonstrates solid structural organization around t
[111/547] dharma_talks S12E05 — Daily Life Reinforced..To play the media you will need to either update your browser to a recent version or update yourFlash plugin... ✓ 62/100 — The talk demonstrates solid structural organization moving f
[112/547] dharma_talks S12E06 — Refinement,Sublimation and the Eightfold Path..To play the media you will need to either update your browser to a recent version or update yourFlash plugin... ✓ 62/100 — 
[113/547] dharma_talks S12E07 — No Inherent Being..To play the media you will need to either update your browser to a recent version or update yourFlash plugin... ✓ 52/100 — The talk demonstrates genuine philosophical depth and some v
[114/547] dharma_talks S12E08 — Kamma and Free Will..To play the media you will need to either update your browser to a recent version or update yourFlash plugin... ✓ 62/100 — This is a competent and engaging dharma talk with warm story
[115/547] dharma_talks S12E09 — Comments on a Statement by Mae Chee Kaew..To play the media you will need to either update your browser to a recent version or update yourFlash plugin... ✓ 62/100 — 
[116/547] dharma_talks S12E10 — Reiki 10 06 2015..To play the media you will need to either update your browser to a recent version or update yourFlash plugin... ✓ 18/100 — This is essentially a guided Reiki practice session with rep
[117/547] dharma_talks S12E11 — Intro Talk to Bodycare.To play the media you will need to either update your browser to a recent version or update yourFlash plugin... ✓ 62/100 — 
[118/547] dharma_talks S12E12 — Dependent Origination and the Quality of Right Awareness..To play the media you will need to either update your browser to a recent version or update yourFlash plugin... ✓ 62/100 — This is a thoughtful, wide-ranging dharma talk with genuine 
[119/547] dharma_talks S12E13 — Talk at the Re-opening of the Golden Buddha Centre in Totnes..To play the media you will need to either update your browser to a recent version or update yourFlash plugin... ✓ 62/100 — The talk demonstrates genuine depth of insight and employs e
[120/547] dharma_talks S12E14 — The Prognosis is Very Good..To play the media you will need to either update your browser to a recent version or update yourFlash plugin... ✓ 72/100 — This is a substantive and intellectually rich dharma talk wi
[121/547] dharma_talks S13E01 — Importance of Resolution plus.To play the media you will need to either update your browser to a recent version or update yourFlash plugin... ✓ 62/100 — The talk demonstrates genuine depth of Buddhist psychologica
[122/547] dharma_talks S13E02 — Christmas Talk re the Path.To play the media you will need to either update your browser to a recent version or update yourFlash plugin... ✓ 62/100 — The talk demonstrates genuine depth of insight, warm storyte
[123/547] dharma_talks S13E03 — Right Relationship.To play the media you will need to either update your browser to a recent version or update yourFlash plugin... ✓ 62/100 — The talk demonstrates genuine warmth, reasonable structure a
[124/547] dharma_talks S13E04 — How to critique the Dhamma and Buddha.To play the media you will need to either update your browser to a recent version or update yourFlash plugin... ✓ 52/100 — The talk demonstrates genuine breadth of knowledge and some 
[125/547] dharma_talks S13E05 — An Attempt to Understand the teaching of Not-Self.To play the media you will need to either update your browser to a recent version or update yourFlash plugin... ✓ 62/100 — The talk demonstrates genuine philosophical depth and skillf
[126/547] dharma_talks S13E06 — Talk to the European Teachers Meeting How I came to establish a non-community..To play the media you will need to either update your browser to a recent version or update yourFlash plugin... ✓ 42/100 — The talk has genuine charm and narrative engagement through 
[127/547] dharma_talks S14E01 — Happiness.To play the media you will need to either update your browser to a recent version or update yourFlash pluginClick for handout:Towards Well-Being... ✓ 62/100 — The talk demonstrates genuine depth of insight, a warm conve
[128/547] dharma_talks S14E02 — The Body and the Discourse on How to Establish Right Awareness..To play the media you will need to either update your browser to a recent version or update yourFlash plugin... ✓ 62/100 — 
[129/547] dharma_talks S14E03 — Q.&A session: Family Distractions : Selfish to Meditate : Negative Emotions : Suffering on Identification.To play the media you will need to either update your browser to a recent version or update yourFlash plugin... ✓ 52/100 — This Q&A dharma talk shows genuine warmth, practical wisdom,
[130/547] dharma_talks S14E04 — Mindfulness : Time.To play the media you will need to either update your browser to a recent version or update yourFlash plugin... ✓ 62/100 — The talk demonstrates genuine depth of Buddhist insight, eng
[131/547] dharma_talks S14E05 — Monks : Daily Life : Not-Self.To play the media you will need to either update your browser to a recent version or update yourFlash plugin... ✓ 52/100 — This is a wide-ranging, conversational dharma talk with genu
[132/547] dharma_talks S14E06 — Retreats : Attachment : Children and Suffering.To play the media you will need to either update your browser to a recent version or update yourFlash plugin... ✓ 38/100 — This is a conversational Q&A session from a retreat with som
[133/547] dharma_talks S15E01 — New Year Revision of Buddhadhamma Theory and Practice.To play the media you will need to either update your browser to a recent version or update yourFlash plugin... ✓ 62/100 — This is a substantive and well-structured dharma talk with g
[134/547] dharma_talks S15E02 — Hope to Inspire.To play the media you will need to either update your browser to a recent version or update yourFlash plugin... ✓ 62/100 — The talk demonstrates genuine depth of insight and effective
[135/547] dharma_talks S15E03 — Talk at Opening of centre in Ghent.To play the media you will need to either update your browser to a recent version or update yourFlash plugin... ✓ 52/100 — The talk shows genuine warmth, useful analogies (the crow's 
[136/547] dharma_talks S15E04 — The Problem of Identity..To play the media you will need to either update your browser to a recent version or update yourFlash plugin... ✓ 62/100 — The talk demonstrates genuine depth of insight and some vivi
[137/547] dharma_talks S15E05 — The body as Meditative Object..To play the media you will need to either update your browser to a recent version or update yourFlash pluginThe talk above has the last few minutes missing, but makes the main points.... ✓ 62/100 — The talk demonstrates genuine depth of insight and effective
[138/547] dharma_talks S16E01 — 1. Starting a Retreat.To play the media you will need to either update your browser to a recent version or update yourFlash plugin... ✓ 32/100 — The talk is conversational and occasionally charming but lar
[139/547] dharma_talks S16E02 — The Principles and Problems of Vipassana.To play the media you will need to either update your browser to a recent version or update yourFlash plugin... ✓ 72/100 — This is a well-structured, engaging dharma talk with genuine
[140/547] dharma_talks S16E03 — Not-Self Indulgence and all.To play the media you will need to either update your browser to a recent version or update yourFlash plugin... ✓ 62/100 — The talk demonstrates solid structural progression from karm
[141/547] dharma_talks S16E04 — Impulsive or Spontaneous.To play the media you will need to either update your browser to a recent version or update yourFlash plugin... ✓ 72/100 — The talk demonstrates genuine literary merit through vivid m
[142/547] dharma_talks S16E05 — The Body and the Three Characteristics.To play the media you will need to either update your browser to a recent version or update yourFlash plugin... ✓ 62/100 — The talk demonstrates genuine depth of insight and some effe
[143/547] dharma_talks S16E06 — Why noting without stop.To play the media you will need to either update your browser to a recent version or update yourFlash plugin... ✓ 62/100 — The talk demonstrates genuine depth of insight and employs a
[144/547] dharma_talks S16E07 — Why we need a technique.To play the media you will need to either update your browser to a recent version or update yourFlash plugin... ✓ 62/100 — The talk demonstrates genuine insight and some effective ill
[145/547] dharma_talks S16E08 — Subliminal Inclinations, Defilements and Hindrances.To play the media you will need to either update your browser to a recent version or update yourFlash plugin... ✓ 62/100 — The talk demonstrates genuine depth of insight, engaging sto
[146/547] dharma_talks S16E09 — Questions and Answers A Dolly Mixture.To play the media you will need to either update your browser to a recent version or update yourFlash plugin... ✓ 52/100 — The talk shows genuine warmth, accessible analogies (the chi
[147/547] dharma_talks S16E10 — Importance of Metta 24 min.To play the media you will need to either update your browser to a recent version or update yourFlash pluginThese two talks on Kamma are much the same but have a different ending or emphasis.May be worth listening to both after an interval of time between.... ✓ 42/100 — The talk opens with some genuinely effective metaphors (the 
[148/547] dharma_talks S16E11 — The Kamma of Liberation.To play the media you will need to either update your browser to a recent version or update yourFlash plugin... ✓ 62/100 — This is a substantive, wide-ranging dharma talk with genuine
[149/547] dharma_talks S16E12 — The Karma Concerning Liberation.To play the media you will need to either update your browser to a recent version or update yourFlash plugin... ✓ 72/100 — This talk demonstrates genuine rhetorical skill, vivid analo
[150/547] dharma_talks S17E01 — Dignity and the Qualities of a Ruler.To play the media you will need to either update your browser to a recent version or update yourFlash plugin... ✓ 62/100 — The talk shows genuine warmth, decent structural scaffolding
[151/547] dharma_talks S17E02 — Practice in Ordinary Daily Life.To play the media you will need to either update your browser to a recent version or update yourFlash plugin... ✓ 62/100 — The talk demonstrates genuine depth of insight and good stru
[152/547] dharma_talks S17E03 — Samatha-Vipassana.To play the media you will need to either update your browser to a recent version or update yourFlash plugin... ✓ 72/100 — This is a well-structured, engaging dharma talk with genuine
[153/547] dharma_talks S17E04 — Vipassana and or Therapy.To play the media you will need to either update your browser to a recent version or update yourFlash plugin... ✓ 62/100 — The talk demonstrates genuine depth of insight and effective
[154/547] dharma_talks S17E05 — Buddha Day Address with Refuges and Precepts.To play the media you will need to either update your browser to a recent version or update yourFlash plugin... ✓ 38/100 — The talk contains some genuine insight and occasional vivid 
[155/547] dharma_talks S17E06 — Daily Rythms; Fetters, Hindrances and Inclinations; Rebirth.To play the media you will need to either update your browser to a recent version or update yourFlash plugin... ✓ 52/100 — The talk demonstrates genuine depth of insight and engaging 
[156/547] dharma_talks S17E07 — Metta, Applied and Sustained Thought, Buddhamind.To play the media you will need to either update your browser to a recent version or update yourFlash plugin... ✓ 62/100 — The talk demonstrates genuine depth of insight and engaging 
[157/547] dharma_talks S17E08 — Equanimity - Foundation of all Virtue.To play the media you will need to either update your browser to a recent version or update yourFlash plugin... ✓ 62/100 — This is a genuinely engaging dharma talk with effective stor
[158/547] dharma_talks S17E09 — The Mahasi Method.To play the media you will need to either update your browser to a recent version or update yourFlash plugin... ✓ 62/100 — The talk demonstrates genuine insight and warm, accessible s
[159/547] dharma_talks S17E10 — The Sufferings of the Pleasure Syndrome.To play the media you will need to either update your browser to a recent version or update yourFlash plugin... ✓ 63/100 — The talk demonstrates genuine intellectual depth, effective 
[160/547] dharma_talks S17E11 — There is no separation between vipassana and ordinary daily life.To play the media you will need to either update your browser to a recent version or update yourFlash plugin... ✓ 62/100 — This is a competent, warm, and reasonably well-structured dh
[161/547] dharma_talks S17E12 — Q & A Rebirth Identification Emotions etc..To play the media you will need to either update your browser to a recent version or update yourFlash plugin... ✓ 52/100 — This Q&A dharma talk shows genuine depth of insight and some
[162/547] dharma_talks S17E13 — Why didn't the Buddha return to lay life.To play the media you will need to either update your browser to a recent version or update yourFlash plugin... ✓ 62/100 — This is a warm, wide-ranging dharma talk with genuine insigh
[163/547] dharma_talks S17E14 — Revising the principles of vipassana.To play the media you will need to either update your browser to a recent version or update yourFlash plugin... ✓ 68/100 — 
[164/547] dharma_talks S17E15 — Dukkha Unsatisfactoriness et al.To play the media you will need to either update your browser to a recent version or update yourFlash plugin... ✓ 72/100 — This is a genuinely substantive dharma talk with good struct
[165/547] dharma_talks S17E16 — Encouragement October 09.To play the media you will need to either update your browser to a recent version or update yourFlash plugin... ✓ 62/100 — The talk demonstrates genuine depth of insight and some effe
[166/547] dharma_talks S17E17 — The practice and the pitfalls of metta, goodwill practice.To play the media you will need to either update your browser to a recent version or update yourFlash plugin... ✓ 62/100 — The talk demonstrates solid structure, engaging storytelling
[167/547] dharma_talks S18E01 — How Vipassana relates to Daily Life.To play the media you will need to either update your browser to a recent version or update yourFlash plugin... ✓ 62/100 — The talk demonstrates genuine warmth, conversational intelli
[168/547] dharma_talks S18E02 — Samatha and - or Vipassana.To play the media you will need to either update your browser to a recent version or update yourFlash plugin... ✓ 62/100 — The talk demonstrates genuine depth of insight and engaging 
[169/547] dharma_talks S18E03 — Metta: Developing Goodwill.To play the media you will need to either update your browser to a recent version or update yourFlash plugin... ✓ 62/100 — This is a genuinely thoughtful and well-structured dharma ta
[170/547] dharma_talks S18E04 — Karma, Dependent Origination, Virtue and Liberation.To play the media you will need to either update your browser to a recent version or update yourFlash plugin... ✓ 62/100 — The talk demonstrates genuine structural coherence built aro
[171/547] dharma_talks S18E05 — Enthusiam and other questions.To play the media you will need to either update your browser to a recent version or update yourFlash plugin... ✓ 62/100 — This is a competent, warmly conversational dharma talk with 
[172/547] dharma_talks S18E06 — Faith and the Spiritual Life.To play the media you will need to either update your browser to a recent version or update yourFlash plugin... ✓ 72/100 — This is a genuinely skilled dharma talk with warm personal a
[173/547] dharma_talks S18E07 — Revising the principles of vipassana.To play the media you will need to either update your browser to a recent version or update yourFlash plugin... ✓ 68/100 — The talk demonstrates genuine clarity of structure, warm con
[174/547] dharma_talks S18E08 — The Buddha's Quest - A Public Talk.To play the media you will need to either update your browser to a recent version or update yourFlash plugin... ✓ 62/100 — The talk demonstrates genuine warmth, narrative engagement, 
[175/547] dharma_talks S18E09 — The problem lies in the looking.To play the media you will need to either update your browser to a recent version or update yourFlash plugin... ✓ 62/100 — The talk demonstrates genuine depth and competent organizati
[176/547] dharma_talks S18E10 — There is no reason for being!.To play the media you will need to either update your browser to a recent version or update yourFlash plugin... ✓ 72/100 — This talk demonstrates genuine literary merit through a cohe
[177/547] dharma_talks S18E11 — Towards a whole life practice.To play the media you will need to either update your browser to a recent version or update yourFlash plugin... ✓ 62/100 — The talk demonstrates genuine warmth, good storytelling with
[178/547] dharma_talks S19E01 — https://www.satipanya.org.uk/wp-content/uploads/2020/04/Evening-Lockdown-Meditation.mp4... ✓ 28/100 — This transcript consists primarily of chanting, guided metta
[179/547] dharma_talks S19E02 — https://www.satipanya.org.uk/wp-content/uploads/2020/04/01-MN9-Discourse-on-Right-View-Wholesome-and-Unwholesome-Kamma.mp4... ✓ 42/100 — The talk has a warm, conversational tone with occasional viv
[180/547] dharma_talks S19E03 — https://www.satipanya.org.uk/wp-content/uploads/2020/04/02-First-Three-Noble-Truths.mp4... ✓ 42/100 — The talk has a warm, conversational charm and some effective
[181/547] dharma_talks S19E04 — https://www.satipanya.org.uk/wp-content/uploads/2020/04/03-Coronavirus-and-the-Contemplation-of-Death.mp4... ✓ 31/100 — The talk is loosely structured and largely rambling — moving
[182/547] dharma_talks S19E05 — https://www.satipanya.org.uk/wp-content/uploads/2020/04/04-Contemplation-of-Death-Living-more-awake.mp4... ✓ 42/100 — The talk has some genuine insight around death contemplation
[183/547] dharma_talks S19E06 — https://www.satipanya.org.uk/wp-content/uploads/2020/04/05-Contemplation-of-Death-again.mp4... ✓ 38/100 — The talk is conversational and occasionally warm with some v
[184/547] dharma_talks S19E07 — https://www.satipanya.org.uk/wp-content/uploads/2020/04/06-Renunciation-and-Buddhas-First-Occasion-to-Teach.mp4... ✓ 42/100 — The talk has some engaging moments—particularly the readings
[185/547] dharma_talks S19E08 — https://www.satipanya.org.uk/wp-content/uploads/2020/04/07-Setting-the-Wheel-of-the-Dhamma-in-Motion.mp4... ✓ 62/100 — The talk has solid structural organization around the Dhamma
[186/547] dharma_talks S19E09 — https://www.satipanya.org.uk/wp-content/uploads/2020/04/08-Mindfulness-at-work-And-Right-View-Right-Attitude.mp4... ✓ 42/100 — The talk has a conversational, accessible structure with som
[187/547] dharma_talks S19E10 — https://www.satipanya.org.uk/wp-content/uploads/2020/04/09-Right-Speech-Action-and-Livelihood.mp4... ✓ 52/100 — 
[188/547] dharma_talks S19E11 — https://www.satipanya.org.uk/wp-content/uploads/2020/04/10-Grief-1.mp4... ✓ 42/100 — The talk has genuine warmth and some effective moments—the J
[189/547] dharma_talks S19E12 — https://www.satipanya.org.uk/wp-content/uploads/2020/04/11-The-Nutriments-Food-Contact-Volition-and-Consciousness-1.mp4... ✓ 52/100 — The talk demonstrates genuine depth of insight and uses vivi
[190/547] dharma_talks S19E13 — https://www.satipanya.org.uk/wp-content/uploads/2020/04/12-The-Investigation-of-Eating-1.mp4... ✓ 52/100 — The talk has a clear thematic focus on eating meditation wit
[191/547] dharma_talks S19E14 — https://www.satipanya.org.uk/wp-content/uploads/2020/04/13-Discourse-on-the-Taints-MN-2-Overcome-by-seeing-1.mp4... ✓ 42/100 — The talk demonstrates genuine dharmic knowledge and some eng
[192/547] dharma_talks S19E15 — https://www.satipanya.org.uk/wp-content/uploads/2020/04/14-Not-self-Revisited-The-story-of-Sati-MN38-1.mp4... ✓ 52/100 — The talk has genuine pedagogical intent and some engaging mo
[193/547] dharma_talks S19E16 — https://www.satipanya.org.uk/wp-content/uploads/2020/04/15.-The-Discourse-on-Not-self-SN22.6.59.mp4... ✓ 52/100 — The talk has a clear pedagogical structure walking through t
[194/547] dharma_talks S19E17 — https://www.satipanya.org.uk/wp-content/uploads/2020/04/16.-Investigating-Not-self-The-Pratice.mp4... ✓ 52/100 — The talk demonstrates genuine insight and some effective ill
[195/547] dharma_talks S19E18 — https://www.satipanya.org.uk/wp-content/uploads/2020/04/17-Questions-See-Description.mp4... ✓ 42/100 — The talk shows genuine warmth and occasional vivid illustrat
[196/547] dharma_talks S19E19 — https://www.satipanya.org.uk/wp-content/uploads/2020/04/18-Overcoming-the-Taints-by-Restraint.mp4... ✓ 52/100 — The talk has genuine warmth and some effective illustrations
[197/547] dharma_talks S19E20 — https://www.satipanya.org.uk/wp-content/uploads/2020/04/19-Overcoming-the-Taints-by-Using.mp4... ✓ 38/100 — The talk has a warm, conversational tone and some practical 
[198/547] dharma_talks S19E21 — https://www.satipanya.org.uk/wp-content/uploads/2020/04/20-Overcoming-the-Taints-by-Endurance.mp4... ✓ 52/100 — The talk has genuine warmth, engaging personal anecdotes (th
[199/547] dharma_talks S19E22 — https://www.satipanya.org.uk/wp-content/uploads/2020/04/23-The-Ten-Fetters.mp4... ✓ 42/100 — The talk has a clear pedagogical structure and some effectiv
[200/547] dharma_talks S20E01 — Refuges and Precepts with Metta... ✓ 22/100 — This transcript is almost entirely Pali chanting/recitation 
[201/547] dharma_talks S21E01 — Video... ✓ 42/100 — The talk has a clear enough topic and some engaging anecdote
[202/547] dharma_talks S21E02 — Video... ✓ 52/100 — The talk demonstrates genuine intellectual engagement and so
[203/547] dharma_talks S21E03 — Video... ✓ 42/100 — The talk has a warm, conversational tone with some effective
[204/547] dharma_talks S21E04 — Video... ✓ 34/100 — The talk is loosely structured around the five remembrances 
[205/547] dharma_talks S21E05 — Video... ✓ 32/100 — The talk is largely a guided meditation instruction with rep
[206/547] dharma_talks S21E06 — Video... ✓ 32/100 — The talk is loosely structured and conversational with occas
[207/547] dharma_talks S21E07 — Muditā: Cultivating Sympathetic Joy... ✓ 42/100 — The talk has genuine warmth and some effective moments—the W
[208/547] dharma_talks S21E08 — The Five Remembrances: Contemplating Aging, Sickness, Death, Loss, and Kamma... ✓ 38/100 — 
[209/547] dharma_talks S22E01 — 2022 Dec 11 To Love or To Be Loved. That is the question!... ✓ 62/100 — The talk demonstrates genuine warmth, reasonable structure, 
[210/547] dharma_talks S22E02 — Love and Relationship.... ✓ 42/100 — The talk has a warm, conversational tone with some effective
[211/547] dharma_talks S22E03 — Forgiveness is fundamental to purify the heart. Resentment is a poison. Guilt, shame and remorse can be healed. We owe it to ourselves to be able to ask for forgiveness and make amends, to forgive without revenger and to forgive ourselves.Video... ✓ 28/100 — This is primarily a guided meditation with repetitive instru
[212/547] dharma_talks S22E04 — The introduction... ✓ 42/100 — The talk has a clear thematic structure around forgiveness w
[213/547] dharma_talks S22E05 — Karaniya Metta Sutta... ✓ 52/100 — The talk has genuine warmth and some effective moments—the l
[214/547] dharma_talks S23E01 — Video... ✓ 52/100 — The talk has a reasonably clear structure following a Buddhi
[215/547] dharma_talks S23E02 — We often hear about suffering and the end of suffering. We practice metta. But what about joy? How do we increase our joy? And what are the dangers?Video... ✓ 62/100 — The talk has genuine warmth, charming anecdotes (the ascetic
[216/547] dharma_talks S23E03 — 2024 Jan. 21 The importance of Tranquillity Passaddhi:... ✓ 42/100 — The talk has a warm, conversational tone and covers its subj
[217/547] dharma_talks S23E04 — Patient Forebearance... ✓ 52/100 — The talk has a clear thematic structure organizing forbearan
[218/547] dharma_talks S23E05 — Equanimity... ✓ 52/100 — The talk demonstrates reasonable structural organization mov
[219/547] dharma_talks S23E06 — Sympathy, Empathy and Compassion... ✓ 52/100 — The talk has a clear thematic structure and some genuinely i
[220/547] dharma_talks S23E07 — 2023 June 11 Fear and Courage.... ✓ 52/100 — The talk has genuine warmth and some vivid moments (the Cath
[221/547] dharma_talks S23E08 — Apologies! I tried to cover too much ground. However tit will appear as a Tip on the Newsbyte.Video... ✓ 42/100 — The talk has a genuine personal anecdote and some interestin
[222/547] dharma_talks S23E09 — 2023 Oct 01 'Good Friendship, Companionship, Good Comradeship is the Whole of the Spiritual Life.'... ✓ 52/100 — The talk has genuine warmth and some interesting illustratio
[223/547] dharma_talks S23E10 — 2021 Gratitude, Generosity and Renunciation... ✓ 52/100 — The talk has a clear thematic structure around a gratitude-g
[224/547] dharma_talks S23E11 — 2022 Jul 17 Need, Sufficiency and Greed -... ✓ 42/100 — The talk has a clear topical structure around need/sufficien
[225/547] dharma_talks S23E12 — 2025 Apr 06 Renunciation.... ✓ 68/100 — The talk demonstrates solid structure, genuine insight, and 
[226/547] dharma_talks S23E13 — Video... ✓ 62/100 — The talk demonstrates solid structural organization around a
[227/547] dharma_talks S24E01 — Video... ✓ 38/100 — The talk has a clear structural framework (nine Buddha quali
[228/547] dharma_talks S24E02 — The Buddha and War... ✓ 32/100 — The talk has an interesting historical subject but suffers f
[229/547] dharma_talks S24E03 — 2025 May 04 The Buddha as a Teacher.... ✓ 42/100 — The talk has a coherent structure built around a single well
[230/547] dharma_talks S25E01 — 2025 June 08 What was the Buddha's great disovery?... ✓ 62/100 — The talk demonstrates genuine depth of insight and uses some
[231/547] dharma_talks S25E02 — Video... ✓ 52/100 — The talk has a clear narrative arc built around the Kevatta 
[232/547] dharma_talks S25E03 — Video... ✓ 72/100 — The talk demonstrates genuine literary merit through well-ch
[233/547] dharma_talks S26E01 — 2024 April.24 Contemplating the Unpleasantness of the Body.... ✓ 42/100 — The talk has a clear enough structure and some engaging mome
[234/547] dharma_talks S26E02 — 2024 June 23 The Unattractive Nature of the Body... ✓ 38/100 — The talk has a clear three-part structure and includes some 
[235/547] dharma_talks S26E03 — I own my actions. I inherit the results of my actions. I am born of my actions. I form relations through my actions. I live dependent on my actions. Whatever I do for good or for ill, I shall inherit the results.VideoKarma and Rebirth... ✓ 42/100 — The talk has a clear thematic structure around the five karm
[236/547] dharma_talks S26E04 — Karma and Rebirth... ✓ 42/100 — The talk has a sincere, conversational tone and touches on m
[237/547] dharma_talks S26E05 — 2023 Nov 26 The Five Regular Contemplations.... ✓ 52/100 — The talk demonstrates decent organizational structure around
[238/547] dharma_talks S26E06 — 2022 Nov 06 The Contemplation of Death.... ✓ 58/100 — The talk has genuine warmth, accessible structure, and some 
[239/547] dharma_talks S26E07 — The Eight Worldly Winds... ✓ 52/100 — The talk has a clear thematic framework built around the eig
[240/547] dharma_talks S27E01 — The Paradox of Fear... ✓ 42/100 — The talk has a clear thematic arc and makes good use of the 
[241/547] dharma_talks S27E02 — 2025 Jan 12 Dukkha - the Buddha grounds his teaching on this word... ✓ 62/100 — The talk demonstrates decent structure following the Four No
[242/547] dharma_talks S27E03 — 2024 Feb. 25 The crucial role of Desire and Intention.... ✓ 62/100 — The talk demonstrates solid pedagogical structure with the t
[243/547] dharma_talks S27E04 — 2024 July 14 The Four Great Elements... ✓ 62/100 — The talk has a clear pedagogical structure and genuine insig
[244/547] dharma_talks S27E05 — 2024 August 18 The Specific Law of Conditionality... ✓ 52/100 — The talk demonstrates genuine philosophical depth and uses s
[245/547] dharma_talks S27E06 — 2024 September 15 The Dangers of Indulgence... ✓ 52/100 — The talk has a clear structural backbone (five consequences 
[246/547] dharma_talks S27E07 — 2023 Jan. 08 The Four Bases of Power :... ✓ 42/100 — The talk has a clear organizational spine (introducing the f
[247/547] dharma_talks S27E08 — Video... ✓ 62/100 — The talk demonstrates solid structural organization followin
[248/547] dharma_talks S27E09 — 2023 Oct 29 The Spiral Path... ✓ 72/100 — The talk demonstrates solid structure following the spiral p
[249/547] dharma_talks S27E10 — 2021 Four Noble Truths... ✓ 62/100 — The talk demonstrates genuine warmth and moderate depth, wit
[250/547] dharma_talks S27E11 — Dukkha (Unsatisfactoriness and Sila (Morality and Ethics) -... ✓ 42/100 — The talk has a clear enough thematic structure covering dukk
[251/547] dharma_talks S27E12 — Dependent Origination, the Role of desire and the only Choice.... ✓ 48/100 — The talk has a competent structure following dependent origi
[252/547] dharma_talks S27E13 — 2022 Oct 09 Identity and Not-Self.... ✓ 72/100 — This is a well-structured, personally engaging dharma talk w
[253/547] dharma_talks S28E01 — Video... ✓ 38/100 — The talk has a conversational, meandering quality with occas
[254/547] dharma_talks S28E02 — Right Livelihood... ✓ 42/100 — The talk has a warm, conversational tone with occasional eng
[255/547] dharma_talks S28E03 — 2022 Sep 11 Rest for Autumn.... ✓ 38/100 — The talk is a loosely structured, conversational set of prac
[256/547] dharma_talks S29E01 — Bahiya of the Bark Cloth... ✓ 42/100 — The talk has an engaging narrative frame and some interestin
[257/547] dharma_talks S29E02 — 2023 March 05... ✓ 62/100 — The talk demonstrates solid structural organization around t
[258/547] dharma_talks S29E03 — ,... ✓ 58/100 — The talk has a clear narrative thread and engaging storytell
[259/547] dharma_talks S30E01 — 2022 Aug 14 Climate Emergency and the Role of the Dhamma Video... ✓ 32/100 — The talk is loosely structured and meandering, touching on c
[260/547] dharma_talks S30E02 — Non-Violence v. Pacifism... ✓ 52/100 — The talk has a reasonably clear central distinction (nonviol
[261/547] dharma_talks S30E03 — 2022 Apr 17 Noliberalism and Mindfulness... ✓ 52/100 — The talk demonstrates reasonable structure and some effectiv
[262/547] dharma_talks S30E04 — 2022 Jun 19 Social Conditionng or Karma - Our social conditioning is a given, but even so we have to take responsibility for it and cleanse it any unwholesomeness.... ✓ 52/100 — The talk has genuine warmth and some effective personal anec
[263/547] dharma_talks S31E01 — Buddha Day Address : His Training : The Fetters... ✓ 62/100 — The talk demonstrates genuine depth of insight and engaging 
[264/547] dharma_talks S31E02 — ood Friendhship, Good Companionship, Good Comradeship - Ubuntu... ✓ 55/100 — The talk has genuine warmth, interesting use of Ubuntu and t
[265/547] dharma_talks S31E03 — Dependent Origination Revisited... ✓ 62/100 — The talk demonstrates genuine insight and engages effectivel
[266/547] dharma_talks S31E04 — Karma- Specific, Conditionality the Five Laws, ethical behaviour, social karma-Neoliberalism.... ✓ 62/100 — The talk demonstrates genuine intellectual breadth and some 
[267/547] dharma_talks S31E05 — No more ideologies!... ✓ 62/100 — The talk demonstrates genuine intellectual breadth—weaving p
[268/547] dharma_talks S31E06 — The Mahasi Technique and What We Need to Understand to Practice Vipassana.... ✓ 72/100 — This talk demonstrates genuine literary merit through vivid 
[269/547] dharma_talks S31E07 — Dependent Orignation and how all other importnant teachings are included.... ✓ 62/100 — The talk demonstrates genuine depth of insight and engaging 
[270/547] dharma_talks S31E08 — The Axial Age and the Momentous Discovery of the Buddha... ✓ 62/100 — The talk demonstrates genuine depth of insight and engaging 
[271/547] dharma_talks S31E09 — Dependent Orgination is based on Not-Knowing and Innocence... ✓ 62/100 — The talk demonstrates genuine intellectual depth and some vi
[272/547] dharma_talks S31E10 — Khanda, the Agregates, as Person and Sati, Awareness... ✓ 68/100 — This talk demonstrates genuine depth and organizational cohe
[273/547] dharma_talks S31E11 — Misunderstanding re. the Self, Karma and transcendence... ✓ 62/100 — The talk demonstrates genuine depth of insight and effective
[274/547] dharma_talks S31E12 — Q&A Kamma / FreeWill , Metta/attachment, Momentary Concentration (khanika samadhi)... ✓ 52/100 — This Q&A dharma talk shows genuine depth of insight and enga
[275/547] dharma_talks S31E13 — Q&A Emotions: Awareness/Delusion:Insight : Masculine/Feminine : Sense-of-Self : Porridge-itself-has-no-taste.... ✓ 62/100 — This Q&A dharma talk demonstrates genuine conversational dep
[276/547] dharma_talks S32E01 — Angulimala A Monologue 00.54.49 21.9 MB... ✓ 82/100 — This is a remarkably accomplished dramatic monologue with vi
[277/547] noirins_teachings S01E01 — Talk read by Therese Caherty... ✓ 62/100 — This autobiographical dharma talk is genuinely engaging and 
[278/547] noirins_teachings S02E01 — Vipassana Instructions... ✓ 38/100 — This is primarily a guided meditation instruction with repet
[279/547] noirins_teachings S03E01 — The First Noble truth - Impermanence and Unsatisfactoriness... ✓ 62/100 — The talk has a warm, personal narrative quality with an effe
[280/547] noirins_teachings S03E02 — The First noble truth - Not-Self and Unsatisfactoriness... ✓ 62/100 — The talk demonstrates genuine insight and some effective ill
[281/547] noirins_teachings S03E03 — The Second Noble Truth - The Cause of Unsatisfactoriness... ✓ 62/100 — The talk demonstrates solid structural organization around t
[282/547] noirins_teachings S03E04 — The Third Noble Truth - The End of Unsatisfactoriness... ✓ 58/100 — The talk has a genuine warmth and some effective illustratio
[283/547] noirins_teachings S03E05 — The Fourth Noble Truth - The Path Leading to the End of Unsatisfactoriness... ✓ 62/100 — The talk is reasonably well-structured, following the Eightf
[284/547] noirins_teachings S04E01 — Introduction to the Mahasi Meditation Practice - read by Finola O'Siochru... ✓ 72/100 — This is a well-structured, intellectually coherent dharma ta
[285/547] noirins_teachings S04E02 — Hindrances and Factors of Enlightenment - read by Marie Caroll... ✓ 72/100 — This is a well-structured, eloquent dharma talk with vivid a
[286/547] noirins_teachings S04E03 — 1st, 2nd & 3rd Noble Truths: Dukkha, its Cause & Cessation - r... ✓ 72/100 — This is a well-structured, substantive dharma talk with vivi
[287/547] noirins_teachings S04E04 — 4th Noble Truth: Eightfold Path in Daily Life - read by Therese Caherty... ✓ 62/100 — This is a well-structured, practically grounded dharma talk 
[288/547] noirins_teachings S05E01 — The Hindrances - read by Finola O'Siochru... ✓ 72/100 — This talk demonstrates strong literary merit through a well-
[289/547] noirins_teachings S05E02 — The Factors of Enlightenment - read by Finola O'Siochru... ✓ 72/100 — This is a well-structured, genuinely insightful dharma talk 
[290/547] noirins_teachings S05E03 — First Noble Truth: There is Dukkha - read by Finola O'Siochru... ✓ 72/100 — This is a well-structured, thoughtful dharma talk with genui
[291/547] noirins_teachings S05E04 — Second and Third Nobe Truths: Cause and Cessation of Dukkh - read by Finola O'Siochru... ✓ 72/100 — This is a well-structured, genuinely insightful dharma talk 
[292/547] noirins_teachings S05E05 — Fourth Noble Truth: The Path to the End of Dukkha - read by Finola O'Siochru... ✓ 72/100 — This is a well-structured, substantive dharma talk with a co
[293/547] noirins_teachings S05E06 — Foundations for Mindfulness (Satipatthana Sutta) - read by Finola O'Siochru... ✓ 72/100 — This is a well-structured, engaging dharma talk that builds 
[294/547] noirins_teachings S05E07 — Attachment: The Five Khanda - read by Finola O'Siochru... ✓ 78/100 — This talk demonstrates strong literary merit through its sus
[295/547] noirins_teachings S05E08 — Divine Abiding: a. Equanimity - read by Biddy O'Connell... ✓ 72/100 — The talk demonstrates solid structural organization, a genui
[296/547] noirins_teachings S05E09 — Divine Abiding: b. Goodwill, Metta - read by Biddy O'Connell... ✓ 72/100 — This is a well-structured, substantive dharma talk with genu
[297/547] noirins_teachings S05E10 — Divine Abiding, c. Compassion - read by Biddy O'Connell... ✓ 72/100 — This talk demonstrates strong literary merit through vivid e
[298/547] noirins_teachings S05E11 — Divine Abiding, d. Appreciative Joy, Mudita - read by Therese Caherty... ✓ 72/100 — This is a well-structured, genuinely insightful dharma talk 
[299/547] noirins_teachings S05E12 — Sense Contact - The Six Sense Spheres - read by Finola O'Siochru... ✓ 72/100 — This is a well-structured, intellectually engaging dharma ta
[300/547] noirins_teachings S05E13 — Spiritual Faculties - read by Finola O'Siochru... ✓ 72/100 — This is a well-structured, substantive dharma talk with effe
[301/547] noirins_teachings S05E14 — Mindfulness of Breathing - read by Finola O'Siochru... ✓ 62/100 — The talk is well-structured and logically organized with cle
[302/547] noirins_teachings S05E15 — Destruction of Craving a. Tracing back to the origin of Dukkha... ✓ 72/100 — This dharma talk demonstrates solid structural organization 
[303/547] noirins_teachings S05E16 — Destruction of Craving b. Examining each link in the chain... ✓ 72/100 — This is a well-structured, intellectually substantive dharma
[304/547] noirins_teachings S05E17 — Two Kinds of Thought - read by Finola O'Siochru... ✓ 72/100 — This is a well-structured, engaging dharma talk with vivid p
[305/547] noirins_teachings S05E18 — Removal of Distracting Thoughts - read by Finola O'Siochru... ✓ 72/100 — The talk demonstrates strong structural organization with cl
[306/547] noirins_teachings S05E19 — In the Seeing, only the seeing ... (Bahiya Sutta) - read by Finola O'Siochru... ✓ 72/100 — This transcript demonstrates solid literary quality with wel
[307/547] noirins_teachings S05E20 — Greed, Hatred and Delusion as Foundations for Mindfulness... ✓ 72/100 — This is a well-structured, thoughtful dharma talk with stron
[308/547] noirins_teachings S05E21 — Exalted, Unexalted and other Mindstates as Foundations for Mindfulness... ✓ 72/100 — The talk demonstrates strong structural organization with cl
[309/547] noirins_teachings S05E22 — Building a Raft to Cross the Floods of Sensuality and Views... ✓ 72/100 — This is a well-structured, practically grounded dharma talk 
[310/547] noirins_teachings S05E23 — Building a Raft to Cross the Floods of Becoming and Ignorance... ✓ 78/100 — This talk demonstrates strong literary merit through a well-
[311/547] noirins_teachings S05E24 — Beset by Perceptions (Honeyball Sutta)... ✓ 74/100 — This is a genuinely impressive dharma talk with strong struc
[312/547] noirins_teachings S05E25 — The Buddha's Death (Parinibbana Sutta)... ✓ 72/100 — This is a well-structured, intellectually substantive dharma
[313/547] international_talks S01E01 — Méditation Guidée: Debout et Assise... ✓ 28/100 — This is primarily a bilingual (French/English) guided medita
[314/547] international_talks S01E02 — Meditation Guidee Detaillee... ✓ 38/100 — This is primarily a detailed guided meditation instruction t
[315/547] international_talks S01E03 — Méditation Guidée Debout et Assise... ✓ 32/100 — This is primarily a bilingual (French/English) guided medita
[316/547] international_talks S01E04 — Trois compréhensions nécessaires... ✓ 52/100 — The talk has a coherent thematic structure around three Budd
[317/547] international_talks S01E05 — Méditation Debout... ✓ 28/100 — This is primarily a guided meditation with repetitive instru
[318/547] international_talks S01E06 — Méditation Assise... ✓ 28/100 — This is primarily a guided meditation with repetitive instru
[319/547] international_talks S02E01 — La conscience juste, les obstacles comme chemin vers la libération et les trois caractéristiques.... ✓ 52/100 — This bilingual dharma talk (English/French) demonstrates dec
[320/547] international_talks S02E02 — How we use the self and what does it mean for not-self.... ✓ 42/100 — The talk has genuine philosophical depth in exploring the Bu
[321/547] international_talks S03E01 — The Hindrances... ✓ 42/100 — This bilingual (French/English) dharma talk on the five hind
[322/547] international_talks S03E02 — Non-soi... ✓ 42/100 — The talk covers substantive Buddhist doctrine (dukkha, the f
[323/547] international_talks S04E01 — La Libre Volunté... ✓ 52/100 — The talk demonstrates decent philosophical structure in surv
[324/547] international_talks S05E01 — Le Dhamma dans la vie quotidienne ordinaire.... ✓ 52/100 — The talk has a reasonable thematic structure (dukkha typolog
[325/547] international_talks S05E02 — Scientisme Romatisme Bouddhisme... ✓ 52/100 — The talk demonstrates genuine intellectual ambition—surveyin
[326/547] international_talks S07E01 — Une tentative de comprendre le non-soi.... ✓ 52/100 — The talk demonstrates genuine philosophical depth and some e
[327/547] international_talks S07E02 — Retour à l'essentiel.... ✓ 38/100 — The talk has a clear doctrinal framework (Four Noble Truths,
[328/547] international_talks S08E01 — Bonheur... ✓ 52/100 — The talk demonstrates genuine depth and some effective story
[329/547] international_talks S08E02 — L'Esprit Concevoir et les Empêches... ✓ 42/100 — The talk shows genuine depth of insight and some effective a
[330/547] international_talks S09E01 — Metta Bhavana Bienveillance (15 min)(Lausanne Oct 2010)... ✓ 28/100 — This is primarily a guided metta meditation with repetitive 
[331/547] international_talks S09E02 — Nous causons de la souffrance pour nous meme.(Lausanne Oct 2010)... ✓ 52/100 — This bilingual (French/English) dharma talk has decent thema
[332/547] international_talks S09E03 — Le Kamma de la Liberation(Lausanne Oct 2010)... ✓ 52/100 — The talk shows genuine philosophical depth in its treatment 
[333/547] international_talks S10E01 — Les Bases de Vipassana.... ✓ 52/100 — The talk demonstrates genuine depth of insight and some effe
[334/547] international_talks S10E02 — Progres et d'autres sujets.... ✓ 52/100 — The talk shows genuine depth of insight and covers meaningfu
[335/547] international_talks S10E03 — Questions and des Questions Plus.... ✓ 52/100 — The talk demonstrates genuine depth of insight and some effe
[336/547] international_talks S10E04 — Dependant Origination (Belgium Jan 2006)... ✓ 42/100 — The talk offers a reasonably clear structural walkthrough of
[337/547] international_talks S10E05 — The Purpose of Meditation (Belgium Jan 2006)... ✓ 42/100 — The talk presents a reasonably clear structural framework (t
[338/547] international_talks S10E06 — Why the Present Moment is So Important (Geneva May 2006)... ✓ 42/100 — The talk has a coherent central theme (present-moment awaren
[339/547] international_talks S10E07 — Q&A Concerning States of Mind - Sankhara (Geneva May 2006)... ✓ 32/100 — This transcript is a bilingual (French/English) Q&A dharma t
[340/547] international_talks S10E08 — Concerning Buddhist Psychology (Geneva May 2006)... ✓ 42/100 — The talk demonstrates some genuine philosophical insight and
[341/547] international_talks S10E09 — Concerning Metta and Other Questions (Geneva May 2006)... ✓ 28/100 — 
[342/547] international_talks S10E10 — Le Methode de Mahasi Vipassana (Lausanne Oct 2009)... ✓ 52/100 — The talk has genuine warmth and some effective illustrations
[343/547] international_talks S10E11 — Les Empeches de Vipassana (Lausanne Oct 2009)... ✓ 62/100 — The talk demonstrates solid thematic organization around the
[344/547] international_talks S10E12 — Les Facteurs de Liberation (Lausanne Oct 2009)... ✓ 52/100 — The talk shows genuine depth of insight and some effective i
[345/547] international_talks S10E13 — Psychologie de Buddha (Lausanne Oct 2009)... ✓ 52/100 — The talk demonstrates genuine philosophical depth in explain
[346/547] international_talks S11E01 — Entering the Course... ✓ 22/100 — This transcript is a fragmented, heavily repetitive Czech-la
[347/547] international_talks S11E02 — The Mahasi Method... ✓ 32/100 — The talk contains genuine dharmic insight about labeling, in
[348/547] international_talks S11E03 — The Joyful Aspects of Meditation... ✓ 38/100 — The talk has a coherent thematic thread (joy/factors of enli
[349/547] international_talks S11E04 — The Wheel of Dependent Origination... ✓ 38/100 — The talk covers substantive Buddhist psychological teachings
[350/547] international_talks S11E05 — The Perfections... ✓ 42/100 — The talk has a recognizable structure around generosity and 
[351/547] international_talks S11E06 — Karma... ✓ 28/100 — The talk is a loosely structured, heavily repetitive dharma 
[352/547] international_talks S11E07 — Evening Metta Chant and Instructions... ✓ 18/100 — This transcript is predominantly Pali chanting with a brief 
[353/547] international_talks S11E08 — Morning Chant... ✓ 8/100 — This transcript consists almost entirely of Pali/Sanskrit li
[354/547] international_talks S12E01 — Meditazione in Piedi e Seduta... ✓ 28/100 — This is primarily a guided meditation transcript with repeti
[355/547] international_talks S12E02 — Meditazione guidata dettagliata :sometimes use 'save as'... ✓ 52/100 — This Italian guided Vipassana meditation transcript offers r
[356/547] international_talks S12E03 — Mahasi Instructions and Metta Chant... ✓ 42/100 — The talk contains genuine pedagogical depth and some effecti
[357/547] international_talks S12E04 — The Hindrances... ✓ 42/100 — The talk contains genuine insight and some effective illustr
[358/547] international_talks S12E05 — Factors of Enlightenment... ✓ 42/100 — The talk has genuine warmth and some effective illustrations
[359/547] international_talks S12E06 — Dependent Origination... ✓ 42/100 — This bilingual (Italian/English) dharma talk on Dependent Or
[360/547] international_talks S12E07 — Kamma... ✓ 42/100 — The talk demonstrates genuine dharmic insight and some effec
[361/547] international_talks S12E08 — Metta Guidata... ✓ 18/100 — This is predominantly a guided metta meditation with repetit
[362/547] international_talks S12E09 — c. corpo med guidata... ✓ 32/100 — This is primarily a guided body-scan meditation with repetit
[363/547] international_talks S12E10 — Intro. Guarig. corpo med guidata... ✓ 18/100 — This is primarily a guided meditation/body scan instruction 
[364/547] youtube_channel S01E01 — Basics for Insight Meditation 01... ✓ 62/100 — This is a competent and occasionally vivid dharma talk with 
[365/547] youtube_channel S01E02 — 70th Birthday Bhante Bodhidhamma's Life story... ✓ 62/100 — This autobiographical dharma talk demonstrates genuine narra
[366/547] youtube_channel S01E03 — Talk Starting Inaugural Lockdown Evening Meditations 29/03/20... ✓ 28/100 — The talk is an informal, rambling inaugural session with min
[367/547] youtube_channel S01E04 — 02 First Three Noble Truths... ✓ 42/100 — The talk has moments of genuine insight and some effective i
[368/547] youtube_channel S01E05 — 01 MN9 Discourse on Right View  Wholesome and Unwholesome Kamma... ✓ 42/100 — The talk has a warm, conversational tone with some genuine d
[369/547] youtube_channel S01E06 — Evening Lockdown Meditation... ✓ 28/100 — The talk consists primarily of extended chanting passages in
[370/547] youtube_channel S01E07 — 03 Coronavirus and the Contemplation of Death... ✓ 32/100 — The talk is largely rambling and loosely structured, meander
[371/547] youtube_channel S01E08 — 04 Contemplation of Death : Living more awake... ✓ 38/100 — The talk has genuine moments of insight around the contempla
[372/547] youtube_channel S01E09 — 05 Contemplation of Death again!... ✓ 38/100 — The talk has some genuinely engaging moments—the graveyard e
[373/547] youtube_channel S01E10 — 06 Renunciation and Buddha's First Occasion to Teach... ✓ 42/100 — The talk has genuine moments of insight and some engaging na
[374/547] youtube_channel S01E11 — 07 Setting the Wheel of the Dhamma in Motion... ✓ 62/100 — The talk demonstrates genuine depth of insight and engaging 
[375/547] youtube_channel S01E12 — 08 Mindfulness at work And Right View Right Attitude... ✓ 42/100 — The talk has some genuine insight and useful analogies (abso
[376/547] youtube_channel S01E13 — 09 Right Speech, Action and Livelihood... ✓ 52/100 — The talk has a reasonably clear structure following the Eigh
[377/547] youtube_channel S01E14 — 10 Grief... ✓ 52/100 — 
[378/547] youtube_channel S01E15 — 11 The Nutriments: Food, Contact, Volition and Consciousness... ✓ 52/100 — The talk demonstrates genuine insight and some effective use
[379/547] youtube_channel S01E16 — 12 The Investigation of Eating... ✓ 52/100 — The talk has genuine warmth and some vivid illustrations (th
[380/547] youtube_channel S01E17 — 13 Discourse on the Taints MN 2 : Overcome by seeing... ✓ 52/100 — The talk demonstrates genuine depth of Buddhist insight and 
[381/547] youtube_channel S01E18 — 14 Not-self Revisited The story of Sati MN38... ✓ 52/100 — The talk demonstrates genuine insight and some effective rhe
[382/547] youtube_channel S01E19 — 16. Investigating Not-self - The Pratice... ✓ 62/100 — The talk has genuine depth and some vivid illustrative passa
[383/547] youtube_channel S01E20 — 17 Questions  See Description... ✓ 52/100 — The talk demonstrates genuine depth of insight and occasiona
[384/547] youtube_channel S01E21 — 18 Overcoming the Taints by Restraint... ✓ 52/100 — The talk has genuine warmth, some effective illustrations (t
[385/547] youtube_channel S01E22 — 19 Overcoming the Taints by Using... ✓ 38/100 — The talk has a warm, conversational tone with occasional pra
[386/547] youtube_channel S01E23 — 20 Overcoming the Taints by Endurance... ✓ 42/100 — The talk has genuine warmth and some effective illustrative 
[387/547] youtube_channel S01E24 — 21a Overcoming the Taints by Removing 1... ✓ 42/100 — The talk has a clear organizational structure following the 
[388/547] youtube_channel S01E25 — 21b Overcoming the Taints by Removing 2... ✓ 52/100 — 
[389/547] youtube_channel S01E26 — 22 Overcoming the Taints by Developing... ✓ 52/100 — The talk demonstrates genuine insight and some effective ill
[390/547] youtube_channel S01E27 — 23 The Ten Fetters... ✓ 42/100 — The talk has a warm, conversational quality and some effecti
[391/547] youtube_channel S01E28 — 24 Society... ✓ 52/100 — The talk has a reasonable structure moving from personal ane
[392/547] youtube_channel S01E29 — 25 Reflections for an Harmonious Society... ✓ 42/100 — The talk has genuine warmth and some interesting illustrativ
[393/547] youtube_channel S01E30 — 26 More Reflections... ✓ 38/100 — The talk is largely conversational and meandering, touching 
[394/547] youtube_channel S01E31 — 27 What makes a Society Strong?... ✓ 38/100 — The talk has an interesting historical premise around the Bu
[395/547] youtube_channel S01E32 — 28 The Six Sense Bases MN137... ✓ 42/100 — The talk has some genuine moments of insight and accessible 
[396/547] youtube_channel S01E33 — 29 Senses Bases Cont.... ✓ 38/100 — 
[397/547] youtube_channel S01E34 — Metta, Forgiveness and Determination Practice... ✓ 38/100 — This is a guided meditation session with some explanatory fr
[398/547] youtube_channel S01E35 — 01 Reiki with Bryan Lester... ✓ 28/100 — This rambling, loosely structured talk on Reiki and energy p
[399/547] youtube_channel S01E36 — Some Pointers for Metta... ✓ 42/100 — The talk has warm, conversational sincerity and some genuine
[400/547] youtube_channel S01E37 — Bodycare Practice - Metta towards the Body.... ✓ 38/100 — The talk has a clear thematic arc moving from body contempla
[401/547] youtube_channel S01E38 — 02 Reiki with Bryan... ✓ 22/100 — This is a rambling, loosely structured guided Reiki session 
[402/547] youtube_channel S01E39 — Body as Meditation Object... ✓ 42/100 — The talk has moments of genuine insight and some effective u
[403/547] youtube_channel S01E40 — The Basics of Insight Meditation 03... ✓ 52/100 — The talk contains some genuinely evocative illustrations—the
[404/547] youtube_channel S01E41 — 03 Reiki with Bryan... ✓ 22/100 — This rambling transcript of a Reiki session combines guided 
[405/547] youtube_channel S01E42 — 33 Kalama Sutta AN 3.65... ✓ 42/100 — The talk has an interesting structural concept—pairing a mod
[406/547] youtube_channel S01E43 — 35 Canki Sutta MN95... ✓ 42/100 — The talk has an engaging conversational tone with occasional
[407/547] youtube_channel S01E44 — 34 Kalama Discourse cont.... ✓ 42/100 — The talk has a clear enough structure following the Kalama S
[408/547] youtube_channel S01E45 — 36 Canki Sutta cont.... ✓ 38/100 — The talk has a conversational, informal structure with occas
[409/547] youtube_channel S01E46 — 37 Shorter Discourse on Gosinga... ✓ 38/100 — The talk has moments of genuine warmth and practical wisdom,
[410/547] youtube_channel S01E47 — Gaia Standing and Sitting Guided Meditation... ✓ 32/100 — This is a guided meditation transcript with largely repetiti
[411/547] youtube_channel S01E48 — 38 Discourse on the Establishment of Awareness Satipatthana  Sutta MN10... ✓ 42/100 — The talk has genuine depth and occasional vivid moments (the
[412/547] youtube_channel S01E49 — 31b The Body... ✓ 52/100 — The talk shows genuine insight and some effective use of met
[413/547] youtube_channel S01E50 — 39 Discourse on the Establishment of Awareness Satipatthana  Sutta MN10... ✓ 42/100 — The talk has moments of genuine insight and engaging narrati
[414/547] youtube_channel S01E51 — 40 Discourse on the Establishment of Awareness Satipatthana  Sutta MN10... ✓ 42/100 — The talk has moments of genuine narrative engagement (the pe
[415/547] youtube_channel S01E52 — 41 Discourse on the Establishment of Awareness Satipatthana  Sutta MN10... ✓ 38/100 — The talk has some genuine insight and occasional vivid momen
[416/547] youtube_channel S01E53 — 42 Discourse on the Establishment of Awareness Satipatthana  Sutta MN10... ✓ 42/100 — The talk has a clear pedagogical structure following the Sat
[417/547] youtube_channel S01E54 — 43 Discourse on the Establishment of Awareness Satipatthana  Sutta MN10... ✓ 42/100 — The talk demonstrates decent pedagogical structure as it fol
[418/547] youtube_channel S01E55 — 44 The Relay of Chariots MN24... ✓ 52/100 — The talk demonstrates reasonable structure built around the 
[419/547] youtube_channel S01E56 — 45 The Relay of Chariots MN24... ✓ 52/100 — The talk has genuine depth of insight and some engaging stor
[420/547] youtube_channel S01E57 — 50 Dog Ascetic Discourse MN57... ✓ 42/100 — The talk has an engaging narrative core (the MN57 discourse 
[421/547] youtube_channel S01E58 — Gratitude Generosity Renunciation... ✓ 52/100 — The talk has a warm, conversational charm and decent structu
[422/547] youtube_channel S01E59 — Spanish Introduction - Refuges and Precepts, Standing ans Sitting Meditation... ✓ 32/100 — This is primarily a bilingual guided meditation with repetit
[423/547] youtube_channel S01E60 — Saddha Confidence and Trust... ✓ 42/100 — The talk has a coherent thematic focus on saddha and touches
[424/547] youtube_channel S01E61 — Dhp 188 - 192 The Role of Confidence.... ✓ 42/100 — The talk has a warm, conversational tone with some engaging 
[425/547] youtube_channel S01E62 — Dhp 153   154 The Buddha's Victory Verses... ✓ 52/100 — The talk demonstrates genuine insight and uses two effective
[426/547] youtube_channel S01E63 — Dhp 4 Hatred is not overcome with hatred!... ✓ 42/100 — The talk has a warm, conversational tone with some effective
[427/547] youtube_channel S01E64 — Dhp 21 - 23... ✓ 42/100 — The talk has a loose but discernible structure built around 
[428/547] youtube_channel S01E65 — Dhp Chapter 3 - verses 33 & 34 The Unruly Mind... ✓ 42/100 — The talk has a clear structural backbone (verses, story, com
[429/547] youtube_channel S01E66 — Dhp 01 02  Mind is the forerunner... ✓ 52/100 — The talk has a clear structure built around the twin Dhammap
[430/547] youtube_channel S01E67 — Dhp No4 Hatred is not pacified by hatred... ✓ 42/100 — The talk has a warm, conversational tone and a clear central
[431/547] youtube_channel S01E68 — Dhp 256 157  Judgmental v Judicious... ✓ 42/100 — The talk has a clear thematic focus distinguishing 'judgment
[432/547] youtube_channel S01E69 — Dhp 46 How to view the Body... ✓ 52/100 — The talk has a clear thematic structure built around Dhammap
[433/547] youtube_channel S01E70 — The Four Noble Truths... ✓ 62/100 — The talk has genuine warmth, clear thematic structure around
[434/547] youtube_channel S01E71 — The NIne Qualities of the Buddha... ✓ 38/100 — The talk has a clear organizational framework (nine qualitie
[435/547] youtube_channel S01E72 — Dhp 360 362 Restraint... ✓ 52/100 — The talk has a warm, conversational charm with some engaging
[436/547] youtube_channel S01E73 — Dhp 90 The Arahant... ✓ 52/100 — The talk has a warm, conversational tone with occasional viv
[437/547] youtube_channel S01E74 — Vita Quotidiana... ✓ 42/100 — The talk has a warm, conversational quality and occasional m
[438/547] youtube_channel S01E75 — Dukkha Unsatifactoriness and Sila Morality and Ethics... ✓ 42/100 — The talk has a recognizable structure moving through dukkha,
[439/547] youtube_channel S01E76 — Dependent Origination and the Role of Desire and the Only Choice... ✓ 52/100 — The talk demonstrates genuine dharmic insight and some effec
[440/547] youtube_channel S01E77 — Kamma and Rebirth... ✓ 42/100 — The talk has a recognizable structure covering the five laws
[441/547] youtube_channel S01E78 — Gratitude Generosity and Renunciation... ✓ 42/100 — The talk has a warm, conversational tone with some effective
[442/547] youtube_channel S01E79 — Facets of a Love... ✓ 38/100 — The talk has a warm, conversational tone and touches on genu
[443/547] youtube_channel S01E80 — Apamado DHP 22 23 24... ✓ 42/100 — The talk has moments of genuine insight and some engaging st
[444/547] youtube_channel S01E81 — Ageing... ✓ 52/100 — The talk has genuine warmth, an appealing personal voice, an
[445/547] youtube_channel S01E82 — Dhp 152 153 The Inner Critic... ✓ 42/100 — The talk has a warm, conversational tone and some engaging p
[446/547] youtube_channel S01E83 — Sympathy Empathy and Compassion... ✓ 62/100 — The talk has a thoughtful, conversational structure with gen
[447/547] youtube_channel S01E84 — DHP 314-317 From the Chapter on Hell... ✓ 42/100 — The talk has some genuine moments of insight—particularly th
[448/547] youtube_channel S01E85 — Non-Violence is not Pacificism... ✓ 42/100 — The talk has an interesting central distinction (non-violenc
[449/547] youtube_channel S01E86 — Neoliberalism and Mindfulness... ✓ 52/100 — The talk demonstrates genuine intellectual engagement with a
[450/547] youtube_channel S01E87 — The Buddha and War.... ✓ 52/100 — 
[451/547] youtube_channel S01E88 — Need Sufficiency and Greed... ✓ 34/100 — The talk is conversational and occasionally charming but lar
[452/547] youtube_channel S01E89 — Social Conditioning or Karma... ✓ 42/100 — The talk has a clear central thesis distinguishing social co
[453/547] youtube_channel S01E90 — Climate Emergency... ✓ 32/100 — The talk is loosely structured and conversational, touching 
[454/547] youtube_channel S01E91 — Reset for Autumn... ✓ 32/100 — The talk is a loosely structured, conversational series of p
[455/547] youtube_channel S01E92 — Identity and Not-Self... ✓ 72/100 — This talk demonstrates genuine literary merit through its vi
[456/547] youtube_channel S01E93 — The Contemplation of Death... ✓ 62/100 — The talk demonstrates genuine warmth, wit, and accessible wi
[457/547] youtube_channel S01E94 — To Love or To Be Loved. That is the question.... ✓ 62/100 — The talk demonstrates genuine intellectual engagement—drawin
[458/547] youtube_channel S01E95 — The Bases of Success... ✓ 42/100 — The talk has a clear enough structure built around the four 
[459/547] youtube_channel S01E96 — Bahiya of the Bark Cloth... ✓ 42/100 — The talk has moments of genuine insight and interesting comp
[460/547] youtube_channel S01E97 — The Discourse on Bahiya of the Bark Cloth Ud.1.10... ✓ 62/100 — The talk demonstrates solid structural organization around t
[461/547] youtube_channel S01E98 — Joy... ✓ 52/100 — The talk has genuine warmth, engaging anecdotes (the ascetic
[462/547] youtube_channel S01E99 — Is the Buddha and athiest?... ✓ 42/100 — The talk presents an interesting philosophical inquiry with 
[463/547] youtube_channel S01E100 — Fear and Courage... ✓ 52/100 — The talk has a clear six-part organizational framework and m
[464/547] youtube_channel S01E101 — Patience... ✓ 52/100 — The talk has a clear thematic structure around patience/forb
[465/547] youtube_channel S01E102 — Equanimity - The most important of all virtues.... ✓ 52/100 — The talk demonstrates genuine structural organization and so
[466/547] youtube_channel S01E103 — Compassion and its subtle enemies.... ✓ 52/100 — The talk shows genuine warmth, solid structural intent, and 
[467/547] youtube_channel S01E104 — Good Friendship, Good Companionship, Good Comradship is the whole of the Spiritual Life... ✓ 52/100 — The talk has genuine warmth and some effective illustrations
[468/547] youtube_channel S01E105 — The Five Constant Contemplations... ✓ 42/100 — The talk has a reasonably clear structure organized around t
[469/547] youtube_channel S01E106 — Retreat Start Standing and Walking Meditation... ✓ 32/100 — This is primarily a guided meditation script with repetitive
[470/547] youtube_channel S01E107 — The Discourse Developing Loving Kindness... ✓ 42/100 — The talk has a warm, conversational tone with occasional gen
[471/547] youtube_channel S01E108 — The Importance of Tranquillity... ✓ 42/100 — The talk has a clear enough topic and some genuine insight, 
[472/547] youtube_channel S01E109 — The Crucial Importance of Desire and Intention.... ✓ 62/100 — The talk demonstrates solid structural organization around t
[473/547] youtube_channel S01E110 — Satipanya Opening Ceremony 30th June 2007... ✓ 22/100 — The transcript consists primarily of ritual chanting, admini
[474/547] youtube_channel S01E111 — Ceremony to Bless the Stupa   June 26th 2011   Pt 1... ✓ 12/100 — This transcript consists almost entirely of Pali/Sanskrit ch
[475/547] youtube_channel S01E112 — Ceremony to Bless the Stupa   June 26th 2011   Pt 2... ✓ 18/100 — The transcript consists almost entirely of repetitive Pali c
[476/547] youtube_channel S01E113 — Ceremony to Bless the Stupa   June 26th 2011   Pt 3... ✓ 28/100 — This transcript is primarily a ceremonial event recording fe
[477/547] youtube_channel S01E114 — 15. The Discourse on Not-self SN22.6.59... ✓ 42/100 — The talk has a warm, conversational quality and some effecti
[478/547] youtube_channel S01E115 — Upali is converted by the Buddha MN56... ✓ 52/100 — The talk has a clear narrative thread and engaging storytell
[479/547] youtube_channel S01E116 — Contemplating the Unpleasantness of the Body: Why and How.... ✓ 42/100 — The talk has a clear pedagogical purpose and some engaging s
[480/547] youtube_channel S01E117 — The Buddha's Alter Ego... ✓ 32/100 — The talk has an interesting conceptual premise (the Buddha's
[481/547] youtube_channel S01E118 — The Unattractive Nature of the Body... ✓ 38/100 — The talk has a clear three-part structure and includes some 
[482/547] youtube_channel S01E119 — The Four Great Elements... ✓ 52/100 — The talk has genuine pedagogical clarity and some effective 
[483/547] youtube_channel S01E120 — The Specific Law of Conditionality... ✓ 52/100 — The talk demonstrates genuine intellectual depth and good us
[484/547] youtube_channel S01E121 — The Dangers of Indulgence... ✓ 62/100 — The talk has a reasonably clear structure with enumerated co
[485/547] youtube_channel S01E122 — Reflections and Contemplative Practice of Kamma... ✓ 52/100 — The talk has genuine warmth, some effective illustrations (t
[486/547] youtube_channel S01E123 — Forgiveness... ✓ 42/100 — The talk has a clear thematic structure and some effective i
[487/547] youtube_channel S01E124 — The Basics of Insight Meditation 02... ✓ 52/100 — The talk demonstrates genuine insight and engaging storytell
[488/547] youtube_channel S01E125 — Dukkha - Basic Premise of the Buddhadhamma... ✓ 52/100 — The talk has a clear pedagogical structure moving from etymo
[489/547] youtube_channel S01E126 — Non-Violence is not Pacifism... ✓ 42/100 — The talk has an interesting and relevant premise—distinguish
[490/547] youtube_channel S01E127 — The Eight Worldly Conditions... ✓ 42/100 — The talk has a clear organizational framework (the eight wor
[491/547] youtube_channel S01E128 — The Paradox of Fear... ✓ 42/100 — The talk has a coherent thematic arc moving from fear's root
[492/547] youtube_channel S01E129 — Renunciation : The Path to Liberation... ✓ 58/100 — The talk demonstrates genuine wisdom and some effective rhet
[493/547] youtube_channel S01E130 — The Buddha as a Teacher The Discourse on Malunkyaputta... ✓ 52/100 — The talk demonstrates solid structural organization and good
[494/547] youtube_channel S01E131 — What was the Great Discovery by the Buddha... ✓ 62/100 — The talk demonstrates genuine depth of insight and effective
[495/547] youtube_channel S01E132 — Where do the elements cease without remainder?... ✓ 52/100 — The talk demonstrates genuine insight and engaging storytell
[496/547] youtube_channel S01E133 — Extinguishing the Housebuilder... ✓ 72/100 — The talk demonstrates genuine intellectual depth and structu
[497/547] youtube_channel S01E134 — Hope Aspiration Expectation... ✓ 52/100 — The talk demonstrates genuine insight and covers meaningful 
[498/547] youtube_channel S01E135 — Topics of Discussion... ✓ 52/100 — The talk offers a reasonably clear structure following a sut
[499/547] youtube_channel S01E136 — Practising the Five Remembrances... ✓ 28/100 — The talk is largely a rambling, conversational guided medita
[500/547] youtube_channel S01E137 — Revsing the Basics... ✓ 62/100 — The talk shows genuine warmth, intellectual breadth, and som
[501/547] youtube_channel S01E138 — The Necessity of Joy... ✓ 52/100 — The talk has genuine warmth and some effective moments—the B
[502/547] youtube_channel S01E139 — Polarisation... ✓ 52/100 — The talk demonstrates genuine insight and competent structur
[503/547] youtube_channel S01E140 — Dullness and Lethargy... ✓ 42/100 — The talk has a clear enough topic and some engaging moments 
[504/547] youtube_channel S01E141 — Adhitthana Determination... ✓ 52/100 — The talk has a warm, conversational tone with some effective
[505/547] youtube_channel S01E142 — The Four Clingings... ✓ 52/100 — The talk has a clear organizational backbone (the four cling
[506/547] youtube_channel S01E143 — The Buddha's Use of Similes... ✓ 62/100 — The talk demonstrates genuine engagement with rich Buddhist 
[507/547] youtube_channel S01E144 — Restraint (Saṃvara)... ✓ 52/100 — The talk demonstrates a genuine structural framework (the ca
[508/547] retreat_talks S01E01 — Detailed Guided Meditation... ✓ 52/100 — The talk is well-structured and uses some effective analogie
[509/547] retreat_talks S01E02 — Starting a Retreat... ✓ 52/100 — The talk has a warm, accessible voice with occasional flashe
[510/547] retreat_talks S01E03 — Abiding in the Present Moment Developing Equanimity... ✓ 52/100 — The talk has a pleasant meditative flow and some genuinely e
[511/547] retreat_talks S01E04 — Detailed Guided Meditation... ✓ 62/100 — This guided meditation transcript demonstrates notably above
[512/547] retreat_talks S01E05 — Assisted Meditation... ✓ 28/100 — This is a functional guided meditation with repetitive instr
[513/547] retreat_talks S01E06 — Heartcare Metta Meditation... ✓ 28/100 — This is predominantly a guided metta meditation with highly 
[514/547] retreat_talks S01E07 — Bodycare Meditation... ✓ 32/100 — This is primarily a guided meditation with highly repetitive
[515/547] retreat_talks S02E01 — Eating meditation... ✓ 52/100 — The talk has genuine insight and some effective illustration
[516/547] retreat_talks S02E02 — Morning Chant with Refuges and Precepts... ✓ 12/100 — This is almost entirely Pali liturgical chanting with minima
[517/547] retreat_talks S02E03 — Evening Metta Chant... ✓ 12/100 — This is almost entirely Pali chanting with minimal spoken En
[518/547] retreat_talks S03E01 — The Technique... ✓ 72/100 — This is a well-structured, intellectually substantive dharma
[519/547] retreat_talks S03E02 — The Hindrances... ✓ 72/100 — This is a well-structured, substantive dharma talk with genu
[520/547] retreat_talks S03E03 — The Factors of Enlightenment... ✓ 72/100 — The talk demonstrates solid literary merit with effective us
[521/547] retreat_talks S03E04 — The Pleasure Syndrome dukkha... ✓ 74/100 — This is a well-structured and intellectually engaging dharma
[522/547] retreat_talks S03E05 — The Characteristic of Impermanence... ✓ 78/100 — This is a well-structured, rhetorically skilled dharma talk 
[523/547] retreat_talks S03E06 — Anatta Not self... ✓ 72/100 — This is a well-structured, intellectually substantial dharma
[524/547] retreat_talks S03E07 — Living Life according to the Dhamma... ✓ 62/100 — The talk has a warm, conversational authority and some genui
[525/547] retreat_talks S03E08 — Mahasi Talk... ✓ 52/100 — This transcript is a clear, well-organized practical instruc
[526/547] retreat_talks S03E09 — Vedana Feeling... ✓ 72/100 — This is a substantive, well-structured dharma talk with genu
[527/547] retreat_talks S03E10 — Is Awareness Enough... ✓ 72/100 — This talk demonstrates solid structural organization around 
[528/547] retreat_talks S03E11 — Eroticism Romance Love Distraction and Boredom... ✓ 62/100 — The talk demonstrates genuine depth of insight and engaging 
[529/547] retreat_talks S03E12 — The Perfections Turned Inward... ✓ 72/100 — This talk demonstrates genuine literary merit through vivid 
[530/547] retreat_talks S03E13 — Faith... ✓ 72/100 — This is a well-structured, thoughtful dharma talk with genui
[531/547] retreat_talks S03E14 — Revising the principles of vipassana... ✓ 72/100 — The talk demonstrates genuine depth and solid rhetorical ski
[532/547] retreat_talks S03E15 — Fear... ✓ 72/100 — This talk demonstrates genuine depth and clarity in its cent
[533/547] retreat_talks S03E16 — Foregiveness... ✓ 72/100 — This talk demonstrates solid structural organization, effect
[534/547] retreat_talks S03E17 — The Gratification, the Danger and the Escape... ✓ 72/100 — This is a genuinely thoughtful and well-structured dharma ta
[535/547] retreat_talks S03E18 — Karma... ✓ 78/100 — This is a richly structured and eloquent dharma talk with vi
[536/547] retreat_talks S03E19 — Rebirth... ✓ 62/100 — The talk is reasonably well-organized around a question-and-
[537/547] retreat_talks S03E20 — The Illimitables... ✓ 72/100 — This talk demonstrates considerable rhetorical skill and gen
[538/547] retreat_talks S04E01 — The Ten Fetters... ✓ 72/100 — The talk demonstrates genuine pedagogical skill with vivid, 
[539/547] retreat_talks S04E02 — The Awakening... ✓ 62/100 — The talk demonstrates genuine structural coherence and some 
[540/547] retreat_talks S04E03 — The Years of Teaching and Parinibbana... ✓ 72/100 — This talk demonstrates solid narrative engagement through we
[541/547] retreat_talks S04E04 — Ethical Behaviour and the Awakening are one... ✓ 62/100 — The talk demonstrates genuine depth of insight and engaging 
[542/547] retreat_talks S04E05 — The Buddha as Exemplar and Archetype... ✓ 72/100 — This is a genuinely engaging dharma talk with strong narrati
[543/547] retreat_talks S04E06 — Meditation and Ordinary Daily Life... ✓ 72/100 — The talk demonstrates genuine intellectual depth, vivid ever
[544/547] retreat_talks S04E07 — Free Will... ✓ 72/100 — The talk demonstrates genuine intellectual depth and engagin
[545/547] retreat_talks S04E08 — Karma Specific Conditionality the Five Laws ethical behaviour social karma Neoliberalism... ✓ 62/100 — The talk demonstrates genuine intellectual range and some vi
[546/547] retreat_talks S04E09 — Right Livelihood... ✓ 62/100 — The talk demonstrates solid structure following the Four Nob
[547/547] retreat_talks S04E10 — Chi Gong min guidance... ✓ 8/100 — This is essentially a guided movement/Chi Gong instruction t

Terminé : 547 scorés, 0 erreurs
Catalogue sauvegardé dans /home/freedomfighter/code/traduction/satipanya-podcast/catalog.json
============================================================
PASS 4: Merging into catalog.json
============================================================
  ✓ Updated bhante_essays: 34 episodes
  ✓ Updated noirin_essays: 32 episodes
  ✓ Updated tips_of_the_day: 168 episodes

✓ Catalog saved: /home/freedomfighter/code/traduction/satipanya-podcast/catalog.json
============================================================
Building Satipanya book collection (PDF + EPUB + DOCX)
============================================================

  Guided Meditations...
    ⏭ PDF: no beautified transcripts yet
    ⏭ EPUB: no beautified transcripts yet
    ⏭ DOCX: no beautified transcripts yet

  A Foundation Course in Buddhism...
    ✓ PDF: 21 chapters, 1.8 MB
    ✓ EPUB: 21 chapters, 0.2 MB
    ✓ DOCX: 21 chapters, 0.2 MB

  DhammaBytes...
    ⏭ PDF: no beautified transcripts yet
    ⏭ EPUB: no beautified transcripts yet
    ⏭ DOCX: no beautified transcripts yet

  Dharma Talks...
    ✓ PDF: 255 chapters, 23.7 MB
    ✓ EPUB: 255 chapters, 2.6 MB
    ✓ DOCX: 255 chapters, 2.3 MB

  Noirin's Teachings...
    ✓ PDF: 36 chapters, 3.5 MB
    ✓ EPUB: 36 chapters, 0.4 MB
    ✓ DOCX: 36 chapters, 0.4 MB

  International Talks...
    ✓ PDF: 51 chapters, 4.1 MB
    ✓ EPUB: 51 chapters, 0.4 MB
    ✓ DOCX: 51 chapters, 0.3 MB

  YouTube Talks...
    ✓ PDF: 144 chapters, 11.4 MB
    ✓ EPUB: 144 chapters, 0.9 MB
    ✓ DOCX: 144 chapters, 0.8 MB

  Bhante's Essays...
    ✓ PDF: 33 chapters, 2.7 MB
    ✓ EPUB: 33 chapters, 0.2 MB
    ✓ DOCX: 33 chapters, 0.2 MB

  Noirin's Essays...
    ✓ PDF: 32 chapters, 2.2 MB
    ✓ EPUB: 32 chapters, 0.1 MB
    ✓ DOCX: 32 chapters, 0.1 MB

  Tips of the Day...
    ✓ PDF: 168 chapters, 11.1 MB
    ✓ EPUB: 168 chapters, 0.4 MB
    ✓ DOCX: 168 chapters, 0.3 MB

  Retreat Talks...
    ✓ PDF: 40 chapters, 3.7 MB
    ✓ EPUB: 40 chapters, 0.4 MB
    ✓ DOCX: 40 chapters, 0.4 MB

  Selected Talks...
    ✓ PDF: 120 chapters, 9.4 MB
    ✓ EPUB: 120 chapters, 0.7 MB
    ✓ DOCX: 120 chapters, 0.6 MB

============================================================
Books output: /home/freedomfighter/code/traduction/satipanya-podcast/site/books/
============================================================
Font MPDFAA+NotoSerif is missing the following glyphs: '🙂' (\U0001f642)
Font MPDFAA+NotoSerif is missing the following glyphs: '😉' (\U0001f609), '🤨' (\U0001f928), '🤯' (\U0001f92f), '🤔' (\U0001f914)
============================================================
Building Satipanya Dharma Library static site
============================================================
  ✓ style.css
  ✓ covers/ (8 images)
  ✓ favicon.png + apple-touch-icon.png
  ✓ 11 RSS feeds (*.xml)
  ✓ selected/ (120 talks)
  ✓ index.html
  ✓ dharma-talks/ (index + 255 episodes, 255 PDFs/EPUBs/DOCXs)
  ✓ youtube-talks/ (index + 144 episodes, 144 PDFs/EPUBs/DOCXs)
  ✓ noirins-teachings/ (index + 36 episodes, 36 PDFs/EPUBs/DOCXs)
  ✓ dhammabytes/ (index + 0 episodes, 0 PDFs/EPUBs/DOCXs)
  ✓ guided-meditations/ (index + 0 episodes, 0 PDFs/EPUBs/DOCXs)
  ✓ foundation-course/ (index + 21 episodes, 21 PDFs/EPUBs/DOCXs)
  ✓ international-talks/ (index + 51 episodes, 51 PDFs/EPUBs/DOCXs)
  ✓ bhante-essays/ (index + 33 episodes, 33 PDFs/EPUBs/DOCXs)
  ✓ noirin-essays/ (index + 32 episodes, 32 PDFs/EPUBs/DOCXs)
  ✓ tips-of-the-day/ (index + 168 episodes, 168 PDFs/EPUBs/DOCXs)
  ✓ retreat-talks/ (index + 40 episodes, 40 PDFs/EPUBs/DOCXs)
  ✓ search-index.json (780 entries, 3190 KB)
  ✓ search.html
  ✓ topics/ (1149 topics, index 1759 KB)

============================================================
Site built: 780 episode pages, 780 PDFs, 6 feed pages
Output: /home/freedomfighter/code/traduction/satipanya-podcast/site/
============================================================
╔══════════════════════════════════════════════════════════╗
║       Satipanya Dharma Library — Full Update            ║
╚══════════════════════════════════════════════════════════╝

============================================================
  Pass 1: Scraping catalog (site + YouTube)
============================================================


  ✓ Pass 1: Scraping catalog (site + YouTube) done (2m16s)

============================================================
  Pass 1b: Scanning local retreat files
============================================================


  ✓ Pass 1b: Scanning local retreat files done (0m00s)

============================================================
  Pass 1c: Probing local retreat files
============================================================


  ✓ Pass 1c: Probing local retreat files done (0m00s)

============================================================
  Pass 2: Probing new files
============================================================


  ✓ Pass 2: Probing new files done (19m42s)

============================================================
  Pass 3: Transcribing (WhisperX)
============================================================


  ✓ Pass 3: Transcribing (WhisperX) done (13m45s)

============================================================
  Pass 3a: Transcribing retreat files (WhisperX)
============================================================


  ✓ Pass 3a: Transcribing retreat files (WhisperX) done (0m07s)

============================================================
  Pass 3b: Merging retreat catalog
============================================================


  ✓ Pass 3b: Merging retreat catalog done (0m00s)

============================================================
  Pass 4: Generating descriptions
============================================================


  ✓ Pass 4: Generating descriptions done (3m50s)

============================================================
  Pass 5: Generating feeds
============================================================


  ✓ Pass 5: Generating feeds done (0m00s)

============================================================
  Pass 6: Beautifying transcripts
============================================================


  ✓ Pass 6: Beautifying transcripts done (28m44s)

============================================================
  Pass 6a: Scraping essays
============================================================


  ✓ Pass 6a: Scraping essays done (0m12s)

============================================================
  Pass 6b: Describing essays
============================================================


  ✓ Pass 6b: Describing essays done (0m00s)

============================================================
  Pass 6c: Scoring literary quality
============================================================


  ✓ Pass 6c: Scoring literary quality done (40m51s)

============================================================
  Pass 6d: Merging text catalog
============================================================


  ✓ Pass 6d: Merging text catalog done (0m00s)

============================================================
  Pass 7: Building books (PDF + EPUB)
============================================================


  ✓ Pass 7: Building books (PDF + EPUB) done (3m18s)

============================================================
  Pass 8: Building website + PDFs
============================================================


  ✓ Pass 8: Building website + PDFs done (1m55s)

╔══════════════════════════════════════════════════════════╗
║                    Update complete                      ║
╚══════════════════════════════════════════════════════════╝
