============================================================
PASS 1: Building catalog from satipanya.org.uk
============================================================

[1/18] /audio-video/ → guided_meditations
  Fetching https://www.satipanya.org.uk/audio-video/ ...
  Found 10 audio links
  Season: "Guided Meditations" (10 episodes)

[2/18] /chanting/ → guided_meditations
  Fetching https://www.satipanya.org.uk/chanting/ ...
  Found 6 audio links
  Season: "Chanting" (6 episodes)

[3/18] /audio-video/dhammabytes/ → dhammabytes
  Fetching https://www.satipanya.org.uk/audio-video/dhammabytes/ ...
  Found 77 audio links
  Season: "Approaching the Dhamma" (4 episodes)
  Season: "The Buddha from Birth to First Teaching" (4 episodes)
  Season: "Section One : Pali Words" (12 episodes)
  Season: "Parami - The Perfections" (8 episodes)
  Season: "Brahmavihara - Sublime Abodes : The Illimitables" (4 episodes)
  Season: "The Refuges" (3 episodes)
  Season: "Khanda - The Aggregates" (6 episodes)
  Season: "Paticca Samuppada - Dependent Origination" (6 episodes)
  Season: "The First Discourse: The Turning of the Wheel of the Law" (7 episodes)
  Season: "The Second Discourse on Not-Self" (3 episodes)
  Season: "Chapter I : The Human Condition" (12 episodes)
  Season: "Chapter IV : The Happiness Visible in the Present Life - Buddha's Teaching for Lay People" (8 episodes)

[4/18] /audio-video/a-foundation-course-in-buddhism/ → foundation_course
  Fetching https://www.satipanya.org.uk/audio-video/a-foundation-course-in-buddhism/ ...
  Found 10 audio links
  Season: "Part 1 — The Four Noble Truths" (10 episodes)

[5/18] /audio-video/a-foundation-course-in-buddhism-part-2/ → foundation_course
  Fetching https://www.satipanya.org.uk/audio-video/a-foundation-course-in-buddhism-part-2/ ...
  Found 11 audio links
  Season: "Part 2 — Deepening Understanding" (11 episodes)

[6/18] /audio-video/a-collection-of-talks/ → dharma_talks
  Fetching https://www.satipanya.org.uk/audio-video/a-collection-of-talks/ ...
  Found 45 audio links
  Season: "On Practice" (22 episodes)
  Season: "Reflections" (14 episodes)
  Season: "On the Buddha" (5 episodes)
  Season: "Daily Life" (4 episodes)

[7/18] /audio-video/gaia-house-retreat-2011/ → dharma_talks
  Fetching https://www.satipanya.org.uk/audio-video/gaia-house-retreat-2011/ ...
  Found 16 audio links
  DEDUP: skipping Investigative Eating the practice...
  Season: "Gaia House Retreat 2011" (15 episodes)

[8/18] /audio-video/christmas-at-sharpham-2005/ → dharma_talks
  Fetching https://www.satipanya.org.uk/audio-video/christmas-at-sharpham-2005/ ...
  Found 5 audio links
  Season: "Christmas at Sharpham 2005" (5 episodes)

[9/18] /christmas-and-new-year-20067/ → dharma_talks
  Fetching https://www.satipanya.org.uk/christmas-and-new-year-20067/ ...
  Found 2 audio links
  Season: "Christmas & New Year 2006/7" (2 episodes)

[10/18] /audio-video/recent-talks/ → dharma_talks
  Fetching https://www.satipanya.org.uk/audio-video/recent-talks/ ...
  Found 102 audio links
  DEDUP: skipping 2. Right Awareness Intro.to Vipassana.To play the ...
  DEDUP: skipping 3. The Mahasi Technique.To play the media you will...
  DEDUP: skipping 4. The Hindrances The Psychotherapy of Vipassana.T...
  DEDUP: skipping 5. The Seven Factors of Awakening.To play the medi...
  DEDUP: skipping 6. The Ethical Psychology of the Buddha.To play th...
  DEDUP: skipping 7. The Law of Kamma.To play the media you will nee...
  DEDUP: skipping 8. Living Life according to the Dhamma.To play the...
  Season: "2019" (1 episodes)
  Season: "Miscellaneous" (6 episodes)
  Season: "2018" (7 episodes)
  Season: "2016" (4 episodes)
  Season: "2015" (6 episodes)
  Season: "2014" (14 episodes)
  Season: "2013" (6 episodes)
  Season: "2012" (6 episodes)
  Season: "2011" (5 episodes)
  Season: "Gaia House Retreat 2011" (12 episodes)
  Season: "2009" (17 episodes)
  Season: "2008" (11 episodes)

[11/18] /coronavirus-lockdown-talks-and-meditation/ → dharma_talks
  Fetching https://www.satipanya.org.uk/coronavirus-lockdown-talks-and-meditation/ ...
  Found 22 audio links
  Season: "Coronavirus Lockdown 2020" (22 episodes)

[12/18] /full-moon-observance-day/ → dharma_talks
  Fetching https://www.satipanya.org.uk/full-moon-observance-day/ ...
  Found 61 audio links
  Season: "Refuges and Precepts with Metta" (1 episodes)
  Season: "Most Recent" (6 episodes)
  Season: "Metta" (5 episodes)
  Season: "The Perfections Parami and other Virtues" (13 episodes)
  Season: "The Buddha" (3 episodes)
  Season: "Nibbana" (3 episodes)
  Season: "Contemplations" (7 episodes)
  Season: "Various Teachings" (13 episodes)
  Season: "Ordinary Daily Life" (3 episodes)
  Season: "Various People" (3 episodes)
  Season: "Current Topics" (4 episodes)

[13/18] /recent-courses-2021/ → dharma_talks
  Fetching https://www.satipanya.org.uk/recent-courses-2021/ ...
  Found 13 audio links
  Season: "Recent Courses 2020–2023" (13 episodes)

[14/18] /audio-video/encouragements/ → dharma_talks
  Fetching https://www.satipanya.org.uk/audio-video/encouragements/ ...
  Found 1 audio links
  Season: "Dramatisations" (1 episodes)

[15/18] /noirins-teachings/ → noirins_teachings
  Fetching https://www.satipanya.org.uk/noirins-teachings/ ...
  Found 39 audio links
  DEDUP: skipping 2022 Oct 09 Identity and Not-Self....
  DEDUP: skipping Video...
  DEDUP: skipping 2023 Oct 29 The Spiral Path...
  Season: "70th Birthday Reflection" (1 episodes)
  Season: "Meditation Guidance" (1 episodes)
  Season: "Talks a. Pre-laryngectomy Recordings" (5 episodes)
  Season: "Short Retreat (5 days)" (4 episodes)
  Season: "Retreat Talks - b. Longer Retreats, up to 4 Weeks" (25 episodes)

[16/18] /audio-video/talks-with-an-accompanying-french-translation/ → international_talks
  Fetching https://www.satipanya.org.uk/audio-video/talks-with-an-accompanying-french-translation/ ...
  Found 36 audio links
  Season: "Weekend Retraite pour Terre d'Éveil Octobre 2020" (6 episodes)
  Season: "2023" (2 episodes)
  Season: "2021" (2 episodes)
  Season: "2019" (1 episodes)
  Season: "2017" (2 episodes)
  Season: "Lausanne 2016 October" (2 episodes)
  Season: "Lausanne 2013 October" (2 episodes)
  Season: "Lausanne and Paris 2012 Oct" (3 episodes)
  Season: "Lausanne 2010 Oct" (3 episodes)
  Season: "Paris and Lausanne 2010 Oct" (13 episodes)

[17/18] /audio-video/talks-with-an-accompanying-czech-translation/ → international_talks
  Fetching https://www.satipanya.org.uk/audio-video/talks-with-an-accompanying-czech-translation/ ...
  Found 8 audio links
  Season: "Talks in Czech" (8 episodes)

[18/18] /audio-video/talks-with-an-accompanying-italian-translation/ → international_talks
  Fetching https://www.satipanya.org.uk/audio-video/talks-with-an-accompanying-italian-translation/ ...
  Found 10 audio links
  Season: "Talks in Italian" (10 episodes)

  Fetching YouTube channel metadata via yt-dlp...
  Found 142 YouTube videos
  [dharma_talks] Absorbed 6 'Miscellaneous' episodes into '2018'

  Merge: 605 existing episodes preserved, 0 new episodes detected

============================================================
CATALOG SUMMARY
============================================================

  Satipanya — Guided Meditations
    2 seasons, 16 episodes
      S01: Guided Meditations (10 ep)
      S02: Chanting (6 ep)

  Satipanya — DhammaBytes
    12 seasons, 77 episodes
      S01: Approaching the Dhamma (4 ep)
      S02: The Buddha from Birth to First Teaching (4 ep)
      S03: Section One : Pali Words (12 ep)
      S04: Parami - The Perfections (8 ep)
      S05: Brahmavihara - Sublime Abodes : The Illimitables (4 ep)
      S06: The Refuges (3 ep)
      S07: Khanda - The Aggregates (6 ep)
      S08: Paticca Samuppada - Dependent Origination (6 ep)
      S09: The First Discourse: The Turning of the Wheel of the Law (7 ep)
      S10: The Second Discourse on Not-Self (3 ep)
      S11: Chapter I : The Human Condition (12 ep)
      S12: Chapter IV : The Happiness Visible in the Present Life - Buddha's Teaching for Lay People (8 ep)

  Satipanya — A Foundation Course in Buddhism
    2 seasons, 21 episodes
      S01: Part 1 — The Four Noble Truths (10 ep)
      S02: Part 2 — Deepening Understanding (11 ep)

  Satipanya — Dharma Talks
    32 seasons, 259 episodes
      S01: On Practice (22 ep)
      S02: Reflections (14 ep)
      S03: On the Buddha (5 ep)
      S04: Daily Life (4 ep)
      S05: Gaia House Retreat 2011 (15 ep)
      S06: Christmas at Sharpham 2005 (5 ep)
      S07: Christmas & New Year 2006/7 (2 ep)
      S08: 2019 (1 ep)
      S09: 2018 (13 ep)
      S10: 2016 (4 ep)
      S11: 2015 (6 ep)
      S12: 2014 (14 ep)
      S13: 2013 (6 ep)
      S14: 2012 (6 ep)
      S15: 2011 (5 ep)
      S16: Gaia House Retreat 2011 (12 ep)
      S17: 2009 (17 ep)
      S18: 2008 (11 ep)
      S19: Coronavirus Lockdown 2020 (22 ep)
      S20: Refuges and Precepts with Metta (1 ep)
      S21: Most Recent (6 ep)
      S22: Metta (5 ep)
      S23: The Perfections Parami and other Virtues (13 ep)
      S24: The Buddha (3 ep)
      S25: Nibbana (3 ep)
      S26: Contemplations (7 ep)
      S27: Various Teachings (13 ep)
      S28: Ordinary Daily Life (3 ep)
      S29: Various People (3 ep)
      S30: Current Topics (4 ep)
      S31: Recent Courses 2020–2023 (13 ep)
      S32: Dramatisations (1 ep)

  Satipanya — Noirin's Teachings
    5 seasons, 36 episodes
      S01: 70th Birthday Reflection (1 ep)
      S02: Meditation Guidance (1 ep)
      S03: Talks a. Pre-laryngectomy Recordings (5 ep)
      S04: Short Retreat (5 days) (4 ep)
      S05: Retreat Talks - b. Longer Retreats, up to 4 Weeks (25 ep)

  Satipanya — International Talks
    12 seasons, 54 episodes
      S01: Weekend Retraite pour Terre d'Éveil Octobre 2020 (6 ep)
      S02: 2023 (2 ep)
      S03: 2021 (2 ep)
      S04: 2019 (1 ep)
      S05: 2017 (2 ep)
      S06: Lausanne 2016 October (2 ep)
      S07: Lausanne 2013 October (2 ep)
      S08: Lausanne and Paris 2012 Oct (3 ep)
      S09: Lausanne 2010 Oct (3 ep)
      S10: Paris and Lausanne 2010 Oct (13 ep)
      S11: Talks in Czech (8 ep)
      S12: Talks in Italian (10 ep)

  Satipanya — YouTube Talks
    1 seasons, 142 episodes
      S01: YouTube Talks (142 ep)

  Satipanya — Bhante's Essays
    5 seasons, 34 episodes
      S01: Introductory Resources (5 ep)
      S02: Essays by Bhante Bodhidhamma (16 ep)
      S03: Introductory essays (11 ep)
      S04: Meditation in Daily Life (1 ep)
      S05: Satipanya (1 ep)

  Satipanya — Noirin's Essays
    3 seasons, 32 episodes
      S01: Short Essays (20 ep)
      S02: Post-Surgery Essays (5 ep)
      S03: Climate Change Essays (7 ep)

  Satipanya — Tips of the Day
    5 seasons, 168 episodes
      S01: Daily Life Practice (16 ep)
      S02: Relationships (5 ep)
      S03: Work (6 ep)
      S04: Seeking True Happiness (7 ep)
      S05: Miscellaneous (134 ep)

  Satipanya — Retreat Talks
    4 seasons, 40 episodes
      S01: Guided Meditations (7 ep)
      S02: Daily Practice (3 ep)
      S03: Evening Retreat Talks (20 ep)
      S04: Special Topics (10 ep)

  TOTAL: 605 episodes across 7 feeds
  Saved to: /home/freedomfighter/code/traduction/satipanya-podcast/catalog.json
============================================================
PASS 1: Scanning local MP3 files
============================================================
  Found 40 MP3 files

  Satipanya — Retreat Talks
    S01: Guided Meditations (7 episodes)
    S02: Daily Practice (3 episodes)
    S03: Evening Retreat Talks (20 episodes)
    S04: Special Topics (10 episodes)

  TOTAL: 40 episodes
  Saved to: /home/freedomfighter/code/traduction/satipanya-podcast/retreat_catalog.json
============================================================
PASS 2: Probing local files for duration & size
============================================================

  Probed: 0, Skipped (already done): 40
============================================================
PASS 2: Probing remote files for duration & size
============================================================
  [1/747] The Seven Factors of Awakening...
    ffprobe stderr: [mp3 @ 0x5b3e46e33800] Failed to read frame size: Could not seek to 1390.
https://www.satipanya.org.uk/audio/collection/
    retry 1/1, wait 3s...
    ffprobe stderr: [mp3 @ 0x5e7247732800] Failed to read frame size: Could not seek to 1390.
https://www.satipanya.org.uk/audio/collection/
    FAILED (size=367)
  [2/747] Faith...
    ffprobe stderr: [mp3 @ 0x6228193a5800] Failed to read frame size: Could not seek to 1365.
https://www.satipanya.org.uk/audio/collection/
    retry 1/1, wait 3s...
    ffprobe stderr: [mp3 @ 0x5e2f9d3eb800] Failed to read frame size: Could not seek to 1365.
https://www.satipanya.org.uk/audio/collection/
    FAILED (size=342)
  [3/747] Taking the Refuges...
    ffprobe stderr: [mp3 @ 0x63a7b8bca800] Failed to read frame size: Could not seek to 1393.
https://www.satipanya.org.uk/audio/collection/
    retry 1/1, wait 3s...
    ffprobe stderr: [mp3 @ 0x55b54d766800] Failed to read frame size: Could not seek to 1393.
https://www.satipanya.org.uk/audio/collection/
    FAILED (size=370)
  [4/747] Equanimity...
    ffprobe stderr: [mp3 @ 0x5ce7f4095800] Failed to read frame size: Could not seek to 1384.
https://www.satipanya.org.uk/audio/collection/
    retry 1/1, wait 3s...
    ffprobe stderr: [mp3 @ 0x5a6215064800] Failed to read frame size: Could not seek to 1384.
https://www.satipanya.org.uk/audio/collection/
    FAILED (size=361)
  [5/735] Towards Contentment and Happiness...
    ffprobe stderr: [mp3 @ 0x5586445c2800] Failed to read frame size: Could not seek to 1393.
https://www.satipanya.org.uk/audio/collection/
    retry 1/1, wait 3s...
    ffprobe stderr: [mp3 @ 0x5c2aa00f9800] Failed to read frame size: Could not seek to 1393.
https://www.satipanya.org.uk/audio/collection/
    FAILED (size=370)
  [6/735] The Pursuit of Happiness...
    ffprobe stderr: [mp3 @ 0x5bac5a41b800] Failed to read frame size: Could not seek to 1399.
https://www.satipanya.org.uk/audio/collection/
    retry 1/1, wait 3s...
    ffprobe stderr: [mp3 @ 0x5cb000626800] Failed to read frame size: Could not seek to 1399.
https://www.satipanya.org.uk/audio/collection/
    FAILED (size=376)
  [7/688] What is vedana and where does it fit in?.To play t...
    ffprobe stderr: https://www.satipanya.org.uk/wp-content/uploads/2019/12/What-is-vedana-and-where-does-it-fit-in.mp3: Server returned 404
    retry 1/1, wait 3s...
    ffprobe stderr: https://www.satipanya.org.uk/wp-content/uploads/2019/12/What-is-vedana-and-where-does-it-fit-in.mp3: Server returned 404
    FAILED (size=0)
  [8/464] Is the Buddha a materialist?...
    ffprobe stderr: https://www.satipanya.org.uk/audio-video/talks-with-an-accompanying-french-translation/z0000005.mp3: Server returned 401
    retry 1/1, wait 3s...
    ffprobe stderr: https://www.satipanya.org.uk/audio-video/talks-with-an-accompanying-french-translation/z0000005.mp3: Server returned 401
    FAILED (size=0)
  [9/464] z0000002...
    ffprobe stderr: https://www.satipanya.org.uk/audio-video/recent-talks/z0000002.mp3: Server returned 401 Unauthorized (authorization fail
    retry 1/1, wait 3s...
    ffprobe stderr: https://www.satipanya.org.uk/audio-video/recent-talks/z0000002.mp3: Server returned 401 Unauthorized (authorization fail
    FAILED (size=0)
  [10/460] Dependent Origination et Kamma...
    ffprobe stderr: https://www.satipanya.org.uk/audio/french/ Origination Dependent et Kamma.mp3: Server returned 401 Unauthorized (authori
    retry 1/1, wait 3s...
    ffprobe stderr: https://www.satipanya.org.uk/audio/french/ Origination Dependent et Kamma.mp3: Server returned 401 Unauthorized (authori
    FAILED (size=0)
  [11/284] Refuges  and Precepts...
    ffprobe stderr: https://www.satipanya.org.uk/wp-content/uploads/2015/09/Refuges-and-Precepts.pdf: Invalid data found when processing inp
    retry 1/1, wait 3s...
    ffprobe stderr: https://www.satipanya.org.uk/wp-content/uploads/2015/09/Refuges-and-Precepts.pdf: Invalid data found when processing inp
    FAILED (size=180391)
  [12/284] Puja: Chantings...
    ffprobe stderr: https://www.satipanya.org.uk/wp-content/uploads/2015/09/chant_am.pdf: Invalid data found when processing input
    retry 1/1, wait 3s...
    ffprobe stderr: https://www.satipanya.org.uk/wp-content/uploads/2015/09/chant_am.pdf: Invalid data found when processing input
    FAILED (size=189002)
  [13/284] Recommended Reading for Beginners...
    ffprobe stderr: https://www.satipanya.org.uk/wp-content/uploads/2015/09/essays_reading.pdf: Invalid data found when processing input
    retry 1/1, wait 3s...
    ffprobe stderr: https://www.satipanya.org.uk/wp-content/uploads/2015/09/essays_reading.pdf: Invalid data found when processing input
    FAILED (size=110321)
  [14/284] in PDF format...
    ffprobe stderr: https://www.satipanya.org.uk/wp-content/uploads/2015/09/daily_life.pdf: Invalid data found when processing input
    retry 1/1, wait 3s...
    ffprobe stderr: https://www.satipanya.org.uk/wp-content/uploads/2015/09/daily_life.pdf: Invalid data found when processing input
    FAILED (size=334526)
  [15/284] in MS Word format...
    ffprobe stderr: https://www.satipanya.org.uk/wp-content/uploads/2015/09/daily_life.doc: Invalid data found when processing input
    retry 1/1, wait 3s...
    ffprobe stderr: https://www.satipanya.org.uk/wp-content/uploads/2015/09/daily_life.doc: Invalid data found when processing input
    FAILED (size=141824)
  [16/284] Neoliberalism and BuddhaDhamma...
    ffprobe stderr: https://www.satipanya.org.uk/wp-content/uploads/2022/05/Neoliberalism-and-Buddhadhamma-Tip-June-2022.pdf: Invalid data f
    retry 1/1, wait 3s...
    ffprobe stderr: https://www.satipanya.org.uk/wp-content/uploads/2022/05/Neoliberalism-and-Buddhadhamma-Tip-June-2022.pdf: Invalid data f
    FAILED (size=546928)
  [17/284] Investigative Eating...
    ffprobe stderr: https://www.satipanya.org.uk/wp-content/uploads/2022/05/Investigative-Eating-Meditation.pdf: Invalid data found when pro
    retry 1/1, wait 3s...
    ffprobe stderr: https://www.satipanya.org.uk/wp-content/uploads/2022/05/Investigative-Eating-Meditation.pdf: Invalid data found when pro
    FAILED (size=305915)
  [18/284] Reflections on the Teaching and Practice of Not-se...
    ffprobe stderr: https://www.satipanya.org.uk/wp-content/uploads/2015/09/Reflections-on-the-Teaching-and-Practice-of-Not-self.pdf: Invali
    retry 1/1, wait 3s...
    ffprobe stderr: https://www.satipanya.org.uk/wp-content/uploads/2015/09/Reflections-on-the-Teaching-and-Practice-of-Not-self.pdf: Invali
    FAILED (size=130787)
  [19/284] Vipassana as taught by the Mahasi Sayadaw of Burma...
    ffprobe stderr: https://www.satipanya.org.uk/wp-content/uploads/2015/09/essay_mahasi.pdf: Invalid data found when processing input
    retry 1/1, wait 3s...
    ffprobe stderr: https://www.satipanya.org.uk/wp-content/uploads/2015/09/essay_mahasi.pdf: Invalid data found when processing input
    FAILED (size=198314)
  [20/284] Is Armed Intervention Ever Justified?...
    ffprobe stderr: https://www.satipanya.org.uk/wp-content/uploads/2015/09/essay_armed.pdf: Invalid data found when processing input
    retry 1/1, wait 3s...
    ffprobe stderr: https://www.satipanya.org.uk/wp-content/uploads/2015/09/essay_armed.pdf: Invalid data found when processing input
    FAILED (size=300169)
  [21/284] Free will: is it available or useful?...
    ffprobe stderr: https://www.satipanya.org.uk/wp-content/uploads/2015/09/essay_freewill.pdf: Invalid data found when processing input
    retry 1/1, wait 3s...
    ffprobe stderr: https://www.satipanya.org.uk/wp-content/uploads/2015/09/essay_freewill.pdf: Invalid data found when processing input
    FAILED (size=202130)
  [22/284] Could I be a fundamentalist, even a terrorist?...
    ffprobe stderr: https://www.satipanya.org.uk/wp-content/uploads/2015/09/essay_Fundamentalism.pdf: Invalid data found when processing inp
    retry 1/1, wait 3s...
    ffprobe stderr: https://www.satipanya.org.uk/wp-content/uploads/2015/09/essay_Fundamentalism.pdf: Invalid data found when processing inp
    FAILED (size=49156)
  [23/284] Perfection, Elitism and Excellence...
    ffprobe stderr: https://www.satipanya.org.uk/wp-content/uploads/2015/09/essay_excellence.pdf: Invalid data found when processing input
    retry 1/1, wait 3s...
    ffprobe stderr: https://www.satipanya.org.uk/wp-content/uploads/2015/09/essay_excellence.pdf: Invalid data found when processing input
    FAILED (size=111659)
  [24/284] What benefit is there in becoming a temporary mona...
    ffprobe stderr: https://www.satipanya.org.uk/wp-content/uploads/2015/09/essay_monastic.pdf: Invalid data found when processing input
    retry 1/1, wait 3s...
    ffprobe stderr: https://www.satipanya.org.uk/wp-content/uploads/2015/09/essay_monastic.pdf: Invalid data found when processing input
    FAILED (size=41731)
  [25/284] The ‘Unlucky’ Death of a Two Year Old Boy...
    ffprobe stderr: https://www.satipanya.org.uk/wp-content/uploads/2015/09/essay_death.pdf: Invalid data found when processing input
    retry 1/1, wait 3s...
    ffprobe stderr: https://www.satipanya.org.uk/wp-content/uploads/2015/09/essay_death.pdf: Invalid data found when processing input
    FAILED (size=60109)
  [26/284] Expectation, Aspiration and Hope...
    ffprobe stderr: https://www.satipanya.org.uk/wp-content/uploads/2015/09/essays_expectation.pdf: Invalid data found when processing input
    retry 1/1, wait 3s...
    ffprobe stderr: https://www.satipanya.org.uk/wp-content/uploads/2015/09/essays_expectation.pdf: Invalid data found when processing input
    FAILED (size=52919)
  [27/284] Assisted Suicide (PDF document)...
    ffprobe stderr: https://www.satipanya.org.uk/wp-content/uploads/2015/09/Assisted-Suicide1.pdf: Invalid data found when processing input
    retry 1/1, wait 3s...
    ffprobe stderr: https://www.satipanya.org.uk/wp-content/uploads/2015/09/Assisted-Suicide1.pdf: Invalid data found when processing input
    FAILED (size=131291)
  [28/284] Vipassana, Therapy and Medicinal Drugs (PDF docume...
    ffprobe stderr: https://www.satipanya.org.uk/wp-content/uploads/2015/09/Vipassana-Therapy-and-Medicinal-Drugs.pdf: Invalid data found wh
    retry 1/1, wait 3s...
    ffprobe stderr: https://www.satipanya.org.uk/wp-content/uploads/2015/09/Vipassana-Therapy-and-Medicinal-Drugs.pdf: Invalid data found wh
    FAILED (size=64499)
  [29/284] Conditionality and Kamma(PDF document)...
    ffprobe stderr: https://www.satipanya.org.uk/wp-content/uploads/2015/09/Conditionality_and_Kamma.pdf: Invalid data found when processing
    retry 1/1, wait 3s...
    ffprobe stderr: https://www.satipanya.org.uk/wp-content/uploads/2015/09/Conditionality_and_Kamma.pdf: Invalid data found when processing
    FAILED (size=56479)
  [30/284] Affectionate Awareness....
    ffprobe stderr: https://www.satipanya.org.uk/wp-content/uploads/2015/09/Affectionate-Awareness.pdf: Invalid data found when processing i
    retry 1/1, wait 3s...
    ffprobe stderr: https://www.satipanya.org.uk/wp-content/uploads/2015/09/Affectionate-Awareness.pdf: Invalid data found when processing i
    FAILED (size=25079)
  [31/284] Climate Crisis A Personal Reflection...
    ffprobe stderr: https://www.satipanya.org.uk/wp-content/uploads/2020/01/Climate-Crisis-A-Personal-Reflection.pdf: Invalid data found whe
    retry 1/1, wait 3s...
    ffprobe stderr: https://www.satipanya.org.uk/wp-content/uploads/2020/01/Climate-Crisis-A-Personal-Reflection.pdf: Invalid data found whe
    FAILED (size=184672)
  [32/284] The First Noble Truth of Suffering -- Dukkha...
    ffprobe stderr: https://www.satipanya.org.uk/wp-content/uploads/2015/09/essays_dukkha.pdf: Invalid data found when processing input
    retry 1/1, wait 3s...
    ffprobe stderr: https://www.satipanya.org.uk/wp-content/uploads/2015/09/essays_dukkha.pdf: Invalid data found when processing input
    FAILED (size=219073)
  [33/284] The First Noble Truth of Suffering -- The Five Agg...
    ffprobe stderr: https://www.satipanya.org.uk/wp-content/uploads/2015/09/essays_aggregates.pdf: Invalid data found when processing input
    retry 1/1, wait 3s...
    ffprobe stderr: https://www.satipanya.org.uk/wp-content/uploads/2015/09/essays_aggregates.pdf: Invalid data found when processing input
    FAILED (size=220992)
  [34/284] The First Noble Truth of Suffering -- The Three Ch...
    ffprobe stderr: https://www.satipanya.org.uk/wp-content/uploads/2015/09/essays_characteristics.pdf: Invalid data found when processing i
    retry 1/1, wait 3s...
    ffprobe stderr: https://www.satipanya.org.uk/wp-content/uploads/2015/09/essays_characteristics.pdf: Invalid data found when processing i
    FAILED (size=198006)
  [35/284] The Second Noble Truth -- Desire...
    ffprobe stderr: https://www.satipanya.org.uk/wp-content/uploads/2015/09/essays_desire.pdf: Invalid data found when processing input
    retry 1/1, wait 3s...
    ffprobe stderr: https://www.satipanya.org.uk/wp-content/uploads/2015/09/essays_desire.pdf: Invalid data found when processing input
    FAILED (size=216007)
  [36/284] The Second Noble Truth -- The Wheel of Dependent O...
    ffprobe stderr: https://www.satipanya.org.uk/wp-content/uploads/2015/09/essays_wheel.pdf: Invalid data found when processing input
    retry 1/1, wait 3s...
    ffprobe stderr: https://www.satipanya.org.uk/wp-content/uploads/2015/09/essays_wheel.pdf: Invalid data found when processing input
    FAILED (size=222884)
  [37/284] The Second Noble Truth -- Kamma Vipaka...
    ffprobe stderr: https://www.satipanya.org.uk/wp-content/uploads/2015/09/essays_kamma.pdf: Invalid data found when processing input
    retry 1/1, wait 3s...
    ffprobe stderr: https://www.satipanya.org.uk/wp-content/uploads/2015/09/essays_kamma.pdf: Invalid data found when processing input
    FAILED (size=215887)
  [38/284] The Fourth Noble Truth -- Morality...
    ffprobe stderr: https://www.satipanya.org.uk/wp-content/uploads/2015/09/essays_morality.pdf: Invalid data found when processing input
    retry 1/1, wait 3s...
    ffprobe stderr: https://www.satipanya.org.uk/wp-content/uploads/2015/09/essays_morality.pdf: Invalid data found when processing input
    FAILED (size=187123)
  [39/284] The Fourth Noble Truth -- Perfections...
    ffprobe stderr: https://www.satipanya.org.uk/wp-content/uploads/2015/09/essay_perfections.pdf: Invalid data found when processing input
    retry 1/1, wait 3s...
    ffprobe stderr: https://www.satipanya.org.uk/wp-content/uploads/2015/09/essay_perfections.pdf: Invalid data found when processing input
    FAILED (size=229724)
  [40/284] The Fourth Noble Truth -- Right Understanding...
    ffprobe stderr: https://www.satipanya.org.uk/wp-content/uploads/2015/09/essays_understanding.pdf: Invalid data found when processing inp
    retry 1/1, wait 3s...
    ffprobe stderr: https://www.satipanya.org.uk/wp-content/uploads/2015/09/essays_understanding.pdf: Invalid data found when processing inp
    FAILED (size=223517)
  [41/284] The Fourth Noble Truth -- Mental Development...
    ffprobe stderr: https://www.satipanya.org.uk/wp-content/uploads/2015/09/essays_mental.pdf: Invalid data found when processing input
    retry 1/1, wait 3s...
    ffprobe stderr: https://www.satipanya.org.uk/wp-content/uploads/2015/09/essays_mental.pdf: Invalid data found when processing input
    FAILED (size=215718)
  [42/284] Meditation in Ordinary Daily Life...
    ffprobe stderr: https://www.satipanya.org.uk/wp-content/uploads/2015/09/essay_dailylife.pdf: Invalid data found when processing input
    retry 1/1, wait 3s...
    ffprobe stderr: https://www.satipanya.org.uk/wp-content/uploads/2015/09/essay_dailylife.pdf: Invalid data found when processing input
    FAILED (size=317587)
  [43/284] Meditation in Ordinary Daily Life...
    ffprobe stderr: https://www.satipanya.org.uk/wp-content/uploads/2017/03/Meditation-in-Ordinary-Daily-Life.pdf: Invalid data found when p
    retry 1/1, wait 3s...
    ffprobe stderr: https://www.satipanya.org.uk/wp-content/uploads/2017/03/Meditation-in-Ordinary-Daily-Life.pdf: Invalid data found when p
    FAILED (size=416636)
  [44/284] Buddha Day Evening with Italy...
    ffprobe stderr: https://www.satipanya.org.uk/wp-content/uploads/2020/05/Buddha-Day-Evening-with-Italy-1.docx: Invalid data found when pr
    retry 1/1, wait 3s...
    ffprobe stderr: https://www.satipanya.org.uk/wp-content/uploads/2020/05/Buddha-Day-Evening-with-Italy-1.docx: Invalid data found when pr
    FAILED (size=26033)
  [45/284] Text,...
    ffprobe stderr: https://www.satipanya.org.uk/wp-content/uploads/2025/06/Three-score-years-and-ten.docx: Invalid data found when processi
    retry 1/1, wait 3s...
    ffprobe stderr: https://www.satipanya.org.uk/wp-content/uploads/2025/06/Three-score-years-and-ten.docx: Invalid data found when processi
    FAILED (size=31088)
  [46/284] Satipanya Porridge...
    ffprobe stderr: https://www.satipanya.org.uk/wp-content/uploads/2015/09/1.-Porridge.pdf: Invalid data found when processing input
    retry 1/1, wait 3s...
    ffprobe stderr: https://www.satipanya.org.uk/wp-content/uploads/2015/09/1.-Porridge.pdf: Invalid data found when processing input
    FAILED (size=44492)
  [47/284] The "Ouch" that hurt....
    ffprobe stderr: https://www.satipanya.org.uk/wp-content/uploads/2015/09/2-Ouch.pdf: Invalid data found when processing input
    retry 1/1, wait 3s...
    ffprobe stderr: https://www.satipanya.org.uk/wp-content/uploads/2015/09/2-Ouch.pdf: Invalid data found when processing input
    FAILED (size=64637)
  [48/284] Coming down to earth...
    ffprobe stderr: https://www.satipanya.org.uk/wp-content/uploads/2015/09/3-Earth.pdf: Invalid data found when processing input
    retry 1/1, wait 3s...
    ffprobe stderr: https://www.satipanya.org.uk/wp-content/uploads/2015/09/3-Earth.pdf: Invalid data found when processing input
    FAILED (size=108466)
  [49/284] Extending the limits of good-will...
    ffprobe stderr: https://www.satipanya.org.uk/wp-content/uploads/2015/09/4-Extending-the-limits-of-goodwill.pdf: Invalid data found when 
    retry 1/1, wait 3s...
    ffprobe stderr: https://www.satipanya.org.uk/wp-content/uploads/2015/09/4-Extending-the-limits-of-goodwill.pdf: Invalid data found when 
    FAILED (size=109007)
  [50/284] Metta for a Cold Heart...
    ffprobe stderr: https://www.satipanya.org.uk/wp-content/uploads/2015/09/5-Metta-for-a-Cold-Heart.pdf: Invalid data found when processing
    retry 1/1, wait 3s...
    ffprobe stderr: https://www.satipanya.org.uk/wp-content/uploads/2015/09/5-Metta-for-a-Cold-Heart.pdf: Invalid data found when processing
    FAILED (size=108617)
  [checkpoint saved at 50]
  [51/284] The Fourth Noble Truth...
    ffprobe stderr: https://www.satipanya.org.uk/wp-content/uploads/2015/09/6-Fourth-Noble-Truth.pdf: Invalid data found when processing inp
    retry 1/1, wait 3s...
    ffprobe stderr: https://www.satipanya.org.uk/wp-content/uploads/2015/09/6-Fourth-Noble-Truth.pdf: Invalid data found when processing inp
    FAILED (size=203454)
  [52/284] Struggling with Anatta...
    ffprobe stderr: https://www.satipanya.org.uk/wp-content/uploads/2015/09/7-Struggling-with-Anatta.pdf: Invalid data found when processing
    retry 1/1, wait 3s...
    ffprobe stderr: https://www.satipanya.org.uk/wp-content/uploads/2015/09/7-Struggling-with-Anatta.pdf: Invalid data found when processing
    FAILED (size=71622)
  [53/284] Temporary Ordination...
    ffprobe stderr: https://www.satipanya.org.uk/wp-content/uploads/2015/09/8-Temporary-Ordination.pdf: Invalid data found when processing i
    retry 1/1, wait 3s...
    ffprobe stderr: https://www.satipanya.org.uk/wp-content/uploads/2015/09/8-Temporary-Ordination.pdf: Invalid data found when processing i
    FAILED (size=37938)
  [54/284] Retreating and Re-engaging...
    ffprobe stderr: https://www.satipanya.org.uk/wp-content/uploads/2015/09/9-Retreating-and-Re-engaging.pdf: Invalid data found when proces
    retry 1/1, wait 3s...
    ffprobe stderr: https://www.satipanya.org.uk/wp-content/uploads/2015/09/9-Retreating-and-Re-engaging.pdf: Invalid data found when proces
    FAILED (size=82989)
  [55/284] Homeward Bound...
    ffprobe stderr: https://www.dropbox.com/scl/fi/8nguj34pzuyrf3c81sg19/Homeward-Bound.pdf?rlkey=jloegrr5cqbnanjjqyunn5r6j&dl=0: Invalid da
    retry 1/1, wait 3s...
    ffprobe stderr: https://www.dropbox.com/scl/fi/8nguj34pzuyrf3c81sg19/Homeward-Bound.pdf?rlkey=jloegrr5cqbnanjjqyunn5r6j&dl=0: Invalid da
    FAILED (size=0)
  [56/284] All in the Mind...
    ffprobe stderr: https://www.dropbox.com/scl/fi/ptq3drjwnbyywgtwe8m9j/May-21-Tip-Its-all-in-the-mind-BD.pdf?rlkey=epfdzr1q3r3ytx3lpmju8as
    retry 1/1, wait 3s...
    ffprobe stderr: https://www.dropbox.com/scl/fi/ptq3drjwnbyywgtwe8m9j/May-21-Tip-Its-all-in-the-mind-BD.pdf?rlkey=epfdzr1q3r3ytx3lpmju8as
    FAILED (size=0)
  [57/284] Summer meadows...
    ffprobe stderr: https://www.dropbox.com/scl/fi/kldc5al181ou54aq7dgfm/Summer-meadows.pdf?rlkey=jypgezgvnub0mvqexopjct3mf&dl=0: Invalid da
    retry 1/1, wait 3s...
    ffprobe stderr: https://www.dropbox.com/scl/fi/kldc5al181ou54aq7dgfm/Summer-meadows.pdf?rlkey=jypgezgvnub0mvqexopjct3mf&dl=0: Invalid da
    FAILED (size=0)
  [58/284] As Winter Approaches...
    ffprobe stderr: https://www.dropbox.com/scl/fi/mdqu4o4xj2d87fr73j13t/As-Winter-Approaches.pdf?rlkey=ecwxpy1ha5e0p9499p5bfzw4n&dl=0: Inva
    retry 1/1, wait 3s...
    ffprobe stderr: https://www.dropbox.com/scl/fi/mdqu4o4xj2d87fr73j13t/As-Winter-Approaches.pdf?rlkey=ecwxpy1ha5e0p9499p5bfzw4n&dl=0: Inva
    FAILED (size=0)
  [59/284] 2020 Lockdown Christmas...
    ffprobe stderr: https://www.dropbox.com/scl/fi/lpri872vi9eek73g8wccn/december-tip-20.pdf?rlkey=qtd04tfwjhmnh8tky0a774awl&dl=0: Invalid d
    retry 1/1, wait 3s...
    ffprobe stderr: https://www.dropbox.com/scl/fi/lpri872vi9eek73g8wccn/december-tip-20.pdf?rlkey=qtd04tfwjhmnh8tky0a774awl&dl=0: Invalid d
    FAILED (size=0)
  [60/284] Exiting Lockdown...
    ffprobe stderr: https://www.dropbox.com/scl/fi/m6mvz6ojqr6uo4x7jb1eg/Exiting-Lockdown.pdf?rlkey=cds7ukbu8wypm55twws37vgeg&dl=0: Invalid 
    retry 1/1, wait 3s...
    ffprobe stderr: https://www.dropbox.com/scl/fi/m6mvz6ojqr6uo4x7jb1eg/Exiting-Lockdown.pdf?rlkey=cds7ukbu8wypm55twws37vgeg&dl=0: Invalid 
    FAILED (size=0)
  [61/284] Mindfulness meets metta...
    ffprobe stderr: https://www.satipanya.org.uk/wp-content/uploads/2025/06/A-different-approach-to-Metta.docx: Invalid data found when proc
    retry 1/1, wait 3s...
    ffprobe stderr: https://www.satipanya.org.uk/wp-content/uploads/2025/06/A-different-approach-to-Metta.docx: Invalid data found when proc
    FAILED (size=14679)
  [62/284] Everyday Mindfulness...
    ffprobe stderr: https://www.satipanya.org.uk/wp-content/uploads/2025/06/Full-Awareness.docx: Invalid data found when processing input
    retry 1/1, wait 3s...
    ffprobe stderr: https://www.satipanya.org.uk/wp-content/uploads/2025/06/Full-Awareness.docx: Invalid data found when processing input
    FAILED (size=15724)
  [63/284] Healing the Mind-Body Relationship...
    ffprobe stderr: https://www.satipanya.org.uk/wp-content/uploads/2025/06/There-is-a-Body.docx: Invalid data found when processing input
    retry 1/1, wait 3s...
    ffprobe stderr: https://www.satipanya.org.uk/wp-content/uploads/2025/06/There-is-a-Body.docx: Invalid data found when processing input
    FAILED (size=15293)
  [64/284] Nibanna is Close at Hand!...
    ffprobe stderr: https://www.satipanya.org.uk/wp-content/uploads/2025/06/Nibanna-close-at-hand.docx: Invalid data found when processing i
    retry 1/1, wait 3s...
    ffprobe stderr: https://www.satipanya.org.uk/wp-content/uploads/2025/06/Nibanna-close-at-hand.docx: Invalid data found when processing i
    FAILED (size=17862)
  [65/284] Greeting the Devadutta...
    ffprobe stderr: https://www.satipanya.org.uk/wp-content/uploads/2015/09/Greeting-the-Devadutta.pdf: Invalid data found when processing i
    retry 1/1, wait 3s...
    ffprobe stderr: https://www.satipanya.org.uk/wp-content/uploads/2015/09/Greeting-the-Devadutta.pdf: Invalid data found when processing i
    FAILED (size=46202)
  [66/284] Laryngectomy...
    ffprobe stderr: https://www.satipanya.org.uk/wp-content/uploads/2015/09/Laryngectomy.pdf: Invalid data found when processing input
    retry 1/1, wait 3s...
    ffprobe stderr: https://www.satipanya.org.uk/wp-content/uploads/2015/09/Laryngectomy.pdf: Invalid data found when processing input
    FAILED (size=99283)
  [67/284] Stumbling towards Gratitude...
    ffprobe stderr: https://www.satipanya.org.uk/wp-content/uploads/2015/09/Stumbling-towards-Gratitude.pdf: Invalid data found when process
    retry 1/1, wait 3s...
    ffprobe stderr: https://www.satipanya.org.uk/wp-content/uploads/2015/09/Stumbling-towards-Gratitude.pdf: Invalid data found when process
    FAILED (size=51000)
  [68/284] Mid-winter Darkness...
    ffprobe stderr: https://www.satipanya.org.uk/wp-content/uploads/2015/09/Mid-winter-Darkness.pdf: Invalid data found when processing inpu
    retry 1/1, wait 3s...
    ffprobe stderr: https://www.satipanya.org.uk/wp-content/uploads/2015/09/Mid-winter-Darkness.pdf: Invalid data found when processing inpu
    FAILED (size=76687)
  [69/284] Teaching with an Electro-larynx: The Oval Age-Old ...
    ffprobe stderr: https://www.satipanya.org.uk/wp-content/uploads/2015/11/Tteaching-post-laryngectomy5.pdf: Invalid data found when proces
    retry 1/1, wait 3s...
    ffprobe stderr: https://www.satipanya.org.uk/wp-content/uploads/2015/11/Tteaching-post-laryngectomy5.pdf: Invalid data found when proces
    FAILED (size=353986)
  [70/284] a paper describing six ethical maxims...
    ffprobe stderr: https://media2-production.mightynetworks.com/asset/39337730/Schenck_-_Ethical_Maxims.pdf: Invalid data found when proces
    retry 1/1, wait 3s...
    ffprobe stderr: https://media2-production.mightynetworks.com/asset/39337730/Schenck_-_Ethical_Maxims.pdf: Invalid data found when proces
    FAILED (size=342674)
  [71/284] Full Catastrophe Ethics...
    ffprobe stderr: https://www.dropbox.com/scl/fi/rozoinvtfbrtrw3az027d/Ethics-in-the-Face-of-Catastrophe.pdf?rlkey=w6nwsi6o67ege7u69uimb9z
    retry 1/1, wait 3s...
    ffprobe stderr: https://www.dropbox.com/scl/fi/rozoinvtfbrtrw3az027d/Ethics-in-the-Face-of-Catastrophe.pdf?rlkey=w6nwsi6o67ege7u69uimb9z
    FAILED (size=0)
  [72/284] First Maxim: Work Hard to Grasp the Imensity...
    ffprobe stderr: https://www.dropbox.com/scl/fi/xiavig5kj1t672mnc6c8j/First-Maxim-Work-Hard-to-Grasp-the-Immensity.pdf?rlkey=8m26ygf6zkh8
    retry 1/1, wait 3s...
    ffprobe stderr: https://www.dropbox.com/scl/fi/xiavig5kj1t672mnc6c8j/First-Maxim-Work-Hard-to-Grasp-the-Immensity.pdf?rlkey=8m26ygf6zkh8
    FAILED (size=0)
  [73/284] Second Maxim: Cultivate Radical Hope...
    ffprobe stderr: https://www.dropbox.com/scl/fi/bmvg3gh1kxgvtm9yj0700/2nd-maxim-cultivate-radical-hope.pdf?rlkey=tuvxthgflkrbw1pnqq7s1ykc
    retry 1/1, wait 3s...
    ffprobe stderr: https://www.dropbox.com/scl/fi/bmvg3gh1kxgvtm9yj0700/2nd-maxim-cultivate-radical-hope.pdf?rlkey=tuvxthgflkrbw1pnqq7s1ykc
    FAILED (size=0)
  [74/284] Third Maxim: Draw a line in the Sand - b. Working ...
    ffprobe stderr: https://www.dropbox.com/scl/fi/acbsl9qa1i9vtp0thutop/3rd-maxim-red-lines-2-BD.pdf?rlkey=takcr56pzw30ny7dsrlm8gm9o&dl=0: 
    retry 1/1, wait 3s...
    ffprobe stderr: https://www.dropbox.com/scl/fi/acbsl9qa1i9vtp0thutop/3rd-maxim-red-lines-2-BD.pdf?rlkey=takcr56pzw30ny7dsrlm8gm9o&dl=0: 
    FAILED (size=0)
  [75/284] Fourth Maxim: Appreciate the Amazing and Unique Up...
    ffprobe stderr: https://www.dropbox.com/scl/fi/oidghyuejtmwasn1pkg6q/4th-maxim-Opportunity-Part-1.pdf?rlkey=u02qg8w8o2fkwytzosfyvxoc9&dl
    retry 1/1, wait 3s...
    ffprobe stderr: https://www.dropbox.com/scl/fi/oidghyuejtmwasn1pkg6q/4th-maxim-Opportunity-Part-1.pdf?rlkey=u02qg8w8o2fkwytzosfyvxoc9&dl
    FAILED (size=0)
  [76/284] Fifth Maxim: Train the Mind and Body...
    ffprobe stderr: https://www.satipanya.org.uk/wp-content/uploads/2025/06/5th-maxim-Develop-the-Body-and-Mind.docx: Invalid data found whe
    retry 1/1, wait 3s...
    ffprobe stderr: https://www.satipanya.org.uk/wp-content/uploads/2025/06/5th-maxim-Develop-the-Body-and-Mind.docx: Invalid data found whe
    FAILED (size=21429)
  [77/284] At the end of the day (1)...
    ffprobe stderr: https://www.satipanya.org.uk/tip-o-the-day/#anchor0: Invalid data found when processing input
    retry 1/1, wait 3s...
    ffprobe stderr: https://www.satipanya.org.uk/tip-o-the-day/#anchor0: Invalid data found when processing input
    FAILED (size=0)
  [78/284] At the end of the day. (2)...
    ffprobe stderr: https://www.satipanya.org.uk/tip-o-the-day/#anchor1: Invalid data found when processing input
    retry 1/1, wait 3s...
    ffprobe stderr: https://www.satipanya.org.uk/tip-o-the-day/#anchor1: Invalid data found when processing input
    FAILED (size=0)
  [79/284] At the end of the day....
    ffprobe stderr: https://www.satipanya.org.uk/tip-o-the-day/#anchor2: Invalid data found when processing input
    retry 1/1, wait 3s...
    ffprobe stderr: https://www.satipanya.org.uk/tip-o-the-day/#anchor2: Invalid data found when processing input
    FAILED (size=0)
  [80/284] Upon Awakening....
    ffprobe stderr: https://www.satipanya.org.uk/tip-o-the-day/#anchor3: Invalid data found when processing input
    retry 1/1, wait 3s...
    ffprobe stderr: https://www.satipanya.org.uk/tip-o-the-day/#anchor3: Invalid data found when processing input
    FAILED (size=0)
  [81/284] Morning Meditation (One of Four) : Ritual...
    ffprobe stderr: https://www.satipanya.org.uk/tip-o-the-day/#anchor4: Invalid data found when processing input
    retry 1/1, wait 3s...
    ffprobe stderr: https://www.satipanya.org.uk/tip-o-the-day/#anchor4: Invalid data found when processing input
    FAILED (size=0)
  [82/284] Morning Meditation : Default Position: Abiding in ...
    ffprobe stderr: https://www.satipanya.org.uk/tip-o-the-day/#anchor5: Invalid data found when processing input
    retry 1/1, wait 3s...
    ffprobe stderr: https://www.satipanya.org.uk/tip-o-the-day/#anchor5: Invalid data found when processing input
    FAILED (size=0)
  [83/284] Morning Meditation : Vipassana – 1. Developing a s...
    ffprobe stderr: https://www.satipanya.org.uk/tip-o-the-day/#anchor6: Invalid data found when processing input
    retry 1/1, wait 3s...
    ffprobe stderr: https://www.satipanya.org.uk/tip-o-the-day/#anchor6: Invalid data found when processing input
    FAILED (size=0)
  [84/284] Morning Meditation : Vipassana 2. – Developing Ins...
    ffprobe stderr: https://www.satipanya.org.uk/tip-o-the-day/#anchor7: Invalid data found when processing input
    retry 1/1, wait 3s...
    ffprobe stderr: https://www.satipanya.org.uk/tip-o-the-day/#anchor7: Invalid data found when processing input
    FAILED (size=0)
  [85/284] Morning Meditation : Metta : Developing Goodwill –...
    ffprobe stderr: https://www.satipanya.org.uk/tip-o-the-day/#anchor8: Invalid data found when processing input
    retry 1/1, wait 3s...
    ffprobe stderr: https://www.satipanya.org.uk/tip-o-the-day/#anchor8: Invalid data found when processing input
    FAILED (size=0)
  [86/284] Discourse on Metta...
    ffprobe stderr: https://www.satipanya.org.uk/tip-o-the-day/#anchor9: Invalid data found when processing input
    retry 1/1, wait 3s...
    ffprobe stderr: https://www.satipanya.org.uk/tip-o-the-day/#anchor9: Invalid data found when processing input
    FAILED (size=0)
  [87/284] Morning Meditation: Developing Goodwill and Forgiv...
    ffprobe stderr: https://www.satipanya.org.uk/tip-o-the-day/#anchor10: Invalid data found when processing input
    retry 1/1, wait 3s...
    ffprobe stderr: https://www.satipanya.org.uk/tip-o-the-day/#anchor10: Invalid data found when processing input
    FAILED (size=0)
  [88/284] Morning Meditation : Resolution...
    ffprobe stderr: https://www.satipanya.org.uk/tip-o-the-day/#anchor11: Invalid data found when processing input
    retry 1/1, wait 3s...
    ffprobe stderr: https://www.satipanya.org.uk/tip-o-the-day/#anchor11: Invalid data found when processing input
    FAILED (size=0)
  [89/284] Developing the Perfection of Determination...
    ffprobe stderr: https://www.satipanya.org.uk/tip-o-the-day/#anchor12: Invalid data found when processing input
    retry 1/1, wait 3s...
    ffprobe stderr: https://www.satipanya.org.uk/tip-o-the-day/#anchor12: Invalid data found when processing input
    FAILED (size=0)
  [90/284] Breakfast at last!...
    ffprobe stderr: https://www.satipanya.org.uk/tip-o-the-day/#anchor13: Invalid data found when processing input
    retry 1/1, wait 3s...
    ffprobe stderr: https://www.satipanya.org.uk/tip-o-the-day/#anchor13: Invalid data found when processing input
    FAILED (size=0)
  [91/284] Traveling to and from work....
    ffprobe stderr: https://www.satipanya.org.uk/tip-o-the-day/#anchor14: Invalid data found when processing input
    retry 1/1, wait 3s...
    ffprobe stderr: https://www.satipanya.org.uk/tip-o-the-day/#anchor14: Invalid data found when processing input
    FAILED (size=0)
  [92/284] Back Home...
    ffprobe stderr: https://www.satipanya.org.uk/tip-o-the-day/#anchor15: Invalid data found when processing input
    retry 1/1, wait 3s...
    ffprobe stderr: https://www.satipanya.org.uk/tip-o-the-day/#anchor15: Invalid data found when processing input
    FAILED (size=0)
  [93/284] Relations, Friends, Acquaintances and Spiritual Co...
    ffprobe stderr: https://www.satipanya.org.uk/tip-o-the-day/#anchor16: Invalid data found when processing input
    retry 1/1, wait 3s...
    ffprobe stderr: https://www.satipanya.org.uk/tip-o-the-day/#anchor16: Invalid data found when processing input
    FAILED (size=0)
  [94/284] Contemplating Relations, Friends, Acquaintances an...
    ffprobe stderr: https://www.satipanya.org.uk/tip-o-the-day/#anchor17: Invalid data found when processing input
    retry 1/1, wait 3s...
    ffprobe stderr: https://www.satipanya.org.uk/tip-o-the-day/#anchor17: Invalid data found when processing input
    FAILED (size=0)
  [95/284] Intimate Relationships: The Erotic, the Romantic a...
    ffprobe stderr: https://www.satipanya.org.uk/tip-o-the-day/#anchor18: Invalid data found when processing input
    retry 1/1, wait 3s...
    ffprobe stderr: https://www.satipanya.org.uk/tip-o-the-day/#anchor18: Invalid data found when processing input
    FAILED (size=0)
  [96/284] Celibacy...
    ffprobe stderr: https://www.satipanya.org.uk/tip-o-the-day/#anchor19: Invalid data found when processing input
    retry 1/1, wait 3s...
    ffprobe stderr: https://www.satipanya.org.uk/tip-o-the-day/#anchor19: Invalid data found when processing input
    FAILED (size=0)
  [97/284] When does love become control?...
    ffprobe stderr: https://www.satipanya.org.uk/tip-o-the-day/#anchor20: Invalid data found when processing input
    retry 1/1, wait 3s...
    ffprobe stderr: https://www.satipanya.org.uk/tip-o-the-day/#anchor20: Invalid data found when processing input
    FAILED (size=0)
  [98/284] Work...
    ffprobe stderr: https://www.satipanya.org.uk/tip-o-the-day/#anchor21: Invalid data found when processing input
    retry 1/1, wait 3s...
    ffprobe stderr: https://www.satipanya.org.uk/tip-o-the-day/#anchor21: Invalid data found when processing input
    FAILED (size=0)
  [99/284] Success and Failure : Trial and Error...
    ffprobe stderr: https://www.satipanya.org.uk/tip-o-the-day/#anchor22: Invalid data found when processing input
    retry 1/1, wait 3s...
    ffprobe stderr: https://www.satipanya.org.uk/tip-o-the-day/#anchor22: Invalid data found when processing input
    FAILED (size=0)
  [100/284] Creating Space (1)...
    ffprobe stderr: https://www.satipanya.org.uk/tip-o-the-day/#anchor23: Invalid data found when processing input
    retry 1/1, wait 3s...
    ffprobe stderr: https://www.satipanya.org.uk/tip-o-the-day/#anchor23: Invalid data found when processing input
    FAILED (size=0)
  [checkpoint saved at 100]
  [101/284] Creating Space (2)...
    ffprobe stderr: https://www.satipanya.org.uk/tip-o-the-day/#anchor24: Invalid data found when processing input
    retry 1/1, wait 3s...
    ffprobe stderr: https://www.satipanya.org.uk/tip-o-the-day/#anchor24: Invalid data found when processing input
    FAILED (size=0)
  [102/284] Creating Space (3)...
    ffprobe stderr: https://www.satipanya.org.uk/tip-o-the-day/#anchor25: Invalid data found when processing input
    retry 1/1, wait 3s...
    ffprobe stderr: https://www.satipanya.org.uk/tip-o-the-day/#anchor25: Invalid data found when processing input
    FAILED (size=0)
  [103/284] The Limits of Power and Mission Creep...
    ffprobe stderr: https://www.satipanya.org.uk/tip-o-the-day/#anchor26: Invalid data found when processing input
    retry 1/1, wait 3s...
    ffprobe stderr: https://www.satipanya.org.uk/tip-o-the-day/#anchor26: Invalid data found when processing input
    FAILED (size=0)
  [104/284] Not an Emotion...
    ffprobe stderr: https://www.satipanya.org.uk/tip-o-the-day/#anchor27: Invalid data found when processing input
    retry 1/1, wait 3s...
    ffprobe stderr: https://www.satipanya.org.uk/tip-o-the-day/#anchor27: Invalid data found when processing input
    FAILED (size=0)
  [105/284] Relationships...
    ffprobe stderr: https://www.satipanya.org.uk/tip-o-the-day/#anchor28: Invalid data found when processing input
    retry 1/1, wait 3s...
    ffprobe stderr: https://www.satipanya.org.uk/tip-o-the-day/#anchor28: Invalid data found when processing input
    FAILED (size=0)
  [106/284] Being Good rather than Being Good At...
    ffprobe stderr: https://www.satipanya.org.uk/tip-o-the-day/#anchor29: Invalid data found when processing input
    retry 1/1, wait 3s...
    ffprobe stderr: https://www.satipanya.org.uk/tip-o-the-day/#anchor29: Invalid data found when processing input
    FAILED (size=0)
  [107/284] What’s wrong with a bit of attachment!...
    ffprobe stderr: https://www.satipanya.org.uk/tip-o-the-day/#anchor30: Invalid data found when processing input
    retry 1/1, wait 3s...
    ffprobe stderr: https://www.satipanya.org.uk/tip-o-the-day/#anchor30: Invalid data found when processing input
    FAILED (size=0)
  [108/284] Sacrifice : the more we give, the greater the retu...
    ffprobe stderr: https://www.satipanya.org.uk/tip-o-the-day/#anchor31: Invalid data found when processing input
    retry 1/1, wait 3s...
    ffprobe stderr: https://www.satipanya.org.uk/tip-o-the-day/#anchor31: Invalid data found when processing input
    FAILED (size=0)
  [109/284] Not what we believe, but how we live....
    ffprobe stderr: https://www.satipanya.org.uk/tip-o-the-day/#anchor32: Invalid data found when processing input
    retry 1/1, wait 3s...
    ffprobe stderr: https://www.satipanya.org.uk/tip-o-the-day/#anchor32: Invalid data found when processing input
    FAILED (size=0)
  [110/284] Towards the Greatest Happiness....
    ffprobe stderr: https://www.satipanya.org.uk/tip-o-the-day/#anchor33: Invalid data found when processing input
    retry 1/1, wait 3s...
    ffprobe stderr: https://www.satipanya.org.uk/tip-o-the-day/#anchor33: Invalid data found when processing input
    FAILED (size=0)
  [111/284] New Year Resolution...
    ffprobe stderr: https://www.satipanya.org.uk/tip-o-the-day/#anchor34: Invalid data found when processing input
    retry 1/1, wait 3s...
    ffprobe stderr: https://www.satipanya.org.uk/tip-o-the-day/#anchor34: Invalid data found when processing input
    FAILED (size=0)
  [112/284] Neighbourly ‘Sounds’...
    ffprobe stderr: https://www.satipanya.org.uk/tip-o-the-day/#anchor35: Invalid data found when processing input
    retry 1/1, wait 3s...
    ffprobe stderr: https://www.satipanya.org.uk/tip-o-the-day/#anchor35: Invalid data found when processing input
    FAILED (size=0)
  [113/284] Sickness...
    ffprobe stderr: https://www.satipanya.org.uk/tip-o-the-day/#anchor36: Invalid data found when processing input
    retry 1/1, wait 3s...
    ffprobe stderr: https://www.satipanya.org.uk/tip-o-the-day/#anchor36: Invalid data found when processing input
    FAILED (size=0)
  [114/284] The Tough Nut...
    ffprobe stderr: https://www.satipanya.org.uk/tip-o-the-day/#anchor37: Invalid data found when processing input
    retry 1/1, wait 3s...
    ffprobe stderr: https://www.satipanya.org.uk/tip-o-the-day/#anchor37: Invalid data found when processing input
    FAILED (size=0)
  [115/284] Impulsive or Spontaneous....
    ffprobe stderr: https://www.satipanya.org.uk/tip-o-the-day/#anchor38: Invalid data found when processing input
    retry 1/1, wait 3s...
    ffprobe stderr: https://www.satipanya.org.uk/tip-o-the-day/#anchor38: Invalid data found when processing input
    FAILED (size=0)
  [116/284] Joy!...
    ffprobe stderr: https://www.satipanya.org.uk/tip-o-the-day/#anchor39: Invalid data found when processing input
    retry 1/1, wait 3s...
    ffprobe stderr: https://www.satipanya.org.uk/tip-o-the-day/#anchor39: Invalid data found when processing input
    FAILED (size=0)
  [117/284] Thankyou...
    ffprobe stderr: https://www.satipanya.org.uk/tip-o-the-day/#anchor40: Invalid data found when processing input
    retry 1/1, wait 3s...
    ffprobe stderr: https://www.satipanya.org.uk/tip-o-the-day/#anchor40: Invalid data found when processing input
    FAILED (size=0)
  [118/284] Need, Sufficiency and Greed....
    ffprobe stderr: https://www.satipanya.org.uk/tip-o-the-day/#anchor41: Invalid data found when processing input
    retry 1/1, wait 3s...
    ffprobe stderr: https://www.satipanya.org.uk/tip-o-the-day/#anchor41: Invalid data found when processing input
    FAILED (size=0)
  [119/284] What values govern our lives?...
    ffprobe stderr: https://www.satipanya.org.uk/tip-o-the-day/#anchor42: Invalid data found when processing input
    retry 1/1, wait 3s...
    ffprobe stderr: https://www.satipanya.org.uk/tip-o-the-day/#anchor42: Invalid data found when processing input
    FAILED (size=0)
  [120/284] Values in mine own eyes....
    ffprobe stderr: https://www.satipanya.org.uk/tip-o-the-day/#anchor43: Invalid data found when processing input
    retry 1/1, wait 3s...
    ffprobe stderr: https://www.satipanya.org.uk/tip-o-the-day/#anchor43: Invalid data found when processing input
    FAILED (size=0)
  [121/284] Living in the Now : Planning for the Future...
    ffprobe stderr: https://www.satipanya.org.uk/tip-o-the-day/#anchor44: Invalid data found when processing input
    retry 1/1, wait 3s...
    ffprobe stderr: https://www.satipanya.org.uk/tip-o-the-day/#anchor44: Invalid data found when processing input
    FAILED (size=0)
  [122/284] Music...
    ffprobe stderr: https://www.satipanya.org.uk/tip-o-the-day/#anchor45: Invalid data found when processing input
    retry 1/1, wait 3s...
    ffprobe stderr: https://www.satipanya.org.uk/tip-o-the-day/#anchor45: Invalid data found when processing input
    FAILED (size=0)
  [123/284] Time...
    ffprobe stderr: https://www.satipanya.org.uk/tip-o-the-day/#anchor46: Invalid data found when processing input
    retry 1/1, wait 3s...
    ffprobe stderr: https://www.satipanya.org.uk/tip-o-the-day/#anchor46: Invalid data found when processing input
    FAILED (size=0)
  [124/284] Our Daily Breaks....
    ffprobe stderr: https://www.satipanya.org.uk/tip-o-the-day/#anchor47: Invalid data found when processing input
    retry 1/1, wait 3s...
    ffprobe stderr: https://www.satipanya.org.uk/tip-o-the-day/#anchor47: Invalid data found when processing input
    FAILED (size=0)
  [125/284] On the Virtue of Visiting a Cemetery...
    ffprobe stderr: https://www.satipanya.org.uk/tip-o-the-day/#anchor48: Invalid data found when processing input
    retry 1/1, wait 3s...
    ffprobe stderr: https://www.satipanya.org.uk/tip-o-the-day/#anchor48: Invalid data found when processing input
    FAILED (size=0)
  [126/284] Pity, Sorrow and Compassion...
    ffprobe stderr: https://www.satipanya.org.uk/tip-o-the-day/#anchor49: Invalid data found when processing input
    retry 1/1, wait 3s...
    ffprobe stderr: https://www.satipanya.org.uk/tip-o-the-day/#anchor49: Invalid data found when processing input
    FAILED (size=0)
  [127/284] Why are we asked to observe - impermanence....
    ffprobe stderr: https://www.satipanya.org.uk/tip-o-the-day/#anchor50: Invalid data found when processing input
    retry 1/1, wait 3s...
    ffprobe stderr: https://www.satipanya.org.uk/tip-o-the-day/#anchor50: Invalid data found when processing input
    FAILED (size=0)
  [128/284] Sublimation...
    ffprobe stderr: https://www.satipanya.org.uk/tip-o-the-day/#anchor51: Invalid data found when processing input
    retry 1/1, wait 3s...
    ffprobe stderr: https://www.satipanya.org.uk/tip-o-the-day/#anchor51: Invalid data found when processing input
    FAILED (size=0)
  [129/284] Righteous Anger : Plain Anger...
    ffprobe stderr: https://www.satipanya.org.uk/tip-o-the-day/#anchor52: Invalid data found when processing input
    retry 1/1, wait 3s...
    ffprobe stderr: https://www.satipanya.org.uk/tip-o-the-day/#anchor52: Invalid data found when processing input
    FAILED (size=0)
  [130/284] A Pet’s Endgame...
    ffprobe stderr: https://www.satipanya.org.uk/tip-o-the-day/#anchor53: Invalid data found when processing input
    retry 1/1, wait 3s...
    ffprobe stderr: https://www.satipanya.org.uk/tip-o-the-day/#anchor53: Invalid data found when processing input
    FAILED (size=0)
  [131/284] Downers....
    ffprobe stderr: https://www.satipanya.org.uk/tip-o-the-day/#anchor54: Invalid data found when processing input
    retry 1/1, wait 3s...
    ffprobe stderr: https://www.satipanya.org.uk/tip-o-the-day/#anchor54: Invalid data found when processing input
    FAILED (size=0)
  [132/284] Discipline : Self-discipline...
    ffprobe stderr: https://www.satipanya.org.uk/tip-o-the-day/#anchor55: Invalid data found when processing input
    retry 1/1, wait 3s...
    ffprobe stderr: https://www.satipanya.org.uk/tip-o-the-day/#anchor55: Invalid data found when processing input
    FAILED (size=0)
  [133/284] Fairness and Equality...
    ffprobe stderr: https://www.satipanya.org.uk/tip-o-the-day/#anchor56: Invalid data found when processing input
    retry 1/1, wait 3s...
    ffprobe stderr: https://www.satipanya.org.uk/tip-o-the-day/#anchor56: Invalid data found when processing input
    FAILED (size=0)
  [134/284] Unforgivingness...
    ffprobe stderr: https://www.satipanya.org.uk/tip-o-the-day/#anchor57: Invalid data found when processing input
    retry 1/1, wait 3s...
    ffprobe stderr: https://www.satipanya.org.uk/tip-o-the-day/#anchor57: Invalid data found when processing input
    FAILED (size=0)
  [135/284] My body is Mother Earth...
    ffprobe stderr: https://www.satipanya.org.uk/tip-o-the-day/#anchor58: Invalid data found when processing input
    retry 1/1, wait 3s...
    ffprobe stderr: https://www.satipanya.org.uk/tip-o-the-day/#anchor58: Invalid data found when processing input
    FAILED (size=0)
  [136/284] Dealing with Intense Emotions and Moods in Ordinar...
    ffprobe stderr: https://www.satipanya.org.uk/tip-o-the-day/#anchor59: Invalid data found when processing input
    retry 1/1, wait 3s...
    ffprobe stderr: https://www.satipanya.org.uk/tip-o-the-day/#anchor59: Invalid data found when processing input
    FAILED (size=0)
  [137/284] How much pain, physical or mental should we suffer...
    ffprobe stderr: https://www.satipanya.org.uk/tip-o-the-day/#anchor60: Invalid data found when processing input
    retry 1/1, wait 3s...
    ffprobe stderr: https://www.satipanya.org.uk/tip-o-the-day/#anchor60: Invalid data found when processing input
    FAILED (size=0)
  [138/284] Judging or Judgemental?...
    ffprobe stderr: https://www.satipanya.org.uk/tip-o-the-day/#anchor61: Invalid data found when processing input
    retry 1/1, wait 3s...
    ffprobe stderr: https://www.satipanya.org.uk/tip-o-the-day/#anchor61: Invalid data found when processing input
    FAILED (size=0)
  [139/284] The absurd and the Sublime : A Mid-summer Contempl...
    ffprobe stderr: https://www.satipanya.org.uk/tip-o-the-day/#anchor62: Invalid data found when processing input
    retry 1/1, wait 3s...
    ffprobe stderr: https://www.satipanya.org.uk/tip-o-the-day/#anchor62: Invalid data found when processing input
    FAILED (size=0)
  [140/284] If there is no self, who bears the karma?...
    ffprobe stderr: https://www.satipanya.org.uk/tip-o-the-day/#anchor63: Invalid data found when processing input
    retry 1/1, wait 3s...
    ffprobe stderr: https://www.satipanya.org.uk/tip-o-the-day/#anchor63: Invalid data found when processing input
    FAILED (size=0)
  [141/284] Overwhelmed by All the Violence in the World?...
    ffprobe stderr: https://www.satipanya.org.uk/tip-o-the-day/#anchor64: Invalid data found when processing input
    retry 1/1, wait 3s...
    ffprobe stderr: https://www.satipanya.org.uk/tip-o-the-day/#anchor64: Invalid data found when processing input
    FAILED (size=0)
  [142/284] Legal : Moral : Ethical...
    ffprobe stderr: https://www.satipanya.org.uk/tip-o-the-day/#anchor65: Invalid data found when processing input
    retry 1/1, wait 3s...
    ffprobe stderr: https://www.satipanya.org.uk/tip-o-the-day/#anchor65: Invalid data found when processing input
    FAILED (size=0)
  [143/284] The Consumer in Us All....
    ffprobe stderr: https://www.satipanya.org.uk/tip-o-the-day/#anchor66: Invalid data found when processing input
    retry 1/1, wait 3s...
    ffprobe stderr: https://www.satipanya.org.uk/tip-o-the-day/#anchor66: Invalid data found when processing input
    FAILED (size=0)
  [144/284] Barriers or Boundaries...
    ffprobe stderr: https://www.satipanya.org.uk/tip-o-the-day/#anchor67: Invalid data found when processing input
    retry 1/1, wait 3s...
    ffprobe stderr: https://www.satipanya.org.uk/tip-o-the-day/#anchor67: Invalid data found when processing input
    FAILED (size=0)
  [145/284] Isolation, Loneliness and Solitude...
    ffprobe stderr: https://www.satipanya.org.uk/tip-o-the-day/#anchor68: Invalid data found when processing input
    retry 1/1, wait 3s...
    ffprobe stderr: https://www.satipanya.org.uk/tip-o-the-day/#anchor68: Invalid data found when processing input
    FAILED (size=0)
  [146/284] Envy, Jealousy and Appreciative Joy...
    ffprobe stderr: https://www.satipanya.org.uk/tip-o-the-day/#anchor69: Invalid data found when processing input
    retry 1/1, wait 3s...
    ffprobe stderr: https://www.satipanya.org.uk/tip-o-the-day/#anchor69: Invalid data found when processing input
    FAILED (size=0)
  [147/284] Unwholesome Karmic Results as Fate....
    ffprobe stderr: https://www.satipanya.org.uk/tip-o-the-day/#anchor70: Invalid data found when processing input
    retry 1/1, wait 3s...
    ffprobe stderr: https://www.satipanya.org.uk/tip-o-the-day/#anchor70: Invalid data found when processing input
    FAILED (size=0)
  [148/284] Ideology leads to strife....
    ffprobe stderr: https://www.satipanya.org.uk/tip-o-the-day/#anchor71: Invalid data found when processing input
    retry 1/1, wait 3s...
    ffprobe stderr: https://www.satipanya.org.uk/tip-o-the-day/#anchor71: Invalid data found when processing input
    FAILED (size=0)
  [149/284] The Sacred: It’s Meaning and the Role of Free Spee...
    ffprobe stderr: https://www.satipanya.org.uk/tip-o-the-day/#anchor72: Invalid data found when processing input
    retry 1/1, wait 3s...
    ffprobe stderr: https://www.satipanya.org.uk/tip-o-the-day/#anchor72: Invalid data found when processing input
    FAILED (size=0)
  [150/284] Awareness, Compassion and Wisdom...
    ffprobe stderr: https://www.satipanya.org.uk/tip-o-the-day/#anchor73: Invalid data found when processing input
    retry 1/1, wait 3s...
    ffprobe stderr: https://www.satipanya.org.uk/tip-o-the-day/#anchor73: Invalid data found when processing input
    FAILED (size=0)
  [checkpoint saved at 150]
  [151/284] To become or not to become....
    ffprobe stderr: https://www.satipanya.org.uk/tip-o-the-day/#anchor74: Invalid data found when processing input
    retry 1/1, wait 3s...
    ffprobe stderr: https://www.satipanya.org.uk/tip-o-the-day/#anchor74: Invalid data found when processing input
    FAILED (size=0)
  [152/284] Appamāda : Diligent...
    ffprobe stderr: https://www.satipanya.org.uk/tip-o-the-day/#anchor75: Invalid data found when processing input
    retry 1/1, wait 3s...
    ffprobe stderr: https://www.satipanya.org.uk/tip-o-the-day/#anchor75: Invalid data found when processing input
    FAILED (size=0)
  [153/284] Aim and Objective in Present Time...
    ffprobe stderr: https://www.satipanya.org.uk/tip-o-the-day/#anchor76: Invalid data found when processing input
    retry 1/1, wait 3s...
    ffprobe stderr: https://www.satipanya.org.uk/tip-o-the-day/#anchor76: Invalid data found when processing input
    FAILED (size=0)
  [154/284] Money and Power...
    ffprobe stderr: https://www.satipanya.org.uk/tip-o-the-day/#anchor77: Invalid data found when processing input
    retry 1/1, wait 3s...
    ffprobe stderr: https://www.satipanya.org.uk/tip-o-the-day/#anchor77: Invalid data found when processing input
    FAILED (size=0)
  [155/284] Passive Aggression...
    ffprobe stderr: https://www.satipanya.org.uk/tip-o-the-day/#anchor78: Invalid data found when processing input
    retry 1/1, wait 3s...
    ffprobe stderr: https://www.satipanya.org.uk/tip-o-the-day/#anchor78: Invalid data found when processing input
    FAILED (size=0)
  [156/284] In what way should Buddhadhamma affect our politic...
    ffprobe stderr: https://www.satipanya.org.uk/tip-o-the-day/#anchor79: Invalid data found when processing input
    retry 1/1, wait 3s...
    ffprobe stderr: https://www.satipanya.org.uk/tip-o-the-day/#anchor79: Invalid data found when processing input
    FAILED (size=0)
  [157/284] Practice makes perfect.*...
    ffprobe stderr: https://www.satipanya.org.uk/tip-o-the-day/#anchor80: Invalid data found when processing input
    retry 1/1, wait 3s...
    ffprobe stderr: https://www.satipanya.org.uk/tip-o-the-day/#anchor80: Invalid data found when processing input
    FAILED (size=0)
  [158/284] Right Speech...
    ffprobe stderr: https://www.satipanya.org.uk/tip-o-the-day/#anchor81: Invalid data found when processing input
    retry 1/1, wait 3s...
    ffprobe stderr: https://www.satipanya.org.uk/tip-o-the-day/#anchor81: Invalid data found when processing input
    FAILED (size=0)
  [159/284] Equanimity...
    ffprobe stderr: https://www.satipanya.org.uk/tip-o-the-day/#anchor82: Invalid data found when processing input
    retry 1/1, wait 3s...
    ffprobe stderr: https://www.satipanya.org.uk/tip-o-the-day/#anchor82: Invalid data found when processing input
    FAILED (size=0)
  [160/284] Shame...
    ffprobe stderr: https://www.satipanya.org.uk/tip-o-the-day/#anchor83: Invalid data found when processing input
    retry 1/1, wait 3s...
    ffprobe stderr: https://www.satipanya.org.uk/tip-o-the-day/#anchor83: Invalid data found when processing input
    FAILED (size=0)
  [161/284] Guilt...
    ffprobe stderr: https://www.satipanya.org.uk/tip-o-the-day/#anchor84: Invalid data found when processing input
    retry 1/1, wait 3s...
    ffprobe stderr: https://www.satipanya.org.uk/tip-o-the-day/#anchor84: Invalid data found when processing input
    FAILED (size=0)
  [162/284] Gratitude Generosity Renunciation...
    ffprobe stderr: https://www.satipanya.org.uk/tip-o-the-day/#anchor85: Invalid data found when processing input
    retry 1/1, wait 3s...
    ffprobe stderr: https://www.satipanya.org.uk/tip-o-the-day/#anchor85: Invalid data found when processing input
    FAILED (size=0)
  [163/284] Excitement Boredom Contentment...
    ffprobe stderr: https://www.satipanya.org.uk/tip-o-the-day/#anchor86: Invalid data found when processing input
    retry 1/1, wait 3s...
    ffprobe stderr: https://www.satipanya.org.uk/tip-o-the-day/#anchor86: Invalid data found when processing input
    FAILED (size=0)
  [164/284] Silence...
    ffprobe stderr: https://www.satipanya.org.uk/tip-o-the-day/#anchor87: Invalid data found when processing input
    retry 1/1, wait 3s...
    ffprobe stderr: https://www.satipanya.org.uk/tip-o-the-day/#anchor87: Invalid data found when processing input
    FAILED (size=0)
  [165/284] Courage, Fortitude and Resilience...
    ffprobe stderr: https://www.satipanya.org.uk/tip-o-the-day/#anchor88: Invalid data found when processing input
    retry 1/1, wait 3s...
    ffprobe stderr: https://www.satipanya.org.uk/tip-o-the-day/#anchor88: Invalid data found when processing input
    FAILED (size=0)
  [166/284] One of the Hindrances is Sceptical Doubt....
    ffprobe stderr: https://www.satipanya.org.uk/tip-o-the-day/#anchor89: Invalid data found when processing input
    retry 1/1, wait 3s...
    ffprobe stderr: https://www.satipanya.org.uk/tip-o-the-day/#anchor89: Invalid data found when processing input
    FAILED (size=0)
  [167/284] Scientism meets Buddhism (Buddhadhamma?)...
    ffprobe stderr: https://www.satipanya.org.uk/tip-o-the-day/#anchor90: Invalid data found when processing input
    retry 1/1, wait 3s...
    ffprobe stderr: https://www.satipanya.org.uk/tip-o-the-day/#anchor90: Invalid data found when processing input
    FAILED (size=0)
  [168/284] What is our basic disposition to life?...
    ffprobe stderr: https://www.satipanya.org.uk/tip-o-the-day/#anchor91: Invalid data found when processing input
    retry 1/1, wait 3s...
    ffprobe stderr: https://www.satipanya.org.uk/tip-o-the-day/#anchor91: Invalid data found when processing input
    FAILED (size=0)
  [169/284] Fear!...
    ffprobe stderr: https://www.satipanya.org.uk/tip-o-the-day/#anchor92: Invalid data found when processing input
    retry 1/1, wait 3s...
    ffprobe stderr: https://www.satipanya.org.uk/tip-o-the-day/#anchor92: Invalid data found when processing input
    FAILED (size=0)
  [170/284] Beauty....
    ffprobe stderr: https://www.satipanya.org.uk/tip-o-the-day/#anchor93: Invalid data found when processing input
    retry 1/1, wait 3s...
    ffprobe stderr: https://www.satipanya.org.uk/tip-o-the-day/#anchor93: Invalid data found when processing input
    FAILED (size=0)
  [171/284] The Wisdom of Uncertainty...
    ffprobe stderr: https://www.satipanya.org.uk/tip-o-the-day/#anchor94: Invalid data found when processing input
    retry 1/1, wait 3s...
    ffprobe stderr: https://www.satipanya.org.uk/tip-o-the-day/#anchor94: Invalid data found when processing input
    FAILED (size=0)
  [172/284] Patience...
    ffprobe stderr: https://www.satipanya.org.uk/tip-o-the-day/#anchor95: Invalid data found when processing input
    retry 1/1, wait 3s...
    ffprobe stderr: https://www.satipanya.org.uk/tip-o-the-day/#anchor95: Invalid data found when processing input
    FAILED (size=0)
  [173/284] Overcoming the Corruptions of Generosity...
    ffprobe stderr: https://www.satipanya.org.uk/tip-o-the-day/#anchor96: Invalid data found when processing input
    retry 1/1, wait 3s...
    ffprobe stderr: https://www.satipanya.org.uk/tip-o-the-day/#anchor96: Invalid data found when processing input
    FAILED (size=0)
  [174/284] The World is in a terrible state....
    ffprobe stderr: https://www.satipanya.org.uk/tip-o-the-day/#anchor97: Invalid data found when processing input
    retry 1/1, wait 3s...
    ffprobe stderr: https://www.satipanya.org.uk/tip-o-the-day/#anchor97: Invalid data found when processing input
    FAILED (size=0)
  [175/284] The Treasure of Things...
    ffprobe stderr: https://www.satipanya.org.uk/tip-o-the-day/#anchor98: Invalid data found when processing input
    retry 1/1, wait 3s...
    ffprobe stderr: https://www.satipanya.org.uk/tip-o-the-day/#anchor98: Invalid data found when processing input
    FAILED (size=0)
  [176/284] Equanimity Carl...
    ffprobe stderr: https://www.satipanya.org.uk/tip-o-the-day/#anchor99: Invalid data found when processing input
    retry 1/1, wait 3s...
    ffprobe stderr: https://www.satipanya.org.uk/tip-o-the-day/#anchor99: Invalid data found when processing input
    FAILED (size=0)
  [177/284] The years where do they go. New Year Encouragement...
    ffprobe stderr: https://www.satipanya.org.uk/tip-o-the-day/#anchor100: Invalid data found when processing input
    retry 1/1, wait 3s...
    ffprobe stderr: https://www.satipanya.org.uk/tip-o-the-day/#anchor100: Invalid data found when processing input
    FAILED (size=0)
  [178/284] Understand and See things as they really are...
    ffprobe stderr: https://www.satipanya.org.uk/tip-o-the-day/#anchor101: Invalid data found when processing input
    retry 1/1, wait 3s...
    ffprobe stderr: https://www.satipanya.org.uk/tip-o-the-day/#anchor101: Invalid data found when processing input
    FAILED (size=0)
  [179/284] Constant Curiosity Carl...
    ffprobe stderr: https://www.satipanya.org.uk/tip-o-the-day/#anchor102: Invalid data found when processing input
    retry 1/1, wait 3s...
    ffprobe stderr: https://www.satipanya.org.uk/tip-o-the-day/#anchor102: Invalid data found when processing input
    FAILED (size=0)
  [180/284] Kamma Noirin...
    ffprobe stderr: https://www.satipanya.org.uk/tip-o-the-day/#anchor103: Invalid data found when processing input
    retry 1/1, wait 3s...
    ffprobe stderr: https://www.satipanya.org.uk/tip-o-the-day/#anchor103: Invalid data found when processing input
    FAILED (size=0)
  [181/284] Progress...
    ffprobe stderr: https://www.satipanya.org.uk/tip-o-the-day/#anchor104: Invalid data found when processing input
    retry 1/1, wait 3s...
    ffprobe stderr: https://www.satipanya.org.uk/tip-o-the-day/#anchor104: Invalid data found when processing input
    FAILED (size=0)
  [182/284] Who Decides? Carl...
    ffprobe stderr: https://www.satipanya.org.uk/tip-o-the-day/#anchor105: Invalid data found when processing input
    retry 1/1, wait 3s...
    ffprobe stderr: https://www.satipanya.org.uk/tip-o-the-day/#anchor105: Invalid data found when processing input
    FAILED (size=0)
  [183/284] Delusion, caring for illusion....
    ffprobe stderr: https://www.satipanya.org.uk/tip-o-the-day/#anchor106: Invalid data found when processing input
    retry 1/1, wait 3s...
    ffprobe stderr: https://www.satipanya.org.uk/tip-o-the-day/#anchor106: Invalid data found when processing input
    FAILED (size=0)
  [184/284] The world is not in a good place....
    ffprobe stderr: https://www.satipanya.org.uk/tip-o-the-day/#anchor107: Invalid data found when processing input
    retry 1/1, wait 3s...
    ffprobe stderr: https://www.satipanya.org.uk/tip-o-the-day/#anchor107: Invalid data found when processing input
    FAILED (size=0)
  [185/284] Happy New Year...
    ffprobe stderr: https://www.satipanya.org.uk/tip-o-the-day/#anchor108: Invalid data found when processing input
    retry 1/1, wait 3s...
    ffprobe stderr: https://www.satipanya.org.uk/tip-o-the-day/#anchor108: Invalid data found when processing input
    FAILED (size=0)
  [186/284] Sickness...
    ffprobe stderr: https://www.satipanya.org.uk/tip-o-the-day/#anchor109: Invalid data found when processing input
    retry 1/1, wait 3s...
    ffprobe stderr: https://www.satipanya.org.uk/tip-o-the-day/#anchor109: Invalid data found when processing input
    FAILED (size=0)
  [187/284] Yearning for a Better World...
    ffprobe stderr: https://www.satipanya.org.uk/tip-o-the-day/#anchor110: Invalid data found when processing input
    retry 1/1, wait 3s...
    ffprobe stderr: https://www.satipanya.org.uk/tip-o-the-day/#anchor110: Invalid data found when processing input
    FAILED (size=0)
  [188/284] Balancing Lay and Spiritual Life...
    ffprobe stderr: https://www.satipanya.org.uk/tip-o-the-day/#anchor111: Invalid data found when processing input
    retry 1/1, wait 3s...
    ffprobe stderr: https://www.satipanya.org.uk/tip-o-the-day/#anchor111: Invalid data found when processing input
    FAILED (size=0)
  [189/284] Wildflower Wisdom...
    ffprobe stderr: https://www.satipanya.org.uk/tip-o-the-day/#anchor112: Invalid data found when processing input
    retry 1/1, wait 3s...
    ffprobe stderr: https://www.satipanya.org.uk/tip-o-the-day/#anchor112: Invalid data found when processing input
    FAILED (size=0)
  [190/284] Dealing with the Stories that Make Us Suffer...
    ffprobe stderr: https://www.satipanya.org.uk/tip-o-the-day/#anchor113: Invalid data found when processing input
    retry 1/1, wait 3s...
    ffprobe stderr: https://www.satipanya.org.uk/tip-o-the-day/#anchor113: Invalid data found when processing input
    FAILED (size=0)
  [191/284] The Wisdom and Virtues of Insecurity...
    ffprobe stderr: https://www.satipanya.org.uk/tip-o-the-day/#anchor114: Invalid data found when processing input
    retry 1/1, wait 3s...
    ffprobe stderr: https://www.satipanya.org.uk/tip-o-the-day/#anchor114: Invalid data found when processing input
    FAILED (size=0)
  [192/284] As Winter Approaches...
    ffprobe stderr: https://www.satipanya.org.uk/tip-o-the-day/#anchor115: Invalid data found when processing input
    retry 1/1, wait 3s...
    ffprobe stderr: https://www.satipanya.org.uk/tip-o-the-day/#anchor115: Invalid data found when processing input
    FAILED (size=0)
  [193/284] Guidelines For a New Year's Resolution...
    ffprobe stderr: https://www.satipanya.org.uk/tip-o-the-day/#anchor116: Invalid data found when processing input
    retry 1/1, wait 3s...
    ffprobe stderr: https://www.satipanya.org.uk/tip-o-the-day/#anchor116: Invalid data found when processing input
    FAILED (size=0)
  [194/284] Coronavirus : Messenger from the Gods...
    ffprobe stderr: https://www.satipanya.org.uk/tip-o-the-day/#anchor117: Invalid data found when processing input
    retry 1/1, wait 3s...
    ffprobe stderr: https://www.satipanya.org.uk/tip-o-the-day/#anchor117: Invalid data found when processing input
    FAILED (size=0)
  [195/284] Quench all Resentments....
    ffprobe stderr: https://www.satipanya.org.uk/tip-o-the-day/#anchor118: Invalid data found when processing input
    retry 1/1, wait 3s...
    ffprobe stderr: https://www.satipanya.org.uk/tip-o-the-day/#anchor118: Invalid data found when processing input
    FAILED (size=0)
  [196/284] Exiting Lockdown...
    ffprobe stderr: https://www.satipanya.org.uk/tip-o-the-day/#anchor119: Invalid data found when processing input
    retry 1/1, wait 3s...
    ffprobe stderr: https://www.satipanya.org.uk/tip-o-the-day/#anchor119: Invalid data found when processing input
    FAILED (size=0)
  [197/284] Committing to the Path...
    ffprobe stderr: https://www.satipanya.org.uk/tip-o-the-day/#anchor120: Invalid data found when processing input
    retry 1/1, wait 3s...
    ffprobe stderr: https://www.satipanya.org.uk/tip-o-the-day/#anchor120: Invalid data found when processing input
    FAILED (size=0)
  [198/284] Beauty...
    ffprobe stderr: https://www.satipanya.org.uk/tip-o-the-day/#anchor121: Invalid data found when processing input
    retry 1/1, wait 3s...
    ffprobe stderr: https://www.satipanya.org.uk/tip-o-the-day/#anchor121: Invalid data found when processing input
    FAILED (size=0)
  [199/284] Motivation for Practice...
    ffprobe stderr: https://www.satipanya.org.uk/tip-o-the-day/#anchor123: Invalid data found when processing input
    retry 1/1, wait 3s...
    ffprobe stderr: https://www.satipanya.org.uk/tip-o-the-day/#anchor123: Invalid data found when processing input
    FAILED (size=0)
  [200/284] All in the Mind...
    ffprobe stderr: https://www.satipanya.org.uk/tip-o-the-day/#anchor124: Invalid data found when processing input
    retry 1/1, wait 3s...
    ffprobe stderr: https://www.satipanya.org.uk/tip-o-the-day/#anchor124: Invalid data found when processing input
    FAILED (size=0)
  [checkpoint saved at 200]
  [201/284] Perfection, Elitism and Excellence....
    ffprobe stderr: https://www.satipanya.org.uk/tip-o-the-day/#anchor125: Invalid data found when processing input
    retry 1/1, wait 3s...
    ffprobe stderr: https://www.satipanya.org.uk/tip-o-the-day/#anchor125: Invalid data found when processing input
    FAILED (size=0)
  [202/284] Material World...
    ffprobe stderr: https://www.satipanya.org.uk/tip-o-the-day/#anchor126: Invalid data found when processing input
    retry 1/1, wait 3s...
    ffprobe stderr: https://www.satipanya.org.uk/tip-o-the-day/#anchor126: Invalid data found when processing input
    FAILED (size=0)
  [203/284] Inner Voices...
    ffprobe stderr: https://www.satipanya.org.uk/tip-o-the-day/#anchor127: Invalid data found when processing input
    retry 1/1, wait 3s...
    ffprobe stderr: https://www.satipanya.org.uk/tip-o-the-day/#anchor127: Invalid data found when processing input
    FAILED (size=0)
  [204/284] Full Catastrophe Ethics...
    ffprobe stderr: https://www.satipanya.org.uk/tip-o-the-day/#anchor128: Invalid data found when processing input
    retry 1/1, wait 3s...
    ffprobe stderr: https://www.satipanya.org.uk/tip-o-the-day/#anchor128: Invalid data found when processing input
    FAILED (size=0)
  [205/284] On Learning how to be with Climate and Social Brea...
    ffprobe stderr: https://www.satipanya.org.uk/tip-o-the-day/#anchor129: Invalid data found when processing input
    retry 1/1, wait 3s...
    ffprobe stderr: https://www.satipanya.org.uk/tip-o-the-day/#anchor129: Invalid data found when processing input
    FAILED (size=0)
  [206/284] Living in the here and now. Bhante Bodhidhamma...
    ffprobe stderr: https://www.satipanya.org.uk/tip-o-the-day/#anchor130: Invalid data found when processing input
    retry 1/1, wait 3s...
    ffprobe stderr: https://www.satipanya.org.uk/tip-o-the-day/#anchor130: Invalid data found when processing input
    FAILED (size=0)
  [207/284] Being Human Bhante Bodhidhamma...
    ffprobe stderr: https://www.satipanya.org.uk/tip-o-the-day/#anchor131: Invalid data found when processing input
    retry 1/1, wait 3s...
    ffprobe stderr: https://www.satipanya.org.uk/tip-o-the-day/#anchor131: Invalid data found when processing input
    FAILED (size=0)
  [208/284] Sympathy Empathy Compassion Bhante Bodhidhamma...
    ffprobe stderr: https://www.satipanya.org.uk/tip-o-the-day/#anchor132: Invalid data found when processing input
    retry 1/1, wait 3s...
    ffprobe stderr: https://www.satipanya.org.uk/tip-o-the-day/#anchor132: Invalid data found when processing input
    FAILED (size=0)
  [209/284] Non-Violence is not Pacificism Bhante Bodhidhamma...
    ffprobe stderr: https://www.satipanya.org.uk/tip-o-the-day/#anchor133: Invalid data found when processing input
    retry 1/1, wait 3s...
    ffprobe stderr: https://www.satipanya.org.uk/tip-o-the-day/#anchor133: Invalid data found when processing input
    FAILED (size=0)
  [210/284] Neoliberalism and Buddhadhamma Bhante Bodhidhamma...
    ffprobe stderr: https://www.satipanya.org.uk/tip-o-the-day/#anchor134: Invalid data found when processing input
    retry 1/1, wait 3s...
    ffprobe stderr: https://www.satipanya.org.uk/tip-o-the-day/#anchor134: Invalid data found when processing input
    FAILED (size=0)
  [211/284] Dullness and Lethargy: Our Two Very Good Friends C...
    ffprobe stderr: https://www.satipanya.org.uk/tip-o-the-day/#anchor135: Invalid data found when processing input
    retry 1/1, wait 3s...
    ffprobe stderr: https://www.satipanya.org.uk/tip-o-the-day/#anchor135: Invalid data found when processing input
    FAILED (size=0)
  [212/284] Preparing for Climate Change - First Ethical Maxim...
    ffprobe stderr: https://www.satipanya.org.uk/tip-o-the-day/#anchor136: Invalid data found when processing input
    retry 1/1, wait 3s...
    ffprobe stderr: https://www.satipanya.org.uk/tip-o-the-day/#anchor136: Invalid data found when processing input
    FAILED (size=0)
  [213/284] Red Lines, Sila - Third Ethical Maxim Noirin Sheah...
    ffprobe stderr: https://www.satipanya.org.uk/tip-o-the-day/#anchor137: Invalid data found when processing input
    retry 1/1, wait 3s...
    ffprobe stderr: https://www.satipanya.org.uk/tip-o-the-day/#anchor137: Invalid data found when processing input
    FAILED (size=0)
  [214/284] Radical Hope, Saddha - Second Ethical Maxim Noirin...
    ffprobe stderr: https://www.satipanya.org.uk/tip-o-the-day/#anchor138: Invalid data found when processing input
    retry 1/1, wait 3s...
    ffprobe stderr: https://www.satipanya.org.uk/tip-o-the-day/#anchor138: Invalid data found when processing input
    FAILED (size=0)
  [215/284] New Year Resolutions and the Third Maxim  Noirin S...
    ffprobe stderr: https://www.satipanya.org.uk/tip-o-the-day/#anchor139: Invalid data found when processing input
    retry 1/1, wait 3s...
    ffprobe stderr: https://www.satipanya.org.uk/tip-o-the-day/#anchor139: Invalid data found when processing input
    FAILED (size=0)
  [216/284] 4th Maxim (i) : Opportunity Knocks  Noirin Sheahan...
    ffprobe stderr: https://www.satipanya.org.uk/tip-o-the-day/#anchor140: Invalid data found when processing input
    retry 1/1, wait 3s...
    ffprobe stderr: https://www.satipanya.org.uk/tip-o-the-day/#anchor140: Invalid data found when processing input
    FAILED (size=0)
  [217/284] 4th Maxim (ii) : Spiral to Freedom  Noirin Sheahan...
    ffprobe stderr: https://www.satipanya.org.uk/tip-o-the-day/#anchor141: Invalid data found when processing input
    retry 1/1, wait 3s...
    ffprobe stderr: https://www.satipanya.org.uk/tip-o-the-day/#anchor141: Invalid data found when processing input
    FAILED (size=0)
  [218/284] Fourth Maxim (iii) : Path to Transcendence  Noirin...
    ffprobe stderr: https://www.satipanya.org.uk/tip-o-the-day/#anchor142: Invalid data found when processing input
    retry 1/1, wait 3s...
    ffprobe stderr: https://www.satipanya.org.uk/tip-o-the-day/#anchor142: Invalid data found when processing input
    FAILED (size=0)
  [219/284] Equanimity : The Most Important Virtue Bhante Bodh...
    ffprobe stderr: https://www.satipanya.org.uk/tip-o-the-day/#anchor143: Invalid data found when processing input
    retry 1/1, wait 3s...
    ffprobe stderr: https://www.satipanya.org.uk/tip-o-the-day/#anchor143: Invalid data found when processing input
    FAILED (size=0)
  [220/284] The Danger of Nihilism  Bhante Bodhidhamma...
    ffprobe stderr: https://www.satipanya.org.uk/tip-o-the-day/#anchor144: Invalid data found when processing input
    retry 1/1, wait 3s...
    ffprobe stderr: https://www.satipanya.org.uk/tip-o-the-day/#anchor144: Invalid data found when processing input
    FAILED (size=0)
  [221/284] Neo-Fascism  Bhante Bodhidhamma...
    ffprobe stderr: https://www.satipanya.org.uk/tip-o-the-day/#anchor145: Invalid data found when processing input
    retry 1/1, wait 3s...
    ffprobe stderr: https://www.satipanya.org.uk/tip-o-the-day/#anchor145: Invalid data found when processing input
    FAILED (size=0)
  [222/284] The Gift of Joy Mudita Bhante Bodhidhamma...
    ffprobe stderr: https://www.satipanya.org.uk/tip-o-the-day/#anchor146: Invalid data found when processing input
    retry 1/1, wait 3s...
    ffprobe stderr: https://www.satipanya.org.uk/tip-o-the-day/#anchor146: Invalid data found when processing input
    FAILED (size=0)
  [223/284] ‘We just follow circumstance.’  Bhante Bodhidhamma...
    ffprobe stderr: https://www.satipanya.org.uk/tip-o-the-day/#anchor147: Invalid data found when processing input
    retry 1/1, wait 3s...
    ffprobe stderr: https://www.satipanya.org.uk/tip-o-the-day/#anchor147: Invalid data found when processing input
    FAILED (size=0)
  [224/284] To Love or To Be Loved. That is the Question.  Bha...
    ffprobe stderr: https://www.satipanya.org.uk/tip-o-the-day/#anchor148: Invalid data found when processing input
    retry 1/1, wait 3s...
    ffprobe stderr: https://www.satipanya.org.uk/tip-o-the-day/#anchor148: Invalid data found when processing input
    FAILED (size=0)
  [225/284] Samsara : doomed to suffer over and over again? Bh...
    ffprobe stderr: https://www.satipanya.org.uk/tip-o-the-day/#anchor149: Invalid data found when processing input
    retry 1/1, wait 3s...
    ffprobe stderr: https://www.satipanya.org.uk/tip-o-the-day/#anchor149: Invalid data found when processing input
    FAILED (size=0)
  [226/284] Compassion : To Care  Bhante Bodhidhamma...
    ffprobe stderr: https://www.satipanya.org.uk/tip-o-the-day/#anchor150: Invalid data found when processing input
    retry 1/1, wait 3s...
    ffprobe stderr: https://www.satipanya.org.uk/tip-o-the-day/#anchor150: Invalid data found when processing input
    FAILED (size=0)
  [227/284] Compassion : A Path of Liberation  Bhante Bodhidha...
    ffprobe stderr: https://www.satipanya.org.uk/tip-o-the-day/#anchor151: Invalid data found when processing input
    retry 1/1, wait 3s...
    ffprobe stderr: https://www.satipanya.org.uk/tip-o-the-day/#anchor151: Invalid data found when processing input
    FAILED (size=0)
  [228/284] Fifth Maxim: Develop the Body and Mind  Noirin She...
    ffprobe stderr: https://www.satipanya.org.uk/tip-o-the-day/#anchor152: Invalid data found when processing input
    retry 1/1, wait 3s...
    ffprobe stderr: https://www.satipanya.org.uk/tip-o-the-day/#anchor152: Invalid data found when processing input
    FAILED (size=0)
  [229/284] The Buddha’s Alter Ego : The World Conquering Mona...
    ffprobe stderr: https://www.satipanya.org.uk/tip-o-the-day/#anchor153: Invalid data found when processing input
    retry 1/1, wait 3s...
    ffprobe stderr: https://www.satipanya.org.uk/tip-o-the-day/#anchor153: Invalid data found when processing input
    FAILED (size=0)
  [230/284] There is a Body: Exploring the Mind-Body Relations...
    ffprobe stderr: https://www.satipanya.org.uk/tip-o-the-day/#anchor154: Invalid data found when processing input
    retry 1/1, wait 3s...
    ffprobe stderr: https://www.satipanya.org.uk/tip-o-the-day/#anchor154: Invalid data found when processing input
    FAILED (size=0)
  [231/284] Self-love and Self-Acceptance  Bhante Bodhidhamma...
    ffprobe stderr: https://www.satipanya.org.uk/tip-o-the-day/#anchor155: Invalid data found when processing input
    retry 1/1, wait 3s...
    ffprobe stderr: https://www.satipanya.org.uk/tip-o-the-day/#anchor155: Invalid data found when processing input
    FAILED (size=0)
  [232/284] The Crucial Role of Desire and Intention.  Bhante ...
    ffprobe stderr: https://www.satipanya.org.uk/tip-o-the-day/#anchor156: Invalid data found when processing input
    retry 1/1, wait 3s...
    ffprobe stderr: https://www.satipanya.org.uk/tip-o-the-day/#anchor156: Invalid data found when processing input
    FAILED (size=0)
  [233/284] Mindfulness meets Metta Noirin Sheahan...
    ffprobe stderr: https://www.satipanya.org.uk/tip-o-the-day/#anchor157: Invalid data found when processing input
    retry 1/1, wait 3s...
    ffprobe stderr: https://www.satipanya.org.uk/tip-o-the-day/#anchor157: Invalid data found when processing input
    FAILED (size=0)
  [234/284] Surely meditation shouldn't feel like this?  Noiri...
    ffprobe stderr: https://www.satipanya.org.uk/tip-o-the-day/#anchor158: Invalid data found when processing input
    retry 1/1, wait 3s...
    ffprobe stderr: https://www.satipanya.org.uk/tip-o-the-day/#anchor158: Invalid data found when processing input
    FAILED (size=0)
  [235/284] The Fire Sermon...
    ffprobe stderr: https://www.satipanya.org.uk/tip-o-the-day/#anchor159: Invalid data found when processing input
    retry 1/1, wait 3s...
    ffprobe stderr: https://www.satipanya.org.uk/tip-o-the-day/#anchor159: Invalid data found when processing input
    FAILED (size=0)
  [236/284] Why spend a week or more on retreat?...
    ffprobe stderr: https://www.satipanya.org.uk/tip-o-the-day/#anchor160: Invalid data found when processing input
    retry 1/1, wait 3s...
    ffprobe stderr: https://www.satipanya.org.uk/tip-o-the-day/#anchor160: Invalid data found when processing input
    FAILED (size=0)
  [237/284] Nibanna is Close at Hand!...
    ffprobe stderr: https://www.satipanya.org.uk/tip-o-the-day/#anchor161: Invalid data found when processing input
    retry 1/1, wait 3s...
    ffprobe stderr: https://www.satipanya.org.uk/tip-o-the-day/#anchor161: Invalid data found when processing input
    FAILED (size=0)
  [238/284] AI 'Art'...
    ffprobe stderr: https://www.satipanya.org.uk/tip-o-the-day/#anchor162: Invalid data found when processing input
    retry 1/1, wait 3s...
    ffprobe stderr: https://www.satipanya.org.uk/tip-o-the-day/#anchor162: Invalid data found when processing input
    FAILED (size=0)
  [239/284] A Field of Barley...
    ffprobe stderr: https://www.satipanya.org.uk/tip-o-the-day/#anchor163: Invalid data found when processing input
    retry 1/1, wait 3s...
    ffprobe stderr: https://www.satipanya.org.uk/tip-o-the-day/#anchor163: Invalid data found when processing input
    FAILED (size=0)
  [240/284] War!...
    ffprobe stderr: https://www.satipanya.org.uk/tip-o-the-day/#anchor164: Invalid data found when processing input
    retry 1/1, wait 3s...
    ffprobe stderr: https://www.satipanya.org.uk/tip-o-the-day/#anchor164: Invalid data found when processing input
    FAILED (size=0)
  [241/284] The Enlightenment and its Demise....
    ffprobe stderr: https://www.satipanya.org.uk/tip-o-the-day/#anchor165: Invalid data found when processing input
    retry 1/1, wait 3s...
    ffprobe stderr: https://www.satipanya.org.uk/tip-o-the-day/#anchor165: Invalid data found when processing input
    FAILED (size=0)
  [242/284] The Enlightenment and Possible Salvation....
    ffprobe stderr: https://www.satipanya.org.uk/tip-o-the-day/#anchor166: Invalid data found when processing input
    retry 1/1, wait 3s...
    ffprobe stderr: https://www.satipanya.org.uk/tip-o-the-day/#anchor166: Invalid data found when processing input
    FAILED (size=0)
  [243/284] Sixth Maxim: Act for the Future Generations of All...
    ffprobe stderr: https://www.satipanya.org.uk/tip-o-the-day/#anchor167: Invalid data found when processing input
    retry 1/1, wait 3s...
    ffprobe stderr: https://www.satipanya.org.uk/tip-o-the-day/#anchor167: Invalid data found when processing input
    FAILED (size=0)
  [244/284] Cultivating Metta for Future Generations....
    ffprobe stderr: https://www.satipanya.org.uk/tip-o-the-day/#anchor168: Invalid data found when processing input
    retry 1/1, wait 3s...
    ffprobe stderr: https://www.satipanya.org.uk/tip-o-the-day/#anchor168: Invalid data found when processing input
    FAILED (size=0)

  Probed: 635/879 episodes have duration
  Saved to: /home/freedomfighter/code/traduction/satipanya-podcast/catalog.json
/home/freedomfighter/miniconda3/lib/python3.13/site-packages/pyannote/audio/core/io.py:47: UserWarning: 
torchcodec is not installed correctly so built-in audio decoding will fail. Solutions are:
* use audio preloaded in-memory as a {'waveform': (channel, time) torch.Tensor, 'sample_rate': int} dictionary;
* fix torchcodec installation. Error message was:

Could not load libtorchcodec. Likely causes:
          1. FFmpeg is not properly installed in your environment. We support
             versions 4, 5, 6, 7, and 8, and we attempt to load libtorchcodec
             for each of those versions. Errors for versions not installed on
             your system are expected; only the error for your installed FFmpeg
             version is relevant. On Windows, ensure you've installed the
             "full-shared" version which ships DLLs.
          2. The PyTorch version (2.8.0+cu128) is not compatible with
             this version of TorchCodec. Refer to the version compatibility
             table:
             https://github.com/pytorch/torchcodec?tab=readme-ov-file#installing-torchcodec.
          3. Another runtime dependency; see exceptions below.

        The following exceptions were raised as we tried to load libtorchcodec:
        
[start of libtorchcodec loading traceback]
FFmpeg version 8:
Traceback (most recent call last):
  File "/home/freedomfighter/miniconda3/lib/python3.13/site-packages/torchcodec/_core/ops.py", line 57, in load_torchcodec_shared_libraries
    torch.ops.load_library(core_library_path)
    ~~~~~~~~~~~~~~~~~~~~~~^^^^^^^^^^^^^^^^^^^
  File "/home/freedomfighter/miniconda3/lib/python3.13/site-packages/torch/_ops.py", line 1478, in load_library
    ctypes.CDLL(path)
    ~~~~~~~~~~~^^^^^^
  File "/home/freedomfighter/miniconda3/lib/python3.13/ctypes/__init__.py", line 390, in __init__
    self._handle = _dlopen(self._name, mode)
                   ~~~~~~~^^^^^^^^^^^^^^^^^^
OSError: libavutil.so.60: cannot open shared object file: No such file or directory

FFmpeg version 7:
Traceback (most recent call last):
  File "/home/freedomfighter/miniconda3/lib/python3.13/site-packages/torchcodec/_core/ops.py", line 57, in load_torchcodec_shared_libraries
    torch.ops.load_library(core_library_path)
    ~~~~~~~~~~~~~~~~~~~~~~^^^^^^^^^^^^^^^^^^^
  File "/home/freedomfighter/miniconda3/lib/python3.13/site-packages/torch/_ops.py", line 1478, in load_library
    ctypes.CDLL(path)
    ~~~~~~~~~~~^^^^^^
  File "/home/freedomfighter/miniconda3/lib/python3.13/ctypes/__init__.py", line 390, in __init__
    self._handle = _dlopen(self._name, mode)
                   ~~~~~~~^^^^^^^^^^^^^^^^^^
OSError: libavutil.so.59: cannot open shared object file: No such file or directory

FFmpeg version 6:
Traceback (most recent call last):
  File "/home/freedomfighter/miniconda3/lib/python3.13/site-packages/torchcodec/_core/ops.py", line 57, in load_torchcodec_shared_libraries
    torch.ops.load_library(core_library_path)
    ~~~~~~~~~~~~~~~~~~~~~~^^^^^^^^^^^^^^^^^^^
  File "/home/freedomfighter/miniconda3/lib/python3.13/site-packages/torch/_ops.py", line 1478, in load_library
    ctypes.CDLL(path)
    ~~~~~~~~~~~^^^^^^
  File "/home/freedomfighter/miniconda3/lib/python3.13/ctypes/__init__.py", line 390, in __init__
    self._handle = _dlopen(self._name, mode)
                   ~~~~~~~^^^^^^^^^^^^^^^^^^
OSError: /home/freedomfighter/miniconda3/lib/python3.13/site-packages/torchcodec/libtorchcodec_core6.so: undefined symbol: _ZN3c1013MessageLogger6streamB5cxx11Ev

FFmpeg version 5:
Traceback (most recent call last):
  File "/home/freedomfighter/miniconda3/lib/python3.13/site-packages/torchcodec/_core/ops.py", line 57, in load_torchcodec_shared_libraries
    torch.ops.load_library(core_library_path)
    ~~~~~~~~~~~~~~~~~~~~~~^^^^^^^^^^^^^^^^^^^
  File "/home/freedomfighter/miniconda3/lib/python3.13/site-packages/torch/_ops.py", line 1478, in load_library
    ctypes.CDLL(path)
    ~~~~~~~~~~~^^^^^^
  File "/home/freedomfighter/miniconda3/lib/python3.13/ctypes/__init__.py", line 390, in __init__
    self._handle = _dlopen(self._name, mode)
                   ~~~~~~~^^^^^^^^^^^^^^^^^^
OSError: libavutil.so.57: cannot open shared object file: No such file or directory

FFmpeg version 4:
Traceback (most recent call last):
  File "/home/freedomfighter/miniconda3/lib/python3.13/site-packages/torchcodec/_core/ops.py", line 57, in load_torchcodec_shared_libraries
    torch.ops.load_library(core_library_path)
    ~~~~~~~~~~~~~~~~~~~~~~^^^^^^^^^^^^^^^^^^^
  File "/home/freedomfighter/miniconda3/lib/python3.13/site-packages/torch/_ops.py", line 1478, in load_library
    ctypes.CDLL(path)
    ~~~~~~~~~~~^^^^^^
  File "/home/freedomfighter/miniconda3/lib/python3.13/ctypes/__init__.py", line 390, in __init__
    self._handle = _dlopen(self._name, mode)
                   ~~~~~~~^^^^^^^^^^^^^^^^^^
OSError: libavutil.so.56: cannot open shared object file: No such file or directory
[end of libtorchcodec loading traceback].
  warnings.warn(
/home/freedomfighter/miniconda3/lib/python3.13/site-packages/speechbrain/utils/torch_audio_backend.py:57: UserWarning: torchaudio._backend.list_audio_backends has been deprecated. This deprecation is part of a large refactoring effort to transition TorchAudio into a maintenance phase. The decoding and encoding capabilities of PyTorch for both audio and video are being consolidated into TorchCodec. Please see https://github.com/pytorch/audio/issues/3902 for more information. It will be removed from the 2.9 release. 
  available_backends = torchaudio.list_audio_backends()
============================================================
PASS 3: Transcribing with WhisperX
============================================================
  Device: cuda, compute: float16
  Loading WhisperX model (large-v3)...
2026-05-29 14:52:50 - whisperx.asr - INFO - No language specified, language will be detected for each audio file (increases inference time)
2026-05-29 14:52:50 - whisperx.vads.pyannote - INFO - Performing voice activity detection using Pyannote...
Lightning automatically upgraded your loaded checkpoint from v1.5.4 to v2.6.0. To apply the upgrade to your files permanently, run `python -m lightning.pytorch.utilities.upgrade_checkpoint ../../../miniconda3/lib/python3.13/site-packages/whisperx/assets/pytorch_model.bin`
  [1/879] SKIP (exists): Introducing Vipassana Insight Meditation
  [2/879] SKIP (exists): Vipassana Guidelines
  [3/879] SKIP (exists): 45 minute Detailed Guided Meditation
  [4/879] SKIP (exists): 45 minute Assisted Meditation
  [5/879] SKIP (exists): 30 minute Bodycare Meditation
  [6/879] SKIP (exists): 30 minute Heartcare Meditation
  [7/879] SKIP (exists): Abiding in the Present Moment Developing Equanimit
  [8/879] SKIP (exists): Just Metta
  [9/879] SKIP (exists): Investigative Eating
  [10/879] SKIP (exists): Mahasi Sayadaw Introductory Talk
  [11/879] SKIP (exists): Why Chant
  [12/879] SKIP (exists): Morning Chant
  [13/879] SKIP (exists): Evening Chant
  [14/879] SKIP (exists): Refuges and Precepts
  [15/879] SKIP (exists): Evening Metta Chant
  [16/879] SKIP (exists): Metta Discourse
  [17/879] SKIP (exists): 01 Views about Spiritual Paths
  [18/879] SKIP (exists): 02 Discourse to the Kalamas
  [19/879] SKIP (exists): 03 Desire the Root of Suffering
  [20/879] SKIP (exists): 04 How to Test the Buddha
  [21/879] SKIP (exists): 01 Introducing the Buddha
  [22/879] SKIP (exists): 02 The Birth of the Buddha
  [23/879] SKIP (exists): 03 The Bodhisatta Leaves Home
  [24/879] SKIP (exists): 04 The Essence of the Awakening
  [25/879] SKIP (exists): Anusaya - Latent Tendencies
  [26/879] SKIP (exists): Asava-Taints, Ogha-Floods, Yoga-Yokes
  [27/879] SKIP (exists): Buddha
  [28/879] SKIP (exists): Dukkha - A Hard Place
  [29/879] SKIP (exists): Hetu - The Unwholesome Roots
  [30/879] SKIP (exists): Panya - Wisdom and Intuitive Intelligence
  [31/879] SKIP (exists): Puja - Devotional Attention
  [32/879] SKIP (exists): Samyojana - The first three Fetters
  [33/879] SKIP (exists): Samyojana - The last seven Fetters
  [34/879] SKIP (exists): Sati - Knowing
  [35/879] SKIP (exists): Sati in Daily Life
  [36/879] SKIP (exists): Sila - Good Conduct
  [37/879] SKIP (exists): 01. Dana Generosity
  [38/879] SKIP (exists): 02. Sila Virtuous Conduct
  [39/879] SKIP (exists): 03. Nekkhamma Renunciation
  [40/879] SKIP (exists): 04. Panya Intuitive Intelligence and Wisdom
  [41/879] SKIP (exists): 05. Viriya Effort
  [42/879] SKIP (exists): 06. Khanti Patience
  [43/879] SKIP (exists): 07. Sacca Honesty
  [44/879] SKIP (exists): 08. Adhitthana Resolution.
  [45/879] SKIP (exists): Metta - Love
  [46/879] SKIP (exists): Karuna - Compassion
  [47/879] SKIP (exists): Mudita - Pure Joy
  [48/879] SKIP (exists): Upekkha - Equanimity
  [49/879] SKIP (exists): Buddha as Refuge
  [50/879] SKIP (exists): Dhamma as Refuge
  [51/879] SKIP (exists): Sangha as Refuge
  [52/879] SKIP (exists): Khandha The Aggregates
  [53/879] SKIP (exists): Rupa Corporeality
  [54/879] SKIP (exists): Vedana Feeling
  [55/879] SKIP (exists): Sanya Perception & Vedana Feeling
  [56/879] SKIP (exists): Sankhara Volitional Conditioning
  [57/879] SKIP (exists): Summing up
  [58/879] SKIP (exists): 1. Avijja - not-knowing
  [59/879] SKIP (exists): 2. Nama Rupa Body Mind
  [60/879] SKIP (exists): 3. Salayatana Vedana Phasa Six senses Contact Feel
  [61/879] SKIP (exists): 4. Tanha Upadana Bhava Craving Grasping Becoming
  [62/879] SKIP (exists): 5. paticca samuppada dependent origination to sams
  [63/879] SKIP (exists): 6. Another model of Dependent Orgination
  [64/879] SKIP (exists): 1. Indulgence
  [65/879] SKIP (exists): 2. Self-Mortification
  [66/879] SKIP (exists): 3. The First Noble Truth of Suffering
  [67/879] SKIP (exists): 4. Second Noble Truth:The Cause of Suffering
  [68/879] SKIP (exists): 5. The Third Noble Truth:The End of Suffering
  [69/879] SKIP (exists): 6. The Fourth Noble Truth The Eightfold Path
  [70/879] SKIP (exists): 7. The Buddha's Enlightenment becomes universal
  [71/879] SKIP (exists): 1 Not-self - Control
  [72/879] SKIP (exists): 2 Not-self - Impermanence and Suffering
  [73/879] SKIP (exists): 3 Not-self - Recap and Metaphors
  [74/879] SKIP (exists): 01. Sickness Ageing and Death
  [75/879] SKIP (exists): 02. Divine Messengers
  [76/879] SKIP (exists): 03. The Two Darts
  [77/879] SKIP (exists): 04. The Eight Worldy Conditions
  [78/879] SKIP (exists): 05. Clinging causes Anxiety plus
  [79/879] SKIP (exists): 06. Mahakassapa Explains the Cause of Conflict
  [80/879] SKIP (exists): 07. Envy and Niggardliness the Cause of Conflict
  [81/879] SKIP (exists): 08. Detailed Sequence Leading to Conflict
  [82/879] SKIP (exists): 09. Power
  [83/879] SKIP (exists): 10. Samsara Onward Going
  [84/879] SKIP (exists): 11. Rounds of Becoming
  [85/879] SKIP (exists): 12. Short Review of the Human Condition
  [86/879] SKIP (exists): 1. Righteous Governement and Righteous Ruler
  [87/879] SKIP (exists): 2. The Ruler
  [88/879] SKIP (exists): 3. The Six Directions Ritual as useless or meaning
  [89/879] SKIP (exists): 4. Parents and Chidren
  [90/879] SKIP (exists): 5. Husbands and Wives
  [91/879] SKIP (exists): 6. What makes for a Good Life
  [92/879] SKIP (exists): 7. Use of wealth for Happiness
  [93/879] SKIP (exists): 8. Virtues of a Good Spouse
  [94/879] SKIP (exists): The First Noble Truth - Dukkha Dukkha
  [95/879] SKIP (exists): The First Noble Truth - Conditioned States
  [96/879] SKIP (exists): The First Noble Truth - The Three Characteristics
  [97/879] SKIP (exists): The Second Noble Truth - The Cause of Suffering - 
  [98/879] SKIP (exists): The Second Noble Truth - The Wheel of Dependent Or
  [99/879] SKIP (exists): The Second Noble Truth - Kamma
  [100/879] SKIP (exists): The Fourth Noble Truth - Morality - Sila
  [101/879] SKIP (exists): The Fourth Noble Truth - Positive Morality - Param
  [102/879] SKIP (exists): The Fourth Noble Truth - Right Understanding
  [103/879] SKIP (exists): The Fourth Noble Truth - Mental Development - Sama
  [104/879] SKIP (exists): Moods, Emotions and Feelings
  [105/879] SKIP (exists): Guilt - Real and Unreal
  [106/879] SKIP (exists): The End of Guilt
  [107/879] SKIP (exists): Right Intention
  [108/879] SKIP (exists): The Divine Abodes
  [109/879] SKIP (exists): Faith or Belief
  [110/879] SKIP (exists): Wheel of Dependent Origination
  [111/879] SKIP (exists): Kamma
  [112/879] SKIP (exists): The Sangha
  [113/879] SKIP (exists): The Four Paths and the Four Fruits
  [114/879] SKIP (exists): The Noble Silence
  [115/879] SKIP (exists): Why Meditate
  [116/879] SKIP (exists): The Mahasi Method
  [117/879] SKIP (exists): Starting a Personal Retreat
  [118/879] SKIP (exists): Faith
  [119/879] SKIP (exists): Ritual in Spiritual Practice
  [120/879] SKIP (exists): Is Awareness Enough
  [121/879] SKIP (exists): Developing the Spiritual Faculties
  [122/879] SKIP (exists): Spiritual Faculties and Factors of Enlightenment
  [123/879] SKIP (exists): The Hindrances
  [124/879] SKIP (exists): The Buddha and the Hindrances
  [125/879] SKIP (exists): Dullness, Lethargy, Restlessness and Pain
  [126/879] SKIP (exists): Eroticism, Romance, Love, Distraction and Boredom
  [127/879] SKIP (exists): The Ten Fetters
  [128/879] SKIP (exists): Vedana Feeling
  [129/879] SKIP (exists): Fear
  [130/879] SKIP (exists): Foregiveness
  [131/879] SKIP (exists): The Illimitables
  [132/879] SKIP (exists): The Perfections Turned Inward
  [133/879] SKIP (no duration): The Seven Factors of Awakening
  [134/879] SKIP (no duration): Faith
  [135/879] SKIP (no duration): Taking the Refuges
  [136/879] SKIP (no duration): Equanimity
  [137/879] SKIP (exists): Survey of Theravada Buddhism
  [138/879] SKIP (exists): Impermanence and Not-self
  [139/879] SKIP (exists): Ethical Behaviour and the Awakening are one
  [140/879] SKIP (exists): Wheel of Dependent Origination
  [141/879] SKIP (exists): Free Will
  [142/879] SKIP (exists): Kamma
  [143/879] SKIP (exists): Rebirth
  [144/879] SKIP (exists): Premodern, Modern, Postmodernism And Buddhism
  [145/879] SKIP (exists): The Buddha as Exemplar and Archetype
  [146/879] SKIP (exists): Buddhist View of Christ's Teaching
  [147/879] SKIP (exists): Just War
  [148/879] SKIP (exists): The Gratification, the Danger and the Escape
  [149/879] SKIP (no duration): Towards Contentment and Happiness
  [150/879] SKIP (no duration): The Pursuit of Happiness
  [151/879] SKIP (exists): Bodhisatta Before Taking Human Birth
  [152/879] SKIP (exists): Bodhisatta's Birth to Renunciation
  [153/879] SKIP (exists): Bodhisatta's Training to the Awakening
  [154/879] SKIP (exists): The Awakening
  [155/879] SKIP (exists): The Years of Teaching and Parinibbana
  [156/879] SKIP (exists): Meditation and Daily Life
  [157/879] SKIP (exists): Meditation and the Weekly Group
  [158/879] SKIP (exists): The Eightfold Path and Daily Life
  [159/879] SKIP (exists): Right Livelihood
  [160/879] SKIP (exists): 1. Starting a Retreat
  [161/879] SKIP (exists): Starting a Retreat
  [162/879] SKIP (exists): A Detailed Guided Meditation
  [163/879] SKIP (exists): Investigative Eating Meditation - an explanation.
  [164/879] SKIP (exists): 2. The Mahasi Technique
  [165/879] SKIP (exists): Basics of Insight Meditation 02 2025Video
  [166/879] SKIP (exists): Basics of Insight Meditation 04 2026Video
  [167/879] SKIP (exists): 4. The Hindrances The Psychotherapy of Vipassana
  [168/879] SKIP (exists): 5. Right Awareness Intro.to Vipassana
  [169/879] SKIP (exists): 6. The Seven Factors of Awakening
  [170/879] SKIP (exists): 7. The Ethical Psychology of the Buddha (Dependent
  [171/879] SKIP (exists): 8. The Law of Kamma
  [172/879] SKIP (exists): 8. Living Life according to the Dhamma
  [173/879] SKIP (exists): Guided Metta
  [174/879] SKIP (exists): Guided Bodycare
  [175/879] SKIP (exists): Developing the Factors of Enlightenment
  [176/879] SKIP (exists): Exploring Dukkha
  [177/879] SKIP (exists): Question & Answer Session
  [178/879] SKIP (exists): Revising the Principles of Meditation
  [179/879] SKIP (exists): The Hindrances
  [180/879] SKIP (exists): Practice into Daily Life (Xmas 2006)
  [181/879] SKIP (exists): New Year Reflections
  [182/879] SKIP (exists): Q&A Resistance Rebirth and Moral Justice What suff
  [183/879] SKIP (exists): 01 The Body - The Buddha's World View and the role
  [184/879] SKIP (exists): 02 The Body - Kayagasati Sutta MN131.To play the m
  [185/879] SKIP (exists): Feeling (vedana).To play the media you will need t
  [186/879] SKIP (exists): Dependent Origination leading to awakening in ordi
  [187/879] SKIP (exists): .To play the media you will need to either update 
  [188/879] SKIP (exists): .To play the media you will need to either update 
  [189/879] SKIP (exists): Ethics, Not-self and Liberation.To play the media 
  [190/879] SKIP (exists): Roads to Power.To play the media you will need to 
  [191/879] SKIP (exists): New Year address on the qualities needed to succee
  [192/879] SKIP (exists): The First Discourse on Turning the Wheel of the Dh
  [193/879] SKIP (exists): Scientism : Romanticism : Psychotherapy - and Budd
  [194/879] SKIP (exists): Kamma, Rebirth and Transcendence : A top down view
  [195/879] SKIP (exists): The Discourse to the Kalama : Discernment, the Eth
  [196/879] SKIP (exists): Buddha Day Address: What was the mindset of the Bo
  [197/879] SKIP (exists): Spiritual progress - stop trying!.To play the medi
  [198/879] SKIP (no duration): What is vedana and where does it fit in?.To play t
  [199/879] SKIP (exists): The Need for Sangha. community and Q's about Ordin
  [200/879] SKIP (exists): Mae Chee Kaew and Resolutions..To play the media y
  [201/879] SKIP (exists): The Three Characteristics..To play the media you w
  [202/879] SKIP (exists): Buddha Day Address May 2015..To play the media you
  [203/879] SKIP (exists): Deconstruction..To play the media you will need to
  [204/879] SKIP (exists): Love and All That..To play the media you will need
  [205/879] SKIP (exists): Ethics Not-self and Liberation.To play the media y
  [206/879] SKIP (exists): Contol and loss of Power..To play the media you wi
  [207/879] SKIP (exists): Q&A Detachment Engagement Motivation Devotion..To 
  [208/879] SKIP (exists): Basics for Meditation..To play the media you will 
  [209/879] SKIP (exists): Kamma Revisited..To play the media you will need t
  [210/879] SKIP (exists): Daily Life Reinforced..To play the media you will 
  [211/879] SKIP (exists): Refinement,Sublimation and the Eightfold Path..To 
  [212/879] SKIP (exists): No Inherent Being..To play the media you will need
  [213/879] SKIP (exists): Kamma and Free Will..To play the media you will ne
  [214/879] SKIP (exists): Comments on a Statement by Mae Chee Kaew..To play 
  [215/879] SKIP (exists): Reiki 10 06 2015..To play the media you will need 
  [216/879] SKIP (exists): Intro Talk to Bodycare.To play the media you will 
  [217/879] SKIP (exists): Dependent Origination and the Quality of Right Awa
  [218/879] SKIP (exists): Talk at the Re-opening of the Golden Buddha Centre
  [219/879] SKIP (exists): The Prognosis is Very Good..To play the media you 
  [220/879] SKIP (exists): Importance of Resolution plus.To play the media yo
  [221/879] SKIP (exists): Christmas Talk re the Path.To play the media you w
  [222/879] SKIP (exists): Right Relationship.To play the media you will need
  [223/879] SKIP (exists): How to critique the Dhamma and Buddha.To play the 
  [224/879] SKIP (exists): An Attempt to Understand the teaching of Not-Self.
  [225/879] SKIP (exists): Talk to the European Teachers Meeting How I came t
  [226/879] SKIP (exists): Happiness.To play the media you will need to eithe
  [227/879] SKIP (exists): The Body and the Discourse on How to Establish Rig
  [228/879] SKIP (exists): Q.&A session: Family Distractions : Selfish to Med
  [229/879] SKIP (exists): Mindfulness : Time.To play the media you will need
  [230/879] SKIP (exists): Monks : Daily Life : Not-Self.To play the media yo
  [231/879] SKIP (exists): Retreats : Attachment : Children and Suffering.To 
  [232/879] SKIP (exists): New Year Revision of Buddhadhamma Theory and Pract
  [233/879] SKIP (exists): Hope to Inspire.To play the media you will need to
  [234/879] SKIP (exists): Talk at Opening of centre in Ghent.To play the med
  [235/879] SKIP (exists): The Problem of Identity..To play the media you wil
  [236/879] SKIP (exists): The body as Meditative Object..To play the media y
  [237/879] SKIP (exists): 1. Starting a Retreat.To play the media you will n
  [238/879] SKIP (exists): The Principles and Problems of Vipassana.To play t
  [239/879] SKIP (exists): Not-Self Indulgence and all.To play the media you 
  [240/879] SKIP (exists): Impulsive or Spontaneous.To play the media you wil
  [241/879] SKIP (exists): The Body and the Three Characteristics.To play the
  [242/879] SKIP (exists): Why noting without stop.To play the media you will
  [243/879] SKIP (exists): Why we need a technique.To play the media you will
  [244/879] SKIP (exists): Subliminal Inclinations, Defilements and Hindrance
  [245/879] SKIP (exists): Questions and Answers A Dolly Mixture.To play the 
  [246/879] SKIP (exists): Importance of Metta 24 min.To play the media you w
  [247/879] SKIP (exists): The Kamma of Liberation.To play the media you will
  [248/879] SKIP (exists): The Karma Concerning Liberation.To play the media 
  [249/879] SKIP (exists): Dignity and the Qualities of a Ruler.To play the m
  [250/879] SKIP (exists): Practice in Ordinary Daily Life.To play the media 
  [251/879] SKIP (exists): Samatha-Vipassana.To play the media you will need 
  [252/879] SKIP (exists): Vipassana and or Therapy.To play the media you wil
  [253/879] SKIP (exists): Buddha Day Address with Refuges and Precepts.To pl
  [254/879] SKIP (exists): Daily Rythms; Fetters, Hindrances and Inclinations
  [255/879] SKIP (exists): Metta, Applied and Sustained Thought, Buddhamind.T
  [256/879] SKIP (exists): Equanimity - Foundation of all Virtue.To play the 
  [257/879] SKIP (exists): The Mahasi Method.To play the media you will need 
  [258/879] SKIP (exists): The Sufferings of the Pleasure Syndrome.To play th
  [259/879] SKIP (exists): There is no separation between vipassana and ordin
  [260/879] SKIP (exists): Q & A Rebirth Identification Emotions etc..To play
  [261/879] SKIP (exists): Why didn't the Buddha return to lay life.To play t
  [262/879] SKIP (exists): Revising the principles of vipassana.To play the m
  [263/879] SKIP (exists): Dukkha Unsatisfactoriness et al.To play the media 
  [264/879] SKIP (exists): Encouragement October 09.To play the media you wil
  [265/879] SKIP (exists): The practice and the pitfalls of metta, goodwill p
  [266/879] SKIP (exists): How Vipassana relates to Daily Life.To play the me
  [267/879] SKIP (exists): Samatha and - or Vipassana.To play the media you w
  [268/879] SKIP (exists): Metta: Developing Goodwill.To play the media you w
  [269/879] SKIP (exists): Karma, Dependent Origination, Virtue and Liberatio
  [270/879] SKIP (exists): Enthusiam and other questions.To play the media yo
  [271/879] SKIP (exists): Faith and the Spiritual Life.To play the media you
  [272/879] SKIP (exists): Revising the principles of vipassana.To play the m
  [273/879] SKIP (exists): The Buddha's Quest - A Public Talk.To play the med
  [274/879] SKIP (exists): The problem lies in the looking.To play the media 
  [275/879] SKIP (exists): There is no reason for being!.To play the media yo
  [276/879] SKIP (exists): Towards a whole life practice.To play the media yo
  [277/879] SKIP (exists): https://www.satipanya.org.uk/wp-content/uploads/20
  [278/879] SKIP (exists): https://www.satipanya.org.uk/wp-content/uploads/20
  [279/879] SKIP (exists): https://www.satipanya.org.uk/wp-content/uploads/20
  [280/879] SKIP (exists): https://www.satipanya.org.uk/wp-content/uploads/20
  [281/879] SKIP (exists): https://www.satipanya.org.uk/wp-content/uploads/20
  [282/879] SKIP (exists): https://www.satipanya.org.uk/wp-content/uploads/20
  [283/879] SKIP (exists): https://www.satipanya.org.uk/wp-content/uploads/20
  [284/879] SKIP (exists): https://www.satipanya.org.uk/wp-content/uploads/20
  [285/879] SKIP (exists): https://www.satipanya.org.uk/wp-content/uploads/20
  [286/879] SKIP (exists): https://www.satipanya.org.uk/wp-content/uploads/20
  [287/879] SKIP (exists): https://www.satipanya.org.uk/wp-content/uploads/20
  [288/879] SKIP (exists): https://www.satipanya.org.uk/wp-content/uploads/20
  [289/879] SKIP (exists): https://www.satipanya.org.uk/wp-content/uploads/20
  [290/879] SKIP (exists): https://www.satipanya.org.uk/wp-content/uploads/20
  [291/879] SKIP (exists): https://www.satipanya.org.uk/wp-content/uploads/20
  [292/879] SKIP (exists): https://www.satipanya.org.uk/wp-content/uploads/20
  [293/879] SKIP (exists): https://www.satipanya.org.uk/wp-content/uploads/20
  [294/879] SKIP (exists): https://www.satipanya.org.uk/wp-content/uploads/20
  [295/879] SKIP (exists): https://www.satipanya.org.uk/wp-content/uploads/20
  [296/879] SKIP (exists): https://www.satipanya.org.uk/wp-content/uploads/20
  [297/879] SKIP (exists): https://www.satipanya.org.uk/wp-content/uploads/20
  [298/879] SKIP (exists): https://www.satipanya.org.uk/wp-content/uploads/20
  [299/879] SKIP (exists): Refuges and Precepts with Metta
  [300/879] SKIP (exists): Video
  [301/879] SKIP (exists): Video
  [302/879] SKIP (exists): Video
  [303/879] SKIP (exists): Video
  [304/879] SKIP (exists): Video
  [305/879] SKIP (exists): Video
  [306/879] SKIP (exists): 2022 Dec 11 To Love or To Be Loved. That is the qu
  [307/879] SKIP (exists): Love and Relationship.
  [308/879] SKIP (exists): Forgiveness is fundamental to purify the heart. Re
  [309/879] SKIP (exists): The introduction
  [310/879] SKIP (exists): Karaniya Metta Sutta
  [311/879] SKIP (exists): Video
  [312/879] SKIP (exists): We often hear about suffering and the end of suffe
  [313/879] SKIP (exists): 2024 Jan. 21 The importance of Tranquillity Passad
  [314/879] SKIP (exists): Patient Forebearance
  [315/879] SKIP (exists): Equanimity
  [316/879] SKIP (exists): Sympathy, Empathy and Compassion
  [317/879] SKIP (exists): 2023 June 11 Fear and Courage.
  [318/879] SKIP (exists): Apologies! I tried to cover too much ground. Howev
  [319/879] SKIP (exists): 2023 Oct 01 'Good Friendship, Companionship, Good 
  [320/879] SKIP (exists): 2021 Gratitude, Generosity and Renunciation
  [321/879] SKIP (exists): 2022 Jul 17 Need, Sufficiency and Greed -
  [322/879] SKIP (exists): 2025 Apr 06 Renunciation.
  [323/879] SKIP (exists): Video
  [324/879] SKIP (exists): Video
  [325/879] SKIP (exists): The Buddha and War
  [326/879] SKIP (exists): 2025 May 04 The Buddha as a Teacher.
  [327/879] SKIP (exists): 2025 June 08 What was the Buddha's great disovery?
  [328/879] SKIP (exists): Video
  [329/879] SKIP (exists): Video
  [330/879] SKIP (exists): 2024 April.24 Contemplating the Unpleasantness of 
  [331/879] SKIP (exists): 2024 June 23 The Unattractive Nature of the Body
  [332/879] SKIP (exists): I own my actions. I inherit the results of my acti
  [333/879] SKIP (exists): Karma and Rebirth
  [334/879] SKIP (exists): 2023 Nov 26 The Five Regular Contemplations.
  [335/879] SKIP (exists): 2022 Nov 06 The Contemplation of Death.
  [336/879] SKIP (exists): The Eight Worldly Winds
  [337/879] SKIP (exists): The Paradox of Fear
  [338/879] SKIP (exists): 2025 Jan 12 Dukkha - the Buddha grounds his teachi
  [339/879] SKIP (exists): 2024 Feb. 25 The crucial role of Desire and Intent
  [340/879] SKIP (exists): 2024 July 14 The Four Great Elements
  [341/879] SKIP (exists): 2024 August 18 The Specific Law of Conditionality
  [342/879] SKIP (exists): 2024 September 15 The Dangers of Indulgence
  [343/879] SKIP (exists): 2023 Jan. 08 The Four Bases of Power :
  [344/879] SKIP (exists): Video
  [345/879] SKIP (exists): 2023 Oct 29 The Spiral Path
  [346/879] SKIP (exists): 2021 Four Noble Truths
  [347/879] SKIP (exists): Dukkha (Unsatisfactoriness and Sila (Morality and 
  [348/879] SKIP (exists): Dependent Origination, the Role of desire and the 
  [349/879] SKIP (exists): 2022 Oct 09 Identity and Not-Self.
  [350/879] SKIP (exists): Video
  [351/879] SKIP (exists): Right Livelihood
  [352/879] SKIP (exists): 2022 Sep 11 Rest for Autumn.
  [353/879] SKIP (exists): Bahiya of the Bark Cloth
  [354/879] SKIP (exists): 2023 March 05
  [355/879] SKIP (exists): ,
  [356/879] SKIP (exists): 2022 Aug 14 Climate Emergency and the Role of the 
  [357/879] SKIP (exists): Non-Violence v. Pacifism
  [358/879] SKIP (exists): 2022 Apr 17 Noliberalism and Mindfulness
  [359/879] SKIP (exists): 2022 Jun 19 Social Conditionng or Karma - Our soci
  [360/879] SKIP (exists): Buddha Day Address : His Training : The Fetters
  [361/879] SKIP (exists): ood Friendhship, Good Companionship, Good Comrades
  [362/879] SKIP (exists): Dependent Origination Revisited
  [363/879] SKIP (exists): Karma- Specific, Conditionality the Five Laws, eth
  [364/879] SKIP (exists): No more ideologies!
  [365/879] SKIP (exists): The Mahasi Technique and What We Need to Understan
  [366/879] SKIP (exists): Dependent Orignation and how all other importnant 
  [367/879] SKIP (exists): The Axial Age and the Momentous Discovery of the B
  [368/879] SKIP (exists): Dependent Orgination is based on Not-Knowing and I
  [369/879] SKIP (exists): Khanda, the Agregates, as Person and Sati, Awarene
  [370/879] SKIP (exists): Misunderstanding re. the Self, Karma and transcend
  [371/879] SKIP (exists): Q&A Kamma / FreeWill , Metta/attachment, Momentary
  [372/879] SKIP (exists): Q&A Emotions: Awareness/Delusion:Insight : Masculi
  [373/879] SKIP (exists): Angulimala A Monologue 00.54.49 21.9 MB
  [374/879] SKIP (exists): Talk read by Therese Caherty
  [375/879] SKIP (exists): Vipassana Instructions
  [376/879] SKIP (exists): The First Noble truth - Impermanence and Unsatisfa
  [377/879] SKIP (exists): The First noble truth - Not-Self and Unsatisfactor
  [378/879] SKIP (exists): The Second Noble Truth - The Cause of Unsatisfacto
  [379/879] SKIP (exists): The Third Noble Truth - The End of Unsatisfactorin
  [380/879] SKIP (exists): The Fourth Noble Truth - The Path Leading to the E
  [381/879] SKIP (exists): Introduction to the Mahasi Meditation Practice - r
  [382/879] SKIP (exists): Hindrances and Factors of Enlightenment - read by 
  [383/879] SKIP (exists): 1st, 2nd & 3rd Noble Truths: Dukkha, its Cause & C
  [384/879] SKIP (exists): 4th Noble Truth: Eightfold Path in Daily Life - re
  [385/879] SKIP (exists): The Hindrances - read by Finola O'Siochru
  [386/879] SKIP (exists): The Factors of Enlightenment - read by Finola O'Si
  [387/879] SKIP (exists): First Noble Truth: There is Dukkha - read by Finol
  [388/879] SKIP (exists): Second and Third Nobe Truths: Cause and Cessation 
  [389/879] SKIP (exists): Fourth Noble Truth: The Path to the End of Dukkha 
  [390/879] SKIP (exists): Foundations for Mindfulness (Satipatthana Sutta) -
  [391/879] SKIP (exists): Attachment: The Five Khanda - read by Finola O'Sio
  [392/879] SKIP (exists): Divine Abiding: a. Equanimity - read by Biddy O'Co
  [393/879] SKIP (exists): Divine Abiding: b. Goodwill, Metta - read by Biddy
  [394/879] SKIP (exists): Divine Abiding, c. Compassion - read by Biddy O'Co
  [395/879] SKIP (exists): Divine Abiding, d. Appreciative Joy, Mudita - read
  [396/879] SKIP (exists): Sense Contact - The Six Sense Spheres - read by Fi
  [397/879] SKIP (exists): Spiritual Faculties - read by Finola O'Siochru
  [398/879] SKIP (exists): Mindfulness of Breathing - read by Finola O'Siochr
  [399/879] SKIP (exists): Destruction of Craving a. Tracing back to the orig
  [400/879] SKIP (exists): Destruction of Craving b. Examining each link in t
  [401/879] SKIP (exists): Two Kinds of Thought - read by Finola O'Siochru
  [402/879] SKIP (exists): Removal of Distracting Thoughts - read by Finola O
  [403/879] SKIP (exists): In the Seeing, only the seeing ... (Bahiya Sutta) 
  [404/879] SKIP (exists): Greed, Hatred and Delusion as Foundations for Mind
  [405/879] SKIP (exists): Exalted, Unexalted and other Mindstates as Foundat
  [406/879] SKIP (exists): Building a Raft to Cross the Floods of Sensuality 
  [407/879] SKIP (exists): Building a Raft to Cross the Floods of Becoming an
  [408/879] SKIP (exists): Beset by Perceptions (Honeyball Sutta)
  [409/879] SKIP (exists): The Buddha's Death (Parinibbana Sutta)
  [410/879] SKIP (exists): Méditation Guidée: Debout et Assise
  [411/879] SKIP (exists): Meditation Guidee Detaillee
  [412/879] SKIP (exists): Méditation Guidée Debout et Assise
  [413/879] SKIP (exists): Trois compréhensions nécessaires
  [414/879] SKIP (exists): Méditation Debout
  [415/879] SKIP (exists): Méditation Assise
  [416/879] SKIP (exists): La conscience juste, les obstacles comme chemin ve
  [417/879] SKIP (exists): How we use the self and what does it mean for not-
  [418/879] SKIP (exists): The Hindrances
  [419/879] SKIP (exists): Non-soi
  [420/879] SKIP (exists): La Libre Volunté
  [421/879] SKIP (exists): Le Dhamma dans la vie quotidienne ordinaire.
  [422/879] SKIP (exists): Scientisme Romatisme Bouddhisme
  [423/879] SKIP (no duration): Is the Buddha a materialist?
  [424/879] SKIP (no duration): z0000002
  [425/879] SKIP (exists): Une tentative de comprendre le non-soi.
  [426/879] SKIP (exists): Retour à l'essentiel.
  [427/879] SKIP (exists): Bonheur
  [428/879] SKIP (exists): L'Esprit Concevoir et les Empêches
  [429/879] SKIP (no duration): Dependent Origination et Kamma
  [430/879] SKIP (exists): Metta Bhavana Bienveillance (15 min)(Lausanne Oct 
  [431/879] SKIP (exists): Nous causons de la souffrance pour nous meme.(Laus
  [432/879] SKIP (exists): Le Kamma de la Liberation(Lausanne Oct 2010)
  [433/879] SKIP (exists): Les Bases de Vipassana.
  [434/879] SKIP (exists): Progres et d'autres sujets.
  [435/879] SKIP (exists): Questions and des Questions Plus.
  [436/879] SKIP (exists): Dependant Origination (Belgium Jan 2006)
  [437/879] SKIP (exists): The Purpose of Meditation (Belgium Jan 2006)
  [438/879] SKIP (exists): Why the Present Moment is So Important (Geneva May
  [439/879] SKIP (exists): Q&A Concerning States of Mind - Sankhara (Geneva M
  [440/879] SKIP (exists): Concerning Buddhist Psychology (Geneva May 2006)
  [441/879] SKIP (exists): Concerning Metta and Other Questions (Geneva May 2
  [442/879] SKIP (exists): Le Methode de Mahasi Vipassana (Lausanne Oct 2009)
  [443/879] SKIP (exists): Les Empeches de Vipassana (Lausanne Oct 2009)
  [444/879] SKIP (exists): Les Facteurs de Liberation (Lausanne Oct 2009)
  [445/879] SKIP (exists): Psychologie de Buddha (Lausanne Oct 2009)
  [446/879] SKIP (exists): Entering the Course
  [447/879] SKIP (exists): The Mahasi Method
  [448/879] SKIP (exists): The Joyful Aspects of Meditation
  [449/879] SKIP (exists): The Wheel of Dependent Origination
  [450/879] SKIP (exists): The Perfections
  [451/879] SKIP (exists): Karma
  [452/879] SKIP (exists): Evening Metta Chant and Instructions
  [453/879] SKIP (exists): Morning Chant
  [454/879] SKIP (exists): Meditazione in Piedi e Seduta
  [455/879] SKIP (exists): Meditazione guidata dettagliata :sometimes use 'sa
  [456/879] SKIP (exists): Mahasi Instructions and Metta Chant
  [457/879] SKIP (exists): The Hindrances
  [458/879] SKIP (exists): Factors of Enlightenment
  [459/879] SKIP (exists): Dependent Origination
  [460/879] SKIP (exists): Kamma
  [461/879] SKIP (exists): Metta Guidata
  [462/879] SKIP (exists): c. corpo med guidata
  [463/879] SKIP (exists): Intro. Guarig. corpo med guidata
  [464/879] SKIP (exists): Basics for Insight Meditation 01
  [465/879] SKIP (exists): 70th Birthday Bhante Bodhidhamma's Life story
  [466/879] SKIP (exists): Talk Starting Inaugural Lockdown Evening Meditatio
  [467/879] SKIP (exists): 02 First Three Noble Truths
  [468/879] SKIP (exists): 01 MN9 Discourse on Right View  Wholesome and Unwh
  [469/879] SKIP (exists): Evening Lockdown Meditation
  [470/879] SKIP (exists): 03 Coronavirus and the Contemplation of Death
  [471/879] SKIP (exists): 04 Contemplation of Death : Living more awake
  [472/879] SKIP (exists): 05 Contemplation of Death again!
  [473/879] SKIP (exists): 06 Renunciation and Buddha's First Occasion to Tea
  [474/879] SKIP (exists): 07 Setting the Wheel of the Dhamma in Motion
  [475/879] SKIP (exists): 08 Mindfulness at work And Right View Right Attitu
  [476/879] SKIP (exists): 09 Right Speech, Action and Livelihood
  [477/879] SKIP (exists): 10 Grief
  [478/879] SKIP (exists): 11 The Nutriments: Food, Contact, Volition and Con
  [479/879] SKIP (exists): 12 The Investigation of Eating
  [480/879] SKIP (exists): 13 Discourse on the Taints MN 2 : Overcome by seei
  [481/879] SKIP (exists): 14 Not-self Revisited The story of Sati MN38
  [482/879] SKIP (exists): 16. Investigating Not-self - The Pratice
  [483/879] SKIP (exists): 17 Questions  See Description
  [484/879] SKIP (exists): 18 Overcoming the Taints by Restraint
  [485/879] SKIP (exists): 19 Overcoming the Taints by Using
  [486/879] SKIP (exists): 20 Overcoming the Taints by Endurance
  [487/879] SKIP (exists): 21a Overcoming the Taints by Removing 1
  [488/879] SKIP (exists): 21b Overcoming the Taints by Removing 2
  [489/879] SKIP (exists): 22 Overcoming the Taints by Developing
  [490/879] SKIP (exists): 23 The Ten Fetters
  [491/879] SKIP (exists): 24 Society
  [492/879] SKIP (exists): 25 Reflections for an Harmonious Society
  [493/879] SKIP (exists): 26 More Reflections
  [494/879] SKIP (exists): 27 What makes a Society Strong?
  [495/879] SKIP (exists): 28 The Six Sense Bases MN137
  [496/879] SKIP (exists): 29 Senses Bases Cont.
  [497/879] SKIP (exists): Metta, Forgiveness and Determination Practice
  [498/879] SKIP (exists): 01 Reiki with Bryan Lester
  [499/879] SKIP (exists): Some Pointers for Metta
  [500/879] SKIP (exists): Bodycare Practice - Metta towards the Body.
  [501/879] SKIP (exists): 02 Reiki with Bryan
  [502/879] SKIP (exists): Body as Meditation Object
  [503/879] SKIP (exists): The Basics of Insight Meditation 03
  [504/879] SKIP (exists): 03 Reiki with Bryan
  [505/879] SKIP (exists): 33 Kalama Sutta AN 3.65
  [506/879] SKIP (exists): 35 Canki Sutta MN95
  [507/879] SKIP (exists): 34 Kalama Discourse cont.
  [508/879] SKIP (exists): 36 Canki Sutta cont.
  [509/879] SKIP (exists): 37 Shorter Discourse on Gosinga
  [510/879] SKIP (exists): Gaia Standing and Sitting Guided Meditation
  [511/879] SKIP (exists): 38 Discourse on the Establishment of Awareness Sat
  [512/879] SKIP (exists): 31b The Body
  [513/879] SKIP (exists): 39 Discourse on the Establishment of Awareness Sat
  [514/879] SKIP (exists): 40 Discourse on the Establishment of Awareness Sat
  [515/879] SKIP (exists): 41 Discourse on the Establishment of Awareness Sat
  [516/879] SKIP (exists): 42 Discourse on the Establishment of Awareness Sat
  [517/879] SKIP (exists): 43 Discourse on the Establishment of Awareness Sat
  [518/879] SKIP (exists): 44 The Relay of Chariots MN24
  [519/879] SKIP (exists): 45 The Relay of Chariots MN24
  [520/879] SKIP (exists): 50 Dog Ascetic Discourse MN57
  [521/879] SKIP (exists): Gratitude Generosity Renunciation
  [522/879] SKIP (exists): Spanish Introduction - Refuges and Precepts, Stand
  [523/879] SKIP (exists): Saddha Confidence and Trust
  [524/879] SKIP (exists): Dhp 188 - 192 The Role of Confidence.
  [525/879] SKIP (exists): Dhp 153   154 The Buddha's Victory Verses
  [526/879] SKIP (exists): Dhp 4 Hatred is not overcome with hatred!
  [527/879] SKIP (exists): Dhp 21 - 23
  [528/879] SKIP (exists): Dhp Chapter 3 - verses 33 & 34 The Unruly Mind
  [529/879] SKIP (exists): Dhp 01 02  Mind is the forerunner
  [530/879] SKIP (exists): Dhp No4 Hatred is not pacified by hatred
  [531/879] SKIP (exists): Dhp 256 157  Judgmental v Judicious
  [532/879] SKIP (exists): Dhp 46 How to view the Body
  [533/879] SKIP (exists): The Four Noble Truths
  [534/879] SKIP (exists): The NIne Qualities of the Buddha
  [535/879] SKIP (exists): Dhp 360 362 Restraint
  [536/879] SKIP (exists): Dhp 90 The Arahant
  [537/879] SKIP (exists): Vita Quotidiana
  [538/879] SKIP (exists): Dukkha Unsatifactoriness and Sila Morality and Eth
  [539/879] SKIP (exists): Dependent Origination and the Role of Desire and t
  [540/879] SKIP (exists): Kamma and Rebirth
  [541/879] SKIP (exists): Gratitude Generosity and Renunciation
  [542/879] SKIP (exists): Facets of a Love
  [543/879] SKIP (exists): Apamado DHP 22 23 24
  [544/879] SKIP (exists): Ageing
  [545/879] SKIP (exists): Dhp 152 153 The Inner Critic
  [546/879] SKIP (exists): Sympathy Empathy and Compassion
  [547/879] SKIP (exists): DHP 314-317 From the Chapter on Hell
  [548/879] SKIP (exists): Non-Violence is not Pacificism
  [549/879] SKIP (exists): Neoliberalism and Mindfulness
  [550/879] SKIP (exists): The Buddha and War.
  [551/879] SKIP (exists): Need Sufficiency and Greed
  [552/879] SKIP (exists): Social Conditioning or Karma
  [553/879] SKIP (exists): Climate Emergency
  [554/879] SKIP (exists): Reset for Autumn
  [555/879] SKIP (exists): Identity and Not-Self
  [556/879] SKIP (exists): The Contemplation of Death
  [557/879] SKIP (exists): To Love or To Be Loved. That is the question.
  [558/879] SKIP (exists): The Bases of Success
  [559/879] SKIP (exists): Bahiya of the Bark Cloth
  [560/879] SKIP (exists): The Discourse on Bahiya of the Bark Cloth Ud.1.10
  [561/879] SKIP (exists): Joy
  [562/879] SKIP (exists): Is the Buddha and athiest?
  [563/879] SKIP (exists): Fear and Courage
  [564/879] SKIP (exists): Patience
  [565/879] SKIP (exists): Equanimity - The most important of all virtues.
  [566/879] SKIP (exists): Compassion and its subtle enemies.
  [567/879] SKIP (exists): Good Friendship, Good Companionship, Good Comradsh
  [568/879] SKIP (exists): The Five Constant Contemplations
  [569/879] SKIP (exists): Retreat Start Standing and Walking Meditation
  [570/879] SKIP (exists): The Discourse Developing Loving Kindness
  [571/879] SKIP (exists): The Importance of Tranquillity
  [572/879] SKIP (exists): The Crucial Importance of Desire and Intention.
  [573/879] SKIP (exists): Satipanya Opening Ceremony 30th June 2007
  [574/879] SKIP (exists): Ceremony to Bless the Stupa   June 26th 2011   Pt 
  [575/879] SKIP (exists): Ceremony to Bless the Stupa   June 26th 2011   Pt 
  [576/879] SKIP (exists): Ceremony to Bless the Stupa   June 26th 2011   Pt 
  [577/879] SKIP (exists): 15. The Discourse on Not-self SN22.6.59
  [578/879] SKIP (exists): Upali is converted by the Buddha MN56
  [579/879] SKIP (exists): Contemplating the Unpleasantness of the Body: Why 
  [580/879] SKIP (exists): The Buddha's Alter Ego
  [581/879] SKIP (exists): The Unattractive Nature of the Body
  [582/879] SKIP (exists): The Four Great Elements
  [583/879] SKIP (exists): The Specific Law of Conditionality
  [584/879] SKIP (exists): The Dangers of Indulgence
  [585/879] SKIP (exists): Reflections and Contemplative Practice of Kamma
  [586/879] SKIP (exists): Forgiveness
  [587/879] SKIP (exists): The Basics of Insight Meditation 02
  [588/879] SKIP (exists): Dukkha - Basic Premise of the Buddhadhamma
  [589/879] SKIP (exists): Non-Violence is not Pacifism
  [590/879] SKIP (exists): The Eight Worldly Conditions
  [591/879] SKIP (exists): The Paradox of Fear
  [592/879] SKIP (exists): Renunciation : The Path to Liberation
  [593/879] SKIP (exists): The Buddha as a Teacher The Discourse on Malunkyap
  [594/879] SKIP (exists): What was the Great Discovery by the Buddha
  [595/879] SKIP (exists): Where do the elements cease without remainder?
  [596/879] SKIP (exists): Extinguishing the Housebuilder
  [597/879] SKIP (exists): Hope Aspiration Expectation
  [598/879] SKIP (exists): Topics of Discussion
  [599/879] SKIP (exists): Practising the Five Remembrances
  [600/879] SKIP (exists): Revsing the Basics
  [601/879] SKIP (exists): The Necessity of Joy
  [602/879] SKIP (exists): Polarisation
  [603/879] SKIP (exists): Dullness and Lethargy
  [604/879] SKIP (exists): Adhitthana Determination
  [605/879] SKIP (exists): The Four Clingings
  [606/879] SKIP (no duration): Refuges  and Precepts
  [607/879] SKIP (no duration): Puja: Chantings
  [608/879] SKIP (no duration): Recommended Reading for Beginners
  [609/879] SKIP (no duration): in PDF format
  [610/879] SKIP (no duration): in MS Word format
  [611/879] SKIP (no duration): Neoliberalism and BuddhaDhamma
  [612/879] SKIP (no duration): Investigative Eating
  [613/879] SKIP (no duration): Reflections on the Teaching and Practice of Not-se
  [614/879] SKIP (no duration): Vipassana as taught by the Mahasi Sayadaw of Burma
  [615/879] SKIP (no duration): Is Armed Intervention Ever Justified?
  [616/879] SKIP (no duration): Free will: is it available or useful?
  [617/879] SKIP (no duration): Could I be a fundamentalist, even a terrorist?
  [618/879] SKIP (no duration): Perfection, Elitism and Excellence
  [619/879] SKIP (no duration): What benefit is there in becoming a temporary mona
  [620/879] SKIP (no duration): The ‘Unlucky’ Death of a Two Year Old Boy
  [621/879] SKIP (no duration): Expectation, Aspiration and Hope
  [622/879] SKIP (no duration): Assisted Suicide (PDF document)
  [623/879] SKIP (no duration): Vipassana, Therapy and Medicinal Drugs (PDF docume
  [624/879] SKIP (no duration): Conditionality and Kamma(PDF document)
  [625/879] SKIP (no duration): Affectionate Awareness.
  [626/879] SKIP (no duration): Climate Crisis A Personal Reflection
  [627/879] SKIP (no duration): The First Noble Truth of Suffering -- Dukkha
  [628/879] SKIP (no duration): The First Noble Truth of Suffering -- The Five Agg
  [629/879] SKIP (no duration): The First Noble Truth of Suffering -- The Three Ch
  [630/879] SKIP (no duration): The Second Noble Truth -- Desire
  [631/879] SKIP (no duration): The Second Noble Truth -- The Wheel of Dependent O
  [632/879] SKIP (no duration): The Second Noble Truth -- Kamma Vipaka
  [633/879] SKIP (no duration): The Fourth Noble Truth -- Morality
  [634/879] SKIP (no duration): The Fourth Noble Truth -- Perfections
  [635/879] SKIP (no duration): The Fourth Noble Truth -- Right Understanding
  [636/879] SKIP (no duration): The Fourth Noble Truth -- Mental Development
  [637/879] SKIP (no duration): Meditation in Ordinary Daily Life
  [638/879] SKIP (no duration): Meditation in Ordinary Daily Life
  [639/879] SKIP (no duration): Buddha Day Evening with Italy
  [640/879] SKIP (no duration): Text,
  [641/879] SKIP (no duration): Satipanya Porridge
  [642/879] SKIP (no duration): The "Ouch" that hurt.
  [643/879] SKIP (no duration): Coming down to earth
  [644/879] SKIP (no duration): Extending the limits of good-will
  [645/879] SKIP (no duration): Metta for a Cold Heart
  [646/879] SKIP (no duration): The Fourth Noble Truth
  [647/879] SKIP (no duration): Struggling with Anatta
  [648/879] SKIP (no duration): Temporary Ordination
  [649/879] SKIP (no duration): Retreating and Re-engaging
  [650/879] SKIP (no duration): Homeward Bound
  [651/879] SKIP (no duration): All in the Mind
  [652/879] SKIP (no duration): Summer meadows
  [653/879] SKIP (no duration): As Winter Approaches
  [654/879] SKIP (no duration): 2020 Lockdown Christmas
  [655/879] SKIP (no duration): Exiting Lockdown
  [656/879] SKIP (no duration): Mindfulness meets metta
  [657/879] SKIP (no duration): Everyday Mindfulness
  [658/879] SKIP (no duration): Healing the Mind-Body Relationship
  [659/879] SKIP (no duration): Nibanna is Close at Hand!
  [660/879] SKIP (no duration): Greeting the Devadutta
  [661/879] SKIP (no duration): Laryngectomy
  [662/879] SKIP (no duration): Stumbling towards Gratitude
  [663/879] SKIP (no duration): Mid-winter Darkness
  [664/879] SKIP (no duration): Teaching with an Electro-larynx: The Oval Age-Old 
  [665/879] SKIP (no duration): a paper describing six ethical maxims
  [666/879] SKIP (no duration): Full Catastrophe Ethics
  [667/879] SKIP (no duration): First Maxim: Work Hard to Grasp the Imensity
  [668/879] SKIP (no duration): Second Maxim: Cultivate Radical Hope
  [669/879] SKIP (no duration): Third Maxim: Draw a line in the Sand - b. Working 
  [670/879] SKIP (no duration): Fourth Maxim: Appreciate the Amazing and Unique Up
  [671/879] SKIP (no duration): Fifth Maxim: Train the Mind and Body
  [672/879] SKIP (no duration): At the end of the day (1)
  [673/879] SKIP (no duration): At the end of the day. (2)
  [674/879] SKIP (no duration): At the end of the day.
  [675/879] SKIP (no duration): Upon Awakening.
  [676/879] SKIP (no duration): Morning Meditation (One of Four) : Ritual
  [677/879] SKIP (no duration): Morning Meditation : Default Position: Abiding in 
  [678/879] SKIP (no duration): Morning Meditation : Vipassana – 1. Developing a s
  [679/879] SKIP (no duration): Morning Meditation : Vipassana 2. – Developing Ins
  [680/879] SKIP (no duration): Morning Meditation : Metta : Developing Goodwill –
  [681/879] SKIP (no duration): Discourse on Metta
  [682/879] SKIP (no duration): Morning Meditation: Developing Goodwill and Forgiv
  [683/879] SKIP (no duration): Morning Meditation : Resolution
  [684/879] SKIP (no duration): Developing the Perfection of Determination
  [685/879] SKIP (no duration): Breakfast at last!
  [686/879] SKIP (no duration): Traveling to and from work.
  [687/879] SKIP (no duration): Back Home
  [688/879] SKIP (no duration): Relations, Friends, Acquaintances and Spiritual Co
  [689/879] SKIP (no duration): Contemplating Relations, Friends, Acquaintances an
  [690/879] SKIP (no duration): Intimate Relationships: The Erotic, the Romantic a
  [691/879] SKIP (no duration): Celibacy
  [692/879] SKIP (no duration): When does love become control?
  [693/879] SKIP (no duration): Work
  [694/879] SKIP (no duration): Success and Failure : Trial and Error
  [695/879] SKIP (no duration): Creating Space (1)
  [696/879] SKIP (no duration): Creating Space (2)
  [697/879] SKIP (no duration): Creating Space (3)
  [698/879] SKIP (no duration): The Limits of Power and Mission Creep
  [699/879] SKIP (no duration): Not an Emotion
  [700/879] SKIP (no duration): Relationships
  [701/879] SKIP (no duration): Being Good rather than Being Good At
  [702/879] SKIP (no duration): What’s wrong with a bit of attachment!
  [703/879] SKIP (no duration): Sacrifice : the more we give, the greater the retu
  [704/879] SKIP (no duration): Not what we believe, but how we live.
  [705/879] SKIP (no duration): Towards the Greatest Happiness.
  [706/879] SKIP (no duration): New Year Resolution
  [707/879] SKIP (no duration): Neighbourly ‘Sounds’
  [708/879] SKIP (no duration): Sickness
  [709/879] SKIP (no duration): The Tough Nut
  [710/879] SKIP (no duration): Impulsive or Spontaneous.
  [711/879] SKIP (no duration): Joy!
  [712/879] SKIP (no duration): Thankyou
  [713/879] SKIP (no duration): Need, Sufficiency and Greed.
  [714/879] SKIP (no duration): What values govern our lives?
  [715/879] SKIP (no duration): Values in mine own eyes.
  [716/879] SKIP (no duration): Living in the Now : Planning for the Future
  [717/879] SKIP (no duration): Music
  [718/879] SKIP (no duration): Time
  [719/879] SKIP (no duration): Our Daily Breaks.
  [720/879] SKIP (no duration): On the Virtue of Visiting a Cemetery
  [721/879] SKIP (no duration): Pity, Sorrow and Compassion
  [722/879] SKIP (no duration): Why are we asked to observe - impermanence.
  [723/879] SKIP (no duration): Sublimation
  [724/879] SKIP (no duration): Righteous Anger : Plain Anger
  [725/879] SKIP (no duration): A Pet’s Endgame
  [726/879] SKIP (no duration): Downers.
  [727/879] SKIP (no duration): Discipline : Self-discipline
  [728/879] SKIP (no duration): Fairness and Equality
  [729/879] SKIP (no duration): Unforgivingness
  [730/879] SKIP (no duration): My body is Mother Earth
  [731/879] SKIP (no duration): Dealing with Intense Emotions and Moods in Ordinar
  [732/879] SKIP (no duration): How much pain, physical or mental should we suffer
  [733/879] SKIP (no duration): Judging or Judgemental?
  [734/879] SKIP (no duration): The absurd and the Sublime : A Mid-summer Contempl
  [735/879] SKIP (no duration): If there is no self, who bears the karma?
  [736/879] SKIP (no duration): Overwhelmed by All the Violence in the World?
  [737/879] SKIP (no duration): Legal : Moral : Ethical
  [738/879] SKIP (no duration): The Consumer in Us All.
  [739/879] SKIP (no duration): Barriers or Boundaries
  [740/879] SKIP (no duration): Isolation, Loneliness and Solitude
  [741/879] SKIP (no duration): Envy, Jealousy and Appreciative Joy
  [742/879] SKIP (no duration): Unwholesome Karmic Results as Fate.
  [743/879] SKIP (no duration): Ideology leads to strife.
  [744/879] SKIP (no duration): The Sacred: It’s Meaning and the Role of Free Spee
  [745/879] SKIP (no duration): Awareness, Compassion and Wisdom
  [746/879] SKIP (no duration): To become or not to become.
  [747/879] SKIP (no duration): Appamāda : Diligent
  [748/879] SKIP (no duration): Aim and Objective in Present Time
  [749/879] SKIP (no duration): Money and Power
  [750/879] SKIP (no duration): Passive Aggression
  [751/879] SKIP (no duration): In what way should Buddhadhamma affect our politic
  [752/879] SKIP (no duration): Practice makes perfect.*
  [753/879] SKIP (no duration): Right Speech
  [754/879] SKIP (no duration): Equanimity
  [755/879] SKIP (no duration): Shame
  [756/879] SKIP (no duration): Guilt
  [757/879] SKIP (no duration): Gratitude Generosity Renunciation
  [758/879] SKIP (no duration): Excitement Boredom Contentment
  [759/879] SKIP (no duration): Silence
  [760/879] SKIP (no duration): Courage, Fortitude and Resilience
  [761/879] SKIP (no duration): One of the Hindrances is Sceptical Doubt.
  [762/879] SKIP (no duration): Scientism meets Buddhism (Buddhadhamma?)
  [763/879] SKIP (no duration): What is our basic disposition to life?
  [764/879] SKIP (no duration): Fear!
  [765/879] SKIP (no duration): Beauty.
  [766/879] SKIP (no duration): The Wisdom of Uncertainty
  [767/879] SKIP (no duration): Patience
  [768/879] SKIP (no duration): Overcoming the Corruptions of Generosity
  [769/879] SKIP (no duration): The World is in a terrible state.
  [770/879] SKIP (no duration): The Treasure of Things
  [771/879] SKIP (no duration): Equanimity Carl
  [772/879] SKIP (no duration): The years where do they go. New Year Encouragement
  [773/879] SKIP (no duration): Understand and See things as they really are
  [774/879] SKIP (no duration): Constant Curiosity Carl
  [775/879] SKIP (no duration): Kamma Noirin
  [776/879] SKIP (no duration): Progress
  [777/879] SKIP (no duration): Who Decides? Carl
  [778/879] SKIP (no duration): Delusion, caring for illusion.
  [779/879] SKIP (no duration): The world is not in a good place.
  [780/879] SKIP (no duration): Happy New Year
  [781/879] SKIP (no duration): Sickness
  [782/879] SKIP (no duration): Yearning for a Better World
  [783/879] SKIP (no duration): Balancing Lay and Spiritual Life
  [784/879] SKIP (no duration): Wildflower Wisdom
  [785/879] SKIP (no duration): Dealing with the Stories that Make Us Suffer
  [786/879] SKIP (no duration): The Wisdom and Virtues of Insecurity
  [787/879] SKIP (no duration): As Winter Approaches
  [788/879] SKIP (no duration): Guidelines For a New Year's Resolution
  [789/879] SKIP (no duration): Coronavirus : Messenger from the Gods
  [790/879] SKIP (no duration): Quench all Resentments.
  [791/879] SKIP (no duration): Exiting Lockdown
  [792/879] SKIP (no duration): Committing to the Path
  [793/879] SKIP (no duration): Beauty
  [794/879] SKIP (no duration): Motivation for Practice
  [795/879] SKIP (no duration): All in the Mind
  [796/879] SKIP (no duration): Perfection, Elitism and Excellence.
  [797/879] SKIP (no duration): Material World
  [798/879] SKIP (no duration): Inner Voices
  [799/879] SKIP (no duration): Full Catastrophe Ethics
  [800/879] SKIP (no duration): On Learning how to be with Climate and Social Brea
  [801/879] SKIP (no duration): Living in the here and now. Bhante Bodhidhamma
  [802/879] SKIP (no duration): Being Human Bhante Bodhidhamma
  [803/879] SKIP (no duration): Sympathy Empathy Compassion Bhante Bodhidhamma
  [804/879] SKIP (no duration): Non-Violence is not Pacificism Bhante Bodhidhamma
  [805/879] SKIP (no duration): Neoliberalism and Buddhadhamma Bhante Bodhidhamma
  [806/879] SKIP (no duration): Dullness and Lethargy: Our Two Very Good Friends C
  [807/879] SKIP (no duration): Preparing for Climate Change - First Ethical Maxim
  [808/879] SKIP (no duration): Red Lines, Sila - Third Ethical Maxim Noirin Sheah
  [809/879] SKIP (no duration): Radical Hope, Saddha - Second Ethical Maxim Noirin
  [810/879] SKIP (no duration): New Year Resolutions and the Third Maxim  Noirin S
  [811/879] SKIP (no duration): 4th Maxim (i) : Opportunity Knocks  Noirin Sheahan
  [812/879] SKIP (no duration): 4th Maxim (ii) : Spiral to Freedom  Noirin Sheahan
  [813/879] SKIP (no duration): Fourth Maxim (iii) : Path to Transcendence  Noirin
  [814/879] SKIP (no duration): Equanimity : The Most Important Virtue Bhante Bodh
  [815/879] SKIP (no duration): The Danger of Nihilism  Bhante Bodhidhamma
  [816/879] SKIP (no duration): Neo-Fascism  Bhante Bodhidhamma
  [817/879] SKIP (no duration): The Gift of Joy Mudita Bhante Bodhidhamma
  [818/879] SKIP (no duration): ‘We just follow circumstance.’  Bhante Bodhidhamma
  [819/879] SKIP (no duration): To Love or To Be Loved. That is the Question.  Bha
  [820/879] SKIP (no duration): Samsara : doomed to suffer over and over again? Bh
  [821/879] SKIP (no duration): Compassion : To Care  Bhante Bodhidhamma
  [822/879] SKIP (no duration): Compassion : A Path of Liberation  Bhante Bodhidha
  [823/879] SKIP (no duration): Fifth Maxim: Develop the Body and Mind  Noirin She
  [824/879] SKIP (no duration): The Buddha’s Alter Ego : The World Conquering Mona
  [825/879] SKIP (no duration): There is a Body: Exploring the Mind-Body Relations
  [826/879] SKIP (no duration): Self-love and Self-Acceptance  Bhante Bodhidhamma
  [827/879] SKIP (no duration): The Crucial Role of Desire and Intention.  Bhante 
  [828/879] SKIP (no duration): Mindfulness meets Metta Noirin Sheahan
  [829/879] SKIP (no duration): Surely meditation shouldn't feel like this?  Noiri
  [830/879] SKIP (no duration): The Fire Sermon
  [831/879] SKIP (no duration): Why spend a week or more on retreat?
  [832/879] SKIP (no duration): Nibanna is Close at Hand!
  [833/879] SKIP (no duration): AI 'Art'
  [834/879] SKIP (no duration): A Field of Barley
  [835/879] SKIP (no duration): War!
  [836/879] SKIP (no duration): The Enlightenment and its Demise.
  [837/879] SKIP (no duration): The Enlightenment and Possible Salvation.
  [838/879] SKIP (no duration): Sixth Maxim: Act for the Future Generations of All
  [839/879] SKIP (no duration): Cultivating Metta for Future Generations.
  [840/879] SKIP (exists): Detailed Guided Meditation
  [841/879] SKIP (exists): Starting a Retreat
  [842/879] SKIP (exists): Abiding in the Present Moment Developing Equanimit
  [843/879] SKIP (exists): Detailed Guided Meditation
  [844/879] SKIP (exists): Assisted Meditation
  [845/879] SKIP (exists): Heartcare Metta Meditation
  [846/879] SKIP (exists): Bodycare Meditation
  [847/879] SKIP (exists): Eating meditation
  [848/879] SKIP (exists): Morning Chant with Refuges and Precepts
  [849/879] SKIP (exists): Evening Metta Chant
  [850/879] SKIP (exists): The Technique
  [851/879] SKIP (exists): The Hindrances
  [852/879] SKIP (exists): The Factors of Enlightenment
  [853/879] SKIP (exists): The Pleasure Syndrome dukkha
  [854/879] SKIP (exists): The Characteristic of Impermanence
  [855/879] SKIP (exists): Anatta Not self
  [856/879] SKIP (exists): Living Life according to the Dhamma
  [857/879] SKIP (exists): Mahasi Talk
  [858/879] SKIP (exists): Vedana Feeling
  [859/879] SKIP (exists): Is Awareness Enough
  [860/879] SKIP (exists): Eroticism Romance Love Distraction and Boredom
  [861/879] SKIP (exists): The Perfections Turned Inward
  [862/879] SKIP (exists): Faith
  [863/879] SKIP (exists): Revising the principles of vipassana
  [864/879] SKIP (exists): Fear
  [865/879] SKIP (exists): Foregiveness
  [866/879] SKIP (exists): The Gratification, the Danger and the Escape
  [867/879] SKIP (exists): Karma
  [868/879] SKIP (exists): Rebirth
  [869/879] SKIP (exists): The Illimitables
  [870/879] SKIP (exists): The Ten Fetters
  [871/879] SKIP (exists): The Awakening
  [872/879] SKIP (exists): The Years of Teaching and Parinibbana
  [873/879] SKIP (exists): Ethical Behaviour and the Awakening are one
  [874/879] SKIP (exists): The Buddha as Exemplar and Archetype
  [875/879] SKIP (exists): Meditation and Ordinary Daily Life
  [876/879] SKIP (exists): Free Will
  [877/879] Karma Specific Conditionality the Five Laws ethica...
    Download retry 1: curl: (1) Protocol "local" not supported or disabled in libcurl
    Download retry 2: curl: (1) Protocol "local" not supported or disabled in libcurl
    Download retry 3: curl: (1) Protocol "local" not supported or disabled in libcurl
    Download failed: curl: (1) Protocol "local" not supported or disabled in libcurl
  [878/879] SKIP (exists): Right Livelihood
  [879/879] SKIP (exists): Chi Gong min guidance

  Transcribed: 635/879 episodes
  Saved to: /home/freedomfighter/code/traduction/satipanya-podcast/transcripts/
/home/freedomfighter/miniconda3/lib/python3.13/site-packages/pyannote/audio/core/io.py:47: UserWarning: 
torchcodec is not installed correctly so built-in audio decoding will fail. Solutions are:
* use audio preloaded in-memory as a {'waveform': (channel, time) torch.Tensor, 'sample_rate': int} dictionary;
* fix torchcodec installation. Error message was:

Could not load libtorchcodec. Likely causes:
          1. FFmpeg is not properly installed in your environment. We support
             versions 4, 5, 6, 7, and 8, and we attempt to load libtorchcodec
             for each of those versions. Errors for versions not installed on
             your system are expected; only the error for your installed FFmpeg
             version is relevant. On Windows, ensure you've installed the
             "full-shared" version which ships DLLs.
          2. The PyTorch version (2.8.0+cu128) is not compatible with
             this version of TorchCodec. Refer to the version compatibility
             table:
             https://github.com/pytorch/torchcodec?tab=readme-ov-file#installing-torchcodec.
          3. Another runtime dependency; see exceptions below.

        The following exceptions were raised as we tried to load libtorchcodec:
        
[start of libtorchcodec loading traceback]
FFmpeg version 8:
Traceback (most recent call last):
  File "/home/freedomfighter/miniconda3/lib/python3.13/site-packages/torchcodec/_core/ops.py", line 57, in load_torchcodec_shared_libraries
    torch.ops.load_library(core_library_path)
    ~~~~~~~~~~~~~~~~~~~~~~^^^^^^^^^^^^^^^^^^^
  File "/home/freedomfighter/miniconda3/lib/python3.13/site-packages/torch/_ops.py", line 1478, in load_library
    ctypes.CDLL(path)
    ~~~~~~~~~~~^^^^^^
  File "/home/freedomfighter/miniconda3/lib/python3.13/ctypes/__init__.py", line 390, in __init__
    self._handle = _dlopen(self._name, mode)
                   ~~~~~~~^^^^^^^^^^^^^^^^^^
OSError: libavutil.so.60: cannot open shared object file: No such file or directory

FFmpeg version 7:
Traceback (most recent call last):
  File "/home/freedomfighter/miniconda3/lib/python3.13/site-packages/torchcodec/_core/ops.py", line 57, in load_torchcodec_shared_libraries
    torch.ops.load_library(core_library_path)
    ~~~~~~~~~~~~~~~~~~~~~~^^^^^^^^^^^^^^^^^^^
  File "/home/freedomfighter/miniconda3/lib/python3.13/site-packages/torch/_ops.py", line 1478, in load_library
    ctypes.CDLL(path)
    ~~~~~~~~~~~^^^^^^
  File "/home/freedomfighter/miniconda3/lib/python3.13/ctypes/__init__.py", line 390, in __init__
    self._handle = _dlopen(self._name, mode)
                   ~~~~~~~^^^^^^^^^^^^^^^^^^
OSError: libavutil.so.59: cannot open shared object file: No such file or directory

FFmpeg version 6:
Traceback (most recent call last):
  File "/home/freedomfighter/miniconda3/lib/python3.13/site-packages/torchcodec/_core/ops.py", line 57, in load_torchcodec_shared_libraries
    torch.ops.load_library(core_library_path)
    ~~~~~~~~~~~~~~~~~~~~~~^^^^^^^^^^^^^^^^^^^
  File "/home/freedomfighter/miniconda3/lib/python3.13/site-packages/torch/_ops.py", line 1478, in load_library
    ctypes.CDLL(path)
    ~~~~~~~~~~~^^^^^^
  File "/home/freedomfighter/miniconda3/lib/python3.13/ctypes/__init__.py", line 390, in __init__
    self._handle = _dlopen(self._name, mode)
                   ~~~~~~~^^^^^^^^^^^^^^^^^^
OSError: /home/freedomfighter/miniconda3/lib/python3.13/site-packages/torchcodec/libtorchcodec_core6.so: undefined symbol: _ZN3c1013MessageLogger6streamB5cxx11Ev

FFmpeg version 5:
Traceback (most recent call last):
  File "/home/freedomfighter/miniconda3/lib/python3.13/site-packages/torchcodec/_core/ops.py", line 57, in load_torchcodec_shared_libraries
    torch.ops.load_library(core_library_path)
    ~~~~~~~~~~~~~~~~~~~~~~^^^^^^^^^^^^^^^^^^^
  File "/home/freedomfighter/miniconda3/lib/python3.13/site-packages/torch/_ops.py", line 1478, in load_library
    ctypes.CDLL(path)
    ~~~~~~~~~~~^^^^^^
  File "/home/freedomfighter/miniconda3/lib/python3.13/ctypes/__init__.py", line 390, in __init__
    self._handle = _dlopen(self._name, mode)
                   ~~~~~~~^^^^^^^^^^^^^^^^^^
OSError: libavutil.so.57: cannot open shared object file: No such file or directory

FFmpeg version 4:
Traceback (most recent call last):
  File "/home/freedomfighter/miniconda3/lib/python3.13/site-packages/torchcodec/_core/ops.py", line 57, in load_torchcodec_shared_libraries
    torch.ops.load_library(core_library_path)
    ~~~~~~~~~~~~~~~~~~~~~~^^^^^^^^^^^^^^^^^^^
  File "/home/freedomfighter/miniconda3/lib/python3.13/site-packages/torch/_ops.py", line 1478, in load_library
    ctypes.CDLL(path)
    ~~~~~~~~~~~^^^^^^
  File "/home/freedomfighter/miniconda3/lib/python3.13/ctypes/__init__.py", line 390, in __init__
    self._handle = _dlopen(self._name, mode)
                   ~~~~~~~^^^^^^^^^^^^^^^^^^
OSError: libavutil.so.56: cannot open shared object file: No such file or directory
[end of libtorchcodec loading traceback].
  warnings.warn(
/home/freedomfighter/miniconda3/lib/python3.13/site-packages/speechbrain/utils/torch_audio_backend.py:57: UserWarning: torchaudio._backend.list_audio_backends has been deprecated. This deprecation is part of a large refactoring effort to transition TorchAudio into a maintenance phase. The decoding and encoding capabilities of PyTorch for both audio and video are being consolidated into TorchCodec. Please see https://github.com/pytorch/audio/issues/3902 for more information. It will be removed from the 2.9 release. 
  available_backends = torchaudio.list_audio_backends()
============================================================
PASS 3: Transcribing local files (WhisperX)
============================================================
  Loading WhisperX model (large-v3) on cuda...
2026-05-29 14:54:27 - whisperx.vads.pyannote - INFO - Performing voice activity detection using Pyannote...
Lightning automatically upgraded your loaded checkpoint from v1.5.4 to v2.6.0. To apply the upgrade to your files permanently, run `python -m lightning.pytorch.utilities.upgrade_checkpoint ../../../miniconda3/lib/python3.13/site-packages/whisperx/assets/pytorch_model.bin`

  Transcribed: 0, Skipped (existing): 40
============================================================
PASS 4: Merging into catalog.json
============================================================
  ✓ Updated retreat_talks: 40 episodes

✓ Catalog saved: /home/freedomfighter/code/traduction/satipanya-podcast/catalog.json
============================================================
PASS 4: Generating descriptions with Claude
============================================================
  [1/879] SKIP (exists): Introducing Vipassana Insight Meditation
  [2/879] SKIP (exists): Vipassana Guidelines
  [3/879] SKIP (exists): 45 minute Detailed Guided Meditation
  [4/879] SKIP (exists): 45 minute Assisted Meditation
  [5/879] SKIP (exists): 30 minute Bodycare Meditation
  [6/879] SKIP (exists): 30 minute Heartcare Meditation
  [7/879] SKIP (exists): Abiding in the Present Moment Developing Equanimit
  [8/879] SKIP (exists): Just Metta
  [9/879] SKIP (exists): Investigative Eating
  [10/879] SKIP (exists): Mahasi Sayadaw Introductory Talk
  [11/879] SKIP (exists): Why Chant
  [12/879] SKIP (exists): Morning Chant
  [13/879] SKIP (exists): Evening Chant
  [14/879] SKIP (exists): Refuges and Precepts
  [15/879] SKIP (exists): Evening Metta Chant
  [16/879] SKIP (exists): Metta Discourse
  [17/879] SKIP (exists): 01 Views about Spiritual Paths
  [18/879] SKIP (exists): 02 Discourse to the Kalamas
  [19/879] SKIP (exists): 03 Desire the Root of Suffering
  [20/879] SKIP (exists): 04 How to Test the Buddha
  [21/879] SKIP (exists): 01 Introducing the Buddha
  [22/879] SKIP (exists): 02 The Birth of the Buddha
  [23/879] SKIP (exists): 03 The Bodhisatta Leaves Home
  [24/879] SKIP (exists): 04 The Essence of the Awakening
  [25/879] SKIP (exists): Anusaya - Latent Tendencies
  [26/879] SKIP (exists): Asava-Taints, Ogha-Floods, Yoga-Yokes
  [27/879] SKIP (exists): Buddha
  [28/879] SKIP (exists): Dukkha - A Hard Place
  [29/879] SKIP (exists): Hetu - The Unwholesome Roots
  [30/879] SKIP (exists): Panya - Wisdom and Intuitive Intelligence
  [31/879] SKIP (exists): Puja - Devotional Attention
  [32/879] SKIP (exists): Samyojana - The first three Fetters
  [33/879] SKIP (exists): Samyojana - The last seven Fetters
  [34/879] SKIP (exists): Sati - Knowing
  [35/879] SKIP (exists): Sati in Daily Life
  [36/879] SKIP (exists): Sila - Good Conduct
  [37/879] SKIP (exists): 01. Dana Generosity
  [38/879] SKIP (exists): 02. Sila Virtuous Conduct
  [39/879] SKIP (exists): 03. Nekkhamma Renunciation
  [40/879] SKIP (exists): 04. Panya Intuitive Intelligence and Wisdom
  [41/879] SKIP (exists): 05. Viriya Effort
  [42/879] SKIP (exists): 06. Khanti Patience
  [43/879] SKIP (exists): 07. Sacca Honesty
  [44/879] SKIP (exists): 08. Adhitthana Resolution.
  [45/879] SKIP (exists): Metta - Love
  [46/879] SKIP (exists): Karuna - Compassion
  [47/879] SKIP (exists): Mudita - Pure Joy
  [48/879] SKIP (exists): Upekkha - Equanimity
  [49/879] SKIP (exists): Buddha as Refuge
  [50/879] SKIP (exists): Dhamma as Refuge
  [51/879] SKIP (exists): Sangha as Refuge
  [52/879] SKIP (exists): Khandha The Aggregates
  [53/879] SKIP (exists): Rupa Corporeality
  [54/879] SKIP (exists): Vedana Feeling
  [55/879] SKIP (exists): Sanya Perception & Vedana Feeling
  [56/879] SKIP (exists): Sankhara Volitional Conditioning
  [57/879] SKIP (exists): Summing up
  [58/879] SKIP (exists): 1. Avijja - not-knowing
  [59/879] SKIP (exists): 2. Nama Rupa Body Mind
  [60/879] SKIP (exists): 3. Salayatana Vedana Phasa Six senses Contact Feel
  [61/879] SKIP (exists): 4. Tanha Upadana Bhava Craving Grasping Becoming
  [62/879] SKIP (exists): 5. paticca samuppada dependent origination to sams
  [63/879] SKIP (exists): 6. Another model of Dependent Orgination
  [64/879] SKIP (exists): 1. Indulgence
  [65/879] SKIP (exists): 2. Self-Mortification
  [66/879] SKIP (exists): 3. The First Noble Truth of Suffering
  [67/879] SKIP (exists): 4. Second Noble Truth:The Cause of Suffering
  [68/879] SKIP (exists): 5. The Third Noble Truth:The End of Suffering
  [69/879] SKIP (exists): 6. The Fourth Noble Truth The Eightfold Path
  [70/879] SKIP (exists): 7. The Buddha's Enlightenment becomes universal
  [71/879] SKIP (exists): 1 Not-self - Control
  [72/879] SKIP (exists): 2 Not-self - Impermanence and Suffering
  [73/879] SKIP (exists): 3 Not-self - Recap and Metaphors
  [74/879] SKIP (exists): 01. Sickness Ageing and Death
  [75/879] SKIP (exists): 02. Divine Messengers
  [76/879] SKIP (exists): 03. The Two Darts
  [77/879] SKIP (exists): 04. The Eight Worldy Conditions
  [78/879] SKIP (exists): 05. Clinging causes Anxiety plus
  [79/879] SKIP (exists): 06. Mahakassapa Explains the Cause of Conflict
  [80/879] SKIP (exists): 07. Envy and Niggardliness the Cause of Conflict
  [81/879] SKIP (exists): 08. Detailed Sequence Leading to Conflict
  [82/879] SKIP (exists): 09. Power
  [83/879] SKIP (exists): 10. Samsara Onward Going
  [84/879] SKIP (exists): 11. Rounds of Becoming
  [85/879] SKIP (exists): 12. Short Review of the Human Condition
  [86/879] SKIP (exists): 1. Righteous Governement and Righteous Ruler
  [87/879] SKIP (exists): 2. The Ruler
  [88/879] SKIP (exists): 3. The Six Directions Ritual as useless or meaning
  [89/879] SKIP (exists): 4. Parents and Chidren
  [90/879] SKIP (exists): 5. Husbands and Wives
  [91/879] SKIP (exists): 6. What makes for a Good Life
  [92/879] SKIP (exists): 7. Use of wealth for Happiness
  [93/879] SKIP (exists): 8. Virtues of a Good Spouse
  [94/879] SKIP (exists): The First Noble Truth - Dukkha Dukkha
  [95/879] SKIP (exists): The First Noble Truth - Conditioned States
  [96/879] SKIP (exists): The First Noble Truth - The Three Characteristics
  [97/879] SKIP (exists): The Second Noble Truth - The Cause of Suffering - 
  [98/879] SKIP (exists): The Second Noble Truth - The Wheel of Dependent Or
  [99/879] SKIP (exists): The Second Noble Truth - Kamma
  [100/879] SKIP (exists): The Fourth Noble Truth - Morality - Sila
  [101/879] SKIP (exists): The Fourth Noble Truth - Positive Morality - Param
  [102/879] SKIP (exists): The Fourth Noble Truth - Right Understanding
  [103/879] SKIP (exists): The Fourth Noble Truth - Mental Development - Sama
  [104/879] SKIP (exists): Moods, Emotions and Feelings
  [105/879] SKIP (exists): Guilt - Real and Unreal
  [106/879] SKIP (exists): The End of Guilt
  [107/879] SKIP (exists): Right Intention
  [108/879] SKIP (exists): The Divine Abodes
  [109/879] SKIP (exists): Faith or Belief
  [110/879] SKIP (exists): Wheel of Dependent Origination
  [111/879] SKIP (exists): Kamma
  [112/879] SKIP (exists): The Sangha
  [113/879] SKIP (exists): The Four Paths and the Four Fruits
  [114/879] SKIP (exists): The Noble Silence
  [115/879] SKIP (exists): Why Meditate
  [116/879] SKIP (exists): The Mahasi Method
  [117/879] SKIP (exists): Starting a Personal Retreat
  [118/879] SKIP (exists): Faith
  [119/879] SKIP (exists): Ritual in Spiritual Practice
  [120/879] SKIP (exists): Is Awareness Enough
  [121/879] SKIP (exists): Developing the Spiritual Faculties
  [122/879] SKIP (exists): Spiritual Faculties and Factors of Enlightenment
  [123/879] SKIP (exists): The Hindrances
  [124/879] SKIP (exists): The Buddha and the Hindrances
  [125/879] SKIP (exists): Dullness, Lethargy, Restlessness and Pain
  [126/879] SKIP (exists): Eroticism, Romance, Love, Distraction and Boredom
  [127/879] SKIP (exists): The Ten Fetters
  [128/879] SKIP (exists): Vedana Feeling
  [129/879] SKIP (exists): Fear
  [130/879] SKIP (exists): Foregiveness
  [131/879] SKIP (exists): The Illimitables
  [132/879] SKIP (exists): The Perfections Turned Inward
  [133/879] SKIP (no transcript): The Seven Factors of Awakening
  [134/879] SKIP (no transcript): Faith
  [135/879] SKIP (no transcript): Taking the Refuges
  [136/879] SKIP (no transcript): Equanimity
  [137/879] SKIP (exists): Survey of Theravada Buddhism
  [138/879] SKIP (exists): Impermanence and Not-self
  [139/879] SKIP (exists): Ethical Behaviour and the Awakening are one
  [140/879] SKIP (exists): Wheel of Dependent Origination
  [141/879] SKIP (exists): Free Will
  [142/879] SKIP (exists): Kamma
  [143/879] SKIP (exists): Rebirth
  [144/879] SKIP (exists): Premodern, Modern, Postmodernism And Buddhism
  [145/879] SKIP (exists): The Buddha as Exemplar and Archetype
  [146/879] SKIP (exists): Buddhist View of Christ's Teaching
  [147/879] SKIP (exists): Just War
  [148/879] SKIP (exists): The Gratification, the Danger and the Escape
  [149/879] SKIP (no transcript): Towards Contentment and Happiness
  [150/879] SKIP (no transcript): The Pursuit of Happiness
  [151/879] SKIP (exists): Bodhisatta Before Taking Human Birth
  [152/879] SKIP (exists): Bodhisatta's Birth to Renunciation
  [153/879] SKIP (exists): Bodhisatta's Training to the Awakening
  [154/879] SKIP (exists): The Awakening
  [155/879] SKIP (exists): The Years of Teaching and Parinibbana
  [156/879] SKIP (exists): Meditation and Daily Life
  [157/879] SKIP (exists): Meditation and the Weekly Group
  [158/879] SKIP (exists): The Eightfold Path and Daily Life
  [159/879] SKIP (exists): Right Livelihood
  [160/879] SKIP (exists): 1. Starting a Retreat
  [161/879] SKIP (exists): Starting a Retreat
  [162/879] SKIP (exists): A Detailed Guided Meditation
  [163/879] SKIP (exists): Investigative Eating Meditation - an explanation.
  [164/879] SKIP (exists): 2. The Mahasi Technique
  [165/879] SKIP (exists): Basics of Insight Meditation 02 2025Video
  [166/879] SKIP (exists): Basics of Insight Meditation 04 2026Video
  [167/879] SKIP (exists): 4. The Hindrances The Psychotherapy of Vipassana
  [168/879] SKIP (exists): 5. Right Awareness Intro.to Vipassana
  [169/879] SKIP (exists): 6. The Seven Factors of Awakening
  [170/879] SKIP (exists): 7. The Ethical Psychology of the Buddha (Dependent
  [171/879] SKIP (exists): 8. The Law of Kamma
  [172/879] SKIP (exists): 8. Living Life according to the Dhamma
  [173/879] SKIP (exists): Guided Metta
  [174/879] SKIP (exists): Guided Bodycare
  [175/879] SKIP (exists): Developing the Factors of Enlightenment
  [176/879] SKIP (exists): Exploring Dukkha
  [177/879] SKIP (exists): Question & Answer Session
  [178/879] SKIP (exists): Revising the Principles of Meditation
  [179/879] SKIP (exists): The Hindrances
  [180/879] SKIP (exists): Practice into Daily Life (Xmas 2006)
  [181/879] SKIP (exists): New Year Reflections
  [182/879] SKIP (exists): Q&A Resistance Rebirth and Moral Justice What suff
  [183/879] SKIP (exists): 01 The Body - The Buddha's World View and the role
  [184/879] SKIP (exists): 02 The Body - Kayagasati Sutta MN131.To play the m
  [185/879] SKIP (exists): Feeling (vedana).To play the media you will need t
  [186/879] SKIP (exists): Dependent Origination leading to awakening in ordi
  [187/879] SKIP (exists): .To play the media you will need to either update 
  [188/879] SKIP (exists): .To play the media you will need to either update 
  [189/879] SKIP (exists): Ethics, Not-self and Liberation.To play the media 
  [190/879] SKIP (exists): Roads to Power.To play the media you will need to 
  [191/879] SKIP (exists): New Year address on the qualities needed to succee
  [192/879] SKIP (exists): The First Discourse on Turning the Wheel of the Dh
  [193/879] SKIP (exists): Scientism : Romanticism : Psychotherapy - and Budd
  [194/879] SKIP (exists): Kamma, Rebirth and Transcendence : A top down view
  [195/879] SKIP (exists): The Discourse to the Kalama : Discernment, the Eth
  [196/879] SKIP (exists): Buddha Day Address: What was the mindset of the Bo
  [197/879] SKIP (exists): Spiritual progress - stop trying!.To play the medi
  [198/879] SKIP (no transcript): What is vedana and where does it fit in?.To play t
  [199/879] SKIP (exists): The Need for Sangha. community and Q's about Ordin
  [200/879] SKIP (exists): Mae Chee Kaew and Resolutions..To play the media y
  [201/879] SKIP (exists): The Three Characteristics..To play the media you w
  [202/879] SKIP (exists): Buddha Day Address May 2015..To play the media you
  [203/879] SKIP (exists): Deconstruction..To play the media you will need to
  [204/879] SKIP (exists): Love and All That..To play the media you will need
  [205/879] SKIP (exists): Ethics Not-self and Liberation.To play the media y
  [206/879] SKIP (exists): Contol and loss of Power..To play the media you wi
  [207/879] SKIP (exists): Q&A Detachment Engagement Motivation Devotion..To 
  [208/879] SKIP (exists): Basics for Meditation..To play the media you will 
  [209/879] SKIP (exists): Kamma Revisited..To play the media you will need t
  [210/879] SKIP (exists): Daily Life Reinforced..To play the media you will 
  [211/879] SKIP (exists): Refinement,Sublimation and the Eightfold Path..To 
  [212/879] SKIP (exists): No Inherent Being..To play the media you will need
  [213/879] SKIP (exists): Kamma and Free Will..To play the media you will ne
  [214/879] SKIP (exists): Comments on a Statement by Mae Chee Kaew..To play 
  [215/879] SKIP (exists): Reiki 10 06 2015..To play the media you will need 
  [216/879] SKIP (exists): Intro Talk to Bodycare.To play the media you will 
  [217/879] SKIP (exists): Dependent Origination and the Quality of Right Awa
  [218/879] SKIP (exists): Talk at the Re-opening of the Golden Buddha Centre
  [219/879] SKIP (exists): The Prognosis is Very Good..To play the media you 
  [220/879] SKIP (exists): Importance of Resolution plus.To play the media yo
  [221/879] SKIP (exists): Christmas Talk re the Path.To play the media you w
  [222/879] SKIP (exists): Right Relationship.To play the media you will need
  [223/879] SKIP (exists): How to critique the Dhamma and Buddha.To play the 
  [224/879] SKIP (exists): An Attempt to Understand the teaching of Not-Self.
  [225/879] SKIP (exists): Talk to the European Teachers Meeting How I came t
  [226/879] SKIP (exists): Happiness.To play the media you will need to eithe
  [227/879] SKIP (exists): The Body and the Discourse on How to Establish Rig
  [228/879] SKIP (exists): Q.&A session: Family Distractions : Selfish to Med
  [229/879] SKIP (exists): Mindfulness : Time.To play the media you will need
  [230/879] SKIP (exists): Monks : Daily Life : Not-Self.To play the media yo
  [231/879] SKIP (exists): Retreats : Attachment : Children and Suffering.To 
  [232/879] SKIP (exists): New Year Revision of Buddhadhamma Theory and Pract
  [233/879] SKIP (exists): Hope to Inspire.To play the media you will need to
  [234/879] SKIP (exists): Talk at Opening of centre in Ghent.To play the med
  [235/879] SKIP (exists): The Problem of Identity..To play the media you wil
  [236/879] SKIP (exists): The body as Meditative Object..To play the media y
  [237/879] SKIP (exists): 1. Starting a Retreat.To play the media you will n
  [238/879] SKIP (exists): The Principles and Problems of Vipassana.To play t
  [239/879] SKIP (exists): Not-Self Indulgence and all.To play the media you 
  [240/879] SKIP (exists): Impulsive or Spontaneous.To play the media you wil
  [241/879] SKIP (exists): The Body and the Three Characteristics.To play the
  [242/879] SKIP (exists): Why noting without stop.To play the media you will
  [243/879] SKIP (exists): Why we need a technique.To play the media you will
  [244/879] SKIP (exists): Subliminal Inclinations, Defilements and Hindrance
  [245/879] SKIP (exists): Questions and Answers A Dolly Mixture.To play the 
  [246/879] SKIP (exists): Importance of Metta 24 min.To play the media you w
  [247/879] SKIP (exists): The Kamma of Liberation.To play the media you will
  [248/879] SKIP (exists): The Karma Concerning Liberation.To play the media 
  [249/879] SKIP (exists): Dignity and the Qualities of a Ruler.To play the m
  [250/879] SKIP (exists): Practice in Ordinary Daily Life.To play the media 
  [251/879] SKIP (exists): Samatha-Vipassana.To play the media you will need 
  [252/879] SKIP (exists): Vipassana and or Therapy.To play the media you wil
  [253/879] SKIP (exists): Buddha Day Address with Refuges and Precepts.To pl
  [254/879] SKIP (exists): Daily Rythms; Fetters, Hindrances and Inclinations
  [255/879] SKIP (exists): Metta, Applied and Sustained Thought, Buddhamind.T
  [256/879] SKIP (exists): Equanimity - Foundation of all Virtue.To play the 
  [257/879] SKIP (exists): The Mahasi Method.To play the media you will need 
  [258/879] SKIP (exists): The Sufferings of the Pleasure Syndrome.To play th
  [259/879] SKIP (exists): There is no separation between vipassana and ordin
  [260/879] SKIP (exists): Q & A Rebirth Identification Emotions etc..To play
  [261/879] SKIP (exists): Why didn't the Buddha return to lay life.To play t
  [262/879] SKIP (exists): Revising the principles of vipassana.To play the m
  [263/879] SKIP (exists): Dukkha Unsatisfactoriness et al.To play the media 
  [264/879] SKIP (exists): Encouragement October 09.To play the media you wil
  [265/879] SKIP (exists): The practice and the pitfalls of metta, goodwill p
  [266/879] SKIP (exists): How Vipassana relates to Daily Life.To play the me
  [267/879] SKIP (exists): Samatha and - or Vipassana.To play the media you w
  [268/879] SKIP (exists): Metta: Developing Goodwill.To play the media you w
  [269/879] SKIP (exists): Karma, Dependent Origination, Virtue and Liberatio
  [270/879] SKIP (exists): Enthusiam and other questions.To play the media yo
  [271/879] SKIP (exists): Faith and the Spiritual Life.To play the media you
  [272/879] SKIP (exists): Revising the principles of vipassana.To play the m
  [273/879] SKIP (exists): The Buddha's Quest - A Public Talk.To play the med
  [274/879] SKIP (exists): The problem lies in the looking.To play the media 
  [275/879] SKIP (exists): There is no reason for being!.To play the media yo
  [276/879] SKIP (exists): Towards a whole life practice.To play the media yo
  [277/879] SKIP (exists): https://www.satipanya.org.uk/wp-content/uploads/20
  [278/879] SKIP (exists): https://www.satipanya.org.uk/wp-content/uploads/20
  [279/879] SKIP (exists): https://www.satipanya.org.uk/wp-content/uploads/20
  [280/879] SKIP (exists): https://www.satipanya.org.uk/wp-content/uploads/20
  [281/879] SKIP (exists): https://www.satipanya.org.uk/wp-content/uploads/20
  [282/879] SKIP (exists): https://www.satipanya.org.uk/wp-content/uploads/20
  [283/879] SKIP (exists): https://www.satipanya.org.uk/wp-content/uploads/20
  [284/879] SKIP (exists): https://www.satipanya.org.uk/wp-content/uploads/20
  [285/879] SKIP (exists): https://www.satipanya.org.uk/wp-content/uploads/20
  [286/879] SKIP (exists): https://www.satipanya.org.uk/wp-content/uploads/20
  [287/879] SKIP (exists): https://www.satipanya.org.uk/wp-content/uploads/20
  [288/879] SKIP (exists): https://www.satipanya.org.uk/wp-content/uploads/20
  [289/879] SKIP (exists): https://www.satipanya.org.uk/wp-content/uploads/20
  [290/879] SKIP (exists): https://www.satipanya.org.uk/wp-content/uploads/20
  [291/879] SKIP (exists): https://www.satipanya.org.uk/wp-content/uploads/20
  [292/879] SKIP (exists): https://www.satipanya.org.uk/wp-content/uploads/20
  [293/879] SKIP (exists): https://www.satipanya.org.uk/wp-content/uploads/20
  [294/879] SKIP (exists): https://www.satipanya.org.uk/wp-content/uploads/20
  [295/879] SKIP (exists): https://www.satipanya.org.uk/wp-content/uploads/20
  [296/879] SKIP (exists): https://www.satipanya.org.uk/wp-content/uploads/20
  [297/879] SKIP (exists): https://www.satipanya.org.uk/wp-content/uploads/20
  [298/879] SKIP (exists): https://www.satipanya.org.uk/wp-content/uploads/20
  [299/879] SKIP (exists): Refuges and Precepts with Metta
  [300/879] SKIP (exists): Video
  [301/879] SKIP (exists): Video
  [302/879] SKIP (exists): Video
  [303/879] SKIP (exists): Video
  [304/879] SKIP (exists): Video
  [305/879] SKIP (exists): Video
  [306/879] SKIP (exists): 2022 Dec 11 To Love or To Be Loved. That is the qu
  [307/879] SKIP (exists): Love and Relationship.
  [308/879] SKIP (exists): Forgiveness is fundamental to purify the heart. Re
  [309/879] SKIP (exists): The introduction
  [310/879] SKIP (exists): Karaniya Metta Sutta
  [311/879] SKIP (exists): Video
  [312/879] SKIP (exists): We often hear about suffering and the end of suffe
  [313/879] SKIP (exists): 2024 Jan. 21 The importance of Tranquillity Passad
  [314/879] SKIP (exists): Patient Forebearance
  [315/879] SKIP (exists): Equanimity
  [316/879] SKIP (exists): Sympathy, Empathy and Compassion
  [317/879] SKIP (exists): 2023 June 11 Fear and Courage.
  [318/879] SKIP (exists): Apologies! I tried to cover too much ground. Howev
  [319/879] SKIP (exists): 2023 Oct 01 'Good Friendship, Companionship, Good 
  [320/879] SKIP (exists): 2021 Gratitude, Generosity and Renunciation
  [321/879] SKIP (exists): 2022 Jul 17 Need, Sufficiency and Greed -
  [322/879] SKIP (exists): 2025 Apr 06 Renunciation.
  [323/879] SKIP (exists): Video
  [324/879] SKIP (exists): Video
  [325/879] SKIP (exists): The Buddha and War
  [326/879] SKIP (exists): 2025 May 04 The Buddha as a Teacher.
  [327/879] SKIP (exists): 2025 June 08 What was the Buddha's great disovery?
  [328/879] SKIP (exists): Video
  [329/879] SKIP (exists): Video
  [330/879] SKIP (exists): 2024 April.24 Contemplating the Unpleasantness of 
  [331/879] SKIP (exists): 2024 June 23 The Unattractive Nature of the Body
  [332/879] SKIP (exists): I own my actions. I inherit the results of my acti
  [333/879] SKIP (exists): Karma and Rebirth
  [334/879] SKIP (exists): 2023 Nov 26 The Five Regular Contemplations.
  [335/879] SKIP (exists): 2022 Nov 06 The Contemplation of Death.
  [336/879] SKIP (exists): The Eight Worldly Winds
  [337/879] SKIP (exists): The Paradox of Fear
  [338/879] SKIP (exists): 2025 Jan 12 Dukkha - the Buddha grounds his teachi
  [339/879] SKIP (exists): 2024 Feb. 25 The crucial role of Desire and Intent
  [340/879] SKIP (exists): 2024 July 14 The Four Great Elements
  [341/879] SKIP (exists): 2024 August 18 The Specific Law of Conditionality
  [342/879] SKIP (exists): 2024 September 15 The Dangers of Indulgence
  [343/879] SKIP (exists): 2023 Jan. 08 The Four Bases of Power :
  [344/879] SKIP (exists): Video
  [345/879] SKIP (exists): 2023 Oct 29 The Spiral Path
  [346/879] SKIP (exists): 2021 Four Noble Truths
  [347/879] SKIP (exists): Dukkha (Unsatisfactoriness and Sila (Morality and 
  [348/879] SKIP (exists): Dependent Origination, the Role of desire and the 
  [349/879] SKIP (exists): 2022 Oct 09 Identity and Not-Self.
  [350/879] SKIP (exists): Video
  [351/879] SKIP (exists): Right Livelihood
  [352/879] SKIP (exists): 2022 Sep 11 Rest for Autumn.
  [353/879] SKIP (exists): Bahiya of the Bark Cloth
  [354/879] SKIP (exists): 2023 March 05
  [355/879] SKIP (exists): ,
  [356/879] SKIP (exists): 2022 Aug 14 Climate Emergency and the Role of the 
  [357/879] SKIP (exists): Non-Violence v. Pacifism
  [358/879] SKIP (exists): 2022 Apr 17 Noliberalism and Mindfulness
  [359/879] SKIP (exists): 2022 Jun 19 Social Conditionng or Karma - Our soci
  [360/879] SKIP (exists): Buddha Day Address : His Training : The Fetters
  [361/879] SKIP (exists): ood Friendhship, Good Companionship, Good Comrades
  [362/879] SKIP (exists): Dependent Origination Revisited
  [363/879] SKIP (exists): Karma- Specific, Conditionality the Five Laws, eth
  [364/879] SKIP (exists): No more ideologies!
  [365/879] SKIP (exists): The Mahasi Technique and What We Need to Understan
  [366/879] SKIP (exists): Dependent Orignation and how all other importnant 
  [367/879] SKIP (exists): The Axial Age and the Momentous Discovery of the B
  [368/879] SKIP (exists): Dependent Orgination is based on Not-Knowing and I
  [369/879] SKIP (exists): Khanda, the Agregates, as Person and Sati, Awarene
  [370/879] SKIP (exists): Misunderstanding re. the Self, Karma and transcend
  [371/879] SKIP (exists): Q&A Kamma / FreeWill , Metta/attachment, Momentary
  [372/879] SKIP (exists): Q&A Emotions: Awareness/Delusion:Insight : Masculi
  [373/879] SKIP (exists): Angulimala A Monologue 00.54.49 21.9 MB
  [374/879] SKIP (exists): Talk read by Therese Caherty
  [375/879] SKIP (exists): Vipassana Instructions
  [376/879] SKIP (exists): The First Noble truth - Impermanence and Unsatisfa
  [377/879] SKIP (exists): The First noble truth - Not-Self and Unsatisfactor
  [378/879] SKIP (exists): The Second Noble Truth - The Cause of Unsatisfacto
  [379/879] SKIP (exists): The Third Noble Truth - The End of Unsatisfactorin
  [380/879] SKIP (exists): The Fourth Noble Truth - The Path Leading to the E
  [381/879] SKIP (exists): Introduction to the Mahasi Meditation Practice - r
  [382/879] SKIP (exists): Hindrances and Factors of Enlightenment - read by 
  [383/879] SKIP (exists): 1st, 2nd & 3rd Noble Truths: Dukkha, its Cause & C
  [384/879] SKIP (exists): 4th Noble Truth: Eightfold Path in Daily Life - re
  [385/879] SKIP (exists): The Hindrances - read by Finola O'Siochru
  [386/879] SKIP (exists): The Factors of Enlightenment - read by Finola O'Si
  [387/879] SKIP (exists): First Noble Truth: There is Dukkha - read by Finol
  [388/879] SKIP (exists): Second and Third Nobe Truths: Cause and Cessation 
  [389/879] SKIP (exists): Fourth Noble Truth: The Path to the End of Dukkha 
  [390/879] SKIP (exists): Foundations for Mindfulness (Satipatthana Sutta) -
  [391/879] SKIP (exists): Attachment: The Five Khanda - read by Finola O'Sio
  [392/879] SKIP (exists): Divine Abiding: a. Equanimity - read by Biddy O'Co
  [393/879] SKIP (exists): Divine Abiding: b. Goodwill, Metta - read by Biddy
  [394/879] SKIP (exists): Divine Abiding, c. Compassion - read by Biddy O'Co
  [395/879] SKIP (exists): Divine Abiding, d. Appreciative Joy, Mudita - read
  [396/879] SKIP (exists): Sense Contact - The Six Sense Spheres - read by Fi
  [397/879] SKIP (exists): Spiritual Faculties - read by Finola O'Siochru
  [398/879] SKIP (exists): Mindfulness of Breathing - read by Finola O'Siochr
  [399/879] SKIP (exists): Destruction of Craving a. Tracing back to the orig
  [400/879] SKIP (exists): Destruction of Craving b. Examining each link in t
  [401/879] SKIP (exists): Two Kinds of Thought - read by Finola O'Siochru
  [402/879] SKIP (exists): Removal of Distracting Thoughts - read by Finola O
  [403/879] SKIP (exists): In the Seeing, only the seeing ... (Bahiya Sutta) 
  [404/879] SKIP (exists): Greed, Hatred and Delusion as Foundations for Mind
  [405/879] SKIP (exists): Exalted, Unexalted and other Mindstates as Foundat
  [406/879] SKIP (exists): Building a Raft to Cross the Floods of Sensuality 
  [407/879] SKIP (exists): Building a Raft to Cross the Floods of Becoming an
  [408/879] SKIP (exists): Beset by Perceptions (Honeyball Sutta)
  [409/879] SKIP (exists): The Buddha's Death (Parinibbana Sutta)
  [410/879] SKIP (exists): Méditation Guidée: Debout et Assise
  [411/879] SKIP (exists): Meditation Guidee Detaillee
  [412/879] SKIP (exists): Méditation Guidée Debout et Assise
  [413/879] SKIP (exists): Trois compréhensions nécessaires
  [414/879] SKIP (exists): Méditation Debout
  [415/879] SKIP (exists): Méditation Assise
  [416/879] SKIP (exists): La conscience juste, les obstacles comme chemin ve
  [417/879] SKIP (exists): How we use the self and what does it mean for not-
  [418/879] SKIP (exists): The Hindrances
  [419/879] SKIP (exists): Non-soi
  [420/879] SKIP (exists): La Libre Volunté
  [421/879] SKIP (exists): Le Dhamma dans la vie quotidienne ordinaire.
  [422/879] SKIP (exists): Scientisme Romatisme Bouddhisme
  [423/879] SKIP (no transcript): Is the Buddha a materialist?
  [424/879] SKIP (no transcript): z0000002
  [425/879] SKIP (exists): Une tentative de comprendre le non-soi.
  [426/879] SKIP (exists): Retour à l'essentiel.
  [427/879] SKIP (exists): Bonheur
  [428/879] SKIP (exists): L'Esprit Concevoir et les Empêches
  [429/879] SKIP (no transcript): Dependent Origination et Kamma
  [430/879] SKIP (exists): Metta Bhavana Bienveillance (15 min)(Lausanne Oct 
  [431/879] SKIP (exists): Nous causons de la souffrance pour nous meme.(Laus
  [432/879] SKIP (exists): Le Kamma de la Liberation(Lausanne Oct 2010)
  [433/879] SKIP (exists): Les Bases de Vipassana.
  [434/879] SKIP (exists): Progres et d'autres sujets.
  [435/879] SKIP (exists): Questions and des Questions Plus.
  [436/879] SKIP (exists): Dependant Origination (Belgium Jan 2006)
  [437/879] SKIP (exists): The Purpose of Meditation (Belgium Jan 2006)
  [438/879] SKIP (exists): Why the Present Moment is So Important (Geneva May
  [439/879] SKIP (exists): Q&A Concerning States of Mind - Sankhara (Geneva M
  [440/879] SKIP (exists): Concerning Buddhist Psychology (Geneva May 2006)
  [441/879] SKIP (exists): Concerning Metta and Other Questions (Geneva May 2
  [442/879] SKIP (exists): Le Methode de Mahasi Vipassana (Lausanne Oct 2009)
  [443/879] SKIP (exists): Les Empeches de Vipassana (Lausanne Oct 2009)
  [444/879] SKIP (exists): Les Facteurs de Liberation (Lausanne Oct 2009)
  [445/879] SKIP (exists): Psychologie de Buddha (Lausanne Oct 2009)
  [446/879] SKIP (exists): Entering the Course
  [447/879] SKIP (exists): The Mahasi Method
  [448/879] SKIP (exists): The Joyful Aspects of Meditation
  [449/879] SKIP (exists): The Wheel of Dependent Origination
  [450/879] SKIP (exists): The Perfections
  [451/879] SKIP (exists): Karma
  [452/879] SKIP (exists): Evening Metta Chant and Instructions
  [453/879] SKIP (exists): Morning Chant
  [454/879] SKIP (exists): Meditazione in Piedi e Seduta
  [455/879] SKIP (exists): Meditazione guidata dettagliata :sometimes use 'sa
  [456/879] SKIP (exists): Mahasi Instructions and Metta Chant
  [457/879] SKIP (exists): The Hindrances
  [458/879] SKIP (exists): Factors of Enlightenment
  [459/879] SKIP (exists): Dependent Origination
  [460/879] SKIP (exists): Kamma
  [461/879] SKIP (exists): Metta Guidata
  [462/879] SKIP (exists): c. corpo med guidata
  [463/879] SKIP (exists): Intro. Guarig. corpo med guidata
  [464/879] SKIP (exists): Basics for Insight Meditation 01
  [465/879] SKIP (exists): 70th Birthday Bhante Bodhidhamma's Life story
  [466/879] SKIP (exists): Talk Starting Inaugural Lockdown Evening Meditatio
  [467/879] SKIP (exists): 02 First Three Noble Truths
  [468/879] SKIP (exists): 01 MN9 Discourse on Right View  Wholesome and Unwh
  [469/879] SKIP (exists): Evening Lockdown Meditation
  [470/879] SKIP (exists): 03 Coronavirus and the Contemplation of Death
  [471/879] SKIP (exists): 04 Contemplation of Death : Living more awake
  [472/879] SKIP (exists): 05 Contemplation of Death again!
  [473/879] SKIP (exists): 06 Renunciation and Buddha's First Occasion to Tea
  [474/879] SKIP (exists): 07 Setting the Wheel of the Dhamma in Motion
  [475/879] SKIP (exists): 08 Mindfulness at work And Right View Right Attitu
  [476/879] SKIP (exists): 09 Right Speech, Action and Livelihood
  [477/879] SKIP (exists): 10 Grief
  [478/879] SKIP (exists): 11 The Nutriments: Food, Contact, Volition and Con
  [479/879] SKIP (exists): 12 The Investigation of Eating
  [480/879] SKIP (exists): 13 Discourse on the Taints MN 2 : Overcome by seei
  [481/879] SKIP (exists): 14 Not-self Revisited The story of Sati MN38
  [482/879] SKIP (exists): 16. Investigating Not-self - The Pratice
  [483/879] SKIP (exists): 17 Questions  See Description
  [484/879] SKIP (exists): 18 Overcoming the Taints by Restraint
  [485/879] SKIP (exists): 19 Overcoming the Taints by Using
  [486/879] SKIP (exists): 20 Overcoming the Taints by Endurance
  [487/879] SKIP (exists): 21a Overcoming the Taints by Removing 1
  [488/879] SKIP (exists): 21b Overcoming the Taints by Removing 2
  [489/879] SKIP (exists): 22 Overcoming the Taints by Developing
  [490/879] SKIP (exists): 23 The Ten Fetters
  [491/879] SKIP (exists): 24 Society
  [492/879] SKIP (exists): 25 Reflections for an Harmonious Society
  [493/879] SKIP (exists): 26 More Reflections
  [494/879] SKIP (exists): 27 What makes a Society Strong?
  [495/879] SKIP (exists): 28 The Six Sense Bases MN137
  [496/879] SKIP (exists): 29 Senses Bases Cont.
  [497/879] SKIP (exists): Metta, Forgiveness and Determination Practice
  [498/879] SKIP (exists): 01 Reiki with Bryan Lester
  [499/879] SKIP (exists): Some Pointers for Metta
  [500/879] SKIP (exists): Bodycare Practice - Metta towards the Body.
  [501/879] SKIP (exists): 02 Reiki with Bryan
  [502/879] SKIP (exists): Body as Meditation Object
  [503/879] SKIP (exists): The Basics of Insight Meditation 03
  [504/879] SKIP (exists): 03 Reiki with Bryan
  [505/879] SKIP (exists): 33 Kalama Sutta AN 3.65
  [506/879] SKIP (exists): 35 Canki Sutta MN95
  [507/879] SKIP (exists): 34 Kalama Discourse cont.
  [508/879] SKIP (exists): 36 Canki Sutta cont.
  [509/879] SKIP (exists): 37 Shorter Discourse on Gosinga
  [510/879] SKIP (exists): Gaia Standing and Sitting Guided Meditation
  [511/879] SKIP (exists): 38 Discourse on the Establishment of Awareness Sat
  [512/879] SKIP (exists): 31b The Body
  [513/879] SKIP (exists): 39 Discourse on the Establishment of Awareness Sat
  [514/879] SKIP (exists): 40 Discourse on the Establishment of Awareness Sat
  [515/879] SKIP (exists): 41 Discourse on the Establishment of Awareness Sat
  [516/879] SKIP (exists): 42 Discourse on the Establishment of Awareness Sat
  [517/879] SKIP (exists): 43 Discourse on the Establishment of Awareness Sat
  [518/879] SKIP (exists): 44 The Relay of Chariots MN24
  [519/879] SKIP (exists): 45 The Relay of Chariots MN24
  [520/879] SKIP (exists): 50 Dog Ascetic Discourse MN57
  [521/879] SKIP (exists): Gratitude Generosity Renunciation
  [522/879] SKIP (exists): Spanish Introduction - Refuges and Precepts, Stand
  [523/879] SKIP (exists): Saddha Confidence and Trust
  [524/879] SKIP (exists): Dhp 188 - 192 The Role of Confidence.
  [525/879] SKIP (exists): Dhp 153   154 The Buddha's Victory Verses
  [526/879] SKIP (exists): Dhp 4 Hatred is not overcome with hatred!
  [527/879] SKIP (exists): Dhp 21 - 23
  [528/879] SKIP (exists): Dhp Chapter 3 - verses 33 & 34 The Unruly Mind
  [529/879] SKIP (exists): Dhp 01 02  Mind is the forerunner
  [530/879] SKIP (exists): Dhp No4 Hatred is not pacified by hatred
  [531/879] SKIP (exists): Dhp 256 157  Judgmental v Judicious
  [532/879] SKIP (exists): Dhp 46 How to view the Body
  [533/879] SKIP (exists): The Four Noble Truths
  [534/879] SKIP (exists): The NIne Qualities of the Buddha
  [535/879] SKIP (exists): Dhp 360 362 Restraint
  [536/879] SKIP (exists): Dhp 90 The Arahant
  [537/879] SKIP (exists): Vita Quotidiana
  [538/879] SKIP (exists): Dukkha Unsatifactoriness and Sila Morality and Eth
  [539/879] SKIP (exists): Dependent Origination and the Role of Desire and t
  [540/879] SKIP (exists): Kamma and Rebirth
  [541/879] SKIP (exists): Gratitude Generosity and Renunciation
  [542/879] SKIP (exists): Facets of a Love
  [543/879] SKIP (exists): Apamado DHP 22 23 24
  [544/879] SKIP (exists): Ageing
  [545/879] SKIP (exists): Dhp 152 153 The Inner Critic
  [546/879] SKIP (exists): Sympathy Empathy and Compassion
  [547/879] SKIP (exists): DHP 314-317 From the Chapter on Hell
  [548/879] SKIP (exists): Non-Violence is not Pacificism
  [549/879] SKIP (exists): Neoliberalism and Mindfulness
  [550/879] SKIP (exists): The Buddha and War.
  [551/879] SKIP (exists): Need Sufficiency and Greed
  [552/879] SKIP (exists): Social Conditioning or Karma
  [553/879] SKIP (exists): Climate Emergency
  [554/879] SKIP (exists): Reset for Autumn
  [555/879] SKIP (exists): Identity and Not-Self
  [556/879] SKIP (exists): The Contemplation of Death
  [557/879] SKIP (exists): To Love or To Be Loved. That is the question.
  [558/879] SKIP (exists): The Bases of Success
  [559/879] SKIP (exists): Bahiya of the Bark Cloth
  [560/879] SKIP (exists): The Discourse on Bahiya of the Bark Cloth Ud.1.10
  [561/879] SKIP (exists): Joy
  [562/879] SKIP (exists): Is the Buddha and athiest?
  [563/879] SKIP (exists): Fear and Courage
  [564/879] SKIP (exists): Patience
  [565/879] SKIP (exists): Equanimity - The most important of all virtues.
  [566/879] SKIP (exists): Compassion and its subtle enemies.
  [567/879] SKIP (exists): Good Friendship, Good Companionship, Good Comradsh
  [568/879] SKIP (exists): The Five Constant Contemplations
  [569/879] SKIP (exists): Retreat Start Standing and Walking Meditation
  [570/879] SKIP (exists): The Discourse Developing Loving Kindness
  [571/879] SKIP (exists): The Importance of Tranquillity
  [572/879] SKIP (exists): The Crucial Importance of Desire and Intention.
  [573/879] SKIP (exists): Satipanya Opening Ceremony 30th June 2007
  [574/879] SKIP (exists): Ceremony to Bless the Stupa   June 26th 2011   Pt 
  [575/879] SKIP (exists): Ceremony to Bless the Stupa   June 26th 2011   Pt 
  [576/879] SKIP (exists): Ceremony to Bless the Stupa   June 26th 2011   Pt 
  [577/879] SKIP (exists): 15. The Discourse on Not-self SN22.6.59
  [578/879] SKIP (exists): Upali is converted by the Buddha MN56
  [579/879] SKIP (exists): Contemplating the Unpleasantness of the Body: Why 
  [580/879] SKIP (exists): The Buddha's Alter Ego
  [581/879] SKIP (exists): The Unattractive Nature of the Body
  [582/879] SKIP (exists): The Four Great Elements
  [583/879] SKIP (exists): The Specific Law of Conditionality
  [584/879] SKIP (exists): The Dangers of Indulgence
  [585/879] SKIP (exists): Reflections and Contemplative Practice of Kamma
  [586/879] SKIP (exists): Forgiveness
  [587/879] SKIP (exists): The Basics of Insight Meditation 02
  [588/879] SKIP (exists): Dukkha - Basic Premise of the Buddhadhamma
  [589/879] SKIP (exists): Non-Violence is not Pacifism
  [590/879] SKIP (exists): The Eight Worldly Conditions
  [591/879] SKIP (exists): The Paradox of Fear
  [592/879] SKIP (exists): Renunciation : The Path to Liberation
  [593/879] SKIP (exists): The Buddha as a Teacher The Discourse on Malunkyap
  [594/879] SKIP (exists): What was the Great Discovery by the Buddha
  [595/879] SKIP (exists): Where do the elements cease without remainder?
  [596/879] SKIP (exists): Extinguishing the Housebuilder
  [597/879] SKIP (exists): Hope Aspiration Expectation
  [598/879] SKIP (exists): Topics of Discussion
  [599/879] SKIP (exists): Practising the Five Remembrances
  [600/879] SKIP (exists): Revsing the Basics
  [601/879] SKIP (exists): The Necessity of Joy
  [602/879] SKIP (exists): Polarisation
  [603/879] SKIP (exists): Dullness and Lethargy
  [604/879] SKIP (exists): Adhitthana Determination
  [605/879] SKIP (exists): The Four Clingings
  [606/879] SKIP (exists): Refuges  and Precepts
  [607/879] SKIP (exists): Puja: Chantings
  [608/879] SKIP (exists): Recommended Reading for Beginners
  [609/879] SKIP (exists): in PDF format
  [610/879] SKIP (no transcript): in MS Word format
  [611/879] SKIP (exists): Neoliberalism and BuddhaDhamma
  [612/879] SKIP (exists): Investigative Eating
  [613/879] SKIP (exists): Reflections on the Teaching and Practice of Not-se
  [614/879] SKIP (exists): Vipassana as taught by the Mahasi Sayadaw of Burma
  [615/879] SKIP (exists): Is Armed Intervention Ever Justified?
  [616/879] SKIP (exists): Free will: is it available or useful?
  [617/879] SKIP (exists): Could I be a fundamentalist, even a terrorist?
  [618/879] SKIP (exists): Perfection, Elitism and Excellence
  [619/879] SKIP (exists): What benefit is there in becoming a temporary mona
  [620/879] SKIP (exists): The ‘Unlucky’ Death of a Two Year Old Boy
  [621/879] SKIP (exists): Expectation, Aspiration and Hope
  [622/879] SKIP (exists): Assisted Suicide (PDF document)
  [623/879] SKIP (exists): Vipassana, Therapy and Medicinal Drugs (PDF docume
  [624/879] SKIP (exists): Conditionality and Kamma(PDF document)
  [625/879] SKIP (exists): Affectionate Awareness.
  [626/879] SKIP (exists): Climate Crisis A Personal Reflection
  [627/879] SKIP (exists): The First Noble Truth of Suffering -- Dukkha
  [628/879] SKIP (exists): The First Noble Truth of Suffering -- The Five Agg
  [629/879] SKIP (exists): The First Noble Truth of Suffering -- The Three Ch
  [630/879] SKIP (exists): The Second Noble Truth -- Desire
  [631/879] SKIP (exists): The Second Noble Truth -- The Wheel of Dependent O
  [632/879] SKIP (exists): The Second Noble Truth -- Kamma Vipaka
  [633/879] SKIP (exists): The Fourth Noble Truth -- Morality
  [634/879] SKIP (exists): The Fourth Noble Truth -- Perfections
  [635/879] SKIP (exists): The Fourth Noble Truth -- Right Understanding
  [636/879] SKIP (exists): The Fourth Noble Truth -- Mental Development
  [637/879] SKIP (exists): Meditation in Ordinary Daily Life
  [638/879] SKIP (exists): Meditation in Ordinary Daily Life
  [639/879] SKIP (exists): Buddha Day Evening with Italy
  [640/879] SKIP (exists): Text,
  [641/879] SKIP (exists): Satipanya Porridge
  [642/879] SKIP (exists): The "Ouch" that hurt.
  [643/879] SKIP (exists): Coming down to earth
  [644/879] SKIP (exists): Extending the limits of good-will
  [645/879] SKIP (exists): Metta for a Cold Heart
  [646/879] SKIP (exists): The Fourth Noble Truth
  [647/879] SKIP (exists): Struggling with Anatta
  [648/879] SKIP (exists): Temporary Ordination
  [649/879] SKIP (exists): Retreating and Re-engaging
  [650/879] SKIP (exists): Homeward Bound
  [651/879] SKIP (exists): All in the Mind
  [652/879] SKIP (exists): Summer meadows
  [653/879] SKIP (exists): As Winter Approaches
  [654/879] SKIP (exists): 2020 Lockdown Christmas
  [655/879] SKIP (exists): Exiting Lockdown
  [656/879] SKIP (exists): Mindfulness meets metta
  [657/879] SKIP (exists): Everyday Mindfulness
  [658/879] SKIP (exists): Healing the Mind-Body Relationship
  [659/879] SKIP (exists): Nibanna is Close at Hand!
  [660/879] SKIP (exists): Greeting the Devadutta
  [661/879] SKIP (exists): Laryngectomy
  [662/879] SKIP (exists): Stumbling towards Gratitude
  [663/879] SKIP (exists): Mid-winter Darkness
  [664/879] SKIP (exists): Teaching with an Electro-larynx: The Oval Age-Old 
  [665/879] SKIP (exists): a paper describing six ethical maxims
  [666/879] SKIP (exists): Full Catastrophe Ethics
  [667/879] SKIP (exists): First Maxim: Work Hard to Grasp the Imensity
  [668/879] SKIP (exists): Second Maxim: Cultivate Radical Hope
  [669/879] SKIP (exists): Third Maxim: Draw a line in the Sand - b. Working 
  [670/879] SKIP (exists): Fourth Maxim: Appreciate the Amazing and Unique Up
  [671/879] SKIP (exists): Fifth Maxim: Train the Mind and Body
  [672/879] SKIP (exists): At the end of the day (1)
  [673/879] SKIP (exists): At the end of the day. (2)
  [674/879] SKIP (exists): At the end of the day.
  [675/879] SKIP (exists): Upon Awakening.
  [676/879] SKIP (exists): Morning Meditation (One of Four) : Ritual
  [677/879] SKIP (exists): Morning Meditation : Default Position: Abiding in 
  [678/879] SKIP (exists): Morning Meditation : Vipassana – 1. Developing a s
  [679/879] SKIP (exists): Morning Meditation : Vipassana 2. – Developing Ins
  [680/879] SKIP (exists): Morning Meditation : Metta : Developing Goodwill –
  [681/879] SKIP (exists): Discourse on Metta
  [682/879] SKIP (exists): Morning Meditation: Developing Goodwill and Forgiv
  [683/879] SKIP (exists): Morning Meditation : Resolution
  [684/879] SKIP (exists): Developing the Perfection of Determination
  [685/879] SKIP (exists): Breakfast at last!
  [686/879] SKIP (exists): Traveling to and from work.
  [687/879] SKIP (exists): Back Home
  [688/879] SKIP (exists): Relations, Friends, Acquaintances and Spiritual Co
  [689/879] SKIP (exists): Contemplating Relations, Friends, Acquaintances an
  [690/879] SKIP (exists): Intimate Relationships: The Erotic, the Romantic a
  [691/879] SKIP (exists): Celibacy
  [692/879] SKIP (exists): When does love become control?
  [693/879] SKIP (exists): Work
  [694/879] SKIP (exists): Success and Failure : Trial and Error
  [695/879] SKIP (exists): Creating Space (1)
  [696/879] SKIP (exists): Creating Space (2)
  [697/879] SKIP (exists): Creating Space (3)
  [698/879] SKIP (exists): The Limits of Power and Mission Creep
  [699/879] SKIP (exists): Not an Emotion
  [700/879] SKIP (exists): Relationships
  [701/879] SKIP (exists): Being Good rather than Being Good At
  [702/879] SKIP (exists): What’s wrong with a bit of attachment!
  [703/879] SKIP (exists): Sacrifice : the more we give, the greater the retu
  [704/879] SKIP (exists): Not what we believe, but how we live.
  [705/879] SKIP (exists): Towards the Greatest Happiness.
  [706/879] SKIP (exists): New Year Resolution
  [707/879] SKIP (exists): Neighbourly ‘Sounds’
  [708/879] SKIP (exists): Sickness
  [709/879] SKIP (exists): The Tough Nut
  [710/879] SKIP (exists): Impulsive or Spontaneous.
  [711/879] SKIP (exists): Joy!
  [712/879] SKIP (exists): Thankyou
  [713/879] SKIP (exists): Need, Sufficiency and Greed.
  [714/879] SKIP (exists): What values govern our lives?
  [715/879] SKIP (exists): Values in mine own eyes.
  [716/879] SKIP (exists): Living in the Now : Planning for the Future
  [717/879] SKIP (exists): Music
  [718/879] SKIP (exists): Time
  [719/879] SKIP (exists): Our Daily Breaks.
  [720/879] SKIP (exists): On the Virtue of Visiting a Cemetery
  [721/879] SKIP (exists): Pity, Sorrow and Compassion
  [722/879] SKIP (exists): Why are we asked to observe - impermanence.
  [723/879] SKIP (exists): Sublimation
  [724/879] SKIP (exists): Righteous Anger : Plain Anger
  [725/879] SKIP (exists): A Pet’s Endgame
  [726/879] SKIP (exists): Downers.
  [727/879] SKIP (exists): Discipline : Self-discipline
  [728/879] SKIP (exists): Fairness and Equality
  [729/879] SKIP (exists): Unforgivingness
  [730/879] SKIP (exists): My body is Mother Earth
  [731/879] SKIP (exists): Dealing with Intense Emotions and Moods in Ordinar
  [732/879] SKIP (exists): How much pain, physical or mental should we suffer
  [733/879] SKIP (exists): Judging or Judgemental?
  [734/879] SKIP (exists): The absurd and the Sublime : A Mid-summer Contempl
  [735/879] SKIP (exists): If there is no self, who bears the karma?
  [736/879] SKIP (exists): Overwhelmed by All the Violence in the World?
  [737/879] SKIP (exists): Legal : Moral : Ethical
  [738/879] SKIP (exists): The Consumer in Us All.
  [739/879] SKIP (exists): Barriers or Boundaries
  [740/879] SKIP (exists): Isolation, Loneliness and Solitude
  [741/879] SKIP (exists): Envy, Jealousy and Appreciative Joy
  [742/879] SKIP (exists): Unwholesome Karmic Results as Fate.
  [743/879] SKIP (exists): Ideology leads to strife.
  [744/879] SKIP (exists): The Sacred: It’s Meaning and the Role of Free Spee
  [745/879] SKIP (exists): Awareness, Compassion and Wisdom
  [746/879] SKIP (exists): To become or not to become.
  [747/879] SKIP (exists): Appamāda : Diligent
  [748/879] SKIP (exists): Aim and Objective in Present Time
  [749/879] SKIP (exists): Money and Power
  [750/879] SKIP (exists): Passive Aggression
  [751/879] SKIP (exists): In what way should Buddhadhamma affect our politic
  [752/879] SKIP (exists): Practice makes perfect.*
  [753/879] SKIP (exists): Right Speech
  [754/879] SKIP (exists): Equanimity
  [755/879] SKIP (exists): Shame
  [756/879] SKIP (exists): Guilt
  [757/879] SKIP (exists): Gratitude Generosity Renunciation
  [758/879] SKIP (exists): Excitement Boredom Contentment
  [759/879] SKIP (exists): Silence
  [760/879] SKIP (exists): Courage, Fortitude and Resilience
  [761/879] SKIP (exists): One of the Hindrances is Sceptical Doubt.
  [762/879] SKIP (exists): Scientism meets Buddhism (Buddhadhamma?)
  [763/879] SKIP (exists): What is our basic disposition to life?
  [764/879] SKIP (exists): Fear!
  [765/879] SKIP (exists): Beauty.
  [766/879] SKIP (exists): The Wisdom of Uncertainty
  [767/879] SKIP (exists): Patience
  [768/879] SKIP (exists): Overcoming the Corruptions of Generosity
  [769/879] SKIP (exists): The World is in a terrible state.
  [770/879] SKIP (exists): The Treasure of Things
  [771/879] SKIP (exists): Equanimity Carl
  [772/879] SKIP (exists): The years where do they go. New Year Encouragement
  [773/879] SKIP (exists): Understand and See things as they really are
  [774/879] SKIP (exists): Constant Curiosity Carl
  [775/879] SKIP (exists): Kamma Noirin
  [776/879] SKIP (exists): Progress
  [777/879] SKIP (exists): Who Decides? Carl
  [778/879] SKIP (exists): Delusion, caring for illusion.
  [779/879] SKIP (exists): The world is not in a good place.
  [780/879] SKIP (exists): Happy New Year
  [781/879] SKIP (exists): Sickness
  [782/879] SKIP (exists): Yearning for a Better World
  [783/879] SKIP (exists): Balancing Lay and Spiritual Life
  [784/879] SKIP (exists): Wildflower Wisdom
  [785/879] SKIP (exists): Dealing with the Stories that Make Us Suffer
  [786/879] SKIP (exists): The Wisdom and Virtues of Insecurity
  [787/879] SKIP (exists): As Winter Approaches
  [788/879] SKIP (exists): Guidelines For a New Year's Resolution
  [789/879] SKIP (exists): Coronavirus : Messenger from the Gods
  [790/879] SKIP (exists): Quench all Resentments.
  [791/879] SKIP (exists): Exiting Lockdown
  [792/879] SKIP (exists): Committing to the Path
  [793/879] SKIP (exists): Beauty
  [794/879] SKIP (exists): Motivation for Practice
  [795/879] SKIP (exists): All in the Mind
  [796/879] SKIP (exists): Perfection, Elitism and Excellence.
  [797/879] SKIP (exists): Material World
  [798/879] SKIP (exists): Inner Voices
  [799/879] SKIP (exists): Full Catastrophe Ethics
  [800/879] SKIP (exists): On Learning how to be with Climate and Social Brea
  [801/879] SKIP (exists): Living in the here and now. Bhante Bodhidhamma
  [802/879] SKIP (exists): Being Human Bhante Bodhidhamma
  [803/879] SKIP (exists): Sympathy Empathy Compassion Bhante Bodhidhamma
  [804/879] SKIP (exists): Non-Violence is not Pacificism Bhante Bodhidhamma
  [805/879] SKIP (exists): Neoliberalism and Buddhadhamma Bhante Bodhidhamma
  [806/879] SKIP (exists): Dullness and Lethargy: Our Two Very Good Friends C
  [807/879] SKIP (exists): Preparing for Climate Change - First Ethical Maxim
  [808/879] SKIP (exists): Red Lines, Sila - Third Ethical Maxim Noirin Sheah
  [809/879] SKIP (exists): Radical Hope, Saddha - Second Ethical Maxim Noirin
  [810/879] SKIP (exists): New Year Resolutions and the Third Maxim  Noirin S
  [811/879] SKIP (exists): 4th Maxim (i) : Opportunity Knocks  Noirin Sheahan
  [812/879] SKIP (exists): 4th Maxim (ii) : Spiral to Freedom  Noirin Sheahan
  [813/879] SKIP (exists): Fourth Maxim (iii) : Path to Transcendence  Noirin
  [814/879] SKIP (exists): Equanimity : The Most Important Virtue Bhante Bodh
  [815/879] SKIP (exists): The Danger of Nihilism  Bhante Bodhidhamma
  [816/879] SKIP (exists): Neo-Fascism  Bhante Bodhidhamma
  [817/879] SKIP (exists): The Gift of Joy Mudita Bhante Bodhidhamma
  [818/879] SKIP (exists): ‘We just follow circumstance.’  Bhante Bodhidhamma
  [819/879] SKIP (exists): To Love or To Be Loved. That is the Question.  Bha
  [820/879] SKIP (exists): Samsara : doomed to suffer over and over again? Bh
  [821/879] SKIP (exists): Compassion : To Care  Bhante Bodhidhamma
  [822/879] SKIP (exists): Compassion : A Path of Liberation  Bhante Bodhidha
  [823/879] SKIP (exists): Fifth Maxim: Develop the Body and Mind  Noirin She
  [824/879] SKIP (exists): The Buddha’s Alter Ego : The World Conquering Mona
  [825/879] SKIP (exists): There is a Body: Exploring the Mind-Body Relations
  [826/879] SKIP (exists): Self-love and Self-Acceptance  Bhante Bodhidhamma
  [827/879] SKIP (exists): The Crucial Role of Desire and Intention.  Bhante 
  [828/879] SKIP (exists): Mindfulness meets Metta Noirin Sheahan
  [829/879] SKIP (exists): Surely meditation shouldn't feel like this?  Noiri
  [830/879] SKIP (exists): The Fire Sermon
  [831/879] SKIP (exists): Why spend a week or more on retreat?
  [832/879] SKIP (exists): Nibanna is Close at Hand!
  [833/879] SKIP (exists): AI 'Art'
  [834/879] SKIP (exists): A Field of Barley
  [835/879] SKIP (exists): War!
  [836/879] SKIP (exists): The Enlightenment and its Demise.
  [837/879] SKIP (exists): The Enlightenment and Possible Salvation.
  [838/879] SKIP (exists): Sixth Maxim: Act for the Future Generations of All
  [839/879] SKIP (exists): Cultivating Metta for Future Generations.
  [840/879] SKIP (exists): Detailed Guided Meditation
  [841/879] SKIP (exists): Starting a Retreat
  [842/879] SKIP (exists): Abiding in the Present Moment Developing Equanimit
  [843/879] SKIP (exists): Detailed Guided Meditation
  [844/879] SKIP (exists): Assisted Meditation
  [845/879] SKIP (exists): Heartcare Metta Meditation
  [846/879] SKIP (exists): Bodycare Meditation
  [847/879] SKIP (exists): Eating meditation
  [848/879] SKIP (exists): Morning Chant with Refuges and Precepts
  [849/879] SKIP (exists): Evening Metta Chant
  [850/879] SKIP (exists): The Technique
  [851/879] SKIP (exists): The Hindrances
  [852/879] SKIP (exists): The Factors of Enlightenment
  [853/879] SKIP (exists): The Pleasure Syndrome dukkha
  [854/879] SKIP (exists): The Characteristic of Impermanence
  [855/879] SKIP (exists): Anatta Not self
  [856/879] SKIP (exists): Living Life according to the Dhamma
  [857/879] SKIP (exists): Mahasi Talk
  [858/879] SKIP (exists): Vedana Feeling
  [859/879] SKIP (exists): Is Awareness Enough
  [860/879] SKIP (exists): Eroticism Romance Love Distraction and Boredom
  [861/879] SKIP (exists): The Perfections Turned Inward
  [862/879] SKIP (exists): Faith
  [863/879] SKIP (exists): Revising the principles of vipassana
  [864/879] SKIP (exists): Fear
  [865/879] SKIP (exists): Foregiveness
  [866/879] SKIP (exists): The Gratification, the Danger and the Escape
  [867/879] SKIP (exists): Karma
  [868/879] SKIP (exists): Rebirth
  [869/879] SKIP (exists): The Illimitables
  [870/879] SKIP (exists): The Ten Fetters
  [871/879] SKIP (exists): The Awakening
  [872/879] SKIP (exists): The Years of Teaching and Parinibbana
  [873/879] SKIP (exists): Ethical Behaviour and the Awakening are one
  [874/879] SKIP (exists): The Buddha as Exemplar and Archetype
  [875/879] SKIP (exists): Meditation and Ordinary Daily Life
  [876/879] SKIP (exists): Free Will
  [877/879] SKIP (exists): Karma Specific Conditionality the Five Laws ethica
  [878/879] SKIP (exists): Right Livelihood
  [879/879] SKIP (exists): Chi Gong min guidance

  Described: 868/879 episodes (0 API calls)
  Saved to: /home/freedomfighter/code/traduction/satipanya-podcast/metadata/
============================================================
PASS 6: Generating RSS podcast feeds
============================================================
  Generating: guided-meditations.xml ...
    16 episodes, 2 seasons → guided-meditations.xml
  Generating: dhammabytes.xml ...
    77 episodes, 12 seasons → dhammabytes.xml
  Generating: foundation-course.xml ...
    21 episodes, 2 seasons → foundation-course.xml
  Generating: dharma-talks.xml ...
    252 episodes, 32 seasons → dharma-talks.xml (7 dead links excluded)
  Generating: noirins-teachings.xml ...
    36 episodes, 5 seasons → noirins-teachings.xml
  Generating: international-talks.xml ...
    51 episodes, 12 seasons → international-talks.xml (3 dead links excluded)
  Generating: youtube-talks.xml ...
    142 episodes, 1 seasons → youtube-talks.xml
  Generating: bhante-essays.xml ...
    0 episodes, 5 seasons → bhante-essays.xml (34 dead links excluded)
  Generating: noirin-essays.xml ...
    0 episodes, 3 seasons → noirin-essays.xml (32 dead links excluded)
  Generating: tips-of-the-day.xml ...
    0 episodes, 5 seasons → tips-of-the-day.xml (168 dead links excluded)
  Generating: retreat-talks.xml ...
    40 episodes, 4 seasons → retreat-talks.xml

  Feeds saved to: /home/freedomfighter/code/traduction/satipanya-podcast/feeds/
============================================================
PASS 7: Beautifying transcripts with Claude
============================================================
  [1/879] SKIP (exists): Introducing Vipassana Insight Meditation
  [2/879] SKIP (exists): Vipassana Guidelines
  [3/879] SKIP (exists): 45 minute Detailed Guided Meditation
  [4/879] SKIP (exists): 45 minute Assisted Meditation
  [5/879] SKIP (exists): 30 minute Bodycare Meditation
  [6/879] SKIP (exists): 30 minute Heartcare Meditation
  [7/879] SKIP (exists): Abiding in the Present Moment Developing Equanimit
  [8/879] SKIP (exists): Just Metta
  [9/879] SKIP (exists): Investigative Eating
  [10/879] SKIP (exists): Mahasi Sayadaw Introductory Talk
  [11/879] SKIP (exists): Why Chant
  [12/879] SKIP (exists): Morning Chant
  [13/879] SKIP (exists): Evening Chant
  [14/879] SKIP (exists): Refuges and Precepts
  [15/879] SKIP (exists): Evening Metta Chant
  [16/879] SKIP (exists): Metta Discourse
  [17/879] SKIP (exists): 01 Views about Spiritual Paths
  [18/879] SKIP (exists): 02 Discourse to the Kalamas
  [19/879] SKIP (exists): 03 Desire the Root of Suffering
  [20/879] SKIP (exists): 04 How to Test the Buddha
  [21/879] SKIP (exists): 01 Introducing the Buddha
  [22/879] SKIP (exists): 02 The Birth of the Buddha
  [23/879] SKIP (exists): 03 The Bodhisatta Leaves Home
  [24/879] SKIP (exists): 04 The Essence of the Awakening
  [25/879] SKIP (exists): Anusaya - Latent Tendencies
  [26/879] SKIP (exists): Asava-Taints, Ogha-Floods, Yoga-Yokes
  [27/879] SKIP (exists): Buddha
  [28/879] SKIP (exists): Dukkha - A Hard Place
  [29/879] SKIP (exists): Hetu - The Unwholesome Roots
  [30/879] SKIP (exists): Panya - Wisdom and Intuitive Intelligence
  [31/879] SKIP (exists): Puja - Devotional Attention
  [32/879] SKIP (exists): Samyojana - The first three Fetters
  [33/879] SKIP (exists): Samyojana - The last seven Fetters
  [34/879] SKIP (exists): Sati - Knowing
  [35/879] SKIP (exists): Sati in Daily Life
  [36/879] SKIP (exists): Sila - Good Conduct
  [37/879] SKIP (exists): 01. Dana Generosity
  [38/879] SKIP (exists): 02. Sila Virtuous Conduct
  [39/879] SKIP (exists): 03. Nekkhamma Renunciation
  [40/879] SKIP (exists): 04. Panya Intuitive Intelligence and Wisdom
  [41/879] SKIP (exists): 05. Viriya Effort
  [42/879] SKIP (exists): 06. Khanti Patience
  [43/879] SKIP (exists): 07. Sacca Honesty
  [44/879] SKIP (exists): 08. Adhitthana Resolution.
  [45/879] SKIP (exists): Metta - Love
  [46/879] SKIP (exists): Karuna - Compassion
  [47/879] SKIP (exists): Mudita - Pure Joy
  [48/879] SKIP (exists): Upekkha - Equanimity
  [49/879] SKIP (exists): Buddha as Refuge
  [50/879] SKIP (exists): Dhamma as Refuge
  [51/879] SKIP (exists): Sangha as Refuge
  [52/879] SKIP (exists): Khandha The Aggregates
  [53/879] SKIP (exists): Rupa Corporeality
  [54/879] SKIP (exists): Vedana Feeling
  [55/879] SKIP (exists): Sanya Perception & Vedana Feeling
  [56/879] SKIP (exists): Sankhara Volitional Conditioning
  [57/879] SKIP (exists): Summing up
  [58/879] SKIP (exists): 1. Avijja - not-knowing
  [59/879] SKIP (exists): 2. Nama Rupa Body Mind
  [60/879] SKIP (exists): 3. Salayatana Vedana Phasa Six senses Contact Feel
  [61/879] SKIP (exists): 4. Tanha Upadana Bhava Craving Grasping Becoming
  [62/879] SKIP (exists): 5. paticca samuppada dependent origination to sams
  [63/879] SKIP (exists): 6. Another model of Dependent Orgination
  [64/879] SKIP (exists): 1. Indulgence
  [65/879] SKIP (exists): 2. Self-Mortification
  [66/879] SKIP (exists): 3. The First Noble Truth of Suffering
  [67/879] SKIP (exists): 4. Second Noble Truth:The Cause of Suffering
  [68/879] SKIP (exists): 5. The Third Noble Truth:The End of Suffering
  [69/879] SKIP (exists): 6. The Fourth Noble Truth The Eightfold Path
  [70/879] SKIP (exists): 7. The Buddha's Enlightenment becomes universal
  [71/879] SKIP (exists): 1 Not-self - Control
  [72/879] SKIP (exists): 2 Not-self - Impermanence and Suffering
  [73/879] SKIP (exists): 3 Not-self - Recap and Metaphors
  [74/879] SKIP (exists): 01. Sickness Ageing and Death
  [75/879] SKIP (exists): 02. Divine Messengers
  [76/879] SKIP (exists): 03. The Two Darts
  [77/879] SKIP (exists): 04. The Eight Worldy Conditions
  [78/879] SKIP (exists): 05. Clinging causes Anxiety plus
  [79/879] SKIP (exists): 06. Mahakassapa Explains the Cause of Conflict
  [80/879] SKIP (exists): 07. Envy and Niggardliness the Cause of Conflict
  [81/879] SKIP (exists): 08. Detailed Sequence Leading to Conflict
  [82/879] SKIP (exists): 09. Power
  [83/879] SKIP (exists): 10. Samsara Onward Going
  [84/879] SKIP (exists): 11. Rounds of Becoming
  [85/879] SKIP (exists): 12. Short Review of the Human Condition
  [86/879] SKIP (exists): 1. Righteous Governement and Righteous Ruler
  [87/879] SKIP (exists): 2. The Ruler
  [88/879] SKIP (exists): 3. The Six Directions Ritual as useless or meaning
  [89/879] SKIP (exists): 4. Parents and Chidren
  [90/879] SKIP (exists): 5. Husbands and Wives
  [91/879] SKIP (exists): 6. What makes for a Good Life
  [92/879] SKIP (exists): 7. Use of wealth for Happiness
  [93/879] SKIP (exists): 8. Virtues of a Good Spouse
  [94/879] SKIP (exists): The First Noble Truth - Dukkha Dukkha
  [95/879] SKIP (exists): The First Noble Truth - Conditioned States
  [96/879] SKIP (exists): The First Noble Truth - The Three Characteristics
  [97/879] SKIP (exists): The Second Noble Truth - The Cause of Suffering - 
  [98/879] SKIP (exists): The Second Noble Truth - The Wheel of Dependent Or
  [99/879] SKIP (exists): The Second Noble Truth - Kamma
  [100/879] SKIP (exists): The Fourth Noble Truth - Morality - Sila
  [101/879] SKIP (exists): The Fourth Noble Truth - Positive Morality - Param
  [102/879] SKIP (exists): The Fourth Noble Truth - Right Understanding
  [103/879] SKIP (exists): The Fourth Noble Truth - Mental Development - Sama
  [104/879] SKIP (exists): Moods, Emotions and Feelings
  [105/879] SKIP (exists): Guilt - Real and Unreal
  [106/879] SKIP (exists): The End of Guilt
  [107/879] SKIP (exists): Right Intention
  [108/879] SKIP (exists): The Divine Abodes
  [109/879] SKIP (exists): Faith or Belief
  [110/879] SKIP (exists): Wheel of Dependent Origination
  [111/879] SKIP (exists): Kamma
  [112/879] SKIP (exists): The Sangha
  [113/879] SKIP (exists): The Four Paths and the Four Fruits
  [114/879] SKIP (exists): The Noble Silence
  [115/879] SKIP (exists): Why Meditate
  [116/879] SKIP (exists): The Mahasi Method
  [117/879] SKIP (exists): Starting a Personal Retreat
  [118/879] SKIP (exists): Faith
  [119/879] SKIP (exists): Ritual in Spiritual Practice
  [120/879] SKIP (exists): Is Awareness Enough
  [121/879] SKIP (exists): Developing the Spiritual Faculties
  [122/879] SKIP (exists): Spiritual Faculties and Factors of Enlightenment
  [123/879] SKIP (exists): The Hindrances
  [124/879] SKIP (exists): The Buddha and the Hindrances
  [125/879] SKIP (exists): Dullness, Lethargy, Restlessness and Pain
  [126/879] SKIP (exists): Eroticism, Romance, Love, Distraction and Boredom
  [127/879] SKIP (exists): The Ten Fetters
  [128/879] SKIP (exists): Vedana Feeling
  [129/879] SKIP (exists): Fear
  [130/879] SKIP (exists): Foregiveness
  [131/879] SKIP (exists): The Illimitables
  [132/879] SKIP (exists): The Perfections Turned Inward
  [133/879] SKIP (no transcript): The Seven Factors of Awakening
  [134/879] SKIP (no transcript): Faith
  [135/879] SKIP (no transcript): Taking the Refuges
  [136/879] SKIP (no transcript): Equanimity
  [137/879] SKIP (exists): Survey of Theravada Buddhism
  [138/879] SKIP (exists): Impermanence and Not-self
  [139/879] SKIP (exists): Ethical Behaviour and the Awakening are one
  [140/879] SKIP (exists): Wheel of Dependent Origination
  [141/879] SKIP (exists): Free Will
  [142/879] SKIP (exists): Kamma
  [143/879] SKIP (exists): Rebirth
  [144/879] SKIP (exists): Premodern, Modern, Postmodernism And Buddhism
  [145/879] SKIP (exists): The Buddha as Exemplar and Archetype
  [146/879] SKIP (exists): Buddhist View of Christ's Teaching
  [147/879] SKIP (exists): Just War
  [148/879] SKIP (exists): The Gratification, the Danger and the Escape
  [149/879] SKIP (no transcript): Towards Contentment and Happiness
  [150/879] SKIP (no transcript): The Pursuit of Happiness
  [151/879] SKIP (exists): Bodhisatta Before Taking Human Birth
  [152/879] SKIP (exists): Bodhisatta's Birth to Renunciation
  [153/879] SKIP (exists): Bodhisatta's Training to the Awakening
  [154/879] SKIP (exists): The Awakening
  [155/879] SKIP (exists): The Years of Teaching and Parinibbana
  [156/879] SKIP (exists): Meditation and Daily Life
  [157/879] SKIP (exists): Meditation and the Weekly Group
  [158/879] SKIP (exists): The Eightfold Path and Daily Life
  [159/879] SKIP (exists): Right Livelihood
  [160/879] SKIP (exists): 1. Starting a Retreat
  [161/879] SKIP (exists): Starting a Retreat
  [162/879] SKIP (exists): A Detailed Guided Meditation
  [163/879] SKIP (exists): Investigative Eating Meditation - an explanation.
  [164/879] SKIP (exists): 2. The Mahasi Technique
  [165/879] SKIP (exists): Basics of Insight Meditation 02 2025Video
  [166/879] SKIP (exists): Basics of Insight Meditation 04 2026Video
  [167/879] SKIP (exists): 4. The Hindrances The Psychotherapy of Vipassana
  [168/879] SKIP (exists): 5. Right Awareness Intro.to Vipassana
  [169/879] SKIP (exists): 6. The Seven Factors of Awakening
  [170/879] SKIP (exists): 7. The Ethical Psychology of the Buddha (Dependent
  [171/879] SKIP (exists): 8. The Law of Kamma
  [172/879] SKIP (exists): 8. Living Life according to the Dhamma
  [173/879] SKIP (exists): Guided Metta
  [174/879] SKIP (exists): Guided Bodycare
  [175/879] SKIP (exists): Developing the Factors of Enlightenment
  [176/879] SKIP (exists): Exploring Dukkha
  [177/879] SKIP (exists): Question & Answer Session
  [178/879] SKIP (exists): Revising the Principles of Meditation
  [179/879] SKIP (exists): The Hindrances
  [180/879] SKIP (exists): Practice into Daily Life (Xmas 2006)
  [181/879] SKIP (exists): New Year Reflections
  [182/879] SKIP (exists): Q&A Resistance Rebirth and Moral Justice What suff
  [183/879] SKIP (exists): 01 The Body - The Buddha's World View and the role
  [184/879] SKIP (exists): 02 The Body - Kayagasati Sutta MN131.To play the m
  [185/879] SKIP (exists): Feeling (vedana).To play the media you will need t
  [186/879] SKIP (exists): Dependent Origination leading to awakening in ordi
  [187/879] SKIP (exists): .To play the media you will need to either update 
  [188/879] SKIP (exists): .To play the media you will need to either update 
  [189/879] SKIP (exists): Ethics, Not-self and Liberation.To play the media 
  [190/879] SKIP (exists): Roads to Power.To play the media you will need to 
  [191/879] SKIP (exists): New Year address on the qualities needed to succee
  [192/879] SKIP (exists): The First Discourse on Turning the Wheel of the Dh
  [193/879] SKIP (exists): Scientism : Romanticism : Psychotherapy - and Budd
  [194/879] SKIP (exists): Kamma, Rebirth and Transcendence : A top down view
  [195/879] SKIP (exists): The Discourse to the Kalama : Discernment, the Eth
  [196/879] SKIP (exists): Buddha Day Address: What was the mindset of the Bo
  [197/879] SKIP (exists): Spiritual progress - stop trying!.To play the medi
  [198/879] SKIP (no transcript): What is vedana and where does it fit in?.To play t
  [199/879] SKIP (exists): The Need for Sangha. community and Q's about Ordin
  [200/879] SKIP (exists): Mae Chee Kaew and Resolutions..To play the media y
  [201/879] SKIP (exists): The Three Characteristics..To play the media you w
  [202/879] SKIP (exists): Buddha Day Address May 2015..To play the media you
  [203/879] SKIP (exists): Deconstruction..To play the media you will need to
  [204/879] SKIP (exists): Love and All That..To play the media you will need
  [205/879] SKIP (exists): Ethics Not-self and Liberation.To play the media y
  [206/879] SKIP (exists): Contol and loss of Power..To play the media you wi
  [207/879] SKIP (exists): Q&A Detachment Engagement Motivation Devotion..To 
  [208/879] SKIP (exists): Basics for Meditation..To play the media you will 
  [209/879] SKIP (exists): Kamma Revisited..To play the media you will need t
  [210/879] SKIP (exists): Daily Life Reinforced..To play the media you will 
  [211/879] SKIP (exists): Refinement,Sublimation and the Eightfold Path..To 
  [212/879] SKIP (exists): No Inherent Being..To play the media you will need
  [213/879] SKIP (exists): Kamma and Free Will..To play the media you will ne
  [214/879] SKIP (exists): Comments on a Statement by Mae Chee Kaew..To play 
  [215/879] SKIP (exists): Reiki 10 06 2015..To play the media you will need 
  [216/879] SKIP (exists): Intro Talk to Bodycare.To play the media you will 
  [217/879] SKIP (exists): Dependent Origination and the Quality of Right Awa
  [218/879] SKIP (exists): Talk at the Re-opening of the Golden Buddha Centre
  [219/879] SKIP (exists): The Prognosis is Very Good..To play the media you 
  [220/879] SKIP (exists): Importance of Resolution plus.To play the media yo
  [221/879] SKIP (exists): Christmas Talk re the Path.To play the media you w
  [222/879] SKIP (exists): Right Relationship.To play the media you will need
  [223/879] SKIP (exists): How to critique the Dhamma and Buddha.To play the 
  [224/879] SKIP (exists): An Attempt to Understand the teaching of Not-Self.
  [225/879] SKIP (exists): Talk to the European Teachers Meeting How I came t
  [226/879] SKIP (exists): Happiness.To play the media you will need to eithe
  [227/879] SKIP (exists): The Body and the Discourse on How to Establish Rig
  [228/879] SKIP (exists): Q.&A session: Family Distractions : Selfish to Med
  [229/879] SKIP (exists): Mindfulness : Time.To play the media you will need
  [230/879] SKIP (exists): Monks : Daily Life : Not-Self.To play the media yo
  [231/879] SKIP (exists): Retreats : Attachment : Children and Suffering.To 
  [232/879] SKIP (exists): New Year Revision of Buddhadhamma Theory and Pract
  [233/879] SKIP (exists): Hope to Inspire.To play the media you will need to
  [234/879] SKIP (exists): Talk at Opening of centre in Ghent.To play the med
  [235/879] SKIP (exists): The Problem of Identity..To play the media you wil
  [236/879] SKIP (exists): The body as Meditative Object..To play the media y
  [237/879] SKIP (exists): 1. Starting a Retreat.To play the media you will n
  [238/879] SKIP (exists): The Principles and Problems of Vipassana.To play t
  [239/879] SKIP (exists): Not-Self Indulgence and all.To play the media you 
  [240/879] SKIP (exists): Impulsive or Spontaneous.To play the media you wil
  [241/879] SKIP (exists): The Body and the Three Characteristics.To play the
  [242/879] SKIP (exists): Why noting without stop.To play the media you will
  [243/879] SKIP (exists): Why we need a technique.To play the media you will
  [244/879] SKIP (exists): Subliminal Inclinations, Defilements and Hindrance
  [245/879] SKIP (exists): Questions and Answers A Dolly Mixture.To play the 
  [246/879] SKIP (exists): Importance of Metta 24 min.To play the media you w
  [247/879] SKIP (exists): The Kamma of Liberation.To play the media you will
  [248/879] SKIP (exists): The Karma Concerning Liberation.To play the media 
  [249/879] SKIP (exists): Dignity and the Qualities of a Ruler.To play the m
  [250/879] SKIP (exists): Practice in Ordinary Daily Life.To play the media 
  [251/879] SKIP (exists): Samatha-Vipassana.To play the media you will need 
  [252/879] SKIP (exists): Vipassana and or Therapy.To play the media you wil
  [253/879] SKIP (exists): Buddha Day Address with Refuges and Precepts.To pl
  [254/879] SKIP (exists): Daily Rythms; Fetters, Hindrances and Inclinations
  [255/879] SKIP (exists): Metta, Applied and Sustained Thought, Buddhamind.T
  [256/879] SKIP (exists): Equanimity - Foundation of all Virtue.To play the 
  [257/879] SKIP (exists): The Mahasi Method.To play the media you will need 
  [258/879] SKIP (exists): The Sufferings of the Pleasure Syndrome.To play th
  [259/879] SKIP (exists): There is no separation between vipassana and ordin
  [260/879] SKIP (exists): Q & A Rebirth Identification Emotions etc..To play
  [261/879] SKIP (exists): Why didn't the Buddha return to lay life.To play t
  [262/879] SKIP (exists): Revising the principles of vipassana.To play the m
  [263/879] SKIP (exists): Dukkha Unsatisfactoriness et al.To play the media 
  [264/879] SKIP (exists): Encouragement October 09.To play the media you wil
  [265/879] SKIP (exists): The practice and the pitfalls of metta, goodwill p
  [266/879] SKIP (exists): How Vipassana relates to Daily Life.To play the me
  [267/879] SKIP (exists): Samatha and - or Vipassana.To play the media you w
  [268/879] SKIP (exists): Metta: Developing Goodwill.To play the media you w
  [269/879] SKIP (exists): Karma, Dependent Origination, Virtue and Liberatio
  [270/879] SKIP (exists): Enthusiam and other questions.To play the media yo
  [271/879] SKIP (exists): Faith and the Spiritual Life.To play the media you
  [272/879] SKIP (exists): Revising the principles of vipassana.To play the m
  [273/879] SKIP (exists): The Buddha's Quest - A Public Talk.To play the med
  [274/879] SKIP (exists): The problem lies in the looking.To play the media 
  [275/879] SKIP (exists): There is no reason for being!.To play the media yo
  [276/879] SKIP (exists): Towards a whole life practice.To play the media yo
  [277/879] SKIP (exists): https://www.satipanya.org.uk/wp-content/uploads/20
  [278/879] SKIP (exists): https://www.satipanya.org.uk/wp-content/uploads/20
  [279/879] SKIP (exists): https://www.satipanya.org.uk/wp-content/uploads/20
  [280/879] SKIP (exists): https://www.satipanya.org.uk/wp-content/uploads/20
  [281/879] SKIP (exists): https://www.satipanya.org.uk/wp-content/uploads/20
  [282/879] SKIP (exists): https://www.satipanya.org.uk/wp-content/uploads/20
  [283/879] SKIP (exists): https://www.satipanya.org.uk/wp-content/uploads/20
  [284/879] SKIP (exists): https://www.satipanya.org.uk/wp-content/uploads/20
  [285/879] SKIP (exists): https://www.satipanya.org.uk/wp-content/uploads/20
  [286/879] SKIP (exists): https://www.satipanya.org.uk/wp-content/uploads/20
  [287/879] SKIP (exists): https://www.satipanya.org.uk/wp-content/uploads/20
  [288/879] SKIP (exists): https://www.satipanya.org.uk/wp-content/uploads/20
  [289/879] SKIP (exists): https://www.satipanya.org.uk/wp-content/uploads/20
  [290/879] SKIP (exists): https://www.satipanya.org.uk/wp-content/uploads/20
  [291/879] SKIP (exists): https://www.satipanya.org.uk/wp-content/uploads/20
  [292/879] SKIP (exists): https://www.satipanya.org.uk/wp-content/uploads/20
  [293/879] SKIP (exists): https://www.satipanya.org.uk/wp-content/uploads/20
  [294/879] SKIP (exists): https://www.satipanya.org.uk/wp-content/uploads/20
  [295/879] SKIP (exists): https://www.satipanya.org.uk/wp-content/uploads/20
  [296/879] SKIP (exists): https://www.satipanya.org.uk/wp-content/uploads/20
  [297/879] SKIP (exists): https://www.satipanya.org.uk/wp-content/uploads/20
  [298/879] SKIP (exists): https://www.satipanya.org.uk/wp-content/uploads/20
  [299/879] SKIP (exists): Refuges and Precepts with Metta
  [300/879] SKIP (exists): Video
  [301/879] SKIP (exists): Video
  [302/879] SKIP (exists): Video
  [303/879] SKIP (exists): Video
  [304/879] SKIP (exists): Video
  [305/879] SKIP (exists): Video
  [306/879] SKIP (exists): 2022 Dec 11 To Love or To Be Loved. That is the qu
  [307/879] SKIP (exists): Love and Relationship.
  [308/879] SKIP (exists): Forgiveness is fundamental to purify the heart. Re
  [309/879] SKIP (exists): The introduction
  [310/879] SKIP (exists): Karaniya Metta Sutta
  [311/879] SKIP (exists): Video
  [312/879] SKIP (exists): We often hear about suffering and the end of suffe
  [313/879] SKIP (exists): 2024 Jan. 21 The importance of Tranquillity Passad
  [314/879] SKIP (exists): Patient Forebearance
  [315/879] SKIP (exists): Equanimity
  [316/879] SKIP (exists): Sympathy, Empathy and Compassion
  [317/879] SKIP (exists): 2023 June 11 Fear and Courage.
  [318/879] SKIP (exists): Apologies! I tried to cover too much ground. Howev
  [319/879] SKIP (exists): 2023 Oct 01 'Good Friendship, Companionship, Good 
  [320/879] SKIP (exists): 2021 Gratitude, Generosity and Renunciation
  [321/879] SKIP (exists): 2022 Jul 17 Need, Sufficiency and Greed -
  [322/879] SKIP (exists): 2025 Apr 06 Renunciation.
  [323/879] SKIP (exists): Video
  [324/879] SKIP (exists): Video
  [325/879] SKIP (exists): The Buddha and War
  [326/879] SKIP (exists): 2025 May 04 The Buddha as a Teacher.
  [327/879] SKIP (exists): 2025 June 08 What was the Buddha's great disovery?
  [328/879] SKIP (exists): Video
  [329/879] SKIP (exists): Video
  [330/879] SKIP (exists): 2024 April.24 Contemplating the Unpleasantness of 
  [331/879] SKIP (exists): 2024 June 23 The Unattractive Nature of the Body
  [332/879] SKIP (exists): I own my actions. I inherit the results of my acti
  [333/879] SKIP (exists): Karma and Rebirth
  [334/879] SKIP (exists): 2023 Nov 26 The Five Regular Contemplations.
  [335/879] SKIP (exists): 2022 Nov 06 The Contemplation of Death.
  [336/879] SKIP (exists): The Eight Worldly Winds
  [337/879] SKIP (exists): The Paradox of Fear
  [338/879] SKIP (exists): 2025 Jan 12 Dukkha - the Buddha grounds his teachi
  [339/879] SKIP (exists): 2024 Feb. 25 The crucial role of Desire and Intent
  [340/879] SKIP (exists): 2024 July 14 The Four Great Elements
  [341/879] SKIP (exists): 2024 August 18 The Specific Law of Conditionality
  [342/879] SKIP (exists): 2024 September 15 The Dangers of Indulgence
  [343/879] SKIP (exists): 2023 Jan. 08 The Four Bases of Power :
  [344/879] SKIP (exists): Video
  [345/879] SKIP (exists): 2023 Oct 29 The Spiral Path
  [346/879] SKIP (exists): 2021 Four Noble Truths
  [347/879] SKIP (exists): Dukkha (Unsatisfactoriness and Sila (Morality and 
  [348/879] SKIP (exists): Dependent Origination, the Role of desire and the 
  [349/879] SKIP (exists): 2022 Oct 09 Identity and Not-Self.
  [350/879] SKIP (exists): Video
  [351/879] SKIP (exists): Right Livelihood
  [352/879] SKIP (exists): 2022 Sep 11 Rest for Autumn.
  [353/879] SKIP (exists): Bahiya of the Bark Cloth
  [354/879] SKIP (exists): 2023 March 05
  [355/879] SKIP (exists): ,
  [356/879] SKIP (exists): 2022 Aug 14 Climate Emergency and the Role of the 
  [357/879] SKIP (exists): Non-Violence v. Pacifism
  [358/879] SKIP (exists): 2022 Apr 17 Noliberalism and Mindfulness
  [359/879] SKIP (exists): 2022 Jun 19 Social Conditionng or Karma - Our soci
  [360/879] SKIP (exists): Buddha Day Address : His Training : The Fetters
  [361/879] SKIP (exists): ood Friendhship, Good Companionship, Good Comrades
  [362/879] SKIP (exists): Dependent Origination Revisited
  [363/879] SKIP (exists): Karma- Specific, Conditionality the Five Laws, eth
  [364/879] SKIP (exists): No more ideologies!
  [365/879] SKIP (exists): The Mahasi Technique and What We Need to Understan
  [366/879] SKIP (exists): Dependent Orignation and how all other importnant 
  [367/879] SKIP (exists): The Axial Age and the Momentous Discovery of the B
  [368/879] SKIP (exists): Dependent Orgination is based on Not-Knowing and I
  [369/879] SKIP (exists): Khanda, the Agregates, as Person and Sati, Awarene
  [370/879] SKIP (exists): Misunderstanding re. the Self, Karma and transcend
  [371/879] SKIP (exists): Q&A Kamma / FreeWill , Metta/attachment, Momentary
  [372/879] SKIP (exists): Q&A Emotions: Awareness/Delusion:Insight : Masculi
  [373/879] SKIP (exists): Angulimala A Monologue 00.54.49 21.9 MB
  [374/879] SKIP (exists): Talk read by Therese Caherty
  [375/879] SKIP (exists): Vipassana Instructions
  [376/879] SKIP (exists): The First Noble truth - Impermanence and Unsatisfa
  [377/879] SKIP (exists): The First noble truth - Not-Self and Unsatisfactor
  [378/879] SKIP (exists): The Second Noble Truth - The Cause of Unsatisfacto
  [379/879] SKIP (exists): The Third Noble Truth - The End of Unsatisfactorin
  [380/879] SKIP (exists): The Fourth Noble Truth - The Path Leading to the E
  [381/879] SKIP (exists): Introduction to the Mahasi Meditation Practice - r
  [382/879] SKIP (exists): Hindrances and Factors of Enlightenment - read by 
  [383/879] SKIP (exists): 1st, 2nd & 3rd Noble Truths: Dukkha, its Cause & C
  [384/879] SKIP (exists): 4th Noble Truth: Eightfold Path in Daily Life - re
  [385/879] SKIP (exists): The Hindrances - read by Finola O'Siochru
  [386/879] SKIP (exists): The Factors of Enlightenment - read by Finola O'Si
  [387/879] SKIP (exists): First Noble Truth: There is Dukkha - read by Finol
  [388/879] SKIP (exists): Second and Third Nobe Truths: Cause and Cessation 
  [389/879] SKIP (exists): Fourth Noble Truth: The Path to the End of Dukkha 
  [390/879] SKIP (exists): Foundations for Mindfulness (Satipatthana Sutta) -
  [391/879] SKIP (exists): Attachment: The Five Khanda - read by Finola O'Sio
  [392/879] SKIP (exists): Divine Abiding: a. Equanimity - read by Biddy O'Co
  [393/879] SKIP (exists): Divine Abiding: b. Goodwill, Metta - read by Biddy
  [394/879] SKIP (exists): Divine Abiding, c. Compassion - read by Biddy O'Co
  [395/879] SKIP (exists): Divine Abiding, d. Appreciative Joy, Mudita - read
  [396/879] SKIP (exists): Sense Contact - The Six Sense Spheres - read by Fi
  [397/879] SKIP (exists): Spiritual Faculties - read by Finola O'Siochru
  [398/879] SKIP (exists): Mindfulness of Breathing - read by Finola O'Siochr
  [399/879] SKIP (exists): Destruction of Craving a. Tracing back to the orig
  [400/879] SKIP (exists): Destruction of Craving b. Examining each link in t
  [401/879] SKIP (exists): Two Kinds of Thought - read by Finola O'Siochru
  [402/879] SKIP (exists): Removal of Distracting Thoughts - read by Finola O
  [403/879] SKIP (exists): In the Seeing, only the seeing ... (Bahiya Sutta) 
  [404/879] SKIP (exists): Greed, Hatred and Delusion as Foundations for Mind
  [405/879] SKIP (exists): Exalted, Unexalted and other Mindstates as Foundat
  [406/879] SKIP (exists): Building a Raft to Cross the Floods of Sensuality 
  [407/879] SKIP (exists): Building a Raft to Cross the Floods of Becoming an
  [408/879] SKIP (exists): Beset by Perceptions (Honeyball Sutta)
  [409/879] SKIP (exists): The Buddha's Death (Parinibbana Sutta)
  [410/879] SKIP (exists): Méditation Guidée: Debout et Assise
  [411/879] SKIP (exists): Meditation Guidee Detaillee
  [412/879] SKIP (exists): Méditation Guidée Debout et Assise
  [413/879] SKIP (exists): Trois compréhensions nécessaires
  [414/879] SKIP (exists): Méditation Debout
  [415/879] SKIP (exists): Méditation Assise
  [416/879] SKIP (exists): La conscience juste, les obstacles comme chemin ve
  [417/879] SKIP (exists): How we use the self and what does it mean for not-
  [418/879] SKIP (exists): The Hindrances
  [419/879] SKIP (exists): Non-soi
  [420/879] SKIP (exists): La Libre Volunté
  [421/879] SKIP (exists): Le Dhamma dans la vie quotidienne ordinaire.
  [422/879] SKIP (exists): Scientisme Romatisme Bouddhisme
  [423/879] SKIP (no transcript): Is the Buddha a materialist?
  [424/879] SKIP (no transcript): z0000002
  [425/879] SKIP (exists): Une tentative de comprendre le non-soi.
  [426/879] SKIP (exists): Retour à l'essentiel.
  [427/879] SKIP (exists): Bonheur
  [428/879] SKIP (exists): L'Esprit Concevoir et les Empêches
  [429/879] SKIP (no transcript): Dependent Origination et Kamma
  [430/879] SKIP (exists): Metta Bhavana Bienveillance (15 min)(Lausanne Oct 
  [431/879] SKIP (exists): Nous causons de la souffrance pour nous meme.(Laus
  [432/879] SKIP (exists): Le Kamma de la Liberation(Lausanne Oct 2010)
  [433/879] SKIP (exists): Les Bases de Vipassana.
  [434/879] SKIP (exists): Progres et d'autres sujets.
  [435/879] SKIP (exists): Questions and des Questions Plus.
  [436/879] SKIP (exists): Dependant Origination (Belgium Jan 2006)
  [437/879] SKIP (exists): The Purpose of Meditation (Belgium Jan 2006)
  [438/879] SKIP (exists): Why the Present Moment is So Important (Geneva May
  [439/879] SKIP (exists): Q&A Concerning States of Mind - Sankhara (Geneva M
  [440/879] SKIP (exists): Concerning Buddhist Psychology (Geneva May 2006)
  [441/879] SKIP (exists): Concerning Metta and Other Questions (Geneva May 2
  [442/879] SKIP (exists): Le Methode de Mahasi Vipassana (Lausanne Oct 2009)
  [443/879] SKIP (exists): Les Empeches de Vipassana (Lausanne Oct 2009)
  [444/879] SKIP (exists): Les Facteurs de Liberation (Lausanne Oct 2009)
  [445/879] SKIP (exists): Psychologie de Buddha (Lausanne Oct 2009)
  [446/879] SKIP (exists): Entering the Course
  [447/879] SKIP (exists): The Mahasi Method
  [448/879] SKIP (exists): The Joyful Aspects of Meditation
  [449/879] SKIP (exists): The Wheel of Dependent Origination
  [450/879] SKIP (exists): The Perfections
  [451/879] SKIP (exists): Karma
  [452/879] SKIP (exists): Evening Metta Chant and Instructions
  [453/879] SKIP (exists): Morning Chant
  [454/879] SKIP (exists): Meditazione in Piedi e Seduta
  [455/879] SKIP (exists): Meditazione guidata dettagliata :sometimes use 'sa
  [456/879] SKIP (exists): Mahasi Instructions and Metta Chant
  [457/879] SKIP (exists): The Hindrances
  [458/879] SKIP (exists): Factors of Enlightenment
  [459/879] SKIP (exists): Dependent Origination
  [460/879] SKIP (exists): Kamma
  [461/879] SKIP (exists): Metta Guidata
  [462/879] SKIP (exists): c. corpo med guidata
  [463/879] SKIP (exists): Intro. Guarig. corpo med guidata
  [464/879] SKIP (exists): Basics for Insight Meditation 01
  [465/879] SKIP (exists): 70th Birthday Bhante Bodhidhamma's Life story
  [466/879] SKIP (exists): Talk Starting Inaugural Lockdown Evening Meditatio
  [467/879] SKIP (exists): 02 First Three Noble Truths
  [468/879] SKIP (exists): 01 MN9 Discourse on Right View  Wholesome and Unwh
  [469/879] SKIP (exists): Evening Lockdown Meditation
  [470/879] SKIP (exists): 03 Coronavirus and the Contemplation of Death
  [471/879] SKIP (exists): 04 Contemplation of Death : Living more awake
  [472/879] SKIP (exists): 05 Contemplation of Death again!
  [473/879] SKIP (exists): 06 Renunciation and Buddha's First Occasion to Tea
  [474/879] SKIP (exists): 07 Setting the Wheel of the Dhamma in Motion
  [475/879] SKIP (exists): 08 Mindfulness at work And Right View Right Attitu
  [476/879] SKIP (exists): 09 Right Speech, Action and Livelihood
  [477/879] SKIP (exists): 10 Grief
  [478/879] SKIP (exists): 11 The Nutriments: Food, Contact, Volition and Con
  [479/879] SKIP (exists): 12 The Investigation of Eating
  [480/879] SKIP (exists): 13 Discourse on the Taints MN 2 : Overcome by seei
  [481/879] SKIP (exists): 14 Not-self Revisited The story of Sati MN38
  [482/879] SKIP (exists): 16. Investigating Not-self - The Pratice
  [483/879] SKIP (exists): 17 Questions  See Description
  [484/879] SKIP (exists): 18 Overcoming the Taints by Restraint
  [485/879] SKIP (exists): 19 Overcoming the Taints by Using
  [486/879] SKIP (exists): 20 Overcoming the Taints by Endurance
  [487/879] SKIP (exists): 21a Overcoming the Taints by Removing 1
  [488/879] SKIP (exists): 21b Overcoming the Taints by Removing 2
  [489/879] SKIP (exists): 22 Overcoming the Taints by Developing
  [490/879] SKIP (exists): 23 The Ten Fetters
  [491/879] SKIP (exists): 24 Society
  [492/879] SKIP (exists): 25 Reflections for an Harmonious Society
  [493/879] SKIP (exists): 26 More Reflections
  [494/879] SKIP (exists): 27 What makes a Society Strong?
  [495/879] SKIP (exists): 28 The Six Sense Bases MN137
  [496/879] SKIP (exists): 29 Senses Bases Cont.
  [497/879] SKIP (exists): Metta, Forgiveness and Determination Practice
  [498/879] SKIP (exists): 01 Reiki with Bryan Lester
  [499/879] SKIP (exists): Some Pointers for Metta
  [500/879] SKIP (exists): Bodycare Practice - Metta towards the Body.
  [501/879] SKIP (exists): 02 Reiki with Bryan
  [502/879] SKIP (exists): Body as Meditation Object
  [503/879] SKIP (exists): The Basics of Insight Meditation 03
  [504/879] SKIP (exists): 03 Reiki with Bryan
  [505/879] SKIP (exists): 33 Kalama Sutta AN 3.65
  [506/879] SKIP (exists): 35 Canki Sutta MN95
  [507/879] SKIP (exists): 34 Kalama Discourse cont.
  [508/879] SKIP (exists): 36 Canki Sutta cont.
  [509/879] SKIP (exists): 37 Shorter Discourse on Gosinga
  [510/879] SKIP (exists): Gaia Standing and Sitting Guided Meditation
  [511/879] SKIP (exists): 38 Discourse on the Establishment of Awareness Sat
  [512/879] SKIP (exists): 31b The Body
  [513/879] SKIP (exists): 39 Discourse on the Establishment of Awareness Sat
  [514/879] SKIP (exists): 40 Discourse on the Establishment of Awareness Sat
  [515/879] SKIP (exists): 41 Discourse on the Establishment of Awareness Sat
  [516/879] SKIP (exists): 42 Discourse on the Establishment of Awareness Sat
  [517/879] SKIP (exists): 43 Discourse on the Establishment of Awareness Sat
  [518/879] SKIP (exists): 44 The Relay of Chariots MN24
  [519/879] SKIP (exists): 45 The Relay of Chariots MN24
  [520/879] SKIP (exists): 50 Dog Ascetic Discourse MN57
  [521/879] SKIP (exists): Gratitude Generosity Renunciation
  [522/879] SKIP (exists): Spanish Introduction - Refuges and Precepts, Stand
  [523/879] SKIP (exists): Saddha Confidence and Trust
  [524/879] SKIP (exists): Dhp 188 - 192 The Role of Confidence.
  [525/879] SKIP (exists): Dhp 153   154 The Buddha's Victory Verses
  [526/879] SKIP (exists): Dhp 4 Hatred is not overcome with hatred!
  [527/879] SKIP (exists): Dhp 21 - 23
  [528/879] SKIP (exists): Dhp Chapter 3 - verses 33 & 34 The Unruly Mind
  [529/879] SKIP (exists): Dhp 01 02  Mind is the forerunner
  [530/879] SKIP (exists): Dhp No4 Hatred is not pacified by hatred
  [531/879] SKIP (exists): Dhp 256 157  Judgmental v Judicious
  [532/879] SKIP (exists): Dhp 46 How to view the Body
  [533/879] SKIP (exists): The Four Noble Truths
  [534/879] SKIP (exists): The NIne Qualities of the Buddha
  [535/879] SKIP (exists): Dhp 360 362 Restraint
  [536/879] SKIP (exists): Dhp 90 The Arahant
  [537/879] SKIP (exists): Vita Quotidiana
  [538/879] SKIP (exists): Dukkha Unsatifactoriness and Sila Morality and Eth
  [539/879] SKIP (exists): Dependent Origination and the Role of Desire and t
  [540/879] SKIP (exists): Kamma and Rebirth
  [541/879] SKIP (exists): Gratitude Generosity and Renunciation
  [542/879] SKIP (exists): Facets of a Love
  [543/879] SKIP (exists): Apamado DHP 22 23 24
  [544/879] SKIP (exists): Ageing
  [545/879] SKIP (exists): Dhp 152 153 The Inner Critic
  [546/879] SKIP (exists): Sympathy Empathy and Compassion
  [547/879] SKIP (exists): DHP 314-317 From the Chapter on Hell
  [548/879] SKIP (exists): Non-Violence is not Pacificism
  [549/879] SKIP (exists): Neoliberalism and Mindfulness
  [550/879] SKIP (exists): The Buddha and War.
  [551/879] SKIP (exists): Need Sufficiency and Greed
  [552/879] SKIP (exists): Social Conditioning or Karma
  [553/879] SKIP (exists): Climate Emergency
  [554/879] SKIP (exists): Reset for Autumn
  [555/879] SKIP (exists): Identity and Not-Self
  [556/879] SKIP (exists): The Contemplation of Death
  [557/879] SKIP (exists): To Love or To Be Loved. That is the question.
  [558/879] SKIP (exists): The Bases of Success
  [559/879] SKIP (exists): Bahiya of the Bark Cloth
  [560/879] SKIP (exists): The Discourse on Bahiya of the Bark Cloth Ud.1.10
  [561/879] SKIP (exists): Joy
  [562/879] SKIP (exists): Is the Buddha and athiest?
  [563/879] SKIP (exists): Fear and Courage
  [564/879] SKIP (exists): Patience
  [565/879] SKIP (exists): Equanimity - The most important of all virtues.
  [566/879] SKIP (exists): Compassion and its subtle enemies.
  [567/879] SKIP (exists): Good Friendship, Good Companionship, Good Comradsh
  [568/879] SKIP (exists): The Five Constant Contemplations
  [569/879] SKIP (exists): Retreat Start Standing and Walking Meditation
  [570/879] SKIP (exists): The Discourse Developing Loving Kindness
  [571/879] SKIP (exists): The Importance of Tranquillity
  [572/879] SKIP (exists): The Crucial Importance of Desire and Intention.
  [573/879] SKIP (exists): Satipanya Opening Ceremony 30th June 2007
  [574/879] SKIP (exists): Ceremony to Bless the Stupa   June 26th 2011   Pt 
  [575/879] SKIP (exists): Ceremony to Bless the Stupa   June 26th 2011   Pt 
  [576/879] SKIP (exists): Ceremony to Bless the Stupa   June 26th 2011   Pt 
  [577/879] SKIP (exists): 15. The Discourse on Not-self SN22.6.59
  [578/879] SKIP (exists): Upali is converted by the Buddha MN56
  [579/879] SKIP (exists): Contemplating the Unpleasantness of the Body: Why 
  [580/879] SKIP (exists): The Buddha's Alter Ego
  [581/879] SKIP (exists): The Unattractive Nature of the Body
  [582/879] SKIP (exists): The Four Great Elements
  [583/879] SKIP (exists): The Specific Law of Conditionality
  [584/879] SKIP (exists): The Dangers of Indulgence
  [585/879] SKIP (exists): Reflections and Contemplative Practice of Kamma
  [586/879] SKIP (exists): Forgiveness
  [587/879] SKIP (exists): The Basics of Insight Meditation 02
  [588/879] SKIP (exists): Dukkha - Basic Premise of the Buddhadhamma
  [589/879] SKIP (exists): Non-Violence is not Pacifism
  [590/879] SKIP (exists): The Eight Worldly Conditions
  [591/879] SKIP (exists): The Paradox of Fear
  [592/879] SKIP (exists): Renunciation : The Path to Liberation
  [593/879] SKIP (exists): The Buddha as a Teacher The Discourse on Malunkyap
  [594/879] SKIP (exists): What was the Great Discovery by the Buddha
  [595/879] SKIP (exists): Where do the elements cease without remainder?
  [596/879] SKIP (exists): Extinguishing the Housebuilder
  [597/879] SKIP (exists): Hope Aspiration Expectation
  [598/879] SKIP (exists): Topics of Discussion
  [599/879] SKIP (exists): Practising the Five Remembrances
  [600/879] SKIP (exists): Revsing the Basics
  [601/879] SKIP (exists): The Necessity of Joy
  [602/879] SKIP (exists): Polarisation
  [603/879] SKIP (exists): Dullness and Lethargy
  [604/879] SKIP (exists): Adhitthana Determination
  [605/879] SKIP (exists): The Four Clingings
  [606/879] SKIP (exists): Refuges  and Precepts
  [607/879] SKIP (exists): Puja: Chantings
  [608/879] SKIP (exists): Recommended Reading for Beginners
  [609/879] SKIP (exists): in PDF format
  [610/879] SKIP (no transcript): in MS Word format
  [611/879] SKIP (exists): Neoliberalism and BuddhaDhamma
  [612/879] SKIP (exists): Investigative Eating
  [613/879] SKIP (exists): Reflections on the Teaching and Practice of Not-se
  [614/879] SKIP (exists): Vipassana as taught by the Mahasi Sayadaw of Burma
  [615/879] SKIP (exists): Is Armed Intervention Ever Justified?
  [616/879] SKIP (exists): Free will: is it available or useful?
  [617/879] SKIP (exists): Could I be a fundamentalist, even a terrorist?
  [618/879] SKIP (exists): Perfection, Elitism and Excellence
  [619/879] SKIP (exists): What benefit is there in becoming a temporary mona
  [620/879] SKIP (exists): The ‘Unlucky’ Death of a Two Year Old Boy
  [621/879] SKIP (exists): Expectation, Aspiration and Hope
  [622/879] SKIP (exists): Assisted Suicide (PDF document)
  [623/879] SKIP (exists): Vipassana, Therapy and Medicinal Drugs (PDF docume
  [624/879] SKIP (exists): Conditionality and Kamma(PDF document)
  [625/879] SKIP (exists): Affectionate Awareness.
  [626/879] SKIP (exists): Climate Crisis A Personal Reflection
  [627/879] SKIP (exists): The First Noble Truth of Suffering -- Dukkha
  [628/879] SKIP (exists): The First Noble Truth of Suffering -- The Five Agg
  [629/879] SKIP (exists): The First Noble Truth of Suffering -- The Three Ch
  [630/879] SKIP (exists): The Second Noble Truth -- Desire
  [631/879] SKIP (exists): The Second Noble Truth -- The Wheel of Dependent O
  [632/879] SKIP (exists): The Second Noble Truth -- Kamma Vipaka
  [633/879] SKIP (exists): The Fourth Noble Truth -- Morality
  [634/879] SKIP (exists): The Fourth Noble Truth -- Perfections
  [635/879] SKIP (exists): The Fourth Noble Truth -- Right Understanding
  [636/879] SKIP (exists): The Fourth Noble Truth -- Mental Development
  [637/879] SKIP (exists): Meditation in Ordinary Daily Life
  [638/879] SKIP (exists): Meditation in Ordinary Daily Life
  [639/879] SKIP (exists): Buddha Day Evening with Italy
  [640/879] SKIP (exists): Text,
  [641/879] SKIP (exists): Satipanya Porridge
  [642/879] SKIP (exists): The "Ouch" that hurt.
  [643/879] SKIP (exists): Coming down to earth
  [644/879] SKIP (exists): Extending the limits of good-will
  [645/879] SKIP (exists): Metta for a Cold Heart
  [646/879] SKIP (exists): The Fourth Noble Truth
  [647/879] SKIP (exists): Struggling with Anatta
  [648/879] SKIP (exists): Temporary Ordination
  [649/879] SKIP (exists): Retreating and Re-engaging
  [650/879] SKIP (exists): Homeward Bound
  [651/879] SKIP (exists): All in the Mind
  [652/879] SKIP (exists): Summer meadows
  [653/879] SKIP (exists): As Winter Approaches
  [654/879] SKIP (exists): 2020 Lockdown Christmas
  [655/879] SKIP (exists): Exiting Lockdown
  [656/879] SKIP (exists): Mindfulness meets metta
  [657/879] SKIP (exists): Everyday Mindfulness
  [658/879] SKIP (exists): Healing the Mind-Body Relationship
  [659/879] SKIP (exists): Nibanna is Close at Hand!
  [660/879] SKIP (exists): Greeting the Devadutta
  [661/879] SKIP (exists): Laryngectomy
  [662/879] SKIP (exists): Stumbling towards Gratitude
  [663/879] SKIP (exists): Mid-winter Darkness
  [664/879] SKIP (exists): Teaching with an Electro-larynx: The Oval Age-Old 
  [665/879] SKIP (exists): a paper describing six ethical maxims
  [666/879] SKIP (exists): Full Catastrophe Ethics
  [667/879] SKIP (exists): First Maxim: Work Hard to Grasp the Imensity
  [668/879] SKIP (exists): Second Maxim: Cultivate Radical Hope
  [669/879] SKIP (exists): Third Maxim: Draw a line in the Sand - b. Working 
  [670/879] SKIP (exists): Fourth Maxim: Appreciate the Amazing and Unique Up
  [671/879] SKIP (exists): Fifth Maxim: Train the Mind and Body
  [672/879] SKIP (exists): At the end of the day (1)
  [673/879] SKIP (exists): At the end of the day. (2)
  [674/879] SKIP (exists): At the end of the day.
  [675/879] SKIP (exists): Upon Awakening.
  [676/879] SKIP (exists): Morning Meditation (One of Four) : Ritual
  [677/879] SKIP (exists): Morning Meditation : Default Position: Abiding in 
  [678/879] SKIP (exists): Morning Meditation : Vipassana – 1. Developing a s
  [679/879] SKIP (exists): Morning Meditation : Vipassana 2. – Developing Ins
  [680/879] SKIP (exists): Morning Meditation : Metta : Developing Goodwill –
  [681/879] SKIP (exists): Discourse on Metta
  [682/879] SKIP (exists): Morning Meditation: Developing Goodwill and Forgiv
  [683/879] SKIP (exists): Morning Meditation : Resolution
  [684/879] SKIP (exists): Developing the Perfection of Determination
  [685/879] SKIP (exists): Breakfast at last!
  [686/879] SKIP (exists): Traveling to and from work.
  [687/879] SKIP (exists): Back Home
  [688/879] SKIP (exists): Relations, Friends, Acquaintances and Spiritual Co
  [689/879] SKIP (exists): Contemplating Relations, Friends, Acquaintances an
  [690/879] SKIP (exists): Intimate Relationships: The Erotic, the Romantic a
  [691/879] SKIP (exists): Celibacy
  [692/879] SKIP (exists): When does love become control?
  [693/879] SKIP (exists): Work
  [694/879] SKIP (exists): Success and Failure : Trial and Error
  [695/879] SKIP (exists): Creating Space (1)
  [696/879] SKIP (exists): Creating Space (2)
  [697/879] SKIP (exists): Creating Space (3)
  [698/879] SKIP (exists): The Limits of Power and Mission Creep
  [699/879] SKIP (exists): Not an Emotion
  [700/879] SKIP (exists): Relationships
  [701/879] SKIP (exists): Being Good rather than Being Good At
  [702/879] SKIP (exists): What’s wrong with a bit of attachment!
  [703/879] SKIP (exists): Sacrifice : the more we give, the greater the retu
  [704/879] SKIP (exists): Not what we believe, but how we live.
  [705/879] SKIP (exists): Towards the Greatest Happiness.
  [706/879] SKIP (exists): New Year Resolution
  [707/879] SKIP (exists): Neighbourly ‘Sounds’
  [708/879] SKIP (exists): Sickness
  [709/879] SKIP (exists): The Tough Nut
  [710/879] SKIP (exists): Impulsive or Spontaneous.
  [711/879] SKIP (exists): Joy!
  [712/879] SKIP (exists): Thankyou
  [713/879] SKIP (exists): Need, Sufficiency and Greed.
  [714/879] SKIP (exists): What values govern our lives?
  [715/879] SKIP (exists): Values in mine own eyes.
  [716/879] SKIP (exists): Living in the Now : Planning for the Future
  [717/879] SKIP (exists): Music
  [718/879] SKIP (exists): Time
  [719/879] SKIP (exists): Our Daily Breaks.
  [720/879] SKIP (exists): On the Virtue of Visiting a Cemetery
  [721/879] SKIP (exists): Pity, Sorrow and Compassion
  [722/879] SKIP (exists): Why are we asked to observe - impermanence.
  [723/879] SKIP (exists): Sublimation
  [724/879] SKIP (exists): Righteous Anger : Plain Anger
  [725/879] SKIP (exists): A Pet’s Endgame
  [726/879] SKIP (exists): Downers.
  [727/879] SKIP (exists): Discipline : Self-discipline
  [728/879] SKIP (exists): Fairness and Equality
  [729/879] SKIP (exists): Unforgivingness
  [730/879] SKIP (exists): My body is Mother Earth
  [731/879] SKIP (exists): Dealing with Intense Emotions and Moods in Ordinar
  [732/879] SKIP (exists): How much pain, physical or mental should we suffer
  [733/879] SKIP (exists): Judging or Judgemental?
  [734/879] SKIP (exists): The absurd and the Sublime : A Mid-summer Contempl
  [735/879] SKIP (exists): If there is no self, who bears the karma?
  [736/879] SKIP (exists): Overwhelmed by All the Violence in the World?
  [737/879] SKIP (exists): Legal : Moral : Ethical
  [738/879] SKIP (exists): The Consumer in Us All.
  [739/879] SKIP (exists): Barriers or Boundaries
  [740/879] SKIP (exists): Isolation, Loneliness and Solitude
  [741/879] SKIP (exists): Envy, Jealousy and Appreciative Joy
  [742/879] SKIP (exists): Unwholesome Karmic Results as Fate.
  [743/879] SKIP (exists): Ideology leads to strife.
  [744/879] SKIP (exists): The Sacred: It’s Meaning and the Role of Free Spee
  [745/879] SKIP (exists): Awareness, Compassion and Wisdom
  [746/879] SKIP (exists): To become or not to become.
  [747/879] SKIP (exists): Appamāda : Diligent
  [748/879] SKIP (exists): Aim and Objective in Present Time
  [749/879] SKIP (exists): Money and Power
  [750/879] SKIP (exists): Passive Aggression
  [751/879] SKIP (exists): In what way should Buddhadhamma affect our politic
  [752/879] SKIP (exists): Practice makes perfect.*
  [753/879] SKIP (exists): Right Speech
  [754/879] SKIP (exists): Equanimity
  [755/879] SKIP (exists): Shame
  [756/879] SKIP (exists): Guilt
  [757/879] SKIP (exists): Gratitude Generosity Renunciation
  [758/879] SKIP (exists): Excitement Boredom Contentment
  [759/879] SKIP (exists): Silence
  [760/879] SKIP (exists): Courage, Fortitude and Resilience
  [761/879] SKIP (exists): One of the Hindrances is Sceptical Doubt.
  [762/879] SKIP (exists): Scientism meets Buddhism (Buddhadhamma?)
  [763/879] SKIP (exists): What is our basic disposition to life?
  [764/879] SKIP (exists): Fear!
  [765/879] SKIP (exists): Beauty.
  [766/879] SKIP (exists): The Wisdom of Uncertainty
  [767/879] SKIP (exists): Patience
  [768/879] SKIP (exists): Overcoming the Corruptions of Generosity
  [769/879] SKIP (exists): The World is in a terrible state.
  [770/879] SKIP (exists): The Treasure of Things
  [771/879] SKIP (exists): Equanimity Carl
  [772/879] SKIP (exists): The years where do they go. New Year Encouragement
  [773/879] SKIP (exists): Understand and See things as they really are
  [774/879] SKIP (exists): Constant Curiosity Carl
  [775/879] SKIP (exists): Kamma Noirin
  [776/879] SKIP (exists): Progress
  [777/879] SKIP (exists): Who Decides? Carl
  [778/879] SKIP (exists): Delusion, caring for illusion.
  [779/879] SKIP (exists): The world is not in a good place.
  [780/879] SKIP (exists): Happy New Year
  [781/879] SKIP (exists): Sickness
  [782/879] SKIP (exists): Yearning for a Better World
  [783/879] SKIP (exists): Balancing Lay and Spiritual Life
  [784/879] SKIP (exists): Wildflower Wisdom
  [785/879] SKIP (exists): Dealing with the Stories that Make Us Suffer
  [786/879] SKIP (exists): The Wisdom and Virtues of Insecurity
  [787/879] SKIP (exists): As Winter Approaches
  [788/879] SKIP (exists): Guidelines For a New Year's Resolution
  [789/879] SKIP (exists): Coronavirus : Messenger from the Gods
  [790/879] SKIP (exists): Quench all Resentments.
  [791/879] SKIP (exists): Exiting Lockdown
  [792/879] SKIP (exists): Committing to the Path
  [793/879] SKIP (exists): Beauty
  [794/879] SKIP (exists): Motivation for Practice
  [795/879] SKIP (exists): All in the Mind
  [796/879] SKIP (exists): Perfection, Elitism and Excellence.
  [797/879] SKIP (exists): Material World
  [798/879] SKIP (exists): Inner Voices
  [799/879] SKIP (exists): Full Catastrophe Ethics
  [800/879] SKIP (exists): On Learning how to be with Climate and Social Brea
  [801/879] SKIP (exists): Living in the here and now. Bhante Bodhidhamma
  [802/879] SKIP (exists): Being Human Bhante Bodhidhamma
  [803/879] SKIP (exists): Sympathy Empathy Compassion Bhante Bodhidhamma
  [804/879] SKIP (exists): Non-Violence is not Pacificism Bhante Bodhidhamma
  [805/879] SKIP (exists): Neoliberalism and Buddhadhamma Bhante Bodhidhamma
  [806/879] SKIP (exists): Dullness and Lethargy: Our Two Very Good Friends C
  [807/879] SKIP (exists): Preparing for Climate Change - First Ethical Maxim
  [808/879] SKIP (exists): Red Lines, Sila - Third Ethical Maxim Noirin Sheah
  [809/879] SKIP (exists): Radical Hope, Saddha - Second Ethical Maxim Noirin
  [810/879] SKIP (exists): New Year Resolutions and the Third Maxim  Noirin S
  [811/879] SKIP (exists): 4th Maxim (i) : Opportunity Knocks  Noirin Sheahan
  [812/879] SKIP (exists): 4th Maxim (ii) : Spiral to Freedom  Noirin Sheahan
  [813/879] SKIP (exists): Fourth Maxim (iii) : Path to Transcendence  Noirin
  [814/879] SKIP (exists): Equanimity : The Most Important Virtue Bhante Bodh
  [815/879] SKIP (exists): The Danger of Nihilism  Bhante Bodhidhamma
  [816/879] SKIP (exists): Neo-Fascism  Bhante Bodhidhamma
  [817/879] SKIP (exists): The Gift of Joy Mudita Bhante Bodhidhamma
  [818/879] SKIP (exists): ‘We just follow circumstance.’  Bhante Bodhidhamma
  [819/879] SKIP (exists): To Love or To Be Loved. That is the Question.  Bha
  [820/879] SKIP (exists): Samsara : doomed to suffer over and over again? Bh
  [821/879] SKIP (exists): Compassion : To Care  Bhante Bodhidhamma
  [822/879] SKIP (exists): Compassion : A Path of Liberation  Bhante Bodhidha
  [823/879] SKIP (exists): Fifth Maxim: Develop the Body and Mind  Noirin She
  [824/879] SKIP (exists): The Buddha’s Alter Ego : The World Conquering Mona
  [825/879] SKIP (exists): There is a Body: Exploring the Mind-Body Relations
  [826/879] SKIP (exists): Self-love and Self-Acceptance  Bhante Bodhidhamma
  [827/879] SKIP (exists): The Crucial Role of Desire and Intention.  Bhante 
  [828/879] SKIP (exists): Mindfulness meets Metta Noirin Sheahan
  [829/879] SKIP (exists): Surely meditation shouldn't feel like this?  Noiri
  [830/879] SKIP (exists): The Fire Sermon
  [831/879] SKIP (exists): Why spend a week or more on retreat?
  [832/879] SKIP (exists): Nibanna is Close at Hand!
  [833/879] SKIP (exists): AI 'Art'
  [834/879] SKIP (exists): A Field of Barley
  [835/879] SKIP (exists): War!
  [836/879] SKIP (exists): The Enlightenment and its Demise.
  [837/879] SKIP (exists): The Enlightenment and Possible Salvation.
  [838/879] SKIP (exists): Sixth Maxim: Act for the Future Generations of All
  [839/879] SKIP (exists): Cultivating Metta for Future Generations.
  [840/879] SKIP (exists): Detailed Guided Meditation
  [841/879] SKIP (exists): Starting a Retreat
  [842/879] SKIP (exists): Abiding in the Present Moment Developing Equanimit
  [843/879] SKIP (exists): Detailed Guided Meditation
  [844/879] SKIP (exists): Assisted Meditation
  [845/879] SKIP (exists): Heartcare Metta Meditation
  [846/879] SKIP (exists): Bodycare Meditation
  [847/879] SKIP (exists): Eating meditation
  [848/879] SKIP (exists): Morning Chant with Refuges and Precepts
  [849/879] SKIP (exists): Evening Metta Chant
  [850/879] SKIP (exists): The Technique
  [851/879] SKIP (exists): The Hindrances
  [852/879] SKIP (exists): The Factors of Enlightenment
  [853/879] SKIP (exists): The Pleasure Syndrome dukkha
  [854/879] SKIP (exists): The Characteristic of Impermanence
  [855/879] SKIP (exists): Anatta Not self
  [856/879] SKIP (exists): Living Life according to the Dhamma
  [857/879] SKIP (exists): Mahasi Talk
  [858/879] SKIP (exists): Vedana Feeling
  [859/879] SKIP (exists): Is Awareness Enough
  [860/879] SKIP (exists): Eroticism Romance Love Distraction and Boredom
  [861/879] SKIP (exists): The Perfections Turned Inward
  [862/879] SKIP (exists): Faith
  [863/879] SKIP (exists): Revising the principles of vipassana
  [864/879] SKIP (exists): Fear
  [865/879] SKIP (exists): Foregiveness
  [866/879] SKIP (exists): The Gratification, the Danger and the Escape
  [867/879] SKIP (exists): Karma
  [868/879] SKIP (exists): Rebirth
  [869/879] SKIP (exists): The Illimitables
  [870/879] SKIP (exists): The Ten Fetters
  [871/879] SKIP (exists): The Awakening
  [872/879] SKIP (exists): The Years of Teaching and Parinibbana
  [873/879] SKIP (exists): Ethical Behaviour and the Awakening are one
  [874/879] SKIP (exists): The Buddha as Exemplar and Archetype
  [875/879] SKIP (exists): Meditation and Ordinary Daily Life
  [876/879] SKIP (exists): Free Will
  [877/879] SKIP (exists): Karma Specific Conditionality the Five Laws ethica
  [878/879] SKIP (exists): Right Livelihood
  [879/879] SKIP (exists): Chi Gong min guidance

  Beautified: 0 episodes (0 API calls)
  Tokens: 0 in + 0 out
  Estimated cost: $0.00
  Saved to: /home/freedomfighter/code/traduction/satipanya-podcast/articles/
============================================================
PASS 1: Scraping text sources
============================================================

── Satipanya — Bhante's Essays ──
  Fetching https://www.satipanya.org.uk/essay/...
  Found 33 items from /essay/
  Fetching https://www.satipanya.org.uk/essay/daily-life-care/...
  Found 1 items from /essay/daily-life-care/
  SKIP (exists): S01E01_Refuges_and_Precepts
  SKIP (exists): S01E02_Puja_Chantings
  SKIP (exists): S01E03_Recommended_Reading_for_Beginners
  SKIP (exists): S01E04_in_PDF_format
    ↓ in MS Word format (138 KB)
  ✗ S01E05_in_MS_Word_format — no text extracted
  SKIP (exists): S02E01_Neoliberalism_and_BuddhaDhamma
  SKIP (exists): S02E02_Investigative_Eating
  SKIP (exists): S02E03_Reflections_on_the_Teaching_and_Practice_of_Not-self
  SKIP (exists): S02E04_Vipassana_as_taught_by_the_Mahasi_Sayadaw_of_Burma
  SKIP (exists): S02E05_Is_Armed_Intervention_Ever_Justified
  SKIP (exists): S02E06_Free_will_is_it_available_or_useful
  SKIP (exists): S02E07_Could_I_be_a_fundamentalist_even_a_terrorist
  SKIP (exists): S02E08_Perfection_Elitism_and_Excellence
  SKIP (exists): S02E09_What_benefit_is_there_in_becoming_a_temporary_monastic
  SKIP (exists): S02E10_The_Unlucky_Death_of_a_Two_Year_Old_Boy
  SKIP (exists): S02E11_Expectation_Aspiration_and_Hope
  SKIP (exists): S02E12_Assisted_Suicide_PDF_document
  SKIP (exists): S02E13_Vipassana_Therapy_and_Medicinal_Drugs_PDF_document
  SKIP (exists): S02E14_Conditionality_and_KammaPDF_document
  SKIP (exists): S02E15_Affectionate_Awareness
  SKIP (exists): S02E16_Climate_Crisis_A_Personal_Reflection
  SKIP (exists): S03E01_The_First_Noble_Truth_of_Suffering_--_Dukkha
  SKIP (exists): S03E02_The_First_Noble_Truth_of_Suffering_--_The_Five_Aggregates
  SKIP (exists): S03E03_The_First_Noble_Truth_of_Suffering_--_The_Three_Characteristics
  SKIP (exists): S03E04_The_Second_Noble_Truth_--_Desire
  SKIP (exists): S03E05_The_Second_Noble_Truth_--_The_Wheel_of_Dependent_Origination
  SKIP (exists): S03E06_The_Second_Noble_Truth_--_Kamma_Vipaka
  SKIP (exists): S03E07_The_Fourth_Noble_Truth_--_Morality
  SKIP (exists): S03E08_The_Fourth_Noble_Truth_--_Perfections
  SKIP (exists): S03E09_The_Fourth_Noble_Truth_--_Right_Understanding
  SKIP (exists): S03E10_The_Fourth_Noble_Truth_--_Mental_Development
  SKIP (exists): S03E11_Meditation_in_Ordinary_Daily_Life
  SKIP (exists): S04E01_Meditation_in_Ordinary_Daily_Life
  SKIP (exists): S05E01_Buddha_Day_Evening_with_Italy
  Total: 34 items, 33 with text

── Satipanya — Noirin's Essays ──
  Fetching https://www.satipanya.org.uk/noirins-teachings/...
  Found 32 items from /noirins-teachings/
  SKIP (exists): S01E01_Text
  SKIP (exists): S01E02_Satipanya_Porridge
  SKIP (exists): S01E03_The_Ouch_that_hurt
  SKIP (exists): S01E04_Coming_down_to_earth
  SKIP (exists): S01E05_Extending_the_limits_of_good-will
  SKIP (exists): S01E06_Metta_for_a_Cold_Heart
  SKIP (exists): S01E07_The_Fourth_Noble_Truth
  SKIP (exists): S01E08_Struggling_with_Anatta
  SKIP (exists): S01E09_Temporary_Ordination
  SKIP (exists): S01E10_Retreating_and_Re-engaging
  SKIP (exists): S01E11_Homeward_Bound
  SKIP (exists): S01E12_All_in_the_Mind
  SKIP (exists): S01E13_Summer_meadows
  SKIP (exists): S01E14_As_Winter_Approaches
  SKIP (exists): S01E15_2020_Lockdown_Christmas
  SKIP (exists): S01E16_Exiting_Lockdown
  SKIP (exists): S01E17_Mindfulness_meets_metta
  SKIP (exists): S01E18_Everyday_Mindfulness
  SKIP (exists): S01E19_Healing_the_Mind-Body_Relationship
  SKIP (exists): S01E20_Nibanna_is_Close_at_Hand
  SKIP (exists): S02E01_Greeting_the_Devadutta
  SKIP (exists): S02E02_Laryngectomy
  SKIP (exists): S02E03_Stumbling_towards_Gratitude
  SKIP (exists): S02E04_Mid-winter_Darkness
  SKIP (exists): S02E05_Teaching_with_an_Electro-larynx_The_Oval_Age-Old_Bath
  SKIP (exists): S03E01_a_paper_describing_six_ethical_maxims
  SKIP (exists): S03E02_Full_Catastrophe_Ethics
  SKIP (exists): S03E03_First_Maxim_Work_Hard_to_Grasp_the_Imensity
  SKIP (exists): S03E04_Second_Maxim_Cultivate_Radical_Hope
  SKIP (exists): S03E05_Third_Maxim_Draw_a_line_in_the_Sand_-_b_Working_mindfully_with_red_lines
  SKIP (exists): S03E06_Fourth_Maxim_Appreciate_the_Amazing_and_Unique_Upportunity_-_a_From_Suffering_to
  SKIP (exists): S03E07_Fifth_Maxim_Train_the_Mind_and_Body
  Total: 32 items, 32 with text

── Satipanya — Tips of the Day ──
  Fetching https://www.satipanya.org.uk/tip-o-the-day/...
  Found 168 items from /tip-o-the-day/
  SKIP (exists): S01E01_At_the_end_of_the_day_1
  SKIP (exists): S01E02_At_the_end_of_the_day_2
  SKIP (exists): S01E03_At_the_end_of_the_day
  SKIP (exists): S01E04_Upon_Awakening
  SKIP (exists): S01E05_Morning_Meditation_One_of_Four_Ritual
  SKIP (exists): S01E06_Morning_Meditation_Default_Position_Abiding_in_Calm_Open_Attentiveness
  SKIP (exists): S01E07_Morning_Meditation_Vipassana_1_Developing_a_steady_attention
  SKIP (exists): S01E08_Morning_Meditation_Vipassana_2_Developing_Insight
  SKIP (exists): S01E09_Morning_Meditation_Metta_Developing_Goodwill_the_Theory
  SKIP (exists): S01E10_Discourse_on_Metta
  SKIP (exists): S01E11_Morning_Meditation_Developing_Goodwill_and_Forgiveness_the_Exercise
  SKIP (exists): S01E12_Morning_Meditation_Resolution
  SKIP (exists): S01E13_Developing_the_Perfection_of_Determination
  SKIP (exists): S01E14_Breakfast_at_last
  SKIP (exists): S01E15_Traveling_to_and_from_work
  SKIP (exists): S01E16_Back_Home
  SKIP (exists): S02E01_Relations_Friends_Acquaintances_and_Spiritual_Companions
  SKIP (exists): S02E02_Contemplating_Relations_Friends_Acquaintances_and_Spiritual_Companions
  SKIP (exists): S02E03_Intimate_Relationships_The_Erotic_the_Romantic_and_Love
  SKIP (exists): S02E04_Celibacy
  SKIP (exists): S02E05_When_does_love_become_control
  SKIP (exists): S03E01_Work
  SKIP (exists): S03E02_Success_and_Failure_Trial_and_Error
  SKIP (exists): S03E03_Creating_Space_1
  SKIP (exists): S03E04_Creating_Space_2
  SKIP (exists): S03E05_Creating_Space_3
  SKIP (exists): S03E06_The_Limits_of_Power_and_Mission_Creep
  SKIP (exists): S04E01_Not_an_Emotion
  SKIP (exists): S04E02_Relationships
  SKIP (exists): S04E03_Being_Good_rather_than_Being_Good_At
  SKIP (exists): S04E04_Whats_wrong_with_a_bit_of_attachment
  SKIP (exists): S04E05_Sacrifice_the_more_we_give_the_greater_the_return
  SKIP (exists): S04E06_Not_what_we_believe_but_how_we_live
  SKIP (exists): S04E07_Towards_the_Greatest_Happiness
  SKIP (exists): S05E01_New_Year_Resolution
  SKIP (exists): S05E02_Neighbourly_Sounds
  SKIP (exists): S05E03_Sickness
  SKIP (exists): S05E04_The_Tough_Nut
  SKIP (exists): S05E05_Impulsive_or_Spontaneous
  SKIP (exists): S05E06_Joy
  SKIP (exists): S05E07_Thankyou
  SKIP (exists): S05E08_Need_Sufficiency_and_Greed
  SKIP (exists): S05E09_What_values_govern_our_lives
  SKIP (exists): S05E10_Values_in_mine_own_eyes
  SKIP (exists): S05E11_Living_in_the_Now_Planning_for_the_Future
  SKIP (exists): S05E12_Music
  SKIP (exists): S05E13_Time
  SKIP (exists): S05E14_Our_Daily_Breaks
  SKIP (exists): S05E15_On_the_Virtue_of_Visiting_a_Cemetery
  SKIP (exists): S05E16_Pity_Sorrow_and_Compassion
  SKIP (exists): S05E17_Why_are_we_asked_to_observe_-_impermanence
  SKIP (exists): S05E18_Sublimation
  SKIP (exists): S05E19_Righteous_Anger_Plain_Anger
  SKIP (exists): S05E20_A_Pets_Endgame
  SKIP (exists): S05E21_Downers
  SKIP (exists): S05E22_Discipline_Self-discipline
  SKIP (exists): S05E23_Fairness_and_Equality
  SKIP (exists): S05E24_Unforgivingness
  SKIP (exists): S05E25_My_body_is_Mother_Earth
  SKIP (exists): S05E26_Dealing_with_Intense_Emotions_and_Moods_in_Ordinary_Daily_Life
  SKIP (exists): S05E27_How_much_pain_physical_or_mental_should_we_suffer
  SKIP (exists): S05E28_Judging_or_Judgemental
  SKIP (exists): S05E29_The_absurd_and_the_Sublime_A_Mid-summer_Contemplation
  SKIP (exists): S05E30_If_there_is_no_self_who_bears_the_karma
  SKIP (exists): S05E31_Overwhelmed_by_All_the_Violence_in_the_World
  SKIP (exists): S05E32_Legal_Moral_Ethical
  SKIP (exists): S05E33_The_Consumer_in_Us_All
  SKIP (exists): S05E34_Barriers_or_Boundaries
  SKIP (exists): S05E35_Isolation_Loneliness_and_Solitude
  SKIP (exists): S05E36_Envy_Jealousy_and_Appreciative_Joy
  SKIP (exists): S05E37_Unwholesome_Karmic_Results_as_Fate
  SKIP (exists): S05E38_Ideology_leads_to_strife
  SKIP (exists): S05E39_The_Sacred_Its_Meaning_and_the_Role_of_Free_Speech
  SKIP (exists): S05E40_Awareness_Compassion_and_Wisdom
  SKIP (exists): S05E41_To_become_or_not_to_become
  SKIP (exists): S05E42_Appamāda_Diligent
  SKIP (exists): S05E43_Aim_and_Objective_in_Present_Time
  SKIP (exists): S05E44_Money_and_Power
  SKIP (exists): S05E45_Passive_Aggression
  SKIP (exists): S05E46_In_what_way_should_Buddhadhamma_affect_our_politics
  SKIP (exists): S05E47_Practice_makes_perfect
  SKIP (exists): S05E48_Right_Speech
  SKIP (exists): S05E49_Equanimity
  SKIP (exists): S05E50_Shame
  SKIP (exists): S05E51_Guilt
  SKIP (exists): S05E52_Gratitude_Generosity_Renunciation
  SKIP (exists): S05E53_Excitement_Boredom_Contentment
  SKIP (exists): S05E54_Silence
  SKIP (exists): S05E55_Courage_Fortitude_and_Resilience
  SKIP (exists): S05E56_One_of_the_Hindrances_is_Sceptical_Doubt
  SKIP (exists): S05E57_Scientism_meets_Buddhism_Buddhadhamma
  SKIP (exists): S05E58_What_is_our_basic_disposition_to_life
  SKIP (exists): S05E59_Fear
  SKIP (exists): S05E60_Beauty
  SKIP (exists): S05E61_The_Wisdom_of_Uncertainty
  SKIP (exists): S05E62_Patience
  SKIP (exists): S05E63_Overcoming_the_Corruptions_of_Generosity
  SKIP (exists): S05E64_The_World_is_in_a_terrible_state
  SKIP (exists): S05E65_The_Treasure_of_Things
  SKIP (exists): S05E66_Equanimity_Carl
  SKIP (exists): S05E67_The_years_where_do_they_go_New_Year_Encouragement_Noirin
  SKIP (exists): S05E68_Understand_and_See_things_as_they_really_are
  SKIP (exists): S05E69_Constant_Curiosity_Carl
  SKIP (exists): S05E70_Kamma_Noirin
  SKIP (exists): S05E71_Progress
  SKIP (exists): S05E72_Who_Decides_Carl
  SKIP (exists): S05E73_Delusion_caring_for_illusion
  SKIP (exists): S05E74_The_world_is_not_in_a_good_place
  SKIP (exists): S05E75_Happy_New_Year
  SKIP (exists): S05E76_Sickness
  SKIP (exists): S05E77_Yearning_for_a_Better_World
  SKIP (exists): S05E78_Balancing_Lay_and_Spiritual_Life
  SKIP (exists): S05E79_Wildflower_Wisdom
  SKIP (exists): S05E80_Dealing_with_the_Stories_that_Make_Us_Suffer
  SKIP (exists): S05E81_The_Wisdom_and_Virtues_of_Insecurity
  SKIP (exists): S05E82_As_Winter_Approaches
  SKIP (exists): S05E83_Guidelines_For_a_New_Years_Resolution
  SKIP (exists): S05E84_Coronavirus_Messenger_from_the_Gods
  SKIP (exists): S05E85_Quench_all_Resentments
  SKIP (exists): S05E86_Exiting_Lockdown
  SKIP (exists): S05E87_Committing_to_the_Path
  SKIP (exists): S05E88_Beauty
  SKIP (exists): S05E89_Motivation_for_Practice
  SKIP (exists): S05E90_All_in_the_Mind
  SKIP (exists): S05E91_Perfection_Elitism_and_Excellence
  SKIP (exists): S05E92_Material_World
  SKIP (exists): S05E93_Inner_Voices
  SKIP (exists): S05E94_Full_Catastrophe_Ethics
  SKIP (exists): S05E95_On_Learning_how_to_be_with_Climate_and_Social_Breakdown
  SKIP (exists): S05E96_Living_in_the_here_and_now_Bhante_Bodhidhamma
  SKIP (exists): S05E97_Being_Human_Bhante_Bodhidhamma
  SKIP (exists): S05E98_Sympathy_Empathy_Compassion_Bhante_Bodhidhamma
  SKIP (exists): S05E99_Non-Violence_is_not_Pacificism_Bhante_Bodhidhamma
  SKIP (exists): S05E100_Neoliberalism_and_Buddhadhamma_Bhante_Bodhidhamma
  SKIP (exists): S05E101_Dullness_and_Lethargy_Our_Two_Very_Good_Friends_Carl_Fooks
  SKIP (exists): S05E102_Preparing_for_Climate_Change_-_First_Ethical_Maxim_Noirin_Sheahan
  SKIP (exists): S05E103_Red_Lines_Sila_-_Third_Ethical_Maxim_Noirin_Sheahan
  SKIP (exists): S05E104_Radical_Hope_Saddha_-_Second_Ethical_Maxim_Noirin_Sheahan
  SKIP (exists): S05E105_New_Year_Resolutions_and_the_Third_Maxim_Noirin_Sheahan
  SKIP (exists): S05E106_4th_Maxim_i_Opportunity_Knocks_Noirin_Sheahan
  SKIP (exists): S05E107_4th_Maxim_ii_Spiral_to_Freedom_Noirin_Sheahan
  SKIP (exists): S05E108_Fourth_Maxim_iii_Path_to_Transcendence_Noirin_Sheahan
  SKIP (exists): S05E109_Equanimity_The_Most_Important_Virtue_Bhante_Bodhidhamma
  SKIP (exists): S05E110_The_Danger_of_Nihilism_Bhante_Bodhidhamma
  SKIP (exists): S05E111_Neo-Fascism_Bhante_Bodhidhamma
  SKIP (exists): S05E112_The_Gift_of_Joy_Mudita_Bhante_Bodhidhamma
  SKIP (exists): S05E113_We_just_follow_circumstance_Bhante_Bodhidhamma
  SKIP (exists): S05E114_To_Love_or_To_Be_Loved_That_is_the_Question_Bhante_Bodhidhamma
  SKIP (exists): S05E115_Samsara_doomed_to_suffer_over_and_over_again_Bhante_Bodhidhamma
  SKIP (exists): S05E116_Compassion_To_Care_Bhante_Bodhidhamma
  SKIP (exists): S05E117_Compassion_A_Path_of_Liberation_Bhante_Bodhidhamma
  SKIP (exists): S05E118_Fifth_Maxim_Develop_the_Body_and_Mind_Noirin_Sheahan
  SKIP (exists): S05E119_The_Buddhas_Alter_Ego_The_World_Conquering_Monarch_Bhante_Bodhidhamma
  SKIP (exists): S05E120_There_is_a_Body_Exploring_the_Mind-Body_Relationship_Noirin_Sheahan
  SKIP (exists): S05E121_Self-love_and_Self-Acceptance_Bhante_Bodhidhamma
  SKIP (exists): S05E122_The_Crucial_Role_of_Desire_and_Intention_Bhante_Bodhidhamma
  SKIP (exists): S05E123_Mindfulness_meets_Metta_Noirin_Sheahan
  SKIP (exists): S05E124_Surely_meditation_shouldnt_feel_like_this_Noirin_Sheahan
  SKIP (exists): S05E125_The_Fire_Sermon
  SKIP (exists): S05E126_Why_spend_a_week_or_more_on_retreat
  SKIP (exists): S05E127_Nibanna_is_Close_at_Hand
  SKIP (exists): S05E128_AI_Art
  SKIP (exists): S05E129_A_Field_of_Barley
  SKIP (exists): S05E130_War
  SKIP (exists): S05E131_The_Enlightenment_and_its_Demise
  SKIP (exists): S05E132_The_Enlightenment_and_Possible_Salvation
  SKIP (exists): S05E133_Sixth_Maxim_Act_for_the_Future_Generations_of_All_Species
  SKIP (exists): S05E134_Cultivating_Metta_for_Future_Generations
  Total: 168 items, 168 with text

✓ Text catalog saved: /home/freedomfighter/code/traduction/satipanya-podcast/text_catalog.json
============================================================
PASS 2: Generating descriptions with Claude
============================================================
  [1/234] SKIP (exists): Refuges  and Precepts
  [2/234] SKIP (exists): Puja: Chantings
  [3/234] SKIP (exists): Recommended Reading for Beginners
  [4/234] SKIP (exists): in PDF format
  [5/234] SKIP (no text): in MS Word format
  [6/234] SKIP (exists): Neoliberalism and BuddhaDhamma
  [7/234] SKIP (exists): Investigative Eating
  [8/234] SKIP (exists): Reflections on the Teaching and Practice of Not-se
  [9/234] SKIP (exists): Vipassana as taught by the Mahasi Sayadaw of Burma
  [10/234] SKIP (exists): Is Armed Intervention Ever Justified?
  [11/234] SKIP (exists): Free will: is it available or useful?
  [12/234] SKIP (exists): Could I be a fundamentalist, even a terrorist?
  [13/234] SKIP (exists): Perfection, Elitism and Excellence
  [14/234] SKIP (exists): What benefit is there in becoming a temporary mona
  [15/234] SKIP (exists): The ‘Unlucky’ Death of a Two Year Old Boy
  [16/234] SKIP (exists): Expectation, Aspiration and Hope
  [17/234] SKIP (exists): Assisted Suicide (PDF document)
  [18/234] SKIP (exists): Vipassana, Therapy and Medicinal Drugs (PDF docume
  [19/234] SKIP (exists): Conditionality and Kamma(PDF document)
  [20/234] SKIP (exists): Affectionate Awareness.
  [21/234] SKIP (exists): Climate Crisis A Personal Reflection
  [22/234] SKIP (exists): The First Noble Truth of Suffering -- Dukkha
  [23/234] SKIP (exists): The First Noble Truth of Suffering -- The Five Agg
  [24/234] SKIP (exists): The First Noble Truth of Suffering -- The Three Ch
  [25/234] SKIP (exists): The Second Noble Truth -- Desire
  [26/234] SKIP (exists): The Second Noble Truth -- The Wheel of Dependent O
  [27/234] SKIP (exists): The Second Noble Truth -- Kamma Vipaka
  [28/234] SKIP (exists): The Fourth Noble Truth -- Morality
  [29/234] SKIP (exists): The Fourth Noble Truth -- Perfections
  [30/234] SKIP (exists): The Fourth Noble Truth -- Right Understanding
  [31/234] SKIP (exists): The Fourth Noble Truth -- Mental Development
  [32/234] SKIP (exists): Meditation in Ordinary Daily Life
  [33/234] SKIP (exists): Meditation in Ordinary Daily Life
  [34/234] SKIP (exists): Buddha Day Evening with Italy
  [35/234] SKIP (exists): Text,
  [36/234] SKIP (exists): Satipanya Porridge
  [37/234] SKIP (exists): The "Ouch" that hurt.
  [38/234] SKIP (exists): Coming down to earth
  [39/234] SKIP (exists): Extending the limits of good-will
  [40/234] SKIP (exists): Metta for a Cold Heart
  [41/234] SKIP (exists): The Fourth Noble Truth
  [42/234] SKIP (exists): Struggling with Anatta
  [43/234] SKIP (exists): Temporary Ordination
  [44/234] SKIP (exists): Retreating and Re-engaging
  [45/234] SKIP (exists): Homeward Bound
  [46/234] SKIP (exists): All in the Mind
  [47/234] SKIP (exists): Summer meadows
  [48/234] SKIP (exists): As Winter Approaches
  [49/234] SKIP (exists): 2020 Lockdown Christmas
  [50/234] SKIP (exists): Exiting Lockdown
  [51/234] SKIP (exists): Mindfulness meets metta
  [52/234] SKIP (exists): Everyday Mindfulness
  [53/234] SKIP (exists): Healing the Mind-Body Relationship
  [54/234] SKIP (exists): Nibanna is Close at Hand!
  [55/234] SKIP (exists): Greeting the Devadutta
  [56/234] SKIP (exists): Laryngectomy
  [57/234] SKIP (exists): Stumbling towards Gratitude
  [58/234] SKIP (exists): Mid-winter Darkness
  [59/234] SKIP (exists): Teaching with an Electro-larynx: The Oval Age-Old 
  [60/234] SKIP (exists): a paper describing six ethical maxims
  [61/234] SKIP (exists): Full Catastrophe Ethics
  [62/234] SKIP (exists): First Maxim: Work Hard to Grasp the Imensity
  [63/234] SKIP (exists): Second Maxim: Cultivate Radical Hope
  [64/234] SKIP (exists): Third Maxim: Draw a line in the Sand - b. Working 
  [65/234] SKIP (exists): Fourth Maxim: Appreciate the Amazing and Unique Up
  [66/234] SKIP (exists): Fifth Maxim: Train the Mind and Body
  [67/234] SKIP (exists): At the end of the day (1)
  [68/234] SKIP (exists): At the end of the day. (2)
  [69/234] SKIP (exists): At the end of the day.
  [70/234] SKIP (exists): Upon Awakening.
  [71/234] SKIP (exists): Morning Meditation (One of Four) : Ritual
  [72/234] SKIP (exists): Morning Meditation : Default Position: Abiding in 
  [73/234] SKIP (exists): Morning Meditation : Vipassana – 1. Developing a s
  [74/234] SKIP (exists): Morning Meditation : Vipassana 2. – Developing Ins
  [75/234] SKIP (exists): Morning Meditation : Metta : Developing Goodwill –
  [76/234] SKIP (exists): Discourse on Metta
  [77/234] SKIP (exists): Morning Meditation: Developing Goodwill and Forgiv
  [78/234] SKIP (exists): Morning Meditation : Resolution
  [79/234] SKIP (exists): Developing the Perfection of Determination
  [80/234] SKIP (exists): Breakfast at last!
  [81/234] SKIP (exists): Traveling to and from work.
  [82/234] SKIP (exists): Back Home
  [83/234] SKIP (exists): Relations, Friends, Acquaintances and Spiritual Co
  [84/234] SKIP (exists): Contemplating Relations, Friends, Acquaintances an
  [85/234] SKIP (exists): Intimate Relationships: The Erotic, the Romantic a
  [86/234] SKIP (exists): Celibacy
  [87/234] SKIP (exists): When does love become control?
  [88/234] SKIP (exists): Work
  [89/234] SKIP (exists): Success and Failure : Trial and Error
  [90/234] SKIP (exists): Creating Space (1)
  [91/234] SKIP (exists): Creating Space (2)
  [92/234] SKIP (exists): Creating Space (3)
  [93/234] SKIP (exists): The Limits of Power and Mission Creep
  [94/234] SKIP (exists): Not an Emotion
  [95/234] SKIP (exists): Relationships
  [96/234] SKIP (exists): Being Good rather than Being Good At
  [97/234] SKIP (exists): What’s wrong with a bit of attachment!
  [98/234] SKIP (exists): Sacrifice : the more we give, the greater the retu
  [99/234] SKIP (exists): Not what we believe, but how we live.
  [100/234] SKIP (exists): Towards the Greatest Happiness.
  [101/234] SKIP (exists): New Year Resolution
  [102/234] SKIP (exists): Neighbourly ‘Sounds’
  [103/234] SKIP (exists): Sickness
  [104/234] SKIP (exists): The Tough Nut
  [105/234] SKIP (exists): Impulsive or Spontaneous.
  [106/234] SKIP (exists): Joy!
  [107/234] SKIP (exists): Thankyou
  [108/234] SKIP (exists): Need, Sufficiency and Greed.
  [109/234] SKIP (exists): What values govern our lives?
  [110/234] SKIP (exists): Values in mine own eyes.
  [111/234] SKIP (exists): Living in the Now : Planning for the Future
  [112/234] SKIP (exists): Music
  [113/234] SKIP (exists): Time
  [114/234] SKIP (exists): Our Daily Breaks.
  [115/234] SKIP (exists): On the Virtue of Visiting a Cemetery
  [116/234] SKIP (exists): Pity, Sorrow and Compassion
  [117/234] SKIP (exists): Why are we asked to observe - impermanence.
  [118/234] SKIP (exists): Sublimation
  [119/234] SKIP (exists): Righteous Anger : Plain Anger
  [120/234] SKIP (exists): A Pet’s Endgame
  [121/234] SKIP (exists): Downers.
  [122/234] SKIP (exists): Discipline : Self-discipline
  [123/234] SKIP (exists): Fairness and Equality
  [124/234] SKIP (exists): Unforgivingness
  [125/234] SKIP (exists): My body is Mother Earth
  [126/234] SKIP (exists): Dealing with Intense Emotions and Moods in Ordinar
  [127/234] SKIP (exists): How much pain, physical or mental should we suffer
  [128/234] SKIP (exists): Judging or Judgemental?
  [129/234] SKIP (exists): The absurd and the Sublime : A Mid-summer Contempl
  [130/234] SKIP (exists): If there is no self, who bears the karma?
  [131/234] SKIP (exists): Overwhelmed by All the Violence in the World?
  [132/234] SKIP (exists): Legal : Moral : Ethical
  [133/234] SKIP (exists): The Consumer in Us All.
  [134/234] SKIP (exists): Barriers or Boundaries
  [135/234] SKIP (exists): Isolation, Loneliness and Solitude
  [136/234] SKIP (exists): Envy, Jealousy and Appreciative Joy
  [137/234] SKIP (exists): Unwholesome Karmic Results as Fate.
  [138/234] SKIP (exists): Ideology leads to strife.
  [139/234] SKIP (exists): The Sacred: It’s Meaning and the Role of Free Spee
  [140/234] SKIP (exists): Awareness, Compassion and Wisdom
  [141/234] SKIP (exists): To become or not to become.
  [142/234] SKIP (exists): Appamāda : Diligent
  [143/234] SKIP (exists): Aim and Objective in Present Time
  [144/234] SKIP (exists): Money and Power
  [145/234] SKIP (exists): Passive Aggression
  [146/234] SKIP (exists): In what way should Buddhadhamma affect our politic
  [147/234] SKIP (exists): Practice makes perfect.*
  [148/234] SKIP (exists): Right Speech
  [149/234] SKIP (exists): Equanimity
  [150/234] SKIP (exists): Shame
  [151/234] SKIP (exists): Guilt
  [152/234] SKIP (exists): Gratitude Generosity Renunciation
  [153/234] SKIP (exists): Excitement Boredom Contentment
  [154/234] SKIP (exists): Silence
  [155/234] SKIP (exists): Courage, Fortitude and Resilience
  [156/234] SKIP (exists): One of the Hindrances is Sceptical Doubt.
  [157/234] SKIP (exists): Scientism meets Buddhism (Buddhadhamma?)
  [158/234] SKIP (exists): What is our basic disposition to life?
  [159/234] SKIP (exists): Fear!
  [160/234] SKIP (exists): Beauty.
  [161/234] SKIP (exists): The Wisdom of Uncertainty
  [162/234] SKIP (exists): Patience
  [163/234] SKIP (exists): Overcoming the Corruptions of Generosity
  [164/234] SKIP (exists): The World is in a terrible state.
  [165/234] SKIP (exists): The Treasure of Things
  [166/234] SKIP (exists): Equanimity Carl
  [167/234] SKIP (exists): The years where do they go. New Year Encouragement
  [168/234] SKIP (exists): Understand and See things as they really are
  [169/234] SKIP (exists): Constant Curiosity Carl
  [170/234] SKIP (exists): Kamma Noirin
  [171/234] SKIP (exists): Progress
  [172/234] SKIP (exists): Who Decides? Carl
  [173/234] SKIP (exists): Delusion, caring for illusion.
  [174/234] SKIP (exists): The world is not in a good place.
  [175/234] SKIP (exists): Happy New Year
  [176/234] SKIP (exists): Sickness
  [177/234] SKIP (exists): Yearning for a Better World
  [178/234] SKIP (exists): Balancing Lay and Spiritual Life
  [179/234] SKIP (exists): Wildflower Wisdom
  [180/234] SKIP (exists): Dealing with the Stories that Make Us Suffer
  [181/234] SKIP (exists): The Wisdom and Virtues of Insecurity
  [182/234] SKIP (exists): As Winter Approaches
  [183/234] SKIP (exists): Guidelines For a New Year's Resolution
  [184/234] SKIP (exists): Coronavirus : Messenger from the Gods
  [185/234] SKIP (exists): Quench all Resentments.
  [186/234] SKIP (exists): Exiting Lockdown
  [187/234] SKIP (exists): Committing to the Path
  [188/234] SKIP (exists): Beauty
  [189/234] SKIP (exists): Motivation for Practice
  [190/234] SKIP (exists): All in the Mind
  [191/234] SKIP (exists): Perfection, Elitism and Excellence.
  [192/234] SKIP (exists): Material World
  [193/234] SKIP (exists): Inner Voices
  [194/234] SKIP (exists): Full Catastrophe Ethics
  [195/234] SKIP (exists): On Learning how to be with Climate and Social Brea
  [196/234] SKIP (exists): Living in the here and now. Bhante Bodhidhamma
  [197/234] SKIP (exists): Being Human Bhante Bodhidhamma
  [198/234] SKIP (exists): Sympathy Empathy Compassion Bhante Bodhidhamma
  [199/234] SKIP (exists): Non-Violence is not Pacificism Bhante Bodhidhamma
  [200/234] SKIP (exists): Neoliberalism and Buddhadhamma Bhante Bodhidhamma
  [201/234] SKIP (exists): Dullness and Lethargy: Our Two Very Good Friends C
  [202/234] SKIP (exists): Preparing for Climate Change - First Ethical Maxim
  [203/234] SKIP (exists): Red Lines, Sila - Third Ethical Maxim Noirin Sheah
  [204/234] SKIP (exists): Radical Hope, Saddha - Second Ethical Maxim Noirin
  [205/234] SKIP (exists): New Year Resolutions and the Third Maxim  Noirin S
  [206/234] SKIP (exists): 4th Maxim (i) : Opportunity Knocks  Noirin Sheahan
  [207/234] SKIP (exists): 4th Maxim (ii) : Spiral to Freedom  Noirin Sheahan
  [208/234] SKIP (exists): Fourth Maxim (iii) : Path to Transcendence  Noirin
  [209/234] SKIP (exists): Equanimity : The Most Important Virtue Bhante Bodh
  [210/234] SKIP (exists): The Danger of Nihilism  Bhante Bodhidhamma
  [211/234] SKIP (exists): Neo-Fascism  Bhante Bodhidhamma
  [212/234] SKIP (exists): The Gift of Joy Mudita Bhante Bodhidhamma
  [213/234] SKIP (exists): ‘We just follow circumstance.’  Bhante Bodhidhamma
  [214/234] SKIP (exists): To Love or To Be Loved. That is the Question.  Bha
  [215/234] SKIP (exists): Samsara : doomed to suffer over and over again? Bh
  [216/234] SKIP (exists): Compassion : To Care  Bhante Bodhidhamma
  [217/234] SKIP (exists): Compassion : A Path of Liberation  Bhante Bodhidha
  [218/234] SKIP (exists): Fifth Maxim: Develop the Body and Mind  Noirin She
  [219/234] SKIP (exists): The Buddha’s Alter Ego : The World Conquering Mona
  [220/234] SKIP (exists): There is a Body: Exploring the Mind-Body Relations
  [221/234] SKIP (exists): Self-love and Self-Acceptance  Bhante Bodhidhamma
  [222/234] SKIP (exists): The Crucial Role of Desire and Intention.  Bhante 
  [223/234] SKIP (exists): Mindfulness meets Metta Noirin Sheahan
  [224/234] SKIP (exists): Surely meditation shouldn't feel like this?  Noiri
  [225/234] SKIP (exists): The Fire Sermon
  [226/234] SKIP (exists): Why spend a week or more on retreat?
  [227/234] SKIP (exists): Nibanna is Close at Hand!
  [228/234] SKIP (exists): AI 'Art'
  [229/234] SKIP (exists): A Field of Barley
  [230/234] SKIP (exists): War!
  [231/234] SKIP (exists): The Enlightenment and its Demise.
  [232/234] SKIP (exists): The Enlightenment and Possible Salvation.
  [233/234] SKIP (exists): Sixth Maxim: Act for the Future Generations of All
  [234/234] SKIP (exists): Cultivating Metta for Future Generations.

✓ Descriptions generated: 0 API calls
Épisodes à scorer : 635
[1/635] guided_meditations S01E01 — Introducing Vipassana Insight Meditation... /home/freedomfighter/code/traduction/satipanya-podcast/score_literary.py:89: DeprecationWarning: The model 'claude-sonnet-4-20250514' is deprecated and will reach end-of-life on June 15th, 2026.
Please migrate to a newer model. Visit https://docs.anthropic.com/en/docs/resources/model-deprecations for more information.
  response = client.messages.create(
✓ 25/100 — This is primarily a guided meditation with repetitive instru
[2/635] guided_meditations S01E02 — Vipassana Guidelines... /home/freedomfighter/code/traduction/satipanya-podcast/score_literary.py:89: DeprecationWarning: The model 'claude-sonnet-4-20250514' is deprecated and will reach end-of-life on June 15th, 2026.
Please migrate to a newer model. Visit https://docs.anthropic.com/en/docs/resources/model-deprecations for more information.
  response = client.messages.create(
✓ 62/100 — This instructional text demonstrates clear structure and goo
[3/635] guided_meditations S01E03 — 45 minute Detailed Guided Meditation... ✓ 25/100 — This is a functional guided meditation with clear instructio
[4/635] guided_meditations S01E04 — 45 minute Assisted Meditation... ✓ 25/100 — This is a straightforward guided meditation with repetitive 
[5/635] guided_meditations S01E05 — 30 minute Bodycare Meditation... ✓ 35/100 — This guided meditation has clear structure and some metaphor
[6/635] guided_meditations S01E06 — 30 minute Heartcare Meditation... ✓ 35/100 — This is primarily a guided meditation with highly repetitive
[7/635] guided_meditations S01E07 — Abiding in the Present Moment Developing Equanimity... ✓ 45/100 — This guided meditation has clear structure and some poetic m
[8/635] guided_meditations S01E08 — Just Metta... ✓ 25/100 — This is primarily a guided meditation with repetitive instru
[9/635] guided_meditations S01E09 — Investigative Eating... ✓ 62/100 — The talk demonstrates solid instructional clarity and uses e
[10/635] guided_meditations S01E10 — Mahasi Sayadaw Introductory Talk... ✓ 72/100 — This transcript demonstrates strong instructional clarity an
[11/635] guided_meditations S02E01 — Why Chant... ✓ 25/100 — This transcript is primarily instructional content for chant
[12/635] guided_meditations S02E02 — Morning Chant... ✓ 15/100 — This is primarily traditional Pali chanting with minimal Eng
[13/635] guided_meditations S02E03 — Evening Chant... ✓ 15/100 — This is primarily traditional Pali chanting with minimal spo
[14/635] guided_meditations S02E04 — Refuges and Precepts... ✓ 15/100 — This transcript consists almost entirely of Pali chanting wi
[15/635] guided_meditations S02E05 — Evening Metta Chant... ✓ 15/100 — This is purely traditional Pali chanting of the metta (lovin
[16/635] guided_meditations S02E06 — Metta Discourse... ✓ 75/100 — This is a beautiful recitation of the classical Metta Sutta 
[17/635] dhammabytes S01E01 — 01 Views about Spiritual Paths... ✓ 45/100 — The talk shows decent organizational structure and some enga
[18/635] dhammabytes S01E02 — 02 Discourse to the Kalamas... ✓ 72/100 — This talk demonstrates strong structural clarity in presenti
[19/635] dhammabytes S01E03 — 03 Desire the Root of Suffering... ✓ 35/100 — While the talk has clear dharma content and some effective r
[20/635] dhammabytes S01E04 — 04 How to Test the Buddha... ✓ 52/100 — The talk demonstrates solid structure and clear explanations
[21/635] dhammabytes S02E01 — 01 Introducing the Buddha... ✓ 62/100 — The talk demonstrates solid structure and accessible explana
[22/635] dhammabytes S02E02 — 02 The Birth of the Buddha... ✓ 68/100 — This dharma talk demonstrates solid structure with effective
[23/635] dhammabytes S02E03 — 03 The Bodhisatta Leaves Home... ✓ 52/100 — While the talk has clear structure and solid content explain
[24/635] dhammabytes S02E04 — 04 The Essence of the Awakening... ✓ 58/100 — The talk demonstrates solid structure in explaining dependen
[25/635] dhammabytes S03E01 — Anusaya - Latent Tendencies... ✓ 72/100 — This talk demonstrates strong structural organization and so
[26/635] dhammabytes S03E02 — Asava-Taints, Ogha-Floods, Yoga-Yokes... ✓ 35/100 — While the talk provides useful etymological information and 
[27/635] dhammabytes S03E03 — Buddha... ✓ 65/100 — The talk demonstrates good structure in explaining the nine 
[28/635] dhammabytes S03E04 — Dukkha - A Hard Place... ✓ 45/100 — The talk has decent structure explaining the three types of 
[29/635] dhammabytes S03E05 — Hetu - The Unwholesome Roots... ✓ 72/100 — This dharma talk demonstrates strong conceptual depth and ef
[30/635] dhammabytes S03E06 — Panya - Wisdom and Intuitive Intelligence... ✓ 72/100 — This dharma talk demonstrates strong conceptual depth and ef
[31/635] dhammabytes S03E07 — Puja - Devotional Attention... ✓ 72/100 — This talk demonstrates strong clarity and structure in explo
[32/635] dhammabytes S03E08 — Samyojana - The first three Fetters... ✓ 72/100 — This dharma talk demonstrates strong structural organization
[33/635] dhammabytes S03E09 — Samyojana - The last seven Fetters... ✓ 52/100 — This dharma talk demonstrates solid understanding and clear 
[34/635] dhammabytes S03E10 — Sati - Knowing... ✓ 72/100 — This dharma talk demonstrates strong conceptual depth and ef
[35/635] dhammabytes S03E11 — Sati in Daily Life... ✓ 72/100 — This talk demonstrates strong structural coherence and pract
[36/635] dhammabytes S03E12 — Sila - Good Conduct... ✓ 52/100 — This talk demonstrates solid structure and clear progression
[37/635] dhammabytes S04E01 — 01. Dana Generosity... ✓ 45/100 — The talk has a clear structure and contains some engaging an
[38/635] dhammabytes S04E02 — 02. Sila Virtuous Conduct... ✓ 52/100 — The talk demonstrates clear structure and practical insights
[39/635] dhammabytes S04E03 — 03. Nekkhamma Renunciation... ✓ 72/100 — This dharma talk demonstrates strong literary quality with c
[40/635] dhammabytes S04E04 — 04. Panya Intuitive Intelligence and Wisdom... ✓ 72/100 — This dharma talk demonstrates strong structural clarity with
[41/635] dhammabytes S04E05 — 05. Viriya Effort... ✓ 72/100 — This dharma talk demonstrates strong structural clarity and 
[42/635] dhammabytes S04E06 — 06. Khanti Patience... ✓ 52/100 — The talk has a clear structure and valuable insights about p
[43/635] dhammabytes S04E07 — 07. Sacca Honesty... ✓ 48/100 — The talk shows decent structure exploring various aspects of
[44/635] dhammabytes S04E08 — 08. Adhitthana Resolution.... ✓ 52/100 — The talk has a clear central theme and uses some effective p
[45/635] dhammabytes S05E01 — Metta - Love... ✓ 72/100 — This talk demonstrates clear structure and insightful teachi
[46/635] dhammabytes S05E02 — Karuna - Compassion... ✓ 65/100 — This talk demonstrates solid structure and clear argumentati
[47/635] dhammabytes S05E03 — Mudita - Pure Joy... ✓ 72/100 — This talk demonstrates strong structural coherence with clea
[48/635] dhammabytes S05E04 — Upekkha - Equanimity... ✓ 72/100 — This dharma talk demonstrates strong structural clarity and 
[49/635] dhammabytes S06E01 — Buddha as Refuge... ✓ 45/100 — The talk shows solid scholarly knowledge of Buddhist termino
[50/635] dhammabytes S06E02 — Dhamma as Refuge... ✓ 72/100 — This dharma talk demonstrates strong structural organization
[51/635] dhammabytes S06E03 — Sangha as Refuge... ✓ 62/100 — The talk demonstrates solid doctrinal knowledge with clear e
[52/635] dhammabytes S07E01 — Khandha The Aggregates... ✓ 45/100 — The talk demonstrates clear thematic structure and uses effe
[53/635] dhammabytes S07E02 — Rupa Corporeality... ✓ 45/100 — This talk has decent educational content and structure but s
[54/635] dhammabytes S07E03 — Vedana Feeling... ✓ 52/100 — The talk demonstrates solid structure and clear explanations
[55/635] dhammabytes S07E04 — Sanya Perception & Vedana Feeling... ✓ 52/100 — The talk demonstrates decent structure and depth of Buddhist
[56/635] dhammabytes S07E05 — Sankhara Volitional Conditioning... ✓ 45/100 — The talk demonstrates solid doctrinal knowledge and clear st
[57/635] dhammabytes S07E06 — Summing up... ✓ 62/100 — The talk demonstrates solid doctrinal understanding and clea
[58/635] dhammabytes S08E01 — 1. Avijja - not-knowing... ✓ 72/100 — This dharma talk demonstrates strong literary quality with c
[59/635] dhammabytes S08E02 — 2. Nama Rupa Body Mind... ✓ 67/100 — This dharma talk demonstrates solid structure and clear expl
[60/635] dhammabytes S08E03 — 3. Salayatana Vedana Phasa Six senses Contact Feeling... ✓ 45/100 — The talk demonstrates good technical knowledge and some clea
[61/635] dhammabytes S08E04 — 4. Tanha Upadana Bhava Craving Grasping Becoming... ✓ 72/100 — This talk demonstrates strong structural organization with c
[62/635] dhammabytes S08E05 — 5. paticca samuppada dependent origination to samsara... ✓ 45/100 — The talk demonstrates solid doctrinal knowledge and clear st
[63/635] dhammabytes S08E06 — 6. Another model of Dependent Orgination... ✓ 72/100 — This dharma talk demonstrates strong structural organization
[64/635] dhammabytes S09E01 — 1. Indulgence... ✓ 42/100 — The talk demonstrates clear structure and some insightful te
[65/635] dhammabytes S09E02 — 2. Self-Mortification... ✓ 45/100 — The talk has decent structural organization around the Buddh
[66/635] dhammabytes S09E03 — 3. The First Noble Truth of Suffering... ✓ 42/100 — The talk demonstrates clear understanding of Buddhist concep
[67/635] dhammabytes S09E04 — 4. Second Noble Truth:The Cause of Suffering... ✓ 52/100 — The talk demonstrates solid Buddhist knowledge and clear exp
[68/635] dhammabytes S09E05 — 5. The Third Noble Truth:The End of Suffering... ✓ 65/100 — The talk demonstrates solid structure and insightful content
[69/635] dhammabytes S09E06 — 6. The Fourth Noble Truth The Eightfold Path... ✓ 52/100 — The talk demonstrates solid understanding of Buddhist concep
[70/635] dhammabytes S09E07 — 7. The Buddha's Enlightenment becomes universal... ✓ 67/100 — This dharma talk demonstrates strong scholarly depth and eng
[71/635] dhammabytes S10E01 — 1 Not-self - Control... ✓ 45/100 — This dharma talk has decent structure and some clear explana
[72/635] dhammabytes S10E02 — 2 Not-self - Impermanence and Suffering... ✓ 45/100 — The talk demonstrates solid doctrinal knowledge and logical 
[73/635] dhammabytes S10E03 — 3 Not-self - Recap and Metaphors... ✓ 72/100 — This transcript demonstrates strong literary quality with ex
[74/635] dhammabytes S11E01 — 01. Sickness Ageing and Death... ✓ 72/100 — This talk demonstrates strong narrative engagement through t
[75/635] dhammabytes S11E02 — 02. Divine Messengers... ✓ 52/100 — The talk demonstrates decent storytelling and structure with
[76/635] dhammabytes S11E03 — 03. The Two Darts... ✓ 72/100 — This dharma talk demonstrates strong literary quality with e
[77/635] dhammabytes S11E04 — 04. The Eight Worldy Conditions... ✓ 65/100 — This talk demonstrates solid structure and effective use of 
[78/635] dhammabytes S11E05 — 05. Clinging causes Anxiety plus... ✓ 62/100 — The talk demonstrates good structural organization and effec
[79/635] dhammabytes S11E06 — 06. Mahakassapa Explains the Cause of Conflict... ✓ 65/100 — This dharma talk demonstrates solid structure and engaging s
[80/635] dhammabytes S11E07 — 07. Envy and Niggardliness the Cause of Conflict... ✓ 72/100 — The talk demonstrates strong structural coherence with syste
[81/635] dhammabytes S11E08 — 08. Detailed Sequence Leading to Conflict... ✓ 45/100 — The talk has clear structure using the ice cream analogy to 
[82/635] dhammabytes S11E09 — 09. Power... ✓ 65/100 — This talk demonstrates strong organizational structure aroun
[83/635] dhammabytes S11E10 — 10. Samsara Onward Going... ✓ 65/100 — This dharma talk demonstrates solid organizational structure
[84/635] dhammabytes S11E11 — 11. Rounds of Becoming... ✓ 72/100 — This dharma talk demonstrates strong structural clarity and 
[85/635] dhammabytes S11E12 — 12. Short Review of the Human Condition... ✓ 52/100 — The talk demonstrates solid structural organization and clea
[86/635] dhammabytes S12E01 — 1. Righteous Governement and Righteous Ruler... ✓ 52/100 — The talk demonstrates solid understanding and clear explanat
[87/635] dhammabytes S12E02 — 2. The Ruler... ✓ 52/100 — The talk has a clear narrative structure following Buddhist 
[88/635] dhammabytes S12E03 — 3. The Six Directions Ritual as useless or meaningful... ✓ 35/100 — While the talk has some engaging storytelling elements and p
[89/635] dhammabytes S12E04 — 4. Parents and Chidren... ✓ 45/100 — The talk has decent structure and some engaging anecdotes bu
[90/635] dhammabytes S12E05 — 5. Husbands and Wives... ✓ 35/100 — While the talk contains clear Buddhist teachings and some ef
[91/635] dhammabytes S12E06 — 6. What makes for a Good Life... ✓ 52/100 — The talk demonstrates solid structure and practical wisdom w
[92/635] dhammabytes S12E07 — 7. Use of wealth for Happiness... ✓ 35/100 — While the talk contains some engaging stories and clear Budd
[93/635] dhammabytes S12E08 — 8. Virtues of a Good Spouse... ✓ 72/100 — This dharma talk demonstrates strong structure and insightfu
[94/635] foundation_course S01E01 — The First Noble Truth - Dukkha Dukkha... ✓ 72/100 — This is a well-structured dharma talk with clear argumentati
[95/635] foundation_course S01E02 — The First Noble Truth - Conditioned States... ✓ 78/100 — This talk demonstrates excellent clarity and structure in ex
[96/635] foundation_course S01E03 — The First Noble Truth - The Three Characteristics... ✓ 72/100 — This talk demonstrates strong structural organization and cl
[97/635] foundation_course S01E04 — The Second Noble Truth - The Cause of Suffering - Desire... ✓ 72/100 — This dharma talk demonstrates strong structural organization
[98/635] foundation_course S01E05 — The Second Noble Truth - The Wheel of Dependent Origination... ✓ 72/100 — This dharma talk demonstrates strong structural organization
[99/635] foundation_course S01E06 — The Second Noble Truth - Kamma... ✓ 72/100 — This talk demonstrates strong structural organization and ef
[100/635] foundation_course S01E07 — The Fourth Noble Truth - Morality - Sila... ✓ 72/100 — This talk demonstrates strong structural organization with c
[101/635] foundation_course S01E08 — The Fourth Noble Truth - Positive Morality - Parami... ✓ 72/100 — This dharma talk demonstrates solid literary quality with cl
[102/635] foundation_course S01E09 — The Fourth Noble Truth - Right Understanding... ✓ 72/100 — This talk demonstrates strong clarity and structure with sop
[103/635] foundation_course S01E10 — The Fourth Noble Truth - Mental Development - Samadhi... ✓ 72/100 — This talk demonstrates strong clarity and logical structure 
[104/635] foundation_course S02E01 — Moods, Emotions and Feelings... ✓ 72/100 — This dharma talk demonstrates strong structural organization
[105/635] foundation_course S02E02 — Guilt - Real and Unreal... ✓ 72/100 — This is a well-structured dharma talk with clear argumentati
[106/635] foundation_course S02E03 — The End of Guilt... ✓ 75/100 — This dharma talk demonstrates strong structural organization
[107/635] foundation_course S02E04 — Right Intention... ✓ 75/100 — This is a well-structured and insightful dharma talk that ef
[108/635] foundation_course S02E05 — The Divine Abodes... ✓ 75/100 — This is a well-structured dharma talk with clear progression
[109/635] foundation_course S02E06 — Faith or Belief... ✓ 78/100 — This is a well-structured dharma talk with clear argumentati
[110/635] foundation_course S02E07 — Wheel of Dependent Origination... ✓ 72/100 — This is a well-structured, comprehensive dharma talk that de
[111/635] foundation_course S02E08 — Kamma... ✓ 72/100 — This is a well-structured, comprehensive dharma talk that sy
[112/635] foundation_course S02E09 — The Sangha... ✓ 72/100 — This is a well-structured, informative dharma talk with clea
[113/635] foundation_course S02E10 — The Four Paths and the Four Fruits... ✓ 72/100 — This is a well-structured, comprehensive dharma talk with cl
[114/635] foundation_course S02E11 — The Noble Silence... ✓ 72/100 — This dharma talk demonstrates strong structural organization
[115/635] dharma_talks S01E01 — Why Meditate... ✓ 75/100 — This dharma talk demonstrates strong philosophical depth and
[116/635] dharma_talks S01E02 — The Mahasi Method... ✓ 65/100 — This talk demonstrates solid explanatory structure and pract
[117/635] dharma_talks S01E03 — Starting a Personal Retreat... ✓ 78/100 — This is a well-structured, eloquent dharma talk that skillfu
[118/635] dharma_talks S01E04 — Faith... ✓ 72/100 — This talk demonstrates strong structural coherence with well
[119/635] dharma_talks S01E05 — Ritual in Spiritual Practice... ✓ 62/100 — This is a well-structured dharma talk with good use of perso
[120/635] dharma_talks S01E06 — Is Awareness Enough... ✓ 78/100 — This is a well-structured dharma talk with excellent use of 
[121/635] dharma_talks S01E07 — Developing the Spiritual Faculties... ✓ 72/100 — This is a well-structured dharma talk with clear progression
[122/635] dharma_talks S01E08 — Spiritual Faculties and Factors of Enlightenment... ✓ 72/100 — This dharma talk demonstrates strong literary quality with c
[123/635] dharma_talks S01E09 — The Hindrances... ✓ 72/100 — This dharma talk demonstrates strong organizational structur
[124/635] dharma_talks S01E10 — The Buddha and the Hindrances... ✓ 72/100 — This is a well-structured dharma talk that skillfully weaves
[125/635] dharma_talks S01E11 — Dullness, Lethargy, Restlessness and Pain... ✓ 72/100 — This dharma talk demonstrates strong structural organization
[126/635] dharma_talks S01E12 — Eroticism, Romance, Love, Distraction and Boredom... ✓ 72/100 — This dharma talk demonstrates strong literary quality with s
[127/635] dharma_talks S01E13 — The Ten Fetters... ✓ 68/100 — This talk demonstrates solid structure and effective use of 
[128/635] dharma_talks S01E14 — Vedana Feeling... ✓ 72/100 — This dharma talk demonstrates strong clarity in explaining c
[129/635] dharma_talks S01E15 — Fear... ✓ 72/100 — This dharma talk demonstrates strong literary quality with e
[130/635] dharma_talks S01E16 — Foregiveness... ✓ 75/100 — This dharma talk demonstrates strong literary quality with c
[131/635] dharma_talks S01E17 — The Illimitables... ✓ 72/100 — This dharma talk demonstrates strong literary quality with c
[132/635] dharma_talks S01E18 — The Perfections Turned Inward... ✓ 72/100 — This dharma talk demonstrates strong structural organization
[133/635] dharma_talks S02E01 — Survey of Theravada Buddhism... ✓ 72/100 — This is a well-structured, comprehensive dharma talk with ex
[134/635] dharma_talks S02E02 — Impermanence and Not-self... ✓ 72/100 — This dharma talk demonstrates strong philosophical depth and
[135/635] dharma_talks S02E03 — Ethical Behaviour and the Awakening are one... ✓ 72/100 — This dharma talk demonstrates strong literary quality throug
[136/635] dharma_talks S02E04 — Wheel of Dependent Origination... ✓ 72/100 — This dharma talk demonstrates solid literary quality with cl
[137/635] dharma_talks S02E05 — Free Will... ✓ 72/100 — This is a well-structured dharma talk with sophisticated phi
[138/635] dharma_talks S02E06 — Kamma... ✓ 72/100 — This is a well-structured dharma talk that demonstrates stro
[139/635] dharma_talks S02E07 — Rebirth... ✓ 72/100 — This is a well-structured, comprehensive exploration of rebi
[140/635] dharma_talks S02E08 — Premodern, Modern, Postmodernism And Buddhism... ✓ 75/100 — This is an intellectually ambitious dharma talk that success
[141/635] dharma_talks S02E09 — The Buddha as Exemplar and Archetype... ✓ 72/100 — This transcript demonstrates strong structural organization 
[142/635] dharma_talks S02E10 — Buddhist View of Christ's Teaching... ✓ 72/100 — This talk demonstrates sophisticated theological synthesis w
[143/635] dharma_talks S02E11 — Just War... ✓ 72/100 — This is a thoughtful, well-structured dharma talk that effec
[144/635] dharma_talks S02E12 — The Gratification, the Danger and the Escape... ✓ 72/100 — This transcript demonstrates strong dharma content with clea
[145/635] dharma_talks S03E01 — Bodhisatta Before Taking Human Birth... ✓ 72/100 — This dharma talk demonstrates strong literary quality with s
[146/635] dharma_talks S03E02 — Bodhisatta's Birth to Renunciation... ✓ 72/100 — This dharma talk demonstrates strong philosophical depth and
[147/635] dharma_talks S03E03 — Bodhisatta's Training to the Awakening... ✓ 72/100 — This dharma talk demonstrates strong storytelling with vivid
[148/635] dharma_talks S03E04 — The Awakening... ✓ 78/100 — This dharma talk demonstrates strong literary quality with e
[149/635] dharma_talks S03E05 — The Years of Teaching and Parinibbana... ✓ 72/100 — This is a well-structured dharma talk with vivid storytellin
[150/635] dharma_talks S04E01 — Meditation and Daily Life... ✓ 75/100 — This dharma talk demonstrates strong literary quality throug
[151/635] dharma_talks S04E02 — Meditation and the Weekly Group... ✓ 72/100 — This dharma talk demonstrates strong literary merit with sop
[152/635] dharma_talks S04E03 — The Eightfold Path and Daily Life... ✓ 68/100 — The talk demonstrates good structural organization through i
[153/635] dharma_talks S04E04 — Right Livelihood... ✓ 72/100 — This transcript demonstrates strong depth of insight and cle
[154/635] dharma_talks S05E01 — 1. Starting a Retreat... ✓ 45/100 — While the talk has clear structure and practical wisdom, it 
[155/635] dharma_talks S05E02 — Starting a Retreat... ✓ 25/100 — This is primarily a guided meditation with repetitive instru
[156/635] dharma_talks S05E03 — A Detailed Guided Meditation... ✓ 25/100 — This is primarily instructional guided meditation content wi
[157/635] dharma_talks S05E04 — Investigative Eating Meditation - an explanation.... ✓ 78/100 — This is a well-structured dharma talk with vivid mythologica
[158/635] dharma_talks S05E05 — 2. The Mahasi Technique... ✓ 72/100 — This is a well-structured dharma talk with clear progression
[159/635] dharma_talks S05E06 — Basics of Insight Meditation 02 2025Video... ✓ 72/100 — This dharma talk demonstrates strong storytelling through vi
[160/635] dharma_talks S05E07 — Basics of Insight Meditation 04 2026Video... ✓ 72/100 — This dharma talk demonstrates strong insights into Buddhist 
[161/635] dharma_talks S05E08 — 4. The Hindrances The Psychotherapy of Vipassana... ✓ 72/100 — This dharma talk demonstrates strong literary quality with c
[162/635] dharma_talks S05E09 — 5. Right Awareness Intro.to Vipassana... ✓ 75/100 — This is a well-structured, eloquent dharma talk with vivid b
[163/635] dharma_talks S05E10 — 6. The Seven Factors of Awakening... ✓ 72/100 — This dharma talk demonstrates strong structural clarity, viv
[164/635] dharma_talks S05E11 — 7. The Ethical Psychology of the Buddha (Dependent Origination)... ✓ 72/100 — This dharma talk demonstrates strong literary quality with c
[165/635] dharma_talks S05E12 — 8. The Law of Kamma... ✓ 45/100 — This dharma talk shows decent understanding of Buddhist conc
[166/635] dharma_talks S05E13 — 8. Living Life according to the Dhamma... ✓ 68/100 — The talk demonstrates solid structure and practical wisdom w
[167/635] dharma_talks S05E14 — Guided Metta... ✓ 35/100 — This is a structured guided meditation with clear progressio
[168/635] dharma_talks S05E15 — Guided Bodycare... ✓ 45/100 — This guided meditation has clear structure and some thoughtf
[169/635] dharma_talks S06E01 — Developing the Factors of Enlightenment... ✓ 72/100 — This dharma talk demonstrates strong organizational structur
[170/635] dharma_talks S06E02 — Exploring Dukkha... ✓ 72/100 — This is a well-structured dharma talk with rich metaphorical
[171/635] dharma_talks S06E03 — Question & Answer Session... ✓ 65/100 — This Q&A session demonstrates solid dharma teaching with goo
[172/635] dharma_talks S06E04 — Revising the Principles of Meditation... ✓ 65/100 — This dharma talk demonstrates solid structure and practical 
[173/635] dharma_talks S06E05 — The Hindrances... ✓ 72/100 — This dharma talk demonstrates strong structural organization
[174/635] dharma_talks S07E01 — Practice into Daily Life (Xmas 2006)... ✓ 72/100 — This dharma talk demonstrates strong structural organization
[175/635] dharma_talks S07E02 — New Year Reflections... ✓ 52/100 — The talk demonstrates solid spiritual insight and clear orga
[176/635] dharma_talks S08E01 — Q&A Resistance Rebirth and Moral Justice What suffers Mindfulness Apps Spiritual Attainments.To play the media you will need to either update your browser to a recent version or update yourFlash plugin... ✓ 68/100 — This Q&A session demonstrates strong depth of insight and us
[177/635] dharma_talks S09E01 — 01 The Body - The Buddha's World View and the role of Materiality (rupa).To play the media you will need to either update your browser to a recent version or update yourFlash plugin... ✓ 72/100 — This is a well-structured dharma talk that skillfully weaves
[178/635] dharma_talks S09E02 — 02 The Body - Kayagasati Sutta MN131.To play the media you will need to either update your browser to a recent version or update yourFlash plugin... ✓ 72/100 — This dharma talk demonstrates strong literary quality with r
[179/635] dharma_talks S09E03 — Feeling (vedana).To play the media you will need to either update your browser to a recent version or update yourFlash plugin... ✓ 65/100 — This dharma talk demonstrates solid structure and Buddhist s
[180/635] dharma_talks S09E04 — Dependent Origination leading to awakening in ordinary Daily life..To play the media you will need to either update your browser to a recent version or update yourFlash plugin... ✓ 65/100 — This dharma talk demonstrates solid structure with clear pro
[181/635] dharma_talks S09E05 — .To play the media you will need to either update your browser to a recent version or update yourFlash pluginDiscourse on the Highest Blessings... ✓ 65/100 — This dharma talk demonstrates solid structure moving from Bu
[182/635] dharma_talks S09E06 — .To play the media you will need to either update your browser to a recent version or update yourFlash plugin... ✓ 62/100 — This dharma talk demonstrates good structural organization a
[183/635] dharma_talks S09E07 — Ethics, Not-self and Liberation.To play the media you will need to either update your browser to a recent version or update yourFlash plugin... ✓ 75/100 — This dharma talk demonstrates strong depth of insight and me
[184/635] dharma_talks S09E08 — Roads to Power.To play the media you will need to either update your browser to a recent version or update yourFlash plugin... ✓ 72/100 — This dharma talk demonstrates strong structural organization
[185/635] dharma_talks S09E09 — New Year address on the qualities needed to succeed : The Roads to Success..To play the media you will need to either update your browser to a recent version or update yourFlash plugin... ✓ 72/100 — This dharma talk demonstrates strong scholarly depth and sys
[186/635] dharma_talks S09E10 — The First Discourse on Turning the Wheel of the Dhamma..To play the media you will need to either update your browser to a recent version or update yourFlash plugin... ✓ 72/100 — This is a substantial, well-structured dharma talk with vivi
[187/635] dharma_talks S09E11 — Scientism : Romanticism : Psychotherapy - and Buddhadhamma.To play the media you will need to either update your browser to a recent version or update yourFlash pluginThere is a lot on the web if you google - scientism.Some books I found especially useful:Scientism. A Word we Need By John Crowburn SJ. Especially useful to people like me who know virtually nothing about science. Though pitched towards Roman Catholics, I did not find it biased when compared to other books I read.Yval N.Hararitwo books:SapiensandHomo Deusretell the whole human story and where we may be heading. Fascinating and again for the general reader. It through this work I finally under stood this mysterious word - algorithm.Romanticism by Thanissaro Bhikkhuis... ✓ 72/100 — This transcript demonstrates strong depth of insight and sop
[188/635] dharma_talks S09E12 — Kamma, Rebirth and Transcendence : A top down view of the Buddhadhamma..To play the media you will need to either update your browser to a recent version or update yourFlash pluginTwenty Cases Suggestive of Reincarnation - Ian Stevenson... ✓ 72/100 — This dharma talk demonstrates strong literary qualities thro
[189/635] dharma_talks S09E13 — The Discourse to the Kalama : Discernment, the Ethical Life and Fake News.To play the media you will need to either update your browser to a recent version or update yourFlash plugin... ✓ 75/100 — This is a well-structured and engaging dharma talk that demo
[190/635] dharma_talks S10E01 — Buddha Day Address: What was the mindset of the Bodhisatta when he left his family and what made him carry on?.To play the media you will need to either update your browser to a recent version or update yourFlash plugin... ✓ 72/100 — This dharma talk demonstrates strong narrative structure, vi
[191/635] dharma_talks S10E02 — Spiritual progress - stop trying!.To play the media you will need to either update your browser to a recent version or update yourFlash plugin... ✓ 72/100 — This dharma talk demonstrates strong structural organization
[192/635] dharma_talks S10E04 — The Need for Sangha. community and Q's about Ordinary Daily Life..To play the media you will need to either update your browser to a recent version or update yourFlash plugin... ✓ 72/100 — This dharma talk demonstrates strong conversational flow and
[193/635] dharma_talks S11E01 — Mae Chee Kaew and Resolutions..To play the media you will need to either update your browser to a recent version or update yourFlash plugin... ✓ 72/100 — This dharma talk demonstrates strong organizational structur
[194/635] dharma_talks S11E02 — The Three Characteristics..To play the media you will need to either update your browser to a recent version or update yourFlash plugin... ✓ 68/100 — A well-structured dharma talk with clear argumentation and r
[195/635] dharma_talks S11E03 — Buddha Day Address May 2015..To play the media you will need to either update your browser to a recent version or update yourFlash plugin... ✓ 72/100 — This dharma talk demonstrates strong structural organization
[196/635] dharma_talks S11E04 — Deconstruction..To play the media you will need to either update your browser to a recent version or update yourFlash plugin... ✓ 62/100 — This transcript demonstrates solid dharma teaching with clea
[197/635] dharma_talks S11E05 — Love and All That..To play the media you will need to either update your browser to a recent version or update yourFlash plugin... ✓ 72/100 — This is a well-structured dharma talk with vivid metaphors (
[198/635] dharma_talks S11E06 — Ethics Not-self and Liberation.To play the media you will need to either update your browser to a recent version or update yourFlash plugin... ✓ 75/100 — This dharma talk demonstrates strong philosophical depth and
[199/635] dharma_talks S12E01 — Contol and loss of Power..To play the media you will need to either update your browser to a recent version or update yourFlash plugin... ✓ 75/100 — This dharma talk demonstrates strong literary merit with exc
[200/635] dharma_talks S12E02 — Q&A Detachment Engagement Motivation Devotion..To play the media you will need to either update your browser to a recent version or update yourFlash plugin... ✓ 52/100 — The transcript shows decent dharma teaching with clear struc
[201/635] dharma_talks S12E03 — Basics for Meditation..To play the media you will need to either update your browser to a recent version or update yourFlash plugin... ✓ 75/100 — This transcript demonstrates strong dharma teaching with cle
[202/635] dharma_talks S12E04 — Kamma Revisited..To play the media you will need to either update your browser to a recent version or update yourFlash plugin... ✓ 65/100 — While the talk demonstrates good depth of insight and effect
[203/635] dharma_talks S12E05 — Daily Life Reinforced..To play the media you will need to either update your browser to a recent version or update yourFlash plugin... ✓ 72/100 — Despite some rambling moments and conversational digressions
[204/635] dharma_talks S12E06 — Refinement,Sublimation and the Eightfold Path..To play the media you will need to either update your browser to a recent version or update yourFlash plugin... ✓ 72/100 — This dharma talk demonstrates strong philosophical depth and
[205/635] dharma_talks S12E07 — No Inherent Being..To play the media you will need to either update your browser to a recent version or update yourFlash plugin... ✓ 65/100 — This dharma talk demonstrates solid structure with clear pro
[206/635] dharma_talks S12E08 — Kamma and Free Will..To play the media you will need to either update your browser to a recent version or update yourFlash plugin... ✓ 72/100 — This dharma talk demonstrates strong literary quality with c
[207/635] dharma_talks S12E09 — Comments on a Statement by Mae Chee Kaew..To play the media you will need to either update your browser to a recent version or update yourFlash plugin... ✓ 72/100 — This dharma talk demonstrates strong theological depth and s
[208/635] dharma_talks S12E10 — Reiki 10 06 2015..To play the media you will need to either update your browser to a recent version or update yourFlash plugin... ✓ 15/100 — This transcript of a Reiki session consists almost entirely 
[209/635] dharma_talks S12E11 — Intro Talk to Bodycare.To play the media you will need to either update your browser to a recent version or update yourFlash plugin... ✓ 72/100 — This is a well-structured dharma talk with clear progression
[210/635] dharma_talks S12E12 — Dependent Origination and the Quality of Right Awareness..To play the media you will need to either update your browser to a recent version or update yourFlash plugin... ✓ 72/100 — This dharma talk demonstrates strong depth of insight and we
[211/635] dharma_talks S12E13 — Talk at the Re-opening of the Golden Buddha Centre in Totnes..To play the media you will need to either update your browser to a recent version or update yourFlash plugin... ✓ 72/100 — This dharma talk demonstrates strong rhetorical skill with v
[212/635] dharma_talks S12E14 — The Prognosis is Very Good..To play the media you will need to either update your browser to a recent version or update yourFlash plugin... ✓ 42/100 — The talk shows good thematic depth and spiritual insight but
[213/635] dharma_talks S13E01 — Importance of Resolution plus.To play the media you will need to either update your browser to a recent version or update yourFlash plugin... ✓ 72/100 — This dharma talk demonstrates strong literary quality with c
[214/635] dharma_talks S13E02 — Christmas Talk re the Path.To play the media you will need to either update your browser to a recent version or update yourFlash plugin... ✓ 72/100 — This dharma talk demonstrates strong literary quality with w
[215/635] dharma_talks S13E03 — Right Relationship.To play the media you will need to either update your browser to a recent version or update yourFlash plugin... ✓ 75/100 — This dharma talk demonstrates strong literary quality with c
[216/635] dharma_talks S13E04 — How to critique the Dhamma and Buddha.To play the media you will need to either update your browser to a recent version or update yourFlash plugin... ✓ 65/100 — This dharma talk demonstrates solid structure and insightful
[217/635] dharma_talks S13E05 — An Attempt to Understand the teaching of Not-Self.To play the media you will need to either update your browser to a recent version or update yourFlash plugin... ✓ 72/100 — This is a sophisticated dharma talk with excellent explanato
[218/635] dharma_talks S13E06 — Talk to the European Teachers Meeting How I came to establish a non-community..To play the media you will need to either update your browser to a recent version or update yourFlash plugin... ✓ 75/100 — This engaging dharma talk demonstrates strong storytelling a
[219/635] dharma_talks S14E01 — Happiness.To play the media you will need to either update your browser to a recent version or update yourFlash pluginClick for handout:Towards Well-Being... ✓ 65/100 — This dharma talk demonstrates good thematic coherence and us
[220/635] dharma_talks S14E02 — The Body and the Discourse on How to Establish Right Awareness..To play the media you will need to either update your browser to a recent version or update yourFlash plugin... ✓ 72/100 — This dharma talk demonstrates strong structural organization
[221/635] dharma_talks S14E03 — Q.&A session: Family Distractions : Selfish to Meditate : Negative Emotions : Suffering on Identification.To play the media you will need to either update your browser to a recent version or update yourFlash plugin... ✓ 68/100 — This Q&A session demonstrates solid conversational wisdom wi
[222/635] dharma_talks S14E04 — Mindfulness : Time.To play the media you will need to either update your browser to a recent version or update yourFlash plugin... ✓ 45/100 — While this dharma talk demonstrates genuine insight into Bud
[223/635] dharma_talks S14E05 — Monks : Daily Life : Not-Self.To play the media you will need to either update your browser to a recent version or update yourFlash plugin... ✓ 72/100 — This transcript demonstrates good storytelling with engaging
[224/635] dharma_talks S14E06 — Retreats : Attachment : Children and Suffering.To play the media you will need to either update your browser to a recent version or update yourFlash plugin... ✓ 35/100 — The transcript shows some depth of insight but suffers from 
[225/635] dharma_talks S15E01 — New Year Revision of Buddhadhamma Theory and Practice.To play the media you will need to either update your browser to a recent version or update yourFlash plugin... ✓ 72/100 — This dharma talk demonstrates strong depth of insight and na
[226/635] dharma_talks S15E02 — Hope to Inspire.To play the media you will need to either update your browser to a recent version or update yourFlash plugin... ✓ 72/100 — This dharma talk demonstrates strong organizational structur
[227/635] dharma_talks S15E03 — Talk at Opening of centre in Ghent.To play the media you will need to either update your browser to a recent version or update yourFlash plugin... ✓ 68/100 — This dharma talk demonstrates solid structure and genuine sp
[228/635] dharma_talks S15E04 — The Problem of Identity..To play the media you will need to either update your browser to a recent version or update yourFlash plugin... ✓ 45/100 — While the talk demonstrates deep philosophical content and s
[229/635] dharma_talks S15E05 — The body as Meditative Object..To play the media you will need to either update your browser to a recent version or update yourFlash pluginThe talk above has the last few minutes missing, but makes the main points.... ✓ 45/100 — This dharma talk demonstrates decent structure and contains 
[230/635] dharma_talks S16E01 — 1. Starting a Retreat.To play the media you will need to either update your browser to a recent version or update yourFlash plugin... ✓ 25/100 — The talk lacks clear structure and eloquence, reads more lik
[231/635] dharma_talks S16E02 — The Principles and Problems of Vipassana.To play the media you will need to either update your browser to a recent version or update yourFlash plugin... ✓ 72/100 — This dharma talk demonstrates strong argumentative structure
[232/635] dharma_talks S16E03 — Not-Self Indulgence and all.To play the media you will need to either update your browser to a recent version or update yourFlash plugin... ✓ 75/100 — This dharma talk demonstrates strong literary merit with sop
[233/635] dharma_talks S16E04 — Impulsive or Spontaneous.To play the media you will need to either update your browser to a recent version or update yourFlash plugin... ✓ 75/100 — This dharma talk demonstrates strong literary quality throug
[234/635] dharma_talks S16E05 — The Body and the Three Characteristics.To play the media you will need to either update your browser to a recent version or update yourFlash plugin... ✓ 72/100 — This dharma talk demonstrates strong organizational structur
[235/635] dharma_talks S16E06 — Why noting without stop.To play the media you will need to either update your browser to a recent version or update yourFlash plugin... ✓ 52/100 — The talk demonstrates solid technical knowledge and uses eff
[236/635] dharma_talks S16E07 — Why we need a technique.To play the media you will need to either update your browser to a recent version or update yourFlash plugin... ✓ 52/100 — This dharma talk shows clear pedagogical structure with good
[237/635] dharma_talks S16E08 — Subliminal Inclinations, Defilements and Hindrances.To play the media you will need to either update your browser to a recent version or update yourFlash plugin... ✓ 67/100 — This dharma talk demonstrates good structural organization a
[238/635] dharma_talks S16E09 — Questions and Answers A Dolly Mixture.To play the media you will need to either update your browser to a recent version or update yourFlash plugin... ✓ 45/100 — While the talk contains some vivid analogies (mole Morris, c
[239/635] dharma_talks S16E10 — Importance of Metta 24 min.To play the media you will need to either update your browser to a recent version or update yourFlash pluginThese two talks on Kamma are much the same but have a different ending or emphasis.May be worth listening to both after an interval of time between.... ✓ 65/100 — This dharma talk demonstrates solid structure and clear expl
[240/635] dharma_talks S16E11 — The Kamma of Liberation.To play the media you will need to either update your browser to a recent version or update yourFlash plugin... ✓ 72/100 — This dharma talk demonstrates strong structural organization
[241/635] dharma_talks S16E12 — The Karma Concerning Liberation.To play the media you will need to either update your browser to a recent version or update yourFlash plugin... ✓ 35/100 — While the talk contains genuine insights about karma and lib
[242/635] dharma_talks S17E01 — Dignity and the Qualities of a Ruler.To play the media you will need to either update your browser to a recent version or update yourFlash plugin... ✓ 68/100 — This dharma talk demonstrates solid structure around the ten
[243/635] dharma_talks S17E02 — Practice in Ordinary Daily Life.To play the media you will need to either update your browser to a recent version or update yourFlash plugin... ✓ 78/100 — This talk demonstrates strong structure progressing from pro
[244/635] dharma_talks S17E03 — Samatha-Vipassana.To play the media you will need to either update your browser to a recent version or update yourFlash plugin... ✓ 75/100 — This is a well-structured dharma talk that skillfully weaves
[245/635] dharma_talks S17E04 — Vipassana and or Therapy.To play the media you will need to either update your browser to a recent version or update yourFlash plugin... ✓ 72/100 — This dharma talk demonstrates strong psychological insight a
[246/635] dharma_talks S17E05 — Buddha Day Address with Refuges and Precepts.To play the media you will need to either update your browser to a recent version or update yourFlash plugin... ✓ 45/100 — This is a structured dharma talk with clear biographical nar
[247/635] dharma_talks S17E06 — Daily Rythms; Fetters, Hindrances and Inclinations; Rebirth.To play the media you will need to either update your browser to a recent version or update yourFlash plugin... ✓ 78/100 — This dharma talk demonstrates excellent depth of insight, ri
[248/635] dharma_talks S17E07 — Metta, Applied and Sustained Thought, Buddhamind.To play the media you will need to either update your browser to a recent version or update yourFlash plugin... ✓ 72/100 — This dharma talk demonstrates strong depth of insight and go
[249/635] dharma_talks S17E08 — Equanimity - Foundation of all Virtue.To play the media you will need to either update your browser to a recent version or update yourFlash plugin... ✓ 62/100 — This dharma talk demonstrates solid structure and genuine sp
[250/635] dharma_talks S17E09 — The Mahasi Method.To play the media you will need to either update your browser to a recent version or update yourFlash plugin... ✓ 65/100 — This dharma talk demonstrates solid organizational structure
[251/635] dharma_talks S17E10 — The Sufferings of the Pleasure Syndrome.To play the media you will need to either update your browser to a recent version or update yourFlash plugin... ✓ 71/100 — This dharma talk demonstrates strong literary quality throug
[252/635] dharma_talks S17E11 — There is no separation between vipassana and ordinary daily life.To play the media you will need to either update your browser to a recent version or update yourFlash plugin... ✓ 72/100 — This is a well-structured dharma talk that skillfully weaves
[253/635] dharma_talks S17E12 — Q & A Rebirth Identification Emotions etc..To play the media you will need to either update your browser to a recent version or update yourFlash plugin... ✓ 25/100 — Despite containing genuine spiritual insights, the transcrip
[254/635] dharma_talks S17E13 — Why didn't the Buddha return to lay life.To play the media you will need to either update your browser to a recent version or update yourFlash plugin... ✓ 72/100 — This dharma talk demonstrates strong depth of insight and pr
[255/635] dharma_talks S17E14 — Revising the principles of vipassana.To play the media you will need to either update your browser to a recent version or update yourFlash plugin... ✓ 73/100 — This dharma talk demonstrates strong literary quality with c
[256/635] dharma_talks S17E15 — Dukkha Unsatisfactoriness et al.To play the media you will need to either update your browser to a recent version or update yourFlash plugin... ✓ 78/100 — This transcript demonstrates sophisticated philosophical exp
[257/635] dharma_talks S17E16 — Encouragement October 09.To play the media you will need to either update your browser to a recent version or update yourFlash plugin... ✓ 65/100 — This dharma talk demonstrates solid understanding and clear 
[258/635] dharma_talks S17E17 — The practice and the pitfalls of metta, goodwill practice.To play the media you will need to either update your browser to a recent version or update yourFlash plugin... ✓ 72/100 — This dharma talk demonstrates strong structural organization
[259/635] dharma_talks S18E01 — How Vipassana relates to Daily Life.To play the media you will need to either update your browser to a recent version or update yourFlash plugin... ✓ 72/100 — This dharma talk demonstrates strong clarity and structure w
[260/635] dharma_talks S18E02 — Samatha and - or Vipassana.To play the media you will need to either update your browser to a recent version or update yourFlash plugin... ✓ 72/100 — This dharma talk demonstrates strong literary quality with c
[261/635] dharma_talks S18E03 — Metta: Developing Goodwill.To play the media you will need to either update your browser to a recent version or update yourFlash plugin... ✓ 72/100 — This is a well-structured dharma talk that skillfully weaves
[262/635] dharma_talks S18E04 — Karma, Dependent Origination, Virtue and Liberation.To play the media you will need to either update your browser to a recent version or update yourFlash plugin... ✓ 72/100 — This dharma talk demonstrates strong structural organization
[263/635] dharma_talks S18E05 — Enthusiam and other questions.To play the media you will need to either update your browser to a recent version or update yourFlash plugin... ✓ 35/100 — While the talk contains some depth of insight into Buddhist 
[264/635] dharma_talks S18E06 — Faith and the Spiritual Life.To play the media you will need to either update your browser to a recent version or update yourFlash plugin... ✓ 75/100 — This is a well-structured dharma talk with thoughtful insigh
[265/635] dharma_talks S18E07 — Revising the principles of vipassana.To play the media you will need to either update your browser to a recent version or update yourFlash plugin... ✓ 72/100 — This dharma talk demonstrates strong literary quality with c
[266/635] dharma_talks S18E08 — The Buddha's Quest - A Public Talk.To play the media you will need to either update your browser to a recent version or update yourFlash plugin... ✓ 72/100 — This dharma talk demonstrates strong storytelling abilities 
[267/635] dharma_talks S18E09 — The problem lies in the looking.To play the media you will need to either update your browser to a recent version or update yourFlash plugin... ✓ 72/100 — This dharma talk demonstrates strong structural organization
[268/635] dharma_talks S18E10 — There is no reason for being!.To play the media you will need to either update your browser to a recent version or update yourFlash plugin... ✓ 72/100 — This dharma talk demonstrates strong philosophical depth and
[269/635] dharma_talks S18E11 — Towards a whole life practice.To play the media you will need to either update your browser to a recent version or update yourFlash plugin... ✓ 72/100 — This dharma talk demonstrates strong structural flow from vi
[270/635] dharma_talks S19E01 — https://www.satipanya.org.uk/wp-content/uploads/2020/04/Evening-Lockdown-Meditation.mp4... ✓ 25/100 — This is primarily a guided meditation with extensive repetit
[271/635] dharma_talks S19E02 — https://www.satipanya.org.uk/wp-content/uploads/2020/04/01-MN9-Discourse-on-Right-View-Wholesome-and-Unwholesome-Kamma.mp4... ✓ 62/100 — The talk demonstrates solid structure and engaging storytell
[272/635] dharma_talks S19E03 — https://www.satipanya.org.uk/wp-content/uploads/2020/04/02-First-Three-Noble-Truths.mp4... ✓ 45/100 — While the talk demonstrates solid doctrinal knowledge and cl
[273/635] dharma_talks S19E04 — https://www.satipanya.org.uk/wp-content/uploads/2020/04/03-Coronavirus-and-the-Contemplation-of-Death.mp4... ✓ 35/100 — The talk lacks clear structure and coherent argumentation, j
[274/635] dharma_talks S19E05 — https://www.satipanya.org.uk/wp-content/uploads/2020/04/04-Contemplation-of-Death-Living-more-awake.mp4... ✓ 35/100 — While the talk contains some meaningful spiritual content an
[275/635] dharma_talks S19E06 — https://www.satipanya.org.uk/wp-content/uploads/2020/04/05-Contemplation-of-Death-again.mp4... ✓ 55/100 — This dharma talk demonstrates good structural organization a
[276/635] dharma_talks S19E07 — https://www.satipanya.org.uk/wp-content/uploads/2020/04/06-Renunciation-and-Buddhas-First-Occasion-to-Teach.mp4... ✓ 72/100 — This dharma talk demonstrates strong storytelling ability an
[277/635] dharma_talks S19E08 — https://www.satipanya.org.uk/wp-content/uploads/2020/04/07-Setting-the-Wheel-of-the-Dhamma-in-Motion.mp4... ✓ 72/100 — This dharma talk demonstrates strong literary quality throug
[278/635] dharma_talks S19E09 — https://www.satipanya.org.uk/wp-content/uploads/2020/04/08-Mindfulness-at-work-And-Right-View-Right-Attitude.mp4... ✓ 52/100 — The talk demonstrates solid dharma knowledge and practical w
[279/635] dharma_talks S19E10 — https://www.satipanya.org.uk/wp-content/uploads/2020/04/09-Right-Speech-Action-and-Livelihood.mp4... ✓ 72/100 — This dharma talk demonstrates strong conceptual clarity and 
[280/635] dharma_talks S19E11 — https://www.satipanya.org.uk/wp-content/uploads/2020/04/10-Grief-1.mp4... ✓ 42/100 — This dharma talk shows decent thematic organization around g
[281/635] dharma_talks S19E12 — https://www.satipanya.org.uk/wp-content/uploads/2020/04/11-The-Nutriments-Food-Contact-Volition-and-Consciousness-1.mp4... ✓ 72/100 — This dharma talk demonstrates strong structural organization
[282/635] dharma_talks S19E13 — https://www.satipanya.org.uk/wp-content/uploads/2020/04/12-The-Investigation-of-Eating-1.mp4... ✓ 72/100 — This dharma talk demonstrates strong literary quality with c
[283/635] dharma_talks S19E14 — https://www.satipanya.org.uk/wp-content/uploads/2020/04/13-Discourse-on-the-Taints-MN-2-Overcome-by-seeing-1.mp4... ✓ 65/100 — This dharma talk demonstrates good scholarly knowledge and c
[284/635] dharma_talks S19E15 — https://www.satipanya.org.uk/wp-content/uploads/2020/04/14-Not-self-Revisited-The-story-of-Sati-MN38-1.mp4... ✓ 72/100 — This is a well-structured dharma talk that skillfully combin
[285/635] dharma_talks S19E16 — https://www.satipanya.org.uk/wp-content/uploads/2020/04/15.-The-Discourse-on-Not-self-SN22.6.59.mp4... ✓ 68/100 — The talk demonstrates solid structure and clear progression 
[286/635] dharma_talks S19E17 — https://www.satipanya.org.uk/wp-content/uploads/2020/04/16.-Investigating-Not-self-The-Pratice.mp4... ✓ 58/100 — The talk demonstrates clear structure and practical guidance
[287/635] dharma_talks S19E18 — https://www.satipanya.org.uk/wp-content/uploads/2020/04/17-Questions-See-Description.mp4... ✓ 65/100 — The talk demonstrates solid structure in addressing multiple
[288/635] dharma_talks S19E19 — https://www.satipanya.org.uk/wp-content/uploads/2020/04/18-Overcoming-the-Taints-by-Restraint.mp4... ✓ 52/100 — The talk demonstrates decent structure and practical wisdom 
[289/635] dharma_talks S19E20 — https://www.satipanya.org.uk/wp-content/uploads/2020/04/19-Overcoming-the-Taints-by-Using.mp4... ✓ 72/100 — This dharma talk demonstrates strong practical wisdom and en
[290/635] dharma_talks S19E21 — https://www.satipanya.org.uk/wp-content/uploads/2020/04/20-Overcoming-the-Taints-by-Endurance.mp4... ✓ 42/100 — The talk has decent structural flow moving through different
[291/635] dharma_talks S19E22 — https://www.satipanya.org.uk/wp-content/uploads/2020/04/23-The-Ten-Fetters.mp4... ✓ 72/100 — This dharma talk demonstrates strong structural organization
[292/635] dharma_talks S20E01 — Refuges and Precepts with Metta... ✓ 25/100 — This transcript is primarily a ceremonial recitation of trad
[293/635] dharma_talks S21E01 — Video... ✓ 72/100 — This dharma talk demonstrates strong organizational structur
[294/635] dharma_talks S21E02 — Video... ✓ 72/100 — This dharma talk demonstrates strong structural coherence an
[295/635] dharma_talks S21E03 — Video... ✓ 35/100 — The talk has a clear theme and some engaging personal anecdo
[296/635] dharma_talks S21E04 — Video... ✓ 52/100 — The talk demonstrates good practical wisdom and clear struct
[297/635] dharma_talks S21E05 — Video... ✓ 52/100 — The talk demonstrates decent structure and practical wisdom 
[298/635] dharma_talks S21E06 — Video... ✓ 52/100 — The talk demonstrates clear spiritual depth and practical gu
[299/635] dharma_talks S22E01 — 2022 Dec 11 To Love or To Be Loved. That is the question!... ✓ 68/100 — This talk demonstrates solid structure with clear philosophi
[300/635] dharma_talks S22E02 — Love and Relationship.... ✓ 52/100 — The talk demonstrates decent organization and contains some 
[301/635] dharma_talks S22E03 — Forgiveness is fundamental to purify the heart. Resentment is a poison. Guilt, shame and remorse can be healed. We owe it to ourselves to be able to ask for forgiveness and make amends, to forgive without revenger and to forgive ourselves.Video... ✓ 45/100 — This guided meditation has decent structure and genuine warm
[302/635] dharma_talks S22E04 — The introduction... ✓ 32/100 — While the talk demonstrates some spiritual insight and pract
[303/635] dharma_talks S22E05 — Karaniya Metta Sutta... ✓ 72/100 — This dharma talk demonstrates strong structural organization
[304/635] dharma_talks S23E01 — Video... ✓ 72/100 — This dharma talk demonstrates strong organizational structur
[305/635] dharma_talks S23E02 — We often hear about suffering and the end of suffering. We practice metta. But what about joy? How do we increase our joy? And what are the dangers?Video... ✓ 68/100 — This dharma talk demonstrates good structural organization m
[306/635] dharma_talks S23E03 — 2024 Jan. 21 The importance of Tranquillity Passaddhi:... ✓ 52/100 — The talk has clear structure and practical insights about tr
[307/635] dharma_talks S23E04 — Patient Forebearance... ✓ 72/100 — This talk demonstrates strong structural organization with c
[308/635] dharma_talks S23E05 — Equanimity... ✓ 52/100 — While the talk demonstrates good philosophical depth and cle
[309/635] dharma_talks S23E06 — Sympathy, Empathy and Compassion... ✓ 72/100 — This talk demonstrates strong conceptual clarity and practic
[310/635] dharma_talks S23E07 — 2023 June 11 Fear and Courage.... ✓ 72/100 — This talk demonstrates strong structural organization with c
[311/635] dharma_talks S23E08 — Apologies! I tried to cover too much ground. However tit will appear as a Tip on the Newsbyte.Video... ✓ 45/100 — The talk has a clear structure and contains some effective p
[312/635] dharma_talks S23E09 — 2023 Oct 01 'Good Friendship, Companionship, Good Comradeship is the Whole of the Spiritual Life.'... ✓ 72/100 — This is a well-structured dharma talk with strong philosophi
[313/635] dharma_talks S23E10 — 2021 Gratitude, Generosity and Renunciation... ✓ 65/100 — This dharma talk demonstrates solid structure and clear prac
[314/635] dharma_talks S23E11 — 2022 Jul 17 Need, Sufficiency and Greed -... ✓ 42/100 — The talk has a clear three-part structure exploring need, su
[315/635] dharma_talks S23E12 — 2025 Apr 06 Renunciation.... ✓ 62/100 — This dharma talk demonstrates solid organizational structure
[316/635] dharma_talks S23E13 — Video... ✓ 62/100 — This dharma talk demonstrates solid structural organization 
[317/635] dharma_talks S24E01 — Video... ✓ 45/100 — The talk has clear structure in systematically explaining th
[318/635] dharma_talks S24E02 — The Buddha and War... ✓ 45/100 — While the talk presents interesting historical examples and 
[319/635] dharma_talks S24E03 — 2025 May 04 The Buddha as a Teacher.... ✓ 52/100 — The talk demonstrates solid structure and uses an effective 
[320/635] dharma_talks S25E01 — 2025 June 08 What was the Buddha's great disovery?... ✓ 72/100 — This dharma talk demonstrates strong structural organization
[321/635] dharma_talks S25E02 — Video... ✓ 72/100 — This dharma talk demonstrates strong structural organization
[322/635] dharma_talks S25E03 — Video... ✓ 72/100 — This dharma talk demonstrates strong structural organization
[323/635] dharma_talks S26E01 — 2024 April.24 Contemplating the Unpleasantness of the Body.... ✓ 65/100 — The talk demonstrates solid structure and meaningful content
[324/635] dharma_talks S26E02 — 2024 June 23 The Unattractive Nature of the Body... ✓ 72/100 — This talk demonstrates solid structure moving from preciousn
[325/635] dharma_talks S26E03 — I own my actions. I inherit the results of my actions. I am born of my actions. I form relations through my actions. I live dependent on my actions. Whatever I do for good or for ill, I shall inherit the results.VideoKarma and Rebirth... ✓ 62/100 — The talk demonstrates solid dharma teaching with clear expla
[326/635] dharma_talks S26E04 — Karma and Rebirth... ✓ 45/100 — The talk has a clear basic structure and touches on profound
[327/635] dharma_talks S26E05 — 2023 Nov 26 The Five Regular Contemplations.... ✓ 65/100 — This dharma talk demonstrates solid structure and clear expl
[328/635] dharma_talks S26E06 — 2022 Nov 06 The Contemplation of Death.... ✓ 72/100 — This is a well-structured dharma talk with clear progression
[329/635] dharma_talks S26E07 — The Eight Worldly Winds... ✓ 72/100 — The talk demonstrates solid structure around the eight world
[330/635] dharma_talks S27E01 — The Paradox of Fear... ✓ 72/100 — This dharma talk demonstrates strong structural organization
[331/635] dharma_talks S27E02 — 2025 Jan 12 Dukkha - the Buddha grounds his teaching on this word... ✓ 52/100 — The talk demonstrates decent structure and educational conte
[332/635] dharma_talks S27E03 — 2024 Feb. 25 The crucial role of Desire and Intention.... ✓ 72/100 — This is a well-structured dharma talk with clear explanation
[333/635] dharma_talks S27E04 — 2024 July 14 The Four Great Elements... ✓ 72/100 — This talk demonstrates strong structural organization and ef
[334/635] dharma_talks S27E05 — 2024 August 18 The Specific Law of Conditionality... ✓ 72/100 — This dharma talk demonstrates strong philosophical depth and
[335/635] dharma_talks S27E06 — 2024 September 15 The Dangers of Indulgence... ✓ 72/100 — This is a well-structured dharma talk with clear argumentati
[336/635] dharma_talks S27E07 — 2023 Jan. 08 The Four Bases of Power :... ✓ 55/100 — The talk demonstrates clear structure and practical wisdom w
[337/635] dharma_talks S27E08 — Video... ✓ 72/100 — This dharma talk demonstrates strong structural organization
[338/635] dharma_talks S27E09 — 2023 Oct 29 The Spiral Path... ✓ 78/100 — This is a well-structured and eloquent dharma talk that skil
[339/635] dharma_talks S27E10 — 2021 Four Noble Truths... ✓ 65/100 — This dharma talk demonstrates solid structure and clear expl
[340/635] dharma_talks S27E11 — Dukkha (Unsatisfactoriness and Sila (Morality and Ethics) -... ✓ 58/100 — The talk demonstrates solid dharma knowledge and clear teach
[341/635] dharma_talks S27E12 — Dependent Origination, the Role of desire and the only Choice.... ✓ 52/100 — The talk has clear structure in explaining dependent origina
[342/635] dharma_talks S27E13 — 2022 Oct 09 Identity and Not-Self.... ✓ 78/100 — This is a well-structured dharma talk that skillfully weaves
[343/635] dharma_talks S28E01 — Video... ✓ 62/100 — This dharma talk demonstrates solid organizational structure
[344/635] dharma_talks S28E02 — Right Livelihood... ✓ 55/100 — The talk has clear structure and practical insights but reli
[345/635] dharma_talks S28E03 — 2022 Sep 11 Rest for Autumn.... ✓ 45/100 — The talk has a clear practical structure and some effective 
[346/635] dharma_talks S29E01 — Bahiya of the Bark Cloth... ✓ 45/100 — The talk has decent structure and some engaging historical n
[347/635] dharma_talks S29E02 — 2023 March 05... ✓ 72/100 — This dharma talk demonstrates strong structural organization
[348/635] dharma_talks S29E03 — ,... ✓ 65/100 — This talk demonstrates solid structure and engaging narrativ
[349/635] dharma_talks S30E01 — 2022 Aug 14 Climate Emergency and the Role of the Dhamma Video... ✓ 65/100 — The talk demonstrates solid structure moving from diagnosis 
[350/635] dharma_talks S30E02 — Non-Violence v. Pacifism... ✓ 52/100 — The talk has a clear structure and thoughtful distinctions b
[351/635] dharma_talks S30E03 — 2022 Apr 17 Noliberalism and Mindfulness... ✓ 72/100 — This talk demonstrates strong argumentative structure and in
[352/635] dharma_talks S30E04 — 2022 Jun 19 Social Conditionng or Karma - Our social conditioning is a given, but even so we have to take responsibility for it and cleanse it any unwholesomeness.... ✓ 65/100 — The talk demonstrates solid structure and thoughtful progres
[353/635] dharma_talks S31E01 — Buddha Day Address : His Training : The Fetters... ✓ 72/100 — This dharma talk demonstrates strong structural organization
[354/635] dharma_talks S31E02 — ood Friendhship, Good Companionship, Good Comradeship - Ubuntu... ✓ 72/100 — This talk demonstrates strong narrative engagement with vivi
[355/635] dharma_talks S31E03 — Dependent Origination Revisited... ✓ 72/100 — This dharma talk demonstrates strong structural organization
[356/635] dharma_talks S31E04 — Karma- Specific, Conditionality the Five Laws, ethical behaviour, social karma-Neoliberalism.... ✓ 62/100 — This dharma talk demonstrates solid structure and depth with
[357/635] dharma_talks S31E05 — No more ideologies!... ✓ 72/100 — This talk demonstrates strong structural argumentation movin
[358/635] dharma_talks S31E06 — The Mahasi Technique and What We Need to Understand to Practice Vipassana.... ✓ 73/100 — This is a well-structured dharma talk with clear progression
[359/635] dharma_talks S31E07 — Dependent Orignation and how all other importnant teachings are included.... ✓ 72/100 — This dharma talk demonstrates strong structural organization
[360/635] dharma_talks S31E08 — The Axial Age and the Momentous Discovery of the Buddha... ✓ 72/100 — This dharma talk demonstrates strong literary quality with c
[361/635] dharma_talks S31E09 — Dependent Orgination is based on Not-Knowing and Innocence... ✓ 72/100 — This dharma talk demonstrates strong philosophical depth and
[362/635] dharma_talks S31E10 — Khanda, the Agregates, as Person and Sati, Awareness... ✓ 72/100 — This talk demonstrates strong structural organization and de
[363/635] dharma_talks S31E11 — Misunderstanding re. the Self, Karma and transcendence... ✓ 72/100 — This talk demonstrates strong intellectual depth and spiritu
[364/635] dharma_talks S31E12 — Q&A Kamma / FreeWill , Metta/attachment, Momentary Concentration (khanika samadhi)... ✓ 65/100 — The talk demonstrates good depth of insight and clear struct
[365/635] dharma_talks S31E13 — Q&A Emotions: Awareness/Delusion:Insight : Masculine/Feminine : Sense-of-Self : Porridge-itself-has-no-taste.... ✓ 72/100 — This Q&A demonstrates strong philosophical depth and uses vi
[366/635] dharma_talks S32E01 — Angulimala A Monologue 00.54.49 21.9 MB... ✓ 85/100 — This is a masterfully crafted dramatic monologue with sophis
[367/635] noirins_teachings S01E01 — Talk read by Therese Caherty... ✓ 78/100 — This is a beautifully crafted spiritual memoir with excellen
[368/635] noirins_teachings S02E01 — Vipassana Instructions... ✓ 35/100 — This is primarily guided meditation instruction with repetit
[369/635] noirins_teachings S03E01 — The First Noble truth - Impermanence and Unsatisfactoriness... ✓ 72/100 — This dharma talk demonstrates strong structural clarity and 
[370/635] noirins_teachings S03E02 — The First noble truth - Not-Self and Unsatisfactoriness... ✓ 72/100 — This is a well-structured dharma talk that builds logically 
[371/635] noirins_teachings S03E03 — The Second Noble Truth - The Cause of Unsatisfactoriness... ✓ 75/100 — This is a well-structured, thoughtful exploration of Buddhis
[372/635] noirins_teachings S03E04 — The Third Noble Truth - The End of Unsatisfactoriness... ✓ 72/100 — This dharma talk demonstrates strong structural organization
[373/635] noirins_teachings S03E05 — The Fourth Noble Truth - The Path Leading to the End of Unsatisfactoriness... ✓ 72/100 — This talk demonstrates strong structural organization follow
[374/635] noirins_teachings S04E01 — Introduction to the Mahasi Meditation Practice - read by Finola O'Siochru... ✓ 78/100 — This is a well-structured, eloquent dharma talk with excelle
[375/635] noirins_teachings S04E02 — Hindrances and Factors of Enlightenment - read by Marie Caroll... ✓ 78/100 — This dharma talk demonstrates strong literary quality with e
[376/635] noirins_teachings S04E03 — 1st, 2nd & 3rd Noble Truths: Dukkha, its Cause & Cessation - r... ✓ 78/100 — This transcript demonstrates strong literary quality with ex
[377/635] noirins_teachings S04E04 — 4th Noble Truth: Eightfold Path in Daily Life - read by Therese Caherty... ✓ 75/100 — This is a well-structured, comprehensive dharma talk that sk
[378/635] noirins_teachings S05E01 — The Hindrances - read by Finola O'Siochru... ✓ 75/100 — This is a well-structured dharma talk with excellent use of 
[379/635] noirins_teachings S05E02 — The Factors of Enlightenment - read by Finola O'Siochru... ✓ 75/100 — This is a well-structured dharma talk with excellent use of 
[380/635] noirins_teachings S05E03 — First Noble Truth: There is Dukkha - read by Finola O'Siochru... ✓ 72/100 — This is a well-structured and eloquent dharma talk that uses
[381/635] noirins_teachings S05E04 — Second and Third Nobe Truths: Cause and Cessation of Dukkh - read by Finola O'Siochru... ✓ 78/100 — This is a highly structured and sophisticated dharma talk th
[382/635] noirins_teachings S05E05 — Fourth Noble Truth: The Path to the End of Dukkha - read by Finola O'Siochru... ✓ 75/100 — This dharma talk demonstrates strong structural organization
[383/635] noirins_teachings S05E06 — Foundations for Mindfulness (Satipatthana Sutta) - read by Finola O'Siochru... ✓ 72/100 — This dharma talk demonstrates strong literary quality with e
[384/635] noirins_teachings S05E07 — Attachment: The Five Khanda - read by Finola O'Siochru... ✓ 78/100 — This dharma talk demonstrates strong literary quality throug
[385/635] noirins_teachings S05E08 — Divine Abiding: a. Equanimity - read by Biddy O'Connell... ✓ 78/100 — This talk demonstrates strong literary quality with excellen
[386/635] noirins_teachings S05E09 — Divine Abiding: b. Goodwill, Metta - read by Biddy O'Connell... ✓ 72/100 — This is a well-structured dharma talk with clear progression
[387/635] noirins_teachings S05E10 — Divine Abiding, c. Compassion - read by Biddy O'Connell... ✓ 78/100 — This dharma talk demonstrates strong literary quality with c
[388/635] noirins_teachings S05E11 — Divine Abiding, d. Appreciative Joy, Mudita - read by Therese Caherty... ✓ 75/100 — This is a well-structured and eloquent dharma talk that skil
[389/635] noirins_teachings S05E12 — Sense Contact - The Six Sense Spheres - read by Finola O'Siochru... ✓ 78/100 — This dharma talk demonstrates strong literary merit with sop
[390/635] noirins_teachings S05E13 — Spiritual Faculties - read by Finola O'Siochru... ✓ 78/100 — This is a well-structured dharma talk with excellent use of 
[391/635] noirins_teachings S05E14 — Mindfulness of Breathing - read by Finola O'Siochru... ✓ 82/100 — This talk demonstrates exceptional clarity and structure wit
[392/635] noirins_teachings S05E15 — Destruction of Craving a. Tracing back to the origin of Dukkha... ✓ 78/100 — This is a sophisticated and well-structured dharma talk that
[393/635] noirins_teachings S05E16 — Destruction of Craving b. Examining each link in the chain... ✓ 75/100 — This is a well-structured dharma talk with clear progression
[394/635] noirins_teachings S05E17 — Two Kinds of Thought - read by Finola O'Siochru... ✓ 78/100 — This dharma talk demonstrates excellent literary quality wit
[395/635] noirins_teachings S05E18 — Removal of Distracting Thoughts - read by Finola O'Siochru... ✓ 75/100 — This talk demonstrates strong literary quality with excellen
[396/635] noirins_teachings S05E19 — In the Seeing, only the seeing ... (Bahiya Sutta) - read by Finola O'Siochru... ✓ 78/100 — This is a sophisticated dharma talk with excellent narrative
[397/635] noirins_teachings S05E20 — Greed, Hatred and Delusion as Foundations for Mindfulness... ✓ 82/100 — This dharma talk demonstrates exceptional literary quality w
[398/635] noirins_teachings S05E21 — Exalted, Unexalted and other Mindstates as Foundations for Mindfulness... ✓ 78/100 — This is a well-structured dharma talk with clear progression
[399/635] noirins_teachings S05E22 — Building a Raft to Cross the Floods of Sensuality and Views... ✓ 78/100 — This is a well-structured, eloquent dharma talk that effecti
[400/635] noirins_teachings S05E23 — Building a Raft to Cross the Floods of Becoming and Ignorance... ✓ 78/100 — This is a well-structured, eloquent dharma talk that skillfu
[401/635] noirins_teachings S05E24 — Beset by Perceptions (Honeyball Sutta)... ✓ 78/100 — This is a sophisticated dharma talk that expertly unpacks co
[402/635] noirins_teachings S05E25 — The Buddha's Death (Parinibbana Sutta)... ✓ 78/100 — This is an eloquent and well-structured dharma talk that ski
[403/635] international_talks S01E01 — Méditation Guidée: Debout et Assise... ✓ 25/100 — This is primarily a guided meditation with repetitive instru
[404/635] international_talks S01E02 — Meditation Guidee Detaillee... ✓ 35/100 — This is primarily a detailed meditation instruction transcri
[405/635] international_talks S01E03 — Méditation Guidée Debout et Assise... ✓ 35/100 — This is primarily a guided meditation with basic instruction
[406/635] international_talks S01E04 — Trois compréhensions nécessaires... ✓ 65/100 — This French dharma talk demonstrates solid structure and cle
[407/635] international_talks S01E05 — Méditation Debout... ✓ 35/100 — This guided standing meditation has clear instructional stru
[408/635] international_talks S01E06 — Méditation Assise... ✓ 35/100 — This guided meditation transcript shows clear instruction bu
[409/635] international_talks S02E01 — La conscience juste, les obstacles comme chemin vers la libération et les trois caractéristiques.... ✓ 65/100 — This dharma talk demonstrates solid structure covering right
[410/635] international_talks S02E02 — How we use the self and what does it mean for not-self.... ✓ 32/100 — While the talk addresses profound philosophical concepts abo
[411/635] international_talks S03E01 — The Hindrances... ✓ 35/100 — While the talk covers substantive dharma content about the f
[412/635] international_talks S03E02 — Non-soi... ✓ 65/100 — This dharma talk demonstrates solid philosophical exposition
[413/635] international_talks S04E01 — La Libre Volunté... ✓ 72/100 — This dharma talk demonstrates solid philosophical argumentat
[414/635] international_talks S05E01 — Le Dhamma dans la vie quotidienne ordinaire.... ✓ 65/100 — This dharma talk demonstrates solid structure and meaningful
[415/635] international_talks S05E02 — Scientisme Romatisme Bouddhisme... ✓ 72/100 — This dharma talk demonstrates strong intellectual depth and 
[416/635] international_talks S07E01 — Une tentative de comprendre le non-soi.... ✓ 65/100 — This is a substantive dharma talk with clear structure explo
[417/635] international_talks S07E02 — Retour à l'essentiel.... ✓ 45/100 — This French dharma talk on the Four Noble Truths shows decen
[418/635] international_talks S08E01 — Bonheur... ✓ 45/100 — The talk has some compelling insights about happiness and Bu
[419/635] international_talks S08E02 — L'Esprit Concevoir et les Empêches... ✓ 72/100 — Despite being a spoken transcript with occasional language s
[420/635] international_talks S09E01 — Metta Bhavana Bienveillance (15 min)(Lausanne Oct 2010)... ✓ 35/100 — This is a guided meditation with some theoretical explanatio
[421/635] international_talks S09E02 — Nous causons de la souffrance pour nous meme.(Lausanne Oct 2010)... ✓ 35/100 — This transcript shows a teacher explaining Buddhist concepts
[422/635] international_talks S09E03 — Le Kamma de la Liberation(Lausanne Oct 2010)... ✓ 42/100 — This bilingual dharma talk shows moderate structure and some
[423/635] international_talks S10E01 — Les Bases de Vipassana.... ✓ 62/100 — This dharma talk demonstrates solid structure and valuable i
[424/635] international_talks S10E02 — Progres et d'autres sujets.... ✓ 75/100 — This is a substantial dharma talk with strong philosophical 
[425/635] international_talks S10E03 — Questions and des Questions Plus.... ✓ 45/100 — This Q&A dharma talk shows decent Buddhist insights and some
[426/635] international_talks S10E04 — Dependant Origination (Belgium Jan 2006)... ✓ 35/100 — While the talk covers profound dharma concepts like dependen
[427/635] international_talks S10E05 — The Purpose of Meditation (Belgium Jan 2006)... ✓ 72/100 — This dharma talk demonstrates strong structural organization
[428/635] international_talks S10E06 — Why the Present Moment is So Important (Geneva May 2006)... ✓ 52/100 — This French dharma talk demonstrates solid philosophical dep
[429/635] international_talks S10E07 — Q&A Concerning States of Mind - Sankhara (Geneva May 2006)... ✓ 25/100 — This Q&A session lacks literary structure and eloquence, wit
[430/635] international_talks S10E08 — Concerning Buddhist Psychology (Geneva May 2006)... ✓ 45/100 — The talk demonstrates clear philosophical structure and mean
[431/635] international_talks S10E09 — Concerning Metta and Other Questions (Geneva May 2006)... ✓ 25/100 — This is a rambling Q&A session in French with poor structure
[432/635] international_talks S10E10 — Le Methode de Mahasi Vipassana (Lausanne Oct 2009)... ✓ 35/100 — While the talk demonstrates some depth of insight about vipa
[433/635] international_talks S10E11 — Les Empeches de Vipassana (Lausanne Oct 2009)... ✓ 75/100 — This is a well-structured dharma talk with clear organizatio
[434/635] international_talks S10E12 — Les Facteurs de Liberation (Lausanne Oct 2009)... ✓ 72/100 — Despite being delivered in mixed French-English and dealing 
[435/635] international_talks S10E13 — Psychologie de Buddha (Lausanne Oct 2009)... ✓ 72/100 — This dharma talk demonstrates strong structural coherence in
[436/635] international_talks S11E01 — Entering the Course... ✓ 15/100 — This appears to be a poorly transcribed Czech dharma talk wi
[437/635] international_talks S11E02 — The Mahasi Method... ✓ 15/100 — This transcript appears to be a dharma talk given in Czech w
[438/635] international_talks S11E03 — The Joyful Aspects of Meditation... ✓ 15/100 — This transcript consists primarily of extended Pali chanting
[439/635] international_talks S11E04 — The Wheel of Dependent Origination... ✓ 25/100 — This transcript suffers from significant language mixing (Cz
[440/635] international_talks S11E05 — The Perfections... ✓ 32/100 — While the talk addresses meaningful Buddhist concepts like t
[441/635] international_talks S11E06 — Karma... ✓ 25/100 — The transcript is a rambling, poorly structured talk that fr
[442/635] international_talks S11E07 — Evening Metta Chant and Instructions... ✓ 15/100 — This transcript consists primarily of Pali chanting with min
[443/635] international_talks S11E08 — Morning Chant... ✓ 15/100 — This is pure chanting in Pali with minimal spoken content an
[444/635] international_talks S12E01 — Meditazione in Piedi e Seduta... ✓ 25/100 — This is primarily a guided meditation with basic repetitive 
[445/635] international_talks S12E02 — Meditazione guidata dettagliata :sometimes use 'save as'... ✓ 35/100 — This is primarily a guided meditation with detailed instruct
[446/635] international_talks S12E03 — Mahasi Instructions and Metta Chant... ✓ 25/100 — This is primarily meditation instruction delivered in Italia
[447/635] international_talks S12E04 — The Hindrances... ✓ 65/100 — The talk demonstrates solid structure and depth in exploring
[448/635] international_talks S12E05 — Factors of Enlightenment... ✓ 45/100 — While the talk demonstrates good structural organization aro
[449/635] international_talks S12E06 — Dependent Origination... ✓ 45/100 — While the talk demonstrates good understanding of dependent 
[450/635] international_talks S12E07 — Kamma... ✓ 35/100 — While the talk contains substantive dharma content on karma 
[451/635] international_talks S12E08 — Metta Guidata... ✓ 25/100 — This is primarily a guided meditation with repetitive formul
[452/635] international_talks S12E09 — c. corpo med guidata... ✓ 25/100 — This is a guided body meditation with basic Italian instruct
[453/635] international_talks S12E10 — Intro. Guarig. corpo med guidata... ✓ 25/100 — This transcript shows poor literary quality with repetitive 
[454/635] youtube_channel S01E01 — Basics for Insight Meditation 01... ✓ 72/100 — This dharma talk demonstrates strong structural coherence an
[455/635] youtube_channel S01E02 — 70th Birthday Bhante Bodhidhamma's Life story... ✓ 72/100 — This autobiographical dharma talk demonstrates strong storyt
[456/635] youtube_channel S01E03 — Talk Starting Inaugural Lockdown Evening Meditations 29/03/20... ✓ 35/100 — While the talk shows genuine warmth and practical wisdom, it
[457/635] youtube_channel S01E04 — 02 First Three Noble Truths... ✓ 62/100 — This dharma talk demonstrates solid structure and genuine wi
[458/635] youtube_channel S01E05 — 01 MN9 Discourse on Right View  Wholesome and Unwholesome Kamma... ✓ 45/100 — The talk has decent structure and some engaging anecdotes ab
[459/635] youtube_channel S01E06 — Evening Lockdown Meditation... ✓ 25/100 — This is primarily a guided meditation with chanting and repe
[460/635] youtube_channel S01E07 — 03 Coronavirus and the Contemplation of Death... ✓ 35/100 — While the talk contains some evocative imagery and practical
[461/635] youtube_channel S01E08 — 04 Contemplation of Death : Living more awake... ✓ 45/100 — The talk has reasonable structure and includes valuable scri
[462/635] youtube_channel S01E09 — 05 Contemplation of Death again!... ✓ 45/100 — The talk demonstrates moderate structure and some compelling
[463/635] youtube_channel S01E10 — 06 Renunciation and Buddha's First Occasion to Teach... ✓ 62/100 — The talk demonstrates good storytelling with engaging anecdo
[464/635] youtube_channel S01E11 — 07 Setting the Wheel of the Dhamma in Motion... ✓ 62/100 — This transcript demonstrates solid structure and clear expos
[465/635] youtube_channel S01E12 — 08 Mindfulness at work And Right View Right Attitude... ✓ 62/100 — The talk demonstrates good practical wisdom and clear struct
[466/635] youtube_channel S01E13 — 09 Right Speech, Action and Livelihood... ✓ 45/100 — The talk demonstrates clear thematic organization around the
[467/635] youtube_channel S01E14 — 10 Grief... ✓ 68/100 — This dharma talk demonstrates strong depth of insight and cl
[468/635] youtube_channel S01E15 — 11 The Nutriments: Food, Contact, Volition and Consciousness... ✓ 65/100 — The talk demonstrates solid structure and organization in ex
[469/635] youtube_channel S01E16 — 12 The Investigation of Eating... ✓ 68/100 — This is a well-structured dharma talk that effectively uses 
[470/635] youtube_channel S01E17 — 13 Discourse on the Taints MN 2 : Overcome by seeing... ✓ 42/100 — The talk shows decent organization and some spiritual depth 
[471/635] youtube_channel S01E18 — 14 Not-self Revisited The story of Sati MN38... ✓ 72/100 — This talk demonstrates solid literary merit with clear struc
[472/635] youtube_channel S01E19 — 16. Investigating Not-self - The Pratice... ✓ 72/100 — This dharma talk demonstrates strong structural clarity and 
[473/635] youtube_channel S01E20 — 17 Questions  See Description... ✓ 52/100 — The talk demonstrates decent organization around Q&A structu
[474/635] youtube_channel S01E21 — 18 Overcoming the Taints by Restraint... ✓ 45/100 — The talk has clear structure around the Buddhist concept of 
[475/635] youtube_channel S01E22 — 19 Overcoming the Taints by Using... ✓ 62/100 — The talk demonstrates solid structure and practical wisdom w
[476/635] youtube_channel S01E23 — 20 Overcoming the Taints by Endurance... ✓ 35/100 — While the talk contains some engaging personal anecdotes and
[477/635] youtube_channel S01E24 — 21a Overcoming the Taints by Removing 1... ✓ 42/100 — While the talk demonstrates solid understanding of Buddhist 
[478/635] youtube_channel S01E25 — 21b Overcoming the Taints by Removing 2... ✓ 52/100 — This dharma talk shows clear spiritual insight and includes 
[479/635] youtube_channel S01E26 — 22 Overcoming the Taints by Developing... ✓ 62/100 — The talk demonstrates solid structure and contains vivid ill
[480/635] youtube_channel S01E27 — 23 The Ten Fetters... ✓ 68/100 — The talk demonstrates strong structural organization and dee
[481/635] youtube_channel S01E28 — 24 Society... ✓ 65/100 — This talk demonstrates solid structure moving from personal 
[482/635] youtube_channel S01E29 — 25 Reflections for an Harmonious Society... ✓ 65/100 — This dharma talk demonstrates solid structure and thoughtful
[483/635] youtube_channel S01E30 — 26 More Reflections... ✓ 62/100 — This dharma talk demonstrates solid structure and meaningful
[484/635] youtube_channel S01E31 — 27 What makes a Society Strong?... ✓ 65/100 — This dharma talk demonstrates solid structure and effective 
[485/635] youtube_channel S01E32 — 28 The Six Sense Bases MN137... ✓ 52/100 — This dharma talk demonstrates solid structural understanding
[486/635] youtube_channel S01E33 — 29 Senses Bases Cont.... ✓ 35/100 — The talk has some organizational structure following Buddhis
[487/635] youtube_channel S01E34 — Metta, Forgiveness and Determination Practice... ✓ 35/100 — While the talk provides clear structure and practical guidan
[488/635] youtube_channel S01E35 — 01 Reiki with Bryan Lester... ✓ 35/100 — While the talk contains some interesting content about Reiki
[489/635] youtube_channel S01E36 — Some Pointers for Metta... ✓ 45/100 — This dharma talk shows clear practical wisdom and useful ins
[490/635] youtube_channel S01E37 — Bodycare Practice - Metta towards the Body.... ✓ 52/100 — The talk has clear structure and effective contemplative pro
[491/635] youtube_channel S01E38 — 02 Reiki with Bryan... ✓ 32/100 — While the talk shows genuine warmth and contains some engagi
[492/635] youtube_channel S01E39 — Body as Meditation Object... ✓ 65/100 — This talk demonstrates solid dharma teaching with effective 
[493/635] youtube_channel S01E40 — The Basics of Insight Meditation 03... ✓ 52/100 — This dharma talk demonstrates decent structure and meaningfu
[494/635] youtube_channel S01E41 — 03 Reiki with Bryan... ✓ 25/100 — While the talk covers interesting topics about Reiki and inc
[495/635] youtube_channel S01E42 — 33 Kalama Sutta AN 3.65... ✓ 35/100 — While the talk addresses interesting philosophical themes, i
[496/635] youtube_channel S01E43 — 35 Canki Sutta MN95... ✓ 32/100 — The talk meanders through historical context and sutta expos
[497/635] youtube_channel S01E44 — 34 Kalama Discourse cont.... ✓ 45/100 — The talk shows decent organization around the Kalama Discour
[498/635] youtube_channel S01E45 — 36 Canki Sutta cont.... ✓ 42/100 — The talk has clear structure following the sutta format and 
[499/635] youtube_channel S01E46 — 37 Shorter Discourse on Gosinga... ✓ 35/100 — While the talk offers some practical wisdom about harmonious
[500/635] youtube_channel S01E47 — Gaia Standing and Sitting Guided Meditation... ✓ 25/100 — This guided meditation transcript contains mostly repetitive
[501/635] youtube_channel S01E48 — 38 Discourse on the Establishment of Awareness Satipatthana  Sutta MN10... ✓ 32/100 — While containing some valuable content about Buddhist medita
[502/635] youtube_channel S01E49 — 31b The Body... ✓ 62/100 — This talk demonstrates solid structure and rich metaphorical
[503/635] youtube_channel S01E50 — 39 Discourse on the Establishment of Awareness Satipatthana  Sutta MN10... ✓ 72/100 — This is a well-structured dharma talk with clear argumentati
[504/635] youtube_channel S01E51 — 40 Discourse on the Establishment of Awareness Satipatthana  Sutta MN10... ✓ 52/100 — The talk demonstrates solid structural organization and cont
[505/635] youtube_channel S01E52 — 41 Discourse on the Establishment of Awareness Satipatthana  Sutta MN10... ✓ 52/100 — The talk demonstrates decent structure in covering the Satip
[506/635] youtube_channel S01E53 — 42 Discourse on the Establishment of Awareness Satipatthana  Sutta MN10... ✓ 65/100 — The talk demonstrates solid structure and clear progression 
[507/635] youtube_channel S01E54 — 43 Discourse on the Establishment of Awareness Satipatthana  Sutta MN10... ✓ 65/100 — This transcript demonstrates good structural organization th
[508/635] youtube_channel S01E55 — 44 The Relay of Chariots MN24... ✓ 72/100 — This is a well-structured dharma talk that skillfully weaves
[509/635] youtube_channel S01E56 — 45 The Relay of Chariots MN24... ✓ 42/100 — This dharma talk shows modest literary quality with some eng
[510/635] youtube_channel S01E57 — 50 Dog Ascetic Discourse MN57... ✓ 72/100 — This talk demonstrates strong storytelling through the unusu
[511/635] youtube_channel S01E58 — Gratitude Generosity Renunciation... ✓ 62/100 — This dharma talk demonstrates solid structure and practical 
[512/635] youtube_channel S01E59 — Spanish Introduction - Refuges and Precepts, Standing ans Sitting Meditation... ✓ 25/100 — This transcript is predominantly chanting in Pali followed b
[513/635] youtube_channel S01E60 — Saddha Confidence and Trust... ✓ 52/100 — The talk demonstrates solid understanding of Buddhist concep
[514/635] youtube_channel S01E61 — Dhp 188 - 192 The Role of Confidence.... ✓ 45/100 — This dharma talk has clear structure and some engaging story
[515/635] youtube_channel S01E62 — Dhp 153   154 The Buddha's Victory Verses... ✓ 68/100 — The talk demonstrates strong structural organization moving 
[516/635] youtube_channel S01E63 — Dhp 4 Hatred is not overcome with hatred!... ✓ 45/100 — The talk has clear thematic structure around gratitude, gene
[517/635] youtube_channel S01E64 — Dhp 21 - 23... ✓ 35/100 — The talk has a clear structure moving from chanting to story
[518/635] youtube_channel S01E65 — Dhp Chapter 3 - verses 33 & 34 The Unruly Mind... ✓ 65/100 — This dharma talk demonstrates solid structure and effective 
[519/635] youtube_channel S01E66 — Dhp 01 02  Mind is the forerunner... ✓ 45/100 — The talk has clear structure and some effective metaphors (w
[520/635] youtube_channel S01E67 — Dhp No4 Hatred is not pacified by hatred... ✓ 65/100 — This dharma talk demonstrates solid structure and engaging s
[521/635] youtube_channel S01E68 — Dhp 256 157  Judgmental v Judicious... ✓ 52/100 — The talk demonstrates solid structure and includes useful me
[522/635] youtube_channel S01E69 — Dhp 46 How to view the Body... ✓ 72/100 — This talk demonstrates strong structure and insightful metap
[523/635] youtube_channel S01E70 — The Four Noble Truths... ✓ 72/100 — This dharma talk demonstrates strong structural organization
[524/635] youtube_channel S01E71 — The NIne Qualities of the Buddha... ✓ 45/100 — The talk has clear structure in systematically covering the 
[525/635] youtube_channel S01E72 — Dhp 360 362 Restraint... ✓ 55/100 — The talk demonstrates good structural organization and pract
[526/635] youtube_channel S01E73 — Dhp 90 The Arahant... ✓ 72/100 — This is a well-structured dharma talk that demonstrates stro
[527/635] youtube_channel S01E74 — Vita Quotidiana... ✓ 45/100 — This dharma talk shows decent organizational structure and p
[528/635] youtube_channel S01E75 — Dukkha Unsatifactoriness and Sila Morality and Ethics... ✓ 52/100 — The talk demonstrates solid structure and genuine insight in
[529/635] youtube_channel S01E76 — Dependent Origination and the Role of Desire and the Only Choice... ✓ 52/100 — The talk demonstrates solid structure in explaining dependen
[530/635] youtube_channel S01E77 — Kamma and Rebirth... ✓ 35/100 — The talk has a clear structure covering the five laws and ka
[531/635] youtube_channel S01E78 — Gratitude Generosity and Renunciation... ✓ 55/100 — The talk shows clear structure with good use of practical ex
[532/635] youtube_channel S01E79 — Facets of a Love... ✓ 52/100 — The talk has a clear thematic structure and some insightful 
[533/635] youtube_channel S01E80 — Apamado DHP 22 23 24... ✓ 45/100 — The talk demonstrates solid understanding of Buddhist concep
[534/635] youtube_channel S01E81 — Ageing... ✓ 68/100 — This dharma talk demonstrates strong narrative engagement th
[535/635] youtube_channel S01E82 — Dhp 152 153 The Inner Critic... ✓ 52/100 — The talk demonstrates good clarity in structure and offers e
[536/635] youtube_channel S01E83 — Sympathy Empathy and Compassion... ✓ 72/100 — This talk demonstrates strong organizational structure with 
[537/635] youtube_channel S01E84 — DHP 314-317 From the Chapter on Hell... ✓ 52/100 — The talk demonstrates good storytelling with vivid visual im
[538/635] youtube_channel S01E85 — Non-Violence is not Pacificism... ✓ 45/100 — The talk demonstrates clear structure and practical wisdom o
[539/635] youtube_channel S01E86 — Neoliberalism and Mindfulness... ✓ 68/100 — This is a well-structured talk that skillfully weaves togeth
[540/635] youtube_channel S01E87 — The Buddha and War.... ✓ 42/100 — The talk has decent structure and interesting historical con
[541/635] youtube_channel S01E88 — Need Sufficiency and Greed... ✓ 58/100 — The talk demonstrates solid structure progressing through th
[542/635] youtube_channel S01E89 — Social Conditioning or Karma... ✓ 65/100 — The talk demonstrates solid structure and organization in ex
[543/635] youtube_channel S01E90 — Climate Emergency... ✓ 35/100 — The talk has a clear thematic structure and includes some ef
[544/635] youtube_channel S01E91 — Reset for Autumn... ✓ 52/100 — This dharma talk demonstrates solid practical wisdom and cle
[545/635] youtube_channel S01E92 — Identity and Not-Self... ✓ 74/100 — This is a well-structured dharma talk with excellent persona
[546/635] youtube_channel S01E93 — The Contemplation of Death... ✓ 72/100 — This dharma talk demonstrates strong literary qualities with
[547/635] youtube_channel S01E94 — To Love or To Be Loved. That is the question.... ✓ 45/100 — The talk has a clear central question and some engaging insi
[548/635] youtube_channel S01E95 — The Bases of Success... ✓ 52/100 — The talk has a clear structure and useful practical content,
[549/635] youtube_channel S01E96 — Bahiya of the Bark Cloth... ✓ 42/100 — The talk has decent structure and some engaging storytelling
[550/635] youtube_channel S01E97 — The Discourse on Bahiya of the Bark Cloth Ud.1.10... ✓ 72/100 — This dharma talk demonstrates strong scholarly depth and cle
[551/635] youtube_channel S01E98 — Joy... ✓ 68/100 — This talk demonstrates good structure with clear progression
[552/635] youtube_channel S01E99 — Is the Buddha and athiest?... ✓ 45/100 — While the talk demonstrates some organizational structure an
[553/635] youtube_channel S01E100 — Fear and Courage... ✓ 65/100 — The talk demonstrates good structural organization across si
[554/635] youtube_channel S01E101 — Patience... ✓ 62/100 — This dharma talk demonstrates solid structure and meaningful
[555/635] youtube_channel S01E102 — Equanimity - The most important of all virtues.... ✓ 45/100 — The talk has decent structure covering equanimity comprehens
[556/635] youtube_channel S01E103 — Compassion and its subtle enemies.... ✓ 52/100 — A well-structured dharma talk with clear personal storytelli
[557/635] youtube_channel S01E104 — Good Friendship, Good Companionship, Good Comradship is the whole of the Spiritual Life... ✓ 68/100 — This talk demonstrates solid structure and thoughtful develo
[558/635] youtube_channel S01E105 — The Five Constant Contemplations... ✓ 62/100 — This dharma talk demonstrates solid structure and clear argu
[559/635] youtube_channel S01E106 — Retreat Start Standing and Walking Meditation... ✓ 30/100 — While the talk provides clear meditation instruction with so
[560/635] youtube_channel S01E107 — The Discourse Developing Loving Kindness... ✓ 45/100 — The talk demonstrates good structural organization and schol
[561/635] youtube_channel S01E108 — The Importance of Tranquillity... ✓ 52/100 — While the talk has clear structure and practical insights ab
[562/635] youtube_channel S01E109 — The Crucial Importance of Desire and Intention.... ✓ 72/100 — This talk demonstrates strong doctrinal knowledge and clear 
[563/635] youtube_channel S01E110 — Satipanya Opening Ceremony 30th June 2007... ✓ 15/100 — This transcript consists primarily of poorly transcribed Pal
[564/635] youtube_channel S01E111 — Ceremony to Bless the Stupa   June 26th 2011   Pt 1... ✓ 15/100 — This transcript consists almost entirely of Pali chanting an
[565/635] youtube_channel S01E112 — Ceremony to Bless the Stupa   June 26th 2011   Pt 2... ✓ 15/100 — This transcript consists almost entirely of Buddhist chantin
[566/635] youtube_channel S01E113 — Ceremony to Bless the Stupa   June 26th 2011   Pt 3... ✓ 25/100 — This is primarily a ceremonial event transcript with introdu
[567/635] youtube_channel S01E114 — 15. The Discourse on Not-self SN22.6.59... ✓ 72/100 — This dharma talk demonstrates strong structural organization
[568/635] youtube_channel S01E115 — Upali is converted by the Buddha MN56... ✓ 72/100 — This dharma talk demonstrates strong narrative engagement th
[569/635] youtube_channel S01E116 — Contemplating the Unpleasantness of the Body: Why and How.... ✓ 45/100 — The talk has a clear structure and some engaging anecdotes (
[570/635] youtube_channel S01E117 — The Buddha's Alter Ego... ✓ 45/100 — The talk has a coherent central theme comparing Buddha to th
[571/635] youtube_channel S01E118 — The Unattractive Nature of the Body... ✓ 42/100 — The talk has a clear structure and uses some effective Buddh
[572/635] youtube_channel S01E119 — The Four Great Elements... ✓ 72/100 — This dharma talk demonstrates strong structure and clear pro
[573/635] youtube_channel S01E120 — The Specific Law of Conditionality... ✓ 72/100 — This is a well-structured dharma talk with clear philosophic
[574/635] youtube_channel S01E121 — The Dangers of Indulgence... ✓ 72/100 — This talk demonstrates strong structural organization with c
[575/635] youtube_channel S01E122 — Reflections and Contemplative Practice of Kamma... ✓ 65/100 — The talk demonstrates solid structure and meaningful content
[576/635] youtube_channel S01E123 — Forgiveness... ✓ 45/100 — The talk has a clear practical structure and contains some e
[577/635] youtube_channel S01E124 — The Basics of Insight Meditation 02... ✓ 45/100 — The talk shows decent insight and covers substantial materia
[578/635] youtube_channel S01E125 — Dukkha - Basic Premise of the Buddhadhamma... ✓ 42/100 — The talk has solid doctrinal content and clear structure aro
[579/635] youtube_channel S01E126 — Non-Violence is not Pacifism... ✓ 45/100 — This talk demonstrates clear argumentation and practical wis
[580/635] youtube_channel S01E127 — The Eight Worldly Conditions... ✓ 52/100 — The talk demonstrates good structural organization around th
[581/635] youtube_channel S01E128 — The Paradox of Fear... ✓ 62/100 — The talk demonstrates solid structure and insightful explora
[582/635] youtube_channel S01E129 — Renunciation : The Path to Liberation... ✓ 58/100 — This dharma talk demonstrates solid structure and practical 
[583/635] youtube_channel S01E130 — The Buddha as a Teacher The Discourse on Malunkyaputta... ✓ 65/100 — The talk demonstrates solid structure in analyzing the Buddh
[584/635] youtube_channel S01E131 — What was the Great Discovery by the Buddha... ✓ 72/100 — This dharma talk demonstrates strong literary quality with w
[585/635] youtube_channel S01E132 — Where do the elements cease without remainder?... ✓ 72/100 — This dharma talk demonstrates strong structural organization
[586/635] youtube_channel S01E133 — Extinguishing the Housebuilder... ✓ 75/100 — This talk demonstrates strong structural coherence with soph
[587/635] youtube_channel S01E134 — Hope Aspiration Expectation... ✓ 68/100 — The talk demonstrates good conceptual organization and uses 
[588/635] youtube_channel S01E135 — Topics of Discussion... ✓ 65/100 — This dharma talk demonstrates solid organization and practic
[589/635] youtube_channel S01E136 — Practising the Five Remembrances... ✓ 35/100 — This dharma talk has a clear traditional structure following
[590/635] youtube_channel S01E137 — Revsing the Basics... ✓ 62/100 — The talk demonstrates solid dharma understanding with effect
[591/635] youtube_channel S01E138 — The Necessity of Joy... ✓ 35/100 — While the talk contains some engaging personal anecdotes and
[592/635] youtube_channel S01E139 — Polarisation... ✓ 62/100 — This dharma talk demonstrates solid structure connecting Bud
[593/635] youtube_channel S01E140 — Dullness and Lethargy... ✓ 52/100 — The talk has decent structure and practical advice with some
[594/635] youtube_channel S01E141 — Adhitthana Determination... ✓ 65/100 — This talk demonstrates solid structure and practical wisdom 
[595/635] youtube_channel S01E142 — The Four Clingings... ✓ 72/100 — This dharma talk demonstrates strong structural organization
[596/635] retreat_talks S01E01 — Detailed Guided Meditation... ✓ 65/100 — This is a well-structured and comprehensive guided meditatio
[597/635] retreat_talks S01E02 — Starting a Retreat... ✓ 65/100 — This talk demonstrates solid structure and clear practical g
[598/635] retreat_talks S01E03 — Abiding in the Present Moment Developing Equanimity... ✓ 62/100 — The talk demonstrates solid structure and effective metaphor
[599/635] retreat_talks S01E04 — Detailed Guided Meditation... ✓ 35/100 — This is primarily instructional meditation guidance with cle
[600/635] retreat_talks S01E05 — Assisted Meditation... ✓ 32/100 — This is a functional guided meditation with clear instructio
[601/635] retreat_talks S01E06 — Heartcare Metta Meditation... ✓ 25/100 — This is primarily a guided meditation with repetitive formul
[602/635] retreat_talks S01E07 — Bodycare Meditation... ✓ 35/100 — While the talk has clear structure and meaningful content, i
[603/635] retreat_talks S02E01 — Eating meditation... ✓ 52/100 — The talk has clear practical structure and some effective me
[604/635] retreat_talks S02E02 — Morning Chant with Refuges and Precepts... ✓ 15/100 — This is a traditional Pali chant with minimal spoken English
[605/635] retreat_talks S02E03 — Evening Metta Chant... ✓ 15/100 — This is purely traditional Pali chanting with repetitive for
[606/635] retreat_talks S03E01 — The Technique... ✓ 82/100 — This dharma talk demonstrates excellent literary quality wit
[607/635] retreat_talks S03E02 — The Hindrances... ✓ 78/100 — This is a well-structured dharma talk that demonstrates stro
[608/635] retreat_talks S03E03 — The Factors of Enlightenment... ✓ 78/100 — This is a well-structured, eloquent dharma talk that skillfu
[609/635] retreat_talks S03E04 — The Pleasure Syndrome dukkha... ✓ 75/100 — This dharma talk demonstrates strong literary quality with e
[610/635] retreat_talks S03E05 — The Characteristic of Impermanence... ✓ 85/100 — This is a masterful dharma talk with excellent structure, ri
[611/635] retreat_talks S03E06 — Anatta Not self... ✓ 82/100 — This is a sophisticated dharma talk that demonstrates except
[612/635] retreat_talks S03E07 — Living Life according to the Dhamma... ✓ 75/100 — This dharma talk demonstrates strong literary quality with e
[613/635] retreat_talks S03E08 — Mahasi Talk... ✓ 72/100 — This systematic meditation instruction demonstrates excellen
[614/635] retreat_talks S03E09 — Vedana Feeling... ✓ 76/100 — This dharma talk demonstrates strong literary quality with i
[615/635] retreat_talks S03E10 — Is Awareness Enough... ✓ 72/100 — This dharma talk demonstrates strong organizational structur
[616/635] retreat_talks S03E11 — Eroticism Romance Love Distraction and Boredom... ✓ 72/100 — This is a well-structured dharma talk with compelling metaph
[617/635] retreat_talks S03E12 — The Perfections Turned Inward... ✓ 75/100 — This dharma talk demonstrates strong structure and depth of 
[618/635] retreat_talks S03E13 — Faith... ✓ 75/100 — This is a well-structured dharma talk that demonstrates soli
[619/635] retreat_talks S03E14 — Revising the principles of vipassana... ✓ 72/100 — This dharma talk demonstrates strong structural organization
[620/635] retreat_talks S03E15 — Fear... ✓ 78/100 — This dharma talk demonstrates strong literary quality with s
[621/635] retreat_talks S03E16 — Foregiveness... ✓ 75/100 — This is a well-structured dharma talk with clear argumentati
[622/635] retreat_talks S03E17 — The Gratification, the Danger and the Escape... ✓ 78/100 — This dharma talk demonstrates excellent structure, rich meta
[623/635] retreat_talks S03E18 — Karma... ✓ 82/100 — This dharma talk demonstrates exceptional literary quality w
[624/635] retreat_talks S03E19 — Rebirth... ✓ 78/100 — This dharma talk demonstrates strong literary quality throug
[625/635] retreat_talks S03E20 — The Illimitables... ✓ 78/100 — This is a well-structured dharma talk with rich metaphors (b
[626/635] retreat_talks S04E01 — The Ten Fetters... ✓ 72/100 — This dharma talk demonstrates strong structural organization
[627/635] retreat_talks S04E02 — The Awakening... ✓ 72/100 — This dharma talk demonstrates strong literary merit through 
[628/635] retreat_talks S04E03 — The Years of Teaching and Parinibbana... ✓ 75/100 — This is a well-structured dharma talk with excellent storyte
[629/635] retreat_talks S04E04 — Ethical Behaviour and the Awakening are one... ✓ 75/100 — This dharma talk demonstrates strong literary quality with c
[630/635] retreat_talks S04E05 — The Buddha as Exemplar and Archetype... ✓ 78/100 — This dharma talk demonstrates strong literary quality with e
[631/635] retreat_talks S04E06 — Meditation and Ordinary Daily Life... ✓ 72/100 — This is a well-structured dharma talk with good use of analo
[632/635] retreat_talks S04E07 — Free Will... ✓ 72/100 — This is a sophisticated dharma talk with excellent philosoph
[633/635] retreat_talks S04E08 — Karma Specific Conditionality the Five Laws ethical behaviour social karma Neoliberalism... ✓ 72/100 — This dharma talk demonstrates strong structural organization
[634/635] retreat_talks S04E09 — Right Livelihood... ✓ 72/100 — This dharma talk demonstrates solid structure and genuine wi
[635/635] retreat_talks S04E10 — Chi Gong min guidance... ✓ 15/100 — This is a purely instructional qigong exercise guide with re

Terminé : 635 scorés, 0 erreurs
Catalogue sauvegardé dans /home/freedomfighter/code/traduction/satipanya-podcast/catalog.json
============================================================
PASS 4: Merging into catalog.json
============================================================
  ✓ Updated bhante_essays: 34 episodes
  ✓ Updated noirin_essays: 32 episodes
  ✓ Updated tips_of_the_day: 168 episodes

✓ Catalog saved: /home/freedomfighter/code/traduction/satipanya-podcast/catalog.json
============================================================
Building Satipanya book collection (PDF + EPUB + DOCX)
============================================================

  Guided Meditations...
    ✓ PDF: 16 chapters, 1.1 MB
    ✓ EPUB: 16 chapters, 0.1 MB
    ✓ DOCX: 16 chapters, 0.1 MB

  A Foundation Course in Buddhism...
    ✓ PDF: 21 chapters, 1.8 MB
    ✓ EPUB: 21 chapters, 0.2 MB
    ✓ DOCX: 21 chapters, 0.2 MB

  DhammaBytes...
    ✓ PDF: 77 chapters, 5.6 MB
    ✓ EPUB: 77 chapters, 0.4 MB
    ✓ DOCX: 77 chapters, 0.3 MB

  Dharma Talks...
    ✓ PDF: 252 chapters, 23.5 MB
    ✓ EPUB: 252 chapters, 2.6 MB
    ✓ DOCX: 252 chapters, 2.3 MB

  Noirin's Teachings...
    ✓ PDF: 36 chapters, 3.5 MB
    ✓ EPUB: 36 chapters, 0.4 MB
    ✓ DOCX: 36 chapters, 0.4 MB

  International Talks...
    ✓ PDF: 51 chapters, 4.1 MB
    ✓ EPUB: 51 chapters, 0.4 MB
    ✓ DOCX: 51 chapters, 0.3 MB

  YouTube Talks...
    ✓ PDF: 142 chapters, 11.3 MB
    ✓ EPUB: 142 chapters, 0.9 MB
    ✓ DOCX: 142 chapters, 0.8 MB

  Bhante's Essays...
    ✓ PDF: 33 chapters, 2.7 MB
    ✓ EPUB: 33 chapters, 0.2 MB
    ✓ DOCX: 33 chapters, 0.2 MB

  Noirin's Essays...
    ✓ PDF: 32 chapters, 2.2 MB
    ✓ EPUB: 32 chapters, 0.1 MB
    ✓ DOCX: 32 chapters, 0.1 MB

  Tips of the Day...
    ✓ PDF: 168 chapters, 11.1 MB
    ✓ EPUB: 168 chapters, 0.4 MB
    ✓ DOCX: 168 chapters, 0.3 MB

  Retreat Talks...
    ✓ PDF: 40 chapters, 3.7 MB
    ✓ EPUB: 40 chapters, 0.4 MB
    ✓ DOCX: 40 chapters, 0.4 MB

  Selected Talks...
    ✓ PDF: 120 chapters, 11.0 MB
    ✓ EPUB: 120 chapters, 1.2 MB
    ✓ DOCX: 120 chapters, 1.1 MB

============================================================
Books output: /home/freedomfighter/code/traduction/satipanya-podcast/site/books/
============================================================
Font MPDFAA+NotoSerif is missing the following glyphs: '🙂' (\U0001f642)
Font MPDFAA+NotoSerif is missing the following glyphs: '😉' (\U0001f609), '🤨' (\U0001f928), '🤯' (\U0001f92f), '🤔' (\U0001f914)
============================================================
Building Satipanya Dharma Library static site
============================================================
  ✓ style.css
  ✓ covers/ (8 images)
  ✓ favicon.png + apple-touch-icon.png
  ✓ 11 RSS feeds (*.xml)
  ✓ selected/ (120 talks)
  ✓ index.html
  ✓ dharma-talks/ (index + 252 episodes, 252 PDFs/EPUBs/DOCXs)
  ✓ youtube-talks/ (index + 142 episodes, 142 PDFs/EPUBs/DOCXs)
  ✓ noirins-teachings/ (index + 36 episodes, 36 PDFs/EPUBs/DOCXs)
  ✓ dhammabytes/ (index + 77 episodes, 77 PDFs/EPUBs/DOCXs)
  ✓ guided-meditations/ (index + 16 episodes, 16 PDFs/EPUBs/DOCXs)
  ✓ foundation-course/ (index + 21 episodes, 21 PDFs/EPUBs/DOCXs)
  ✓ international-talks/ (index + 51 episodes, 51 PDFs/EPUBs/DOCXs)
  ✓ bhante-essays/ (index + 33 episodes, 33 PDFs/EPUBs/DOCXs)
  ✓ noirin-essays/ (index + 32 episodes, 32 PDFs/EPUBs/DOCXs)
  ✓ tips-of-the-day/ (index + 168 episodes, 168 PDFs/EPUBs/DOCXs)
  ✓ retreat-talks/ (index + 40 episodes, 40 PDFs/EPUBs/DOCXs)
  ✓ search-index.json (868 entries, 3536 KB)
  ✓ search.html
  ✓ topics/ (1237 topics, index 1923 KB)

============================================================
Site built: 868 episode pages, 868 PDFs, 6 feed pages
Output: /home/freedomfighter/code/traduction/satipanya-podcast/site/
============================================================
╔══════════════════════════════════════════════════════════╗
║       Satipanya Dharma Library — Full Update            ║
╚══════════════════════════════════════════════════════════╝

============================================================
  Pass 1: Scraping catalog (site + YouTube)
============================================================


  ✓ Pass 1: Scraping catalog (site + YouTube) done (0m39s)

============================================================
  Pass 1b: Scanning local retreat files
============================================================


  ✓ Pass 1b: Scanning local retreat files done (0m00s)

============================================================
  Pass 1c: Probing local retreat files
============================================================


  ✓ Pass 1c: Probing local retreat files done (0m00s)

============================================================
  Pass 2: Probing new files
============================================================


  ✓ Pass 2: Probing new files done (20m01s)

============================================================
  Pass 3: Transcribing (WhisperX)
============================================================


  ✓ Pass 3: Transcribing (WhisperX) done (1m38s)

============================================================
  Pass 3a: Transcribing retreat files (WhisperX)
============================================================


  ✓ Pass 3a: Transcribing retreat files (WhisperX) done (0m06s)

============================================================
  Pass 3b: Merging retreat catalog
============================================================


  ✓ Pass 3b: Merging retreat catalog done (0m00s)

============================================================
  Pass 4: Generating descriptions
============================================================


  ✓ Pass 4: Generating descriptions done (0m00s)

============================================================
  Pass 5: Generating feeds
============================================================


  ✓ Pass 5: Generating feeds done (0m00s)

============================================================
  Pass 6: Beautifying transcripts
============================================================


  ✓ Pass 6: Beautifying transcripts done (0m00s)

============================================================
  Pass 6a: Scraping essays
============================================================


  ✓ Pass 6a: Scraping essays done (0m08s)

============================================================
  Pass 6b: Describing essays
============================================================


  ✓ Pass 6b: Describing essays done (0m00s)

============================================================
  Pass 6c: Scoring literary quality
============================================================


  ✓ Pass 6c: Scoring literary quality done (41m34s)

============================================================
  Pass 6d: Merging text catalog
============================================================


  ✓ Pass 6d: Merging text catalog done (0m00s)

============================================================
  Pass 7: Building books (PDF + EPUB)
============================================================


  ✓ Pass 7: Building books (PDF + EPUB) done (3m48s)

============================================================
  Pass 8: Building website + PDFs
============================================================


  ✓ Pass 8: Building website + PDFs done (1m53s)

╔══════════════════════════════════════════════════════════╗
║                    Update complete                      ║
╚══════════════════════════════════════════════════════════╝
